{
"type": "FeatureCollection",
"name": "distritos_pina",
"crs": { "type": "name", "properties": { "name": "urn:ogc:def:crs:OGC:1.3:CRS84" } },
"features": [
{ "type": "Feature", "properties": { "cod_distrito": 21304, "distrito": "Bijagua", "canton": "Upala" }, "geometry": { "type": "Polygon", "coordinates": [ [ [ -85.023689882463771, 10.800268919575055 ], [ -85.006561843324079, 10.79633837399445 ], [ -85.005123200866109, 10.794719788937881 ], [ -85.004033167919701, 10.791768420129335 ], [ -84.998409628790668, 10.784830390278605 ], [ -84.9728289165418, 10.76668259227803 ], [ -84.967974766758076, 10.769695909811601 ], [ -84.950844844808117, 10.772563117372018 ], [ -84.963303989222425, 10.758525764077541 ], [ -84.961391404535121, 10.756918890066899 ], [ -84.96041631888076, 10.75135193675265 ], [ -84.956023222441672, 10.7497543065163 ], [ -84.954794422938846, 10.748522769263491 ], [ -84.950040825442812, 10.738235019962575 ], [ -84.949518373077709, 10.735140549307786 ], [ -84.951879791466894, 10.732572364305367 ], [ -84.953105936717577, 10.732506158915625 ], [ -84.956206946404706, 10.734031896994731 ], [ -84.957260496876657, 10.733721348939905 ], [ -84.956071210223044, 10.730702656904228 ], [ -84.957377524999046, 10.727700352393109 ], [ -84.955368176740294, 10.723385493353213 ], [ -84.957299287367306, 10.720860651571662 ], [ -84.964394593313031, 10.718921309056192 ], [ -84.971065498343179, 10.719886667832309 ], [ -84.97594380324243, 10.717419624760902 ], [ -84.977300719262303, 10.718204056085234 ], [ -84.978855458633262, 10.721019827726888 ], [ -84.980770708469009, 10.72131378790505 ], [ -84.982445912267977, 10.719970068280874 ], [ -84.989574267210003, 10.710104669372415 ], [ -84.99805241551114, 10.70591137181011 ], [ -84.999053631999161, 10.704497843789921 ], [ -85.000372892813786, 10.694813963064121 ], [ -85.002329078180466, 10.69171271750445 ], [ -85.004574102698953, 10.685783023830171 ], [ -85.004896530624222, 10.682730088763831 ], [ -85.012375623257839, 10.671119849770866 ], [ -85.01423138546015, 10.670786207660509 ], [ -85.019563867702686, 10.673986883077223 ], [ -85.019727986785867, 10.679757500697987 ], [ -85.020123875266705, 10.681046374341104 ], [ -85.021837106042895, 10.68212039002352 ], [ -85.021921108940703, 10.686419285494718 ], [ -85.02605679163932, 10.690757148708109 ], [ -85.027089327384516, 10.692936628361698 ], [ -85.029850385029022, 10.694147379081141 ], [ -85.037503123907612, 10.695714830564262 ], [ -85.040843426088543, 10.698105301837128 ], [ -85.044084898875866, 10.698333653072515 ], [ -85.046643724865547, 10.69696171965983 ], [ -85.051840614674688, 10.696178847575755 ], [ -85.055771168120742, 10.697064903105479 ], [ -85.060776735768542, 10.703864671734753 ], [ -85.06166336390541, 10.708453987711019 ], [ -85.067539394045951, 10.708194729664303 ], [ -85.069091990375185, 10.709552753212485 ], [ -85.069533106921355, 10.711201604963582 ], [ -85.072024311308169, 10.712884025709094 ], [ -85.078077821274405, 10.713319903393055 ], [ -85.08447865749288, 10.711652218470189 ], [ -85.097474021743793, 10.717231681083852 ], [ -85.102046123472306, 10.712774479612142 ], [ -85.107086355887134, 10.71306848556295 ], [ -85.109866185062529, 10.711466716153087 ], [ -85.111457580023483, 10.711870382526007 ], [ -85.11484146078871, 10.710175452391997 ], [ -85.116710355850913, 10.711006928931548 ], [ -85.123656348922296, 10.709662977018557 ], [ -85.124731959798311, 10.71032877397038 ], [ -85.125426643574158, 10.712346824745902 ], [ -85.124328764392416, 10.714546972630506 ], [ -85.12948916467478, 10.718086966286887 ], [ -85.129464059574417, 10.721007523033681 ], [ -85.128540389329629, 10.722302276782612 ], [ -85.12908964255962, 10.724113084410845 ], [ -85.128042553779366, 10.727595558120038 ], [ -85.129536640484247, 10.730307849804449 ], [ -85.128895051564328, 10.733035657837098 ], [ -85.133714362151792, 10.735709473363018 ], [ -85.137431380351202, 10.739386927092529 ], [ -85.138566165767884, 10.740792524153113 ], [ -85.139624559122709, 10.744932474028627 ], [ -85.141467390427692, 10.744803399696353 ], [ -85.143628772998824, 10.74626847729203 ], [ -85.144611004045899, 10.747616030374862 ], [ -85.144702577475115, 10.752326263158743 ], [ -85.143428935066552, 10.752644562669536 ], [ -85.14204702077717, 10.754575500453834 ], [ -85.138189565549297, 10.7559196308559 ], [ -85.135423186149239, 10.758836271910971 ], [ -85.132588310251933, 10.765160763304916 ], [ -85.125803225469127, 10.768005601670156 ], [ -85.123377097388186, 10.769920453088798 ], [ -85.121242475740814, 10.774026179664693 ], [ -85.120752577856067, 10.780714792952935 ], [ -85.116675612237827, 10.785604188088699 ], [ -85.11437248065684, 10.789837643063487 ], [ -85.111667239972945, 10.791407970578533 ], [ -85.109412984431884, 10.791789915782433 ], [ -85.097676711883011, 10.78924104675759 ], [ -85.092759638007593, 10.790613802374972 ], [ -85.089954302729183, 10.793226652167025 ], [ -85.087273288978423, 10.798821804582392 ], [ -85.081488867155855, 10.79889334826254 ], [ -85.078303364696893, 10.801825511804784 ], [ -85.072218964568904, 10.805111870146513 ], [ -85.07070002344625, 10.806852835728234 ], [ -85.069681313167521, 10.809577189174659 ], [ -85.067295755973305, 10.810248712672594 ], [ -85.047815904538652, 10.809424239900231 ], [ -85.042872761760421, 10.812446852520763 ], [ -85.041677720143383, 10.815026722017803 ], [ -85.038930320337883, 10.817638981238733 ], [ -85.037605055697, 10.820943054116247 ], [ -85.035089415707802, 10.822454382657476 ], [ -85.03185404424525, 10.823040634932987 ], [ -85.03143514140109, 10.819103347961347 ], [ -85.028950757717752, 10.81493891311341 ], [ -85.028300812365217, 10.812449992271771 ], [ -85.030076378821207, 10.807465438866275 ], [ -85.029644687728137, 10.804338975713961 ], [ -85.031188406044976, 10.800484251959068 ], [ -85.023689882463771, 10.800268919575055 ] ] ] } },
{ "type": "Feature", "properties": { "cod_distrito": 21504, "distrito": "Katira", "canton": "Guatuso" }, "geometry": { "type": "Polygon", "coordinates": [ [ [ -84.897610225088073, 10.827326947483003 ], [ -84.89120833926269, 10.818796922569728 ], [ -84.888392064215139, 10.817088302582345 ], [ -84.887921488919361, 10.814881302745601 ], [ -84.884679987349898, 10.813944480708965 ], [ -84.885051876915171, 10.813139794530402 ], [ -84.884224116502054, 10.812495358065624 ], [ -84.883438635798612, 10.813142582392194 ], [ -84.88231671205709, 10.812017538107085 ], [ -84.881383739351108, 10.812190498008764 ], [ -84.881382116126943, 10.811267830083189 ], [ -84.879607543875125, 10.810499785113175 ], [ -84.878804734549348, 10.808866708962062 ], [ -84.877087720899681, 10.810510683521825 ], [ -84.87524804956152, 10.810632444752892 ], [ -84.868826401802906, 10.805562006254087 ], [ -84.86430992023314, 10.807971548725783 ], [ -84.865807261411788, 10.802652341239009 ], [ -84.865449589380603, 10.801422541590723 ], [ -84.866371362066999, 10.799839054539058 ], [ -84.871059453749126, 10.796702455968003 ], [ -84.867715162663629, 10.795547991119342 ], [ -84.866998376628672, 10.792244694196318 ], [ -84.865536440429253, 10.789821494631754 ], [ -84.856418915687001, 10.780731630082727 ], [ -84.855203521987107, 10.776831493861241 ], [ -84.855295167594065, 10.767866982885709 ], [ -84.850340800078143, 10.760352018442941 ], [ -84.86406589049335, 10.761454397763845 ], [ -84.865185984438355, 10.751152279197063 ], [ -84.867886911379742, 10.750585288347423 ], [ -84.870868660002017, 10.74794368571429 ], [ -84.874635889474689, 10.747269373940814 ], [ -84.879289407313465, 10.745187321209334 ], [ -84.882421011395763, 10.746974819292824 ], [ -84.88633140629122, 10.746862594639564 ], [ -84.884759709681504, 10.742646777003158 ], [ -84.886099268381201, 10.736246330901992 ], [ -84.887057106978389, 10.735119721831948 ], [ -84.887513934709062, 10.732130790100921 ], [ -84.888650001158894, 10.731285102728963 ], [ -84.882895434992975, 10.713612305421989 ], [ -84.875779440562397, 10.709827793340301 ], [ -84.86785474108737, 10.711106754862737 ], [ -84.863109353092213, 10.704985449661043 ], [ -84.863631064663878, 10.703780781667 ], [ -84.866026499181274, 10.701688015288866 ], [ -84.868763806952302, 10.701574254772874 ], [ -84.870749066560705, 10.700624780711925 ], [ -84.87424025319325, 10.702401968653454 ], [ -84.876019959487394, 10.701743926328467 ], [ -84.880811046793781, 10.697812917369784 ], [ -84.882767888626645, 10.697474763243761 ], [ -84.883901729658021, 10.697807591400696 ], [ -84.886461431140646, 10.701302033962426 ], [ -84.889577531536361, 10.699025889408967 ], [ -84.89058333796541, 10.701826142313351 ], [ -84.891421025547956, 10.701140549195486 ], [ -84.903740680920734, 10.7016354648672 ], [ -84.909302391755304, 10.70076666100155 ], [ -84.912644008655818, 10.701139057182331 ], [ -84.914869543624064, 10.702830766300101 ], [ -84.916206655438089, 10.70164929797085 ], [ -84.923800543834531, 10.70139514174649 ], [ -84.924877239728474, 10.702608562076518 ], [ -84.926730847233884, 10.702168439220587 ], [ -84.928646519709147, 10.703402113439088 ], [ -84.932415436021415, 10.703999121381838 ], [ -84.93395835420408, 10.702722576413818 ], [ -84.935093589676327, 10.703739347565591 ], [ -84.939185764400236, 10.704051825065884 ], [ -84.943787392669918, 10.702578807776062 ], [ -84.952949070025369, 10.702063610207452 ], [ -84.968437414633982, 10.702850465011057 ], [ -84.976515083771559, 10.69942272415685 ], [ -84.981284947138548, 10.695059793674394 ], [ -84.984479847421909, 10.693631805299985 ], [ -84.987777028739217, 10.689591609359189 ], [ -84.987844302994787, 10.687405951439539 ], [ -84.986363979435964, 10.68397967622948 ], [ -84.986098922173866, 10.677512492731541 ], [ -84.984600248175724, 10.671915625106903 ], [ -84.986478604374696, 10.669201892312786 ], [ -84.991599221160598, 10.666307282888736 ], [ -84.998658212162866, 10.668796621894177 ], [ -85.001751008330842, 10.671501276859036 ], [ -85.005926302034723, 10.667790333289362 ], [ -85.010164866378119, 10.667917467772096 ], [ -85.012375623257839, 10.671119849770866 ], [ -85.004896530624222, 10.682730088763831 ], [ -85.004574102698953, 10.685783023830171 ], [ -85.002329078180466, 10.69171271750445 ], [ -85.000372892813786, 10.694813963064121 ], [ -84.999053631999161, 10.704497843789921 ], [ -84.99805241551114, 10.70591137181011 ], [ -84.989574267210003, 10.710104669372415 ], [ -84.982445912267977, 10.719970068280874 ], [ -84.980770708469009, 10.72131378790505 ], [ -84.978855458633262, 10.721019827726888 ], [ -84.977300719262303, 10.718204056085234 ], [ -84.975578089863873, 10.717420361979615 ], [ -84.970033216912498, 10.720048294128652 ], [ -84.964394593313031, 10.718921309056192 ], [ -84.962244361400366, 10.719436153122519 ], [ -84.957299287367306, 10.720860651571662 ], [ -84.955538708274872, 10.722597990231296 ], [ -84.957377524999046, 10.727700352393109 ], [ -84.956071210223044, 10.730702656904228 ], [ -84.957260496876657, 10.733721348939905 ], [ -84.956206946404706, 10.734031896994731 ], [ -84.953105936717577, 10.732506158915625 ], [ -84.951234681662214, 10.732722541737228 ], [ -84.949732246598231, 10.73450189247186 ], [ -84.949628652439557, 10.736512560306261 ], [ -84.954794422938846, 10.748522769263491 ], [ -84.956023222441672, 10.7497543065163 ], [ -84.96041631888076, 10.75135193675265 ], [ -84.961391404535121, 10.756918890066899 ], [ -84.963303989222425, 10.758525764077541 ], [ -84.950569975338055, 10.772835963972362 ], [ -84.946937638204687, 10.774395178856956 ], [ -84.942930323986971, 10.774355209759616 ], [ -84.940880007233034, 10.775121611672224 ], [ -84.939777115488965, 10.774483769227581 ], [ -84.936913495452544, 10.774822792431541 ], [ -84.933445803120108, 10.776116029410245 ], [ -84.928996925564633, 10.775613785565449 ], [ -84.926920049047382, 10.776917966751423 ], [ -84.92609869115735, 10.779486069016171 ], [ -84.924172530072966, 10.780408706288524 ], [ -84.922004468194871, 10.784497447490953 ], [ -84.922672310757804, 10.788111197603778 ], [ -84.921836579261836, 10.790393377814254 ], [ -84.919223709785001, 10.792345244361325 ], [ -84.916688949594601, 10.791900574343579 ], [ -84.915368659246965, 10.792842474319572 ], [ -84.916239589593445, 10.794624541747833 ], [ -84.916229853292421, 10.79678265496254 ], [ -84.918079004379919, 10.798787587423075 ], [ -84.916558527549071, 10.803154211874588 ], [ -84.909674626520712, 10.804242375518575 ], [ -84.908144157812558, 10.80327161409863 ], [ -84.906036996432249, 10.803234562882503 ], [ -84.904468439107873, 10.804013468840685 ], [ -84.903412691712518, 10.806575115801214 ], [ -84.903376605131982, 10.80943447657771 ], [ -84.90145338250521, 10.812106585411515 ], [ -84.903138034110412, 10.814533981010479 ], [ -84.901743146647846, 10.819955511090201 ], [ -84.903181343359776, 10.823152626247142 ], [ -84.902582138269068, 10.826870777625414 ], [ -84.901235538599437, 10.828595557344668 ], [ -84.899373281414356, 10.826992228081403 ], [ -84.897610225088073, 10.827326947483003 ] ] ] } },
{ "type": "Feature", "properties": { "cod_distrito": 21308, "distrito": "Canalete", "canton": "Upala" }, "geometry": { "type": "Polygon", "coordinates": [ [ [ -85.011228229430685, 10.797751016854043 ], [ -85.023689882463771, 10.800268919575055 ], [ -85.031188406044976, 10.800484251959068 ], [ -85.029644687728137, 10.804338975713961 ], [ -85.030076378821207, 10.807465438866275 ], [ -85.028300812365217, 10.812449992271771 ], [ -85.028950757717752, 10.81493891311341 ], [ -85.03143514140109, 10.819103347961347 ], [ -85.03185404424525, 10.823040634932987 ], [ -85.035089415707802, 10.822454382657476 ], [ -85.037605055697, 10.820943054116247 ], [ -85.038930320337883, 10.817638981238733 ], [ -85.041677720143383, 10.815026722017803 ], [ -85.042872761760421, 10.812446852520763 ], [ -85.047815904538652, 10.809424239900231 ], [ -85.067295755973305, 10.810248712672594 ], [ -85.069681313167521, 10.809577189174659 ], [ -85.07070002344625, 10.806852835728234 ], [ -85.072218964568904, 10.805111870146513 ], [ -85.078303364696893, 10.801825511804784 ], [ -85.081488867155855, 10.79889334826254 ], [ -85.087273288978423, 10.798821804582392 ], [ -85.089954302729183, 10.793226652167025 ], [ -85.092759638007593, 10.790613802374972 ], [ -85.097676711883011, 10.78924104675759 ], [ -85.108915008391065, 10.791762168816504 ], [ -85.113466287964826, 10.790534845903739 ], [ -85.120752577856067, 10.780714792952935 ], [ -85.121242475740814, 10.774026179664693 ], [ -85.123377097388186, 10.769920453088798 ], [ -85.125803225469127, 10.768005601670156 ], [ -85.132588310251933, 10.765160763304916 ], [ -85.131252793408592, 10.78073780733704 ], [ -85.131964510735145, 10.792226391112349 ], [ -85.130227231018239, 10.796026261307876 ], [ -85.128573537967767, 10.806156713579172 ], [ -85.132745081019763, 10.812995997430846 ], [ -85.133390694539671, 10.816211663690403 ], [ -85.135028279000636, 10.817349171027903 ], [ -85.135188722232328, 10.818505210338614 ], [ -85.132760515999124, 10.821936160361775 ], [ -85.129615682583378, 10.823723171685938 ], [ -85.126603360872892, 10.830446940109532 ], [ -85.119586819483956, 10.828388652996722 ], [ -85.117698642208779, 10.828986352296136 ], [ -85.116073917720769, 10.832198947924745 ], [ -85.116397252565932, 10.839120718885169 ], [ -85.113720068481769, 10.84245414403984 ], [ -85.113220751706422, 10.846689546879261 ], [ -85.102376080614036, 10.860342538452894 ], [ -85.099491029323886, 10.862231334594815 ], [ -85.097834936604002, 10.866200642300569 ], [ -85.095121434748279, 10.868761073787399 ], [ -85.095702796687291, 10.870154270319622 ], [ -85.094651920136783, 10.871400143218159 ], [ -85.094897785645202, 10.874625586811188 ], [ -85.091980773428674, 10.87742170558246 ], [ -85.090055900517868, 10.882786179493738 ], [ -85.092033552636195, 10.885133789204351 ], [ -85.092172247586163, 10.886242400771538 ], [ -85.08743931187243, 10.888405647240315 ], [ -85.083119739310789, 10.886647027160661 ], [ -85.077286484950989, 10.890587333221131 ], [ -85.07644679680071, 10.890533059860093 ], [ -85.07364649418993, 10.88459169334419 ], [ -85.071448569428796, 10.877074555475183 ], [ -85.060890150802976, 10.881557462780398 ], [ -85.05541655253171, 10.880832432901208 ], [ -85.047165647929646, 10.874766403701026 ], [ -85.037381541800272, 10.874742388905155 ], [ -85.03788749164741, 10.87874632956281 ], [ -85.036855000288895, 10.881525162313668 ], [ -85.02739879727568, 10.875891815062586 ], [ -85.030740718825655, 10.866195502274696 ], [ -85.029778640100105, 10.86419589624651 ], [ -85.030201439328849, 10.860875501535112 ], [ -85.02774197366405, 10.861141240442567 ], [ -85.027216653636287, 10.859884072143448 ], [ -85.025197716813437, 10.862008093187297 ], [ -85.025998011693034, 10.867498908611932 ], [ -85.024791170980862, 10.870106619448656 ], [ -85.019288184826777, 10.869180733828998 ], [ -85.018827571353469, 10.869926172927711 ], [ -85.020023313382907, 10.872554504226891 ], [ -85.01817462242181, 10.873705116958208 ], [ -85.017166923216251, 10.875310725788241 ], [ -85.01211388402524, 10.861908388342471 ], [ -85.008843256939613, 10.856811886387121 ], [ -85.011355602230282, 10.855058300492251 ], [ -85.014956995821393, 10.8500965582249 ], [ -85.019052155903779, 10.841402144067164 ], [ -85.023091791998581, 10.837726417799432 ], [ -85.014839817992225, 10.836809515439734 ], [ -85.004091774562625, 10.837273913225742 ], [ -84.999806085498847, 10.8366583839558 ], [ -84.996537272742501, 10.834580284041555 ], [ -84.987743556495573, 10.836125047050567 ], [ -84.983312060112567, 10.835166403920397 ], [ -84.986420091408206, 10.82971155097518 ], [ -84.988154303441334, 10.82899068956433 ], [ -84.991297746898155, 10.82554712730771 ], [ -84.991088565856927, 10.823544941287714 ], [ -84.992094756118021, 10.821481623722251 ], [ -84.991136384791275, 10.820483274584229 ], [ -84.99341608837527, 10.818444472360278 ], [ -84.994502432882967, 10.814366588968186 ], [ -84.997100511350482, 10.812355351226175 ], [ -84.996799575008609, 10.808865629731535 ], [ -85.011228229430685, 10.797751016854043 ] ] ] } },
{ "type": "Feature", "properties": { "cod_distrito": 21301, "distrito": "Upala", "canton": "Upala" }, "geometry": { "type": "Polygon", "coordinates": [ [ [ -84.901953838969732, 10.828175208419905 ], [ -84.903195466574928, 10.823343220490576 ], [ -84.901743146647846, 10.819955511090201 ], [ -84.903152182568775, 10.814738192799913 ], [ -84.90145338250521, 10.812106585411515 ], [ -84.903376605131982, 10.80943447657771 ], [ -84.903412691712518, 10.806575115801214 ], [ -84.904468439107873, 10.804013468840685 ], [ -84.906036996432249, 10.803234562882503 ], [ -84.908144157812558, 10.80327161409863 ], [ -84.909674626520712, 10.804242375518575 ], [ -84.916558527549071, 10.803154211874588 ], [ -84.918079004379919, 10.798787587423075 ], [ -84.916229853292421, 10.79678265496254 ], [ -84.916239589593445, 10.794624541747833 ], [ -84.915368659246965, 10.792842474319572 ], [ -84.916688949594601, 10.791900574343579 ], [ -84.919223709785001, 10.792345244361325 ], [ -84.921836579261836, 10.790393377814254 ], [ -84.922672310757804, 10.788111197603778 ], [ -84.922004468194871, 10.784497447490953 ], [ -84.924172530072966, 10.780408706288524 ], [ -84.92609869115735, 10.779486069016171 ], [ -84.926920049047382, 10.776917966751423 ], [ -84.928996925564633, 10.775613785565449 ], [ -84.933445803120108, 10.776116029410245 ], [ -84.936913495452544, 10.774822792431541 ], [ -84.939777115488965, 10.774483769227581 ], [ -84.940880007233034, 10.775121611672224 ], [ -84.942930323986971, 10.774355209759616 ], [ -84.946937638204687, 10.774395178856956 ], [ -84.950844844808117, 10.772563117372018 ], [ -84.967974766758076, 10.769695909811601 ], [ -84.9728289165418, 10.76668259227803 ], [ -84.998409628790668, 10.784830390278605 ], [ -85.004033167919701, 10.791768420129335 ], [ -85.005123200866109, 10.794719788937881 ], [ -85.006561843324079, 10.79633837399445 ], [ -85.011228229430685, 10.797751016854043 ], [ -84.996799575008609, 10.808865629731535 ], [ -84.997100511350482, 10.812355351226175 ], [ -84.994502432882967, 10.814366588968186 ], [ -84.99341608837527, 10.818444472360278 ], [ -84.991136384791275, 10.820483274584229 ], [ -84.992094756118021, 10.821481623722251 ], [ -84.991088565856927, 10.823544941287714 ], [ -84.991297746898155, 10.82554712730771 ], [ -84.988154303441334, 10.82899068956433 ], [ -84.986420091408206, 10.82971155097518 ], [ -84.983312060112567, 10.835166403920397 ], [ -84.987743556495573, 10.836125047050567 ], [ -84.996537272742501, 10.834580284041555 ], [ -84.999806085498847, 10.8366583839558 ], [ -85.004091774562625, 10.837273913225742 ], [ -85.014839817992225, 10.836809515439734 ], [ -85.023091791998581, 10.837726417799432 ], [ -85.019052155903779, 10.841402144067164 ], [ -85.014956995821393, 10.8500965582249 ], [ -85.011355602230282, 10.855058300492251 ], [ -85.008843256939613, 10.856811886387121 ], [ -85.01211388402524, 10.861908388342471 ], [ -85.017166923216251, 10.875310725788241 ], [ -85.01817462242181, 10.873705116958208 ], [ -85.020023313382907, 10.872554504226891 ], [ -85.018827571353469, 10.869926172927711 ], [ -85.019288184826777, 10.869180733828998 ], [ -85.024791170980862, 10.870106619448656 ], [ -85.025998011693034, 10.867498908611932 ], [ -85.025197716813437, 10.862008093187297 ], [ -85.026840268156334, 10.859856717414058 ], [ -85.02774197366405, 10.861141240442567 ], [ -85.030201439328849, 10.860875501535112 ], [ -85.029778640100105, 10.86419589624651 ], [ -85.030740718825655, 10.866195502274696 ], [ -85.02739879727568, 10.875891815062586 ], [ -85.036855000288895, 10.881525162313668 ], [ -85.03788749164741, 10.87874632956281 ], [ -85.037381541800272, 10.874742388905155 ], [ -85.047165647929646, 10.874766403701026 ], [ -85.05541655253171, 10.880832432901208 ], [ -85.060890150802976, 10.881557462780398 ], [ -85.071448569428796, 10.877074555475183 ], [ -85.07364649418993, 10.88459169334419 ], [ -85.07644679680071, 10.890533059860093 ], [ -85.077286484950989, 10.890587333221131 ], [ -85.083119739310789, 10.886647027160661 ], [ -85.087063099540742, 10.888435593474195 ], [ -85.091840066121847, 10.886820188253221 ], [ -85.09115767025655, 10.888462701678707 ], [ -85.091267886331948, 10.891839674142274 ], [ -85.088084863781035, 10.897190305012769 ], [ -85.087377446973093, 10.899913929140983 ], [ -85.088099558787818, 10.903255842881354 ], [ -85.086676966290668, 10.905510688571328 ], [ -85.087182357068173, 10.908226001489972 ], [ -85.084919143703118, 10.90881220351268 ], [ -85.077782192264664, 10.908406124748351 ], [ -85.070282113580177, 10.906402486985337 ], [ -85.066674214690494, 10.907611596287703 ], [ -85.063987353018391, 10.907533200405638 ], [ -85.056332858890315, 10.905309722518558 ], [ -85.053187798204462, 10.906881254435286 ], [ -85.045557376899922, 10.900175612179209 ], [ -85.043141910713246, 10.899014024934365 ], [ -85.04534589686557, 10.904979277696828 ], [ -85.044888422881527, 10.906975984739255 ], [ -85.043212711836716, 10.907554748221498 ], [ -85.042719933807703, 10.909086439363868 ], [ -85.04457531313831, 10.912244967066226 ], [ -85.043791347483577, 10.913658917980138 ], [ -85.044342430891348, 10.915179820768682 ], [ -85.043644116386588, 10.916635859665522 ], [ -85.040703293878948, 10.917792453917995 ], [ -85.04105053299331, 10.919981865113581 ], [ -85.039050894830552, 10.921136349937949 ], [ -85.039995113583672, 10.922453441910132 ], [ -85.039998950180475, 10.924144685393754 ], [ -85.038837173945865, 10.925001347090065 ], [ -85.038721208824711, 10.926692859599878 ], [ -85.036874545211433, 10.927407265968709 ], [ -85.034990032524419, 10.926515052358212 ], [ -85.030523340211005, 10.926499476735021 ], [ -85.027127235438527, 10.930768846638983 ], [ -85.0274085359667, 10.934125373252909 ], [ -85.023504676525718, 10.933288215324179 ], [ -85.021657870416732, 10.933968706320472 ], [ -85.02042089788624, 10.939569422192422 ], [ -85.021596723574575, 10.94502116555415 ], [ -85.019513292377241, 10.94708898317676 ], [ -85.015306811819684, 10.956619720664946 ], [ -85.011900922428964, 10.956643897570123 ], [ -85.008740295271323, 10.959272032583367 ], [ -85.005455973728473, 10.960124594432681 ], [ -85.001072908590174, 10.959423476556454 ], [ -84.999028679032676, 10.963926454295182 ], [ -84.997682281387569, 10.964309248107716 ], [ -84.993547134818513, 10.951153485614478 ], [ -84.99394887740452, 10.947854094824281 ], [ -84.996699026502426, 10.943708350360762 ], [ -84.995696159988668, 10.936608417165319 ], [ -84.996664010187061, 10.933664618437001 ], [ -84.99057983070692, 10.929320485233527 ], [ -84.989294265263652, 10.927383537042994 ], [ -84.98908623005903, 10.925633696676373 ], [ -84.994997887830237, 10.918755054438806 ], [ -84.996554814312503, 10.914174195967442 ], [ -84.98861216484822, 10.894567356509219 ], [ -84.990144022431423, 10.894261271698536 ], [ -84.991427890819153, 10.889411704447021 ], [ -84.989776797156935, 10.881606164396818 ], [ -84.98581768409484, 10.871738275629943 ], [ -84.986431820860346, 10.869647059318991 ], [ -84.984947537354159, 10.865580458806866 ], [ -84.986431144446684, 10.861675947074481 ], [ -84.985369653296715, 10.859374097808136 ], [ -84.982537173894414, 10.857290894921297 ], [ -84.982471031181376, 10.855832264402158 ], [ -84.980454180201889, 10.85494074409144 ], [ -84.935015883912953, 10.855027424745813 ], [ -84.901953838969732, 10.828175208419905 ] ] ] } },
{ "type": "Feature", "properties": { "cod_distrito": 60601, "distrito": "Quepos", "canton": "Quepos" }, "geometry": { "type": "Polygon", "coordinates": [ [ [ -84.138489329652785, 9.571653925308322 ], [ -84.133371341689497, 9.570911605053922 ], [ -84.131145043681784, 9.571336215012964 ], [ -84.128666320662276, 9.569495333238267 ], [ -84.128196864451908, 9.567686868381742 ], [ -84.126505652878052, 9.5664609005633 ], [ -84.126891833553742, 9.565271498349187 ], [ -84.125316309863493, 9.563993863518514 ], [ -84.125797629228984, 9.560553477997681 ], [ -84.12450999153728, 9.559555833359179 ], [ -84.124198322765338, 9.557780588826059 ], [ -84.122208239072052, 9.556998970745543 ], [ -84.120442984252151, 9.554294127058764 ], [ -84.119748109317158, 9.557086448272642 ], [ -84.11875184891727, 9.557445217849446 ], [ -84.119381150374963, 9.559279526171197 ], [ -84.118983038478888, 9.560046283679995 ], [ -84.117145833874162, 9.560996619332604 ], [ -84.11606838284213, 9.560027256973699 ], [ -84.112973482435194, 9.560328027737745 ], [ -84.109967969006988, 9.561547583271135 ], [ -84.108563675542655, 9.564217665937415 ], [ -84.107068907733321, 9.564429730108685 ], [ -84.106277581529582, 9.563525422353917 ], [ -84.105169100209181, 9.56534114123426 ], [ -84.102804632433219, 9.565910216976842 ], [ -84.101497132621546, 9.567595444518011 ], [ -84.100279430681042, 9.567458555875154 ], [ -84.099133470877604, 9.56912325285332 ], [ -84.096415387544099, 9.568923196749616 ], [ -84.095719296822296, 9.568009555868093 ], [ -84.092542872619035, 9.568062146434009 ], [ -84.087393532329088, 9.565088082907439 ], [ -84.082602108680831, 9.563719928753565 ], [ -84.074762906568722, 9.566934647902505 ], [ -84.072732012985384, 9.570910300579458 ], [ -84.071958658809095, 9.570991999333227 ], [ -84.074576736690702, 9.559642126657431 ], [ -84.076522606822607, 9.558835757366209 ], [ -84.077102005223765, 9.560419057443303 ], [ -84.07889505241647, 9.558646046521607 ], [ -84.080657972748554, 9.558195221601112 ], [ -84.082351177845368, 9.559187864050873 ], [ -84.085254929844041, 9.559095649377598 ], [ -84.086964887601212, 9.557233080982973 ], [ -84.086630300009446, 9.555972577661828 ], [ -84.088252846842821, 9.55737461756739 ], [ -84.08878001061332, 9.556529574138111 ], [ -84.091453643270441, 9.556985294523058 ], [ -84.092874183830062, 9.558492004425194 ], [ -84.095130820335271, 9.558031201836551 ], [ -84.09648236346797, 9.556894229289775 ], [ -84.098325145702475, 9.553188793337437 ], [ -84.097455774121997, 9.550120188022586 ], [ -84.099313481986457, 9.54936478887349 ], [ -84.100777602562218, 9.546470121044868 ], [ -84.102800326976578, 9.546744273472983 ], [ -84.103536651353835, 9.545337262164724 ], [ -84.107625616915485, 9.544844247468093 ], [ -84.1076282303395, 9.543654100863035 ], [ -84.110509262923941, 9.539285855547428 ], [ -84.118221893247934, 9.531607392423243 ], [ -84.116922303992624, 9.526874282768006 ], [ -84.11971916428412, 9.520483587962811 ], [ -84.115389197979951, 9.51575385689862 ], [ -84.113547432760683, 9.515370585302282 ], [ -84.113284113961811, 9.512005673668234 ], [ -84.110874550868985, 9.511333829403171 ], [ -84.109859032234965, 9.50880053259306 ], [ -84.110290311153904, 9.506624364781828 ], [ -84.112054507571926, 9.50551551023778 ], [ -84.112211018231775, 9.501450148307391 ], [ -84.114325595326278, 9.498989702414383 ], [ -84.120760246422435, 9.497665848682365 ], [ -84.124306810829694, 9.497953371128203 ], [ -84.126820550445743, 9.496603690943887 ], [ -84.129061942617625, 9.497248813822678 ], [ -84.130677135363143, 9.496877899727499 ], [ -84.131331613972691, 9.496311025153753 ], [ -84.131410096756483, 9.493479912327523 ], [ -84.133229069742214, 9.493601578061874 ], [ -84.134588301718239, 9.494894825564076 ], [ -84.137654850289266, 9.494812743820138 ], [ -84.138946880119988, 9.495711771162428 ], [ -84.139601530156028, 9.493682758698842 ], [ -84.144609838388192, 9.491088721542251 ], [ -84.146428311639283, 9.485679807702581 ], [ -84.149535000253735, 9.486529545993312 ], [ -84.152170317600707, 9.484469399643373 ], [ -84.154780553278499, 9.486250551416267 ], [ -84.155080467785467, 9.484929123298087 ], [ -84.153308916534783, 9.482997959930399 ], [ -84.151697308735734, 9.476022905009506 ], [ -84.149242826317689, 9.472894151014305 ], [ -84.149107085839333, 9.468562788752704 ], [ -84.145219953567974, 9.464873923087572 ], [ -84.143898112854004, 9.46538900217254 ], [ -84.142964994214623, 9.464544784606804 ], [ -84.141335021989633, 9.465482477180034 ], [ -84.137835893948591, 9.464367235351236 ], [ -84.132107623256516, 9.464678122991021 ], [ -84.126304195275409, 9.468165440023373 ], [ -84.119112804556593, 9.468193324466702 ], [ -84.115183663929386, 9.469573923578416 ], [ -84.111249092178426, 9.468110072222375 ], [ -84.112641795941542, 9.462516997033296 ], [ -84.09531584778594, 9.448855075222163 ], [ -84.094733919964, 9.44522217935849 ], [ -84.092836885535831, 9.444216172494498 ], [ -84.086965684567744, 9.4360730388333 ], [ -84.08415474980572, 9.433824499618259 ], [ -84.082732309024621, 9.429680132559396 ], [ -84.0788266758167, 9.426776716859528 ], [ -84.076886965875659, 9.42674874118018 ], [ -84.07549078247763, 9.424676946412875 ], [ -84.073986687532667, 9.425416676391933 ], [ -84.070088509273688, 9.423148936514851 ], [ -84.068915249650331, 9.419667178669837 ], [ -84.067646631887683, 9.419131257802499 ], [ -84.068103792496231, 9.418027938919408 ], [ -84.06540389672125, 9.414271970556221 ], [ -84.060349219800173, 9.410702695826695 ], [ -84.061411238102664, 9.408544354404759 ], [ -84.056280616616959, 9.405383049826641 ], [ -84.043261945821001, 9.405383327735553 ], [ -84.041461969817647, 9.401615169845098 ], [ -84.037730629788427, 9.398367432093693 ], [ -84.036905777369711, 9.396170988914351 ], [ -84.032739453444009, 9.391778270266872 ], [ -84.032495152952066, 9.388884247262869 ], [ -84.036696234825172, 9.385709456535158 ], [ -84.037203745841779, 9.383518579815142 ], [ -84.03485912580274, 9.378005008926493 ], [ -84.03160021945817, 9.374581960506648 ], [ -84.028240244721033, 9.374512722595401 ], [ -84.024559232211601, 9.371969670661958 ], [ -84.025099651354694, 9.368211034786002 ], [ -84.023904374323394, 9.361971691621255 ], [ -84.025908586378833, 9.361952407809992 ], [ -84.026949377739925, 9.363770567428045 ], [ -84.028028616489593, 9.364268104673778 ], [ -84.032599504909683, 9.36285058220936 ], [ -84.033149558955088, 9.36174727359157 ], [ -84.032092907947089, 9.360392050520693 ], [ -84.027508024278092, 9.360976178317285 ], [ -84.026199363954689, 9.359692161801744 ], [ -84.026233773057058, 9.358679094092434 ], [ -84.029352087316752, 9.355136799535284 ], [ -84.031486054172632, 9.355158231167966 ], [ -84.034063878168354, 9.356932815307909 ], [ -84.035373317177914, 9.356198048259099 ], [ -84.036005976378846, 9.354678555761749 ], [ -84.035658954031646, 9.353262278928391 ], [ -84.032324993869011, 9.352075963195777 ], [ -84.031226430526658, 9.350621471651069 ], [ -84.031155698659745, 9.347678008897887 ], [ -84.032115562944171, 9.34531419402175 ], [ -84.051755902678224, 9.353881164422374 ], [ -84.080150947074799, 9.367646706872499 ], [ -84.092552729890983, 9.372130449912015 ], [ -84.100619375883795, 9.373495669139952 ], [ -84.11242934667149, 9.373985493279347 ], [ -84.115039804739752, 9.374797334494303 ], [ -84.117049293403966, 9.376651547527961 ], [ -84.118072336169931, 9.373725775263898 ], [ -84.121050404291836, 9.374411653438127 ], [ -84.12322810773253, 9.373364575106999 ], [ -84.123455358355926, 9.369192228008819 ], [ -84.123989779050476, 9.371421796300845 ], [ -84.124760725183904, 9.371552852626003 ], [ -84.123992233617798, 9.373047070520755 ], [ -84.124834451688713, 9.373138985187373 ], [ -84.126446235102748, 9.37681489384657 ], [ -84.126399379091808, 9.379263131651358 ], [ -84.127402687316248, 9.380992247261657 ], [ -84.128930986386521, 9.381477961250226 ], [ -84.127927045794124, 9.382580485762006 ], [ -84.130526951013252, 9.386671120945079 ], [ -84.131293325311589, 9.385714074756843 ], [ -84.132390743224335, 9.386323459198964 ], [ -84.134573327373417, 9.385527717660461 ], [ -84.135537180010758, 9.384371579061835 ], [ -84.1354790549358, 9.382597419900362 ], [ -84.13633128306644, 9.382032716365071 ], [ -84.136657093473673, 9.380354473663074 ], [ -84.134570964545958, 9.379848634944183 ], [ -84.1352560865583, 9.377110549787613 ], [ -84.136988710017349, 9.378493802649674 ], [ -84.138937247313592, 9.376968992411877 ], [ -84.138964703870101, 9.378347712556591 ], [ -84.140035768513641, 9.378951150577485 ], [ -84.13947651470005, 9.379881214395487 ], [ -84.140907768903929, 9.379741747960905 ], [ -84.141446256940895, 9.380687342794992 ], [ -84.142495516790092, 9.380467828645743 ], [ -84.143928344215524, 9.381731702453687 ], [ -84.145307502636584, 9.381130103687743 ], [ -84.146136415815008, 9.379601365607042 ], [ -84.144445208520835, 9.377062299903505 ], [ -84.147636333388064, 9.37651908180062 ], [ -84.149305861808699, 9.378777020485321 ], [ -84.1494626770141, 9.380961358712504 ], [ -84.147472076590617, 9.380158981274226 ], [ -84.146480554460851, 9.381261362554893 ], [ -84.146519267582207, 9.385838124808988 ], [ -84.147547669488475, 9.38686027391185 ], [ -84.147450848441352, 9.388284272905254 ], [ -84.148255913000639, 9.389526055473828 ], [ -84.153186093469074, 9.39361117950026 ], [ -84.15860270210527, 9.396085697018702 ], [ -84.162133235291748, 9.397088309885984 ], [ -84.163316102458737, 9.396472174171617 ], [ -84.16434953455834, 9.397180506928505 ], [ -84.167817717056678, 9.395344763245484 ], [ -84.169839487300109, 9.395938495661118 ], [ -84.170680069147025, 9.394957107221074 ], [ -84.172282893119245, 9.395344868146148 ], [ -84.173187814758123, 9.394495005579474 ], [ -84.175030845839018, 9.394715265157824 ], [ -84.175360722078992, 9.39577737188058 ], [ -84.176074810410711, 9.394251425678656 ], [ -84.176960227948015, 9.395533881409353 ], [ -84.176569841519211, 9.399933438443851 ], [ -84.174486054844039, 9.400478361866551 ], [ -84.17259318912663, 9.402826181810841 ], [ -84.171503100343003, 9.402146112995265 ], [ -84.16871782625617, 9.40255833336396 ], [ -84.168638172984288, 9.401100055331588 ], [ -84.167326631551575, 9.400754819187428 ], [ -84.164021187075576, 9.403911630748935 ], [ -84.163393640827096, 9.405867194435123 ], [ -84.164151362646564, 9.407110678878142 ], [ -84.163519206513371, 9.407217670018321 ], [ -84.163670460066442, 9.4083933489872 ], [ -84.165358274671732, 9.408544829600675 ], [ -84.165752199490512, 9.409713339720145 ], [ -84.166923501663405, 9.410347543691795 ], [ -84.166228155430204, 9.411041766853533 ], [ -84.166797385094469, 9.411856735733064 ], [ -84.164124019524863, 9.412442297086967 ], [ -84.163725233588849, 9.413122451272496 ], [ -84.166385485465383, 9.41442028601506 ], [ -84.165097825213977, 9.414801385987879 ], [ -84.164751561291652, 9.416208685889309 ], [ -84.165625049194858, 9.417455637313497 ], [ -84.167622734911006, 9.417696566949457 ], [ -84.167302277507829, 9.418221434266117 ], [ -84.168609060524233, 9.419317891486546 ], [ -84.168217728748104, 9.419971102259241 ], [ -84.166423218328234, 9.420180739114381 ], [ -84.166401238170607, 9.421245822012784 ], [ -84.168514738405534, 9.422719947280699 ], [ -84.16946106390094, 9.421835353496791 ], [ -84.169647047814451, 9.424330800637147 ], [ -84.172017805188077, 9.423923836063352 ], [ -84.172582274278469, 9.42425314509382 ], [ -84.170166605436123, 9.42480969107919 ], [ -84.171109359745373, 9.425909026608073 ], [ -84.171210437889698, 9.426461993797719 ], [ -84.169913455282128, 9.424995990829768 ], [ -84.168105139319621, 9.424954725156752 ], [ -84.167444347274653, 9.426355937985743 ], [ -84.167934576736471, 9.427949830185394 ], [ -84.170101514298437, 9.427996167607143 ], [ -84.169928679035493, 9.425771255372625 ], [ -84.170400746500661, 9.427816988669665 ], [ -84.169472596905891, 9.428468290242209 ], [ -84.166262684610331, 9.427587404228071 ], [ -84.166143139743284, 9.428196447950571 ], [ -84.166889277069473, 9.428331183080809 ], [ -84.165868608735977, 9.429002683114817 ], [ -84.165112690339853, 9.432418069784434 ], [ -84.16728655132782, 9.43222543746724 ], [ -84.173763429161411, 9.438400227579395 ], [ -84.189609825022671, 9.447086278970025 ], [ -84.189470550983501, 9.45248280507503 ], [ -84.191677655130576, 9.455238667661627 ], [ -84.200229142879436, 9.458019685824596 ], [ -84.206225089913843, 9.461719668693487 ], [ -84.22030563241421, 9.460616950496519 ], [ -84.22634658478762, 9.462994831469178 ], [ -84.238224385967882, 9.477171988125832 ], [ -84.243449848618724, 9.490066335149841 ], [ -84.253543914606027, 9.495696028752748 ], [ -84.253597563875132, 9.497449568405418 ], [ -84.248705327487514, 9.503229298752533 ], [ -84.249264043833534, 9.505214172903775 ], [ -84.248717545987986, 9.505897846274991 ], [ -84.247020268401982, 9.505105080552129 ], [ -84.246445344080612, 9.506936918337997 ], [ -84.245436298490148, 9.507475449166751 ], [ -84.245272446922385, 9.51052215659314 ], [ -84.242230870530165, 9.512896417132614 ], [ -84.238045419440397, 9.514300997231253 ], [ -84.236258824951918, 9.515732617476086 ], [ -84.234376151175596, 9.5152955214656 ], [ -84.230936586492788, 9.516611254179441 ], [ -84.228030921246301, 9.514488230766874 ], [ -84.225850583049109, 9.513883177555671 ], [ -84.222916916897432, 9.513946859375601 ], [ -84.222047606851532, 9.514645125948105 ], [ -84.220524259995344, 9.512098051466543 ], [ -84.219699637303975, 9.512757889636489 ], [ -84.218450782538838, 9.512052269722711 ], [ -84.217256516746957, 9.512285001382986 ], [ -84.217473573473228, 9.51360605260294 ], [ -84.216682221421934, 9.513943275009252 ], [ -84.215255303063287, 9.510893280447927 ], [ -84.213511316840737, 9.510424381222323 ], [ -84.212268259782093, 9.510756500622261 ], [ -84.210853304729525, 9.512425902123169 ], [ -84.207764764509193, 9.511388773822656 ], [ -84.206383662954266, 9.51375037161182 ], [ -84.203871198745986, 9.513596346853415 ], [ -84.201137257121744, 9.515900606698763 ], [ -84.201174423623073, 9.517635063805619 ], [ -84.199717013973412, 9.518712476274924 ], [ -84.199543334766588, 9.520506863823799 ], [ -84.19658428806747, 9.524593781648658 ], [ -84.192963835785505, 9.525729536375804 ], [ -84.191346946341369, 9.527012773141163 ], [ -84.186689217131232, 9.526429171299581 ], [ -84.185478692407472, 9.529306973823028 ], [ -84.184011853322488, 9.530610278146955 ], [ -84.181998053163724, 9.535250237447894 ], [ -84.183960230887806, 9.539670497946414 ], [ -84.185577774556037, 9.540849192366863 ], [ -84.185733236586387, 9.542029007645654 ], [ -84.188379769300269, 9.545348908348815 ], [ -84.187674478776174, 9.546649846762993 ], [ -84.185181926280606, 9.547570005169057 ], [ -84.181892740855218, 9.546971528957531 ], [ -84.180603997262537, 9.545419520494834 ], [ -84.179465661169118, 9.546686667662936 ], [ -84.173896380060214, 9.546897570873737 ], [ -84.174078440757512, 9.548780927501285 ], [ -84.171154496066023, 9.55121085837456 ], [ -84.171650774431527, 9.552898230788395 ], [ -84.170292878492731, 9.553114623947787 ], [ -84.170287057291574, 9.554334784970322 ], [ -84.166416639481611, 9.555208316458017 ], [ -84.165647527913279, 9.556435625055562 ], [ -84.158465611616165, 9.560867561695179 ], [ -84.155059709367393, 9.561177865494614 ], [ -84.153013046481234, 9.562686717346503 ], [ -84.149637655189309, 9.563214754665152 ], [ -84.140635758797302, 9.570833305442966 ], [ -84.138489329652785, 9.571653925308322 ] ] ] } },
{ "type": "Feature", "properties": { "cod_distrito": 60308, "distrito": "Biolley", "canton": "Buenos Aires" }, "geometry": { "type": "Polygon", "coordinates": [ [ [ -82.971594168534025, 9.096389855885876 ], [ -82.971607145581174, 9.094272949809296 ], [ -82.968467634520167, 9.091731824868262 ], [ -82.970790525240645, 9.085805300461619 ], [ -82.971638985272705, 9.085337551388598 ], [ -82.972086617241686, 9.083293592160491 ], [ -82.971372050878102, 9.081842617284892 ], [ -82.973098011322577, 9.075800858065005 ], [ -82.971683988252636, 9.069269443495688 ], [ -82.969842735237037, 9.065905192811977 ], [ -82.970925062829863, 9.065022629625332 ], [ -82.972237320890656, 9.061989339235398 ], [ -82.971946989524156, 9.059480468178348 ], [ -82.972994762687705, 9.057280655978346 ], [ -82.97181222947998, 9.055591146142271 ], [ -82.974233191638845, 9.054382503883103 ], [ -82.974900497842015, 9.053288085970896 ], [ -82.974700166739538, 9.052374207030992 ], [ -82.97225563987395, 9.050695218556502 ], [ -82.971311081696214, 9.048133541453771 ], [ -82.972366447911043, 9.044632307582813 ], [ -82.975004269903451, 9.039938812362989 ], [ -82.974525147113852, 9.038084802988175 ], [ -82.977340100636852, 9.034545320156544 ], [ -82.977000802597871, 9.027276085792431 ], [ -82.975751267140424, 9.026662620249706 ], [ -82.976093164918254, 9.024881460833555 ], [ -82.975218393197792, 9.023635131798407 ], [ -82.976585884744992, 9.019068047483048 ], [ -82.97891400319206, 9.018147289763506 ], [ -82.982483026021825, 9.013270293913616 ], [ -82.985785334483694, 9.01290929829543 ], [ -82.993648265627954, 9.006774558056874 ], [ -82.998038190854388, 8.999885126348397 ], [ -83.001048654579492, 9.000222685757613 ], [ -83.002859148379542, 8.999651030092105 ], [ -83.006244207720158, 9.000661996160753 ], [ -83.008210741808199, 8.998741896485765 ], [ -83.01366626857957, 8.990652226387303 ], [ -83.015066022500363, 8.985318714885663 ], [ -83.01606971243632, 8.984557997148812 ], [ -83.015589540239574, 8.983864957294893 ], [ -83.017540149351234, 8.981846454911581 ], [ -83.017670527809514, 8.980370811092891 ], [ -83.020419916287352, 8.976153060274694 ], [ -83.019933987564812, 8.973834672818867 ], [ -83.022625929706962, 8.972614219811771 ], [ -83.022106964262008, 8.968105374312051 ], [ -83.023461815947684, 8.966657624147929 ], [ -83.02717531284739, 8.967197027444639 ], [ -83.027687886733858, 8.966129645156562 ], [ -83.029467964503638, 8.965393217686211 ], [ -83.030759961207607, 8.966632181648405 ], [ -83.034387907447737, 8.964389108897365 ], [ -83.03872266116214, 8.965262478050898 ], [ -83.041247099904027, 8.963236135128875 ], [ -83.043796687011991, 8.963415869007058 ], [ -83.046350905834899, 8.961609499954438 ], [ -83.0472198372984, 8.963275298099649 ], [ -83.051884370454758, 8.966389511413102 ], [ -83.05591827286888, 8.966890819899939 ], [ -83.063310704355359, 8.966418476717807 ], [ -83.065799222969645, 8.96454391520731 ], [ -83.067969174041494, 8.96513206056953 ], [ -83.069416762717623, 8.964256114579488 ], [ -83.075518132801676, 8.9630924638079 ], [ -83.076377001950789, 8.961276478288138 ], [ -83.081962351052312, 8.957729294711841 ], [ -83.082746627568, 8.955852313630173 ], [ -83.087085132907475, 8.955604749074697 ], [ -83.090226579526586, 8.953602828335269 ], [ -83.093311945788258, 8.956953892000142 ], [ -83.096518159357657, 8.957193391816158 ], [ -83.098925411465487, 8.961252395871906 ], [ -83.100717505501237, 8.962516915983253 ], [ -83.10527361309893, 8.963077492702125 ], [ -83.110057194408157, 8.959935843830438 ], [ -83.112770014496363, 8.959403489608661 ], [ -83.114858469323337, 8.960025066793646 ], [ -83.118141210000459, 8.966024980655391 ], [ -83.122155426256711, 8.966301953368657 ], [ -83.126341050096755, 8.968845718473171 ], [ -83.126916308742523, 8.970208561839449 ], [ -83.126044484584469, 8.971771008420768 ], [ -83.130828191821649, 8.976821839741497 ], [ -83.131279277591631, 8.978474903357862 ], [ -83.132451382591142, 8.97887226813662 ], [ -83.134683791044807, 8.977418921104167 ], [ -83.136096730865148, 8.977723284341813 ], [ -83.136796714735738, 8.980756430462229 ], [ -83.138714666499396, 8.982131504956794 ], [ -83.139932598825965, 8.985383613284187 ], [ -83.142199637729746, 8.98722610615366 ], [ -83.144336626164019, 8.990352096035672 ], [ -83.142934792169783, 8.991128054189243 ], [ -83.140470679569489, 8.990755882125264 ], [ -83.137952613876749, 8.989358139154204 ], [ -83.137517376255616, 8.987595948160447 ], [ -83.134852537313748, 8.986866051814888 ], [ -83.132957285269839, 8.985213620931901 ], [ -83.130062403280661, 8.986007006123023 ], [ -83.127598913472283, 8.984771514415407 ], [ -83.125580993870827, 8.982515827224841 ], [ -83.122970269113381, 8.983695473720285 ], [ -83.121061196456793, 8.982207649958406 ], [ -83.117492587270675, 8.985415041538086 ], [ -83.115615363076643, 8.986119792494 ], [ -83.114680697637823, 8.988747227126005 ], [ -83.110035635884302, 8.9908890879412 ], [ -83.107037106180442, 8.994735467097758 ], [ -83.107849363091248, 8.998936589188826 ], [ -83.105856284036534, 8.999982188979288 ], [ -83.105259404697577, 9.001477431457756 ], [ -83.103954817617705, 9.002403176813745 ], [ -83.101528949860977, 9.006255552881203 ], [ -83.101849692578497, 9.00723789791421 ], [ -83.099799526177677, 9.00926780063069 ], [ -83.100894542182772, 9.01044858242126 ], [ -83.099507711372823, 9.012396632599016 ], [ -83.099930237166134, 9.013284335062139 ], [ -83.09711620067138, 9.015067971081065 ], [ -83.097798875605946, 9.017095928686423 ], [ -83.095285840076301, 9.018360363703904 ], [ -83.094773995191687, 9.020026742553224 ], [ -83.093456943160476, 9.020918558697893 ], [ -83.094408149198983, 9.022229888359171 ], [ -83.09352094726313, 9.024535024368054 ], [ -83.094056341417485, 9.026255040807728 ], [ -83.092112028142395, 9.02721155501853 ], [ -83.092725486130661, 9.029647773528026 ], [ -83.090241451021512, 9.031657359379226 ], [ -83.089571362886701, 9.032952073873565 ], [ -83.089723833012926, 9.034965379054094 ], [ -83.088573316678762, 9.035959480361839 ], [ -83.085236605994353, 9.035394361904954 ], [ -83.083747553666129, 9.037434972325796 ], [ -83.080904712533524, 9.038455760652898 ], [ -83.082471504191176, 9.041481164237846 ], [ -83.082055400766976, 9.043650790777777 ], [ -83.080588285240395, 9.0451771697828 ], [ -83.081731595800704, 9.048373263125866 ], [ -83.083218444029242, 9.049754092771574 ], [ -83.083261948255029, 9.051855658979207 ], [ -83.079773641673782, 9.056889158951115 ], [ -83.076075492214116, 9.059762606537904 ], [ -83.074780978818438, 9.061710364977722 ], [ -83.073026932582735, 9.061994906388039 ], [ -83.070598961703482, 9.063803298636982 ], [ -83.06888449857351, 9.066197428151591 ], [ -83.065792189446114, 9.067297211418456 ], [ -83.061313269160536, 9.072184373080747 ], [ -83.059158143973136, 9.076341484928214 ], [ -83.059196698014219, 9.078115358351333 ], [ -83.057654913431406, 9.078840923002277 ], [ -83.056667602442886, 9.082165630893446 ], [ -83.05398089571986, 9.084455747431074 ], [ -83.050217909219739, 9.091645131025329 ], [ -83.05161990413329, 9.091869434899559 ], [ -83.052750980214668, 9.093066967382562 ], [ -83.054524127829012, 9.093075790781864 ], [ -83.056034705100586, 9.095520172741333 ], [ -83.054573901182295, 9.097447499822373 ], [ -83.054588727509511, 9.098527557164108 ], [ -83.052524318142488, 9.098784555607519 ], [ -83.050845505851655, 9.100346634871157 ], [ -83.048454231075027, 9.104750362606481 ], [ -83.048839456488636, 9.108115127392594 ], [ -83.047632030092885, 9.109025277555483 ], [ -83.047980398353644, 9.110632448008891 ], [ -83.046486993201952, 9.111498533867554 ], [ -83.045963069102555, 9.113751313299506 ], [ -83.045786931418547, 9.117084473070662 ], [ -83.047268092618722, 9.120396819086094 ], [ -83.046668395041166, 9.126788951406661 ], [ -83.040676248156586, 9.133575674938877 ], [ -83.039863893190073, 9.138221188479992 ], [ -83.036167295792865, 9.14465782894831 ], [ -83.032672557771534, 9.147548145923739 ], [ -83.031449766368311, 9.147432801764499 ], [ -83.028474143965141, 9.152291176342624 ], [ -83.028683806107992, 9.154685138902018 ], [ -83.030907965065808, 9.157391349773874 ], [ -83.033990363880633, 9.160013920520054 ], [ -83.03601944446585, 9.161014298587205 ], [ -83.037722562089755, 9.160814215694193 ], [ -83.03738989110056, 9.16132538680497 ], [ -83.032346511473605, 9.161919655399133 ], [ -83.02819985522305, 9.159785552531947 ], [ -83.021942568729145, 9.159260393312985 ], [ -83.013524546375123, 9.156666061745112 ], [ -83.008466436247517, 9.156682163242037 ], [ -83.003595622352748, 9.155353150702229 ], [ -83.001696082792606, 9.156753283653563 ], [ -82.999198251727194, 9.156895901884026 ], [ -82.997418125554987, 9.158625252869772 ], [ -82.994748312278617, 9.155717442498112 ], [ -82.991680734190865, 9.155170702456497 ], [ -82.991899775626749, 9.152181194804344 ], [ -82.995831859548204, 9.144866307625829 ], [ -82.993710346293881, 9.13960380165256 ], [ -82.992599786323467, 9.138643883863635 ], [ -82.992304956604428, 9.136490180528217 ], [ -82.996031901221514, 9.127141412797505 ], [ -82.987527635859408, 9.123469890319177 ], [ -82.986996767759365, 9.12181188734526 ], [ -82.989047679890589, 9.120023520371992 ], [ -82.989688480287938, 9.116825872328251 ], [ -82.981095033884102, 9.112884871306431 ], [ -82.9805006111213, 9.110311711438115 ], [ -82.981684088758755, 9.106726883514744 ], [ -82.979529939988652, 9.102498816936471 ], [ -82.981069582023139, 9.100619352025394 ], [ -82.980414918732677, 9.098075923544787 ], [ -82.977770648060869, 9.096962180486313 ], [ -82.977338416448347, 9.094071324692244 ], [ -82.974859637969942, 9.094442318504646 ], [ -82.971594168534025, 9.096389855885876 ] ] ] } },
{ "type": "Feature", "properties": { "cod_distrito": 11912, "distrito": "La  Amistad", "canton": "Pérez Zeledón" }, "geometry": { "type": "Polygon", "coordinates": [ [ [ -83.572648095535058, 9.235710625313226 ], [ -83.565578153984475, 9.232801583655078 ], [ -83.564495906111063, 9.2311684691355 ], [ -83.563897221203362, 9.228840549418127 ], [ -83.564757230337193, 9.226626882062652 ], [ -83.564365448756377, 9.225840443518171 ], [ -83.561860692190521, 9.225700273827647 ], [ -83.555691484004797, 9.227459708912406 ], [ -83.554752249171528, 9.220610848413152 ], [ -83.553725989733564, 9.219293410107058 ], [ -83.549124124733879, 9.22427477285404 ], [ -83.547851158966452, 9.227483516180666 ], [ -83.545552715680842, 9.230331879270038 ], [ -83.543311373527203, 9.232706138896393 ], [ -83.542020013419972, 9.232223908932525 ], [ -83.540066463475782, 9.230027860569475 ], [ -83.54142734136515, 9.225862673809139 ], [ -83.540260671391167, 9.22349793082358 ], [ -83.536929418877634, 9.219619414666408 ], [ -83.534109756451741, 9.219000759637982 ], [ -83.531659732854436, 9.21312055449042 ], [ -83.529464628249997, 9.2125165092583 ], [ -83.526313418610158, 9.214523221965043 ], [ -83.522412415384366, 9.214850056745727 ], [ -83.522436742736133, 9.213611509854884 ], [ -83.524751145084679, 9.212460932918301 ], [ -83.525501639502323, 9.21121151322725 ], [ -83.524823369275367, 9.20872806471127 ], [ -83.523868846390158, 9.207836131970787 ], [ -83.521098024751126, 9.209231996235143 ], [ -83.518561460192814, 9.21497463073049 ], [ -83.516685985972828, 9.215270005563278 ], [ -83.515564819551898, 9.214622564703392 ], [ -83.514270841166621, 9.210732545997052 ], [ -83.516212880554463, 9.206325278712768 ], [ -83.513316775001584, 9.20267939906388 ], [ -83.512419518464242, 9.200089898036277 ], [ -83.509325358112406, 9.200208118779496 ], [ -83.506029727677301, 9.202280107912875 ], [ -83.503162532947911, 9.201994676830509 ], [ -83.498632823631553, 9.198057219700605 ], [ -83.495119984168355, 9.19727746465607 ], [ -83.489885328613838, 9.192587444387776 ], [ -83.48828934902275, 9.19399113270488 ], [ -83.489592561750058, 9.196852319960117 ], [ -83.487851340687243, 9.200099308694334 ], [ -83.486867689470202, 9.200324972297995 ], [ -83.483705403010703, 9.197701872296808 ], [ -83.482014906198899, 9.195876851025705 ], [ -83.481412854479743, 9.194061969124796 ], [ -83.48145067967971, 9.192980910003868 ], [ -83.483135470855302, 9.191878618404944 ], [ -83.483446580203648, 9.190734353171106 ], [ -83.481454600656406, 9.186274874568854 ], [ -83.479740089433278, 9.185108315324461 ], [ -83.476739165391649, 9.185060712992163 ], [ -83.47350596296161, 9.181151088240622 ], [ -83.478234185829365, 9.171619095778865 ], [ -83.476429362299328, 9.167168053000806 ], [ -83.47459446821361, 9.167562802613867 ], [ -83.473491978732113, 9.166505236708282 ], [ -83.47303930767039, 9.162744462622472 ], [ -83.470540679859269, 9.159622771947271 ], [ -83.470404174197824, 9.158276526668601 ], [ -83.471895615134997, 9.154469724470708 ], [ -83.470755323296743, 9.151788987806993 ], [ -83.472363561982277, 9.15161276723615 ], [ -83.473558518502244, 9.149018513466789 ], [ -83.475769267072124, 9.151559206133236 ], [ -83.479697852758079, 9.152212168668722 ], [ -83.480597171164206, 9.15110003777483 ], [ -83.479111051611923, 9.148497399596529 ], [ -83.479875938181948, 9.147011753799244 ], [ -83.481331877099578, 9.146279296770681 ], [ -83.482697694835494, 9.147160694551035 ], [ -83.482847037349288, 9.151829586943602 ], [ -83.486623731908324, 9.153856489249032 ], [ -83.489464909424768, 9.152700205648379 ], [ -83.493353133544744, 9.152502304596068 ], [ -83.495030819070536, 9.14927495958276 ], [ -83.496777992016234, 9.147973549544703 ], [ -83.500653436891866, 9.150864087490927 ], [ -83.502073659444306, 9.150961732820775 ], [ -83.505361636587494, 9.149590619576315 ], [ -83.509583094901345, 9.15214421592716 ], [ -83.510571319624262, 9.151272336286377 ], [ -83.511446944533276, 9.147696931677489 ], [ -83.517265625955176, 9.149434395248996 ], [ -83.521333571852821, 9.145865583636724 ], [ -83.524132029799915, 9.148661155745897 ], [ -83.533552666452849, 9.149785167124048 ], [ -83.535406195643205, 9.151304722948154 ], [ -83.540812409377878, 9.15199518209568 ], [ -83.540434978066827, 9.155256458456675 ], [ -83.542039043290302, 9.157133225039507 ], [ -83.542504773339033, 9.162573659397598 ], [ -83.54166266677484, 9.163974811653571 ], [ -83.541851895664806, 9.168266998051301 ], [ -83.556701861781903, 9.18494588705391 ], [ -83.556583219767433, 9.186533724841397 ], [ -83.557584338023375, 9.188666410626832 ], [ -83.55921718630897, 9.188543209388982 ], [ -83.560407372462336, 9.189780968736581 ], [ -83.561781865935814, 9.188429476891715 ], [ -83.565769710021016, 9.190093135741185 ], [ -83.566134982007767, 9.192781115966094 ], [ -83.567320362101199, 9.193684991844695 ], [ -83.569045680200688, 9.190911873507369 ], [ -83.57181087005543, 9.188653282190977 ], [ -83.574156854945358, 9.192313867122694 ], [ -83.57403474999208, 9.193450921898991 ], [ -83.576714742229669, 9.194851051677416 ], [ -83.577488719413367, 9.198280245836042 ], [ -83.578743433315083, 9.198307793133717 ], [ -83.579739207183081, 9.199769576133491 ], [ -83.58147871346911, 9.19827445760146 ], [ -83.58254411046758, 9.198573030921455 ], [ -83.580738901865601, 9.202004084488303 ], [ -83.579287123689866, 9.201919858946116 ], [ -83.577429133178853, 9.204075902973702 ], [ -83.57757079761771, 9.205359034137771 ], [ -83.578528839045902, 9.205858025925853 ], [ -83.578866806404235, 9.204129624693444 ], [ -83.580282582461706, 9.204029669188593 ], [ -83.57966872282887, 9.205588656319588 ], [ -83.581858203267956, 9.205721671496764 ], [ -83.581338030037372, 9.207605846054083 ], [ -83.582553670323449, 9.20985411654155 ], [ -83.584086800042627, 9.210508655351486 ], [ -83.584920704652134, 9.209233014179484 ], [ -83.583073769905099, 9.206490397513594 ], [ -83.584948304235468, 9.205549208070726 ], [ -83.585192733378065, 9.207492159804559 ], [ -83.587024516797527, 9.20685448099648 ], [ -83.588156177017638, 9.210147258739317 ], [ -83.590960422467205, 9.209461916901649 ], [ -83.591205990891879, 9.210502688890871 ], [ -83.590085900128713, 9.211221438372068 ], [ -83.591103218208247, 9.21333814635889 ], [ -83.594171090989477, 9.212696560876418 ], [ -83.594051273365793, 9.21460376326254 ], [ -83.596159415658406, 9.213706132584473 ], [ -83.600977038918188, 9.218942147970408 ], [ -83.599216696766888, 9.219216732310194 ], [ -83.595655525123263, 9.222813279521247 ], [ -83.593548665062741, 9.223638757610903 ], [ -83.59219710766277, 9.227273183585163 ], [ -83.592617108311146, 9.229937581500096 ], [ -83.591979436770529, 9.230510410233231 ], [ -83.593509679776005, 9.22988561911078 ], [ -83.594520283234502, 9.228124475279049 ], [ -83.600174372087295, 9.226393715478721 ], [ -83.601033419317375, 9.22490660039777 ], [ -83.603602891847018, 9.225596304461128 ], [ -83.60441258339435, 9.227169617414786 ], [ -83.605222047059797, 9.226288498507216 ], [ -83.606353554664608, 9.227526598555688 ], [ -83.606714361707617, 9.233430276041409 ], [ -83.608115655471636, 9.233799509962479 ], [ -83.607962900115027, 9.23551556328902 ], [ -83.610012258712317, 9.240021840328385 ], [ -83.608817210396708, 9.240541820757828 ], [ -83.606765452171899, 9.24467276763083 ], [ -83.604482326550496, 9.245052749896708 ], [ -83.603595437676361, 9.246109820413395 ], [ -83.601920297302996, 9.245681520470399 ], [ -83.599431519811731, 9.246959533922041 ], [ -83.597603263969901, 9.252020691939418 ], [ -83.594658680979194, 9.251979057038607 ], [ -83.592407789351753, 9.254698706329638 ], [ -83.590213164987745, 9.255228173995514 ], [ -83.588187982056766, 9.254091732106835 ], [ -83.584412794911387, 9.248844200066273 ], [ -83.579472437255532, 9.246942957428809 ], [ -83.576070989650447, 9.243283781000427 ], [ -83.574300068983135, 9.240087879581008 ], [ -83.574265615434868, 9.236942706673226 ], [ -83.572648095535058, 9.235710625313226 ] ] ] } },
{ "type": "Feature", "properties": { "cod_distrito": 60309, "distrito": "Brunka", "canton": "Buenos Aires" }, "geometry": { "type": "Polygon", "coordinates": [ [ [ -83.386332959551552, 9.103627383365257 ], [ -83.390640196458307, 9.107645443833613 ], [ -83.391596408660476, 9.110174311773624 ], [ -83.391182881438539, 9.112545003701204 ], [ -83.387254439736907, 9.114573738311181 ], [ -83.387158707620742, 9.115725239963693 ], [ -83.388322958508979, 9.117304446181715 ], [ -83.390223828300947, 9.116949552937442 ], [ -83.39259069068116, 9.117807579203054 ], [ -83.394320072171723, 9.121320068465581 ], [ -83.39393795380991, 9.123250646552485 ], [ -83.389136959980021, 9.122312517674011 ], [ -83.386889647241588, 9.124178739535033 ], [ -83.386105248672621, 9.126599588682005 ], [ -83.387651774569349, 9.128781743409993 ], [ -83.392279782428091, 9.131512266415749 ], [ -83.393738247795824, 9.133381242024301 ], [ -83.395448244269033, 9.133414799803084 ], [ -83.397565247548854, 9.129439330846155 ], [ -83.398207075066168, 9.124228230179858 ], [ -83.399228207093088, 9.123594855517121 ], [ -83.405339245300468, 9.124953170040982 ], [ -83.408069640520978, 9.126790806593029 ], [ -83.410020529512025, 9.12952956430494 ], [ -83.416352029890064, 9.128512671484138 ], [ -83.418865879710211, 9.131027059251851 ], [ -83.418444183407857, 9.133650030645235 ], [ -83.416400108241191, 9.137936813013098 ], [ -83.418108026472922, 9.14069115666722 ], [ -83.416979722238281, 9.14494411289783 ], [ -83.419866314292761, 9.146934269887383 ], [ -83.420223674127172, 9.148701783577799 ], [ -83.419777375474823, 9.149598886114948 ], [ -83.41736339891429, 9.150376062448396 ], [ -83.417020293626592, 9.151539090333427 ], [ -83.420684751085915, 9.156545286639126 ], [ -83.418966509467637, 9.157372608702259 ], [ -83.418272621304283, 9.159113538095333 ], [ -83.421318157307496, 9.159846941907869 ], [ -83.420221422945289, 9.161688209156791 ], [ -83.418520667412324, 9.162805086242747 ], [ -83.420596299710226, 9.164622663770068 ], [ -83.421219823923536, 9.16642189026938 ], [ -83.423032234104937, 9.167337192704743 ], [ -83.4215997013021, 9.169604979324539 ], [ -83.422757831476375, 9.170551391625381 ], [ -83.422247711303058, 9.172331503618981 ], [ -83.423957080422468, 9.172586842637324 ], [ -83.425971261283024, 9.176962155461158 ], [ -83.42800494143691, 9.176764854012914 ], [ -83.42638784117301, 9.180565317702225 ], [ -83.426985378604954, 9.181540579337616 ], [ -83.426433194784437, 9.183569355826817 ], [ -83.423837792007959, 9.185527149334078 ], [ -83.425113415526027, 9.186278809884344 ], [ -83.425415121803539, 9.187302940222862 ], [ -83.423088942483233, 9.19120095719677 ], [ -83.424472408103966, 9.193408667793687 ], [ -83.426185749671063, 9.194210671330334 ], [ -83.424881738425512, 9.195143416709172 ], [ -83.424280265124381, 9.19667755701817 ], [ -83.423207531269526, 9.196005858422748 ], [ -83.423110787052522, 9.197816838999076 ], [ -83.421906499136867, 9.199860076606431 ], [ -83.422538474746247, 9.201097775223356 ], [ -83.421847886047928, 9.203533066445052 ], [ -83.420665106824856, 9.204419731480026 ], [ -83.419817271756202, 9.206594972809473 ], [ -83.419837412455209, 9.208903320593105 ], [ -83.418091749444102, 9.209977429418844 ], [ -83.418045324309247, 9.211625373053485 ], [ -83.41282308125902, 9.214926804650224 ], [ -83.412703889240134, 9.216843495355036 ], [ -83.411947791658733, 9.217675555393065 ], [ -83.41396463080018, 9.220807681100542 ], [ -83.414234421984006, 9.22214223918435 ], [ -83.413586364184638, 9.222762372156891 ], [ -83.415175112799545, 9.225113646329959 ], [ -83.415739205246041, 9.228309175314683 ], [ -83.416927974565112, 9.229447203638165 ], [ -83.417085120700335, 9.233671853269154 ], [ -83.418417063641442, 9.23723557310961 ], [ -83.416914410472302, 9.242917293834363 ], [ -83.414669140018333, 9.24634642330874 ], [ -83.414306492530216, 9.249081766795214 ], [ -83.411483780032881, 9.252181615325314 ], [ -83.410902745313109, 9.254887571081108 ], [ -83.409844540652401, 9.25567818772879 ], [ -83.407975889890835, 9.259679734921388 ], [ -83.408345721903942, 9.264739939281281 ], [ -83.407299089338537, 9.266903380681741 ], [ -83.406902189280245, 9.271063775101965 ], [ -83.408224660131381, 9.277676291652753 ], [ -83.404860140475648, 9.28200729352155 ], [ -83.407186870834849, 9.286187399170213 ], [ -83.407111560893298, 9.291606527859763 ], [ -83.408061578671138, 9.297560070183318 ], [ -83.409333885626538, 9.298877527997512 ], [ -83.412445747604863, 9.298849774487875 ], [ -83.412858539365587, 9.299458804811566 ], [ -83.411912567809509, 9.300953462793016 ], [ -83.409079534256776, 9.302497614937989 ], [ -83.407912444427538, 9.307510459065526 ], [ -83.407787196384561, 9.313087340098098 ], [ -83.406109340667257, 9.316652439660229 ], [ -83.408376265575995, 9.326991572148849 ], [ -83.401595004728364, 9.333376127868437 ], [ -83.398900528262203, 9.337695224148618 ], [ -83.396621034418544, 9.337955042297507 ], [ -83.396134866720885, 9.34053789671901 ], [ -83.394725059918343, 9.342372782940972 ], [ -83.392488183809448, 9.343325887342383 ], [ -83.39036907493913, 9.343035185897392 ], [ -83.384566560072031, 9.34664999132278 ], [ -83.378535808921342, 9.346333287800663 ], [ -83.375006939795171, 9.347781610562867 ], [ -83.366579406629796, 9.34621649570208 ], [ -83.362086787205513, 9.34779693712491 ], [ -83.360424774390097, 9.350454164697236 ], [ -83.357302705496622, 9.350678191340398 ], [ -83.355188719814308, 9.352203316698018 ], [ -83.352879215880904, 9.350782669836097 ], [ -83.3510205873758, 9.350940239160327 ], [ -83.348962550382055, 9.353373941215111 ], [ -83.347425390857467, 9.350264840874893 ], [ -83.343720530325172, 9.347875657769576 ], [ -83.343055480200604, 9.346474484932966 ], [ -83.344751973732286, 9.3384709128274 ], [ -83.341822568559195, 9.331411749564055 ], [ -83.339060210832031, 9.327624326547745 ], [ -83.3395156920716, 9.322094161470215 ], [ -83.338899877746528, 9.32084043704457 ], [ -83.34370799211564, 9.314881128883458 ], [ -83.346826241809964, 9.313413223986409 ], [ -83.347149459064596, 9.312455956782387 ], [ -83.346043169839618, 9.309015462212148 ], [ -83.350501270317864, 9.304990767038952 ], [ -83.34919825052404, 9.300960470434005 ], [ -83.349499668475303, 9.298406725708467 ], [ -83.352395807016777, 9.296619067873417 ], [ -83.352871928410011, 9.293161806411291 ], [ -83.355102728961199, 9.290120329503059 ], [ -83.353549308054895, 9.287808832416269 ], [ -83.353247293552428, 9.28563057743186 ], [ -83.354994368861213, 9.279948409707915 ], [ -83.352565215559309, 9.271651116486582 ], [ -83.352765759781164, 9.266741140019175 ], [ -83.355621327057662, 9.263165714112532 ], [ -83.356571965739832, 9.26313567100105 ], [ -83.35896290468888, 9.260975581001881 ], [ -83.361126577257821, 9.256641279411637 ], [ -83.36074888946581, 9.255157903929723 ], [ -83.361431635808714, 9.254047123709425 ], [ -83.359658620372571, 9.251773202694867 ], [ -83.359722168899268, 9.248586783719274 ], [ -83.358524499318833, 9.247752128973399 ], [ -83.358075086010416, 9.24519465295986 ], [ -83.359310415744048, 9.240706461244971 ], [ -83.357758507413422, 9.239913612692181 ], [ -83.356954230274638, 9.237271084731997 ], [ -83.355540545607113, 9.236077192037836 ], [ -83.355564204023977, 9.23246775297134 ], [ -83.353289334073253, 9.223976957055097 ], [ -83.351000057043649, 9.220755641063404 ], [ -83.34551959198221, 9.21833377839609 ], [ -83.345869829458195, 9.215771147839117 ], [ -83.344380202125251, 9.214155597487853 ], [ -83.339657140478238, 9.213178659171334 ], [ -83.336100178772341, 9.209418533686135 ], [ -83.333789280177044, 9.210391230816574 ], [ -83.333779458344395, 9.209414884720621 ], [ -83.332558895546427, 9.208646775871383 ], [ -83.333394624951111, 9.204268021144207 ], [ -83.334535403348028, 9.202937932887071 ], [ -83.330029631621343, 9.198581345930769 ], [ -83.329854473375192, 9.197503716193909 ], [ -83.33151324792334, 9.195752979135726 ], [ -83.332057770690938, 9.193976372071644 ], [ -83.335771654346843, 9.193713872535245 ], [ -83.336409040248483, 9.192311550876386 ], [ -83.339438291629705, 9.191059191797795 ], [ -83.340322397401863, 9.188856546352056 ], [ -83.341448811435015, 9.188542945479417 ], [ -83.342223821936471, 9.186896552861368 ], [ -83.34583155457301, 9.183349331602734 ], [ -83.348606179625079, 9.181662821521748 ], [ -83.352436272481938, 9.17641113243304 ], [ -83.354695032524958, 9.174849630397937 ], [ -83.356049033465695, 9.172900416651199 ], [ -83.361808498181887, 9.169506478771108 ], [ -83.363926111471258, 9.166726483690283 ], [ -83.366178728336948, 9.166100862926887 ], [ -83.367595095398144, 9.164050675973106 ], [ -83.370466106406752, 9.162272542839524 ], [ -83.371355142672527, 9.159828272379198 ], [ -83.370783042363186, 9.156155689116927 ], [ -83.373276383558462, 9.153325178788593 ], [ -83.373919624195381, 9.150868797661875 ], [ -83.375785509230681, 9.149372032319853 ], [ -83.374873708181752, 9.146437053316454 ], [ -83.377534134096493, 9.143286627014575 ], [ -83.378500407332169, 9.139065449793881 ], [ -83.377022311098727, 9.133449844286179 ], [ -83.378730141002777, 9.117506648287193 ], [ -83.376908872684794, 9.116275515485489 ], [ -83.377029545710514, 9.115000914645758 ], [ -83.380737180055689, 9.110249599725512 ], [ -83.380349020072799, 9.109646828728595 ], [ -83.381098856385776, 9.108295520569746 ], [ -83.383810354128002, 9.10977028541099 ], [ -83.385000270813549, 9.108871878767159 ], [ -83.384127154000623, 9.106609552537506 ], [ -83.386303118557464, 9.106428552446438 ], [ -83.386332959551552, 9.103627383365257 ] ] ] } },
{ "type": "Feature", "properties": { "cod_distrito": 60302, "distrito": "Volcán", "canton": "Buenos Aires" }, "geometry": { "type": "Polygon", "coordinates": [ [ [ -83.398900528262203, 9.337695224148618 ], [ -83.401595004728364, 9.333376127868437 ], [ -83.408376265575995, 9.326991572148849 ], [ -83.406109340667257, 9.316652439660229 ], [ -83.407787196384561, 9.313087340098098 ], [ -83.407912444427538, 9.307510459065526 ], [ -83.409079534256776, 9.302497614937989 ], [ -83.411912567809509, 9.300953462793016 ], [ -83.412858539365587, 9.299458804811566 ], [ -83.412445747604863, 9.298849774487875 ], [ -83.409333885626538, 9.298877527997512 ], [ -83.408061578671138, 9.297560070183318 ], [ -83.407111560893298, 9.291606527859763 ], [ -83.407186870834849, 9.286187399170213 ], [ -83.404860140475648, 9.28200729352155 ], [ -83.408224660131381, 9.277676291652753 ], [ -83.406902189280245, 9.271063775101965 ], [ -83.407299089338537, 9.266903380681741 ], [ -83.408345721903942, 9.264739939281281 ], [ -83.407975889890835, 9.259679734921388 ], [ -83.409844540652401, 9.25567818772879 ], [ -83.410902745313109, 9.254887571081108 ], [ -83.411483780032881, 9.252181615325314 ], [ -83.414306492530216, 9.249081766795214 ], [ -83.414669140018333, 9.24634642330874 ], [ -83.416914410472302, 9.242917293834363 ], [ -83.418417063641442, 9.23723557310961 ], [ -83.417085120700335, 9.233671853269154 ], [ -83.416927974565112, 9.229447203638165 ], [ -83.415739205246041, 9.228309175314683 ], [ -83.415175112799545, 9.225113646329959 ], [ -83.413586364184638, 9.222762372156891 ], [ -83.414234421984006, 9.22214223918435 ], [ -83.41396463080018, 9.220807681100542 ], [ -83.411947791658733, 9.217675555393065 ], [ -83.412703889240134, 9.216843495355036 ], [ -83.41282308125902, 9.214926804650224 ], [ -83.418045324309247, 9.211625373053485 ], [ -83.418091749444102, 9.209977429418844 ], [ -83.419837412455209, 9.208903320593105 ], [ -83.419817271756202, 9.206594972809473 ], [ -83.420665106824856, 9.204419731480026 ], [ -83.421847886047928, 9.203533066445052 ], [ -83.422538474746247, 9.201097775223356 ], [ -83.421906499136867, 9.199860076606431 ], [ -83.423110787052522, 9.197816838999076 ], [ -83.423207531269526, 9.196005858422748 ], [ -83.424280265124381, 9.19667755701817 ], [ -83.426216877569601, 9.19412396336457 ], [ -83.424472408103966, 9.193408667793687 ], [ -83.423088942483233, 9.19120095719677 ], [ -83.425415121803539, 9.187302940222862 ], [ -83.425113415526027, 9.186278809884344 ], [ -83.423837792007959, 9.185527149334078 ], [ -83.426433194784437, 9.183569355826817 ], [ -83.426985378604954, 9.181540579337616 ], [ -83.42638784117301, 9.180565317702225 ], [ -83.42800494143691, 9.176764854012914 ], [ -83.425971261283024, 9.176962155461158 ], [ -83.423957080422468, 9.172586842637324 ], [ -83.422153899719305, 9.172136653817599 ], [ -83.422757831476375, 9.170551391625381 ], [ -83.4215997013021, 9.169604979324539 ], [ -83.423032234104937, 9.167337192704743 ], [ -83.421219823923536, 9.16642189026938 ], [ -83.420596299710226, 9.164622663770068 ], [ -83.418520667412324, 9.162805086242747 ], [ -83.421191032077303, 9.160270651875349 ], [ -83.421209686217637, 9.159645367625687 ], [ -83.418191964418511, 9.158903146648919 ], [ -83.418966509467637, 9.157372608702259 ], [ -83.420684751085915, 9.156545286639126 ], [ -83.417020293626592, 9.151539090333427 ], [ -83.417692270321822, 9.150109391035777 ], [ -83.420027099443885, 9.149390010692056 ], [ -83.420220658827546, 9.148284033011096 ], [ -83.419866314292761, 9.146934269887383 ], [ -83.416979722238281, 9.14494411289783 ], [ -83.418108026472922, 9.14069115666722 ], [ -83.416656626535868, 9.138979937010767 ], [ -83.416393057727603, 9.137510259135812 ], [ -83.418999652387015, 9.131325036290379 ], [ -83.416352029890064, 9.128512671484138 ], [ -83.418037790621753, 9.128137263690508 ], [ -83.420315954960898, 9.126398367093815 ], [ -83.423100330815203, 9.126136756725938 ], [ -83.425241698641415, 9.126810796322186 ], [ -83.427072126117721, 9.128917816697413 ], [ -83.432369855636523, 9.137679046145436 ], [ -83.435407539088359, 9.13875288280949 ], [ -83.44252509576522, 9.137004332319169 ], [ -83.445612951583968, 9.138239142320312 ], [ -83.447134948013996, 9.143118902008347 ], [ -83.44701800582969, 9.146645221606807 ], [ -83.445543735355784, 9.149184208694981 ], [ -83.446264209145397, 9.150844582654681 ], [ -83.449397745890607, 9.151231421200238 ], [ -83.451437203687505, 9.150687462547625 ], [ -83.453553223688218, 9.152090449850485 ], [ -83.456659881418389, 9.152027480265781 ], [ -83.459210978289363, 9.150280495839048 ], [ -83.46077819890786, 9.148103734143298 ], [ -83.461219307861285, 9.146105099231896 ], [ -83.462621144656907, 9.145541579100222 ], [ -83.465201721677175, 9.14616125024089 ], [ -83.465890873451002, 9.14783006162946 ], [ -83.464025502555913, 9.153019100058366 ], [ -83.462143758212349, 9.154443848791628 ], [ -83.462541579252743, 9.155963135898082 ], [ -83.463822256019384, 9.157110051467862 ], [ -83.467320435313837, 9.156698462081822 ], [ -83.468599500992369, 9.152580070612988 ], [ -83.470755323296743, 9.151788987806993 ], [ -83.471895615134997, 9.154469724470708 ], [ -83.470404174197824, 9.158276526668601 ], [ -83.470540679859269, 9.159622771947271 ], [ -83.47303930767039, 9.162744462622472 ], [ -83.473491978732113, 9.166505236708282 ], [ -83.47459446821361, 9.167562802613867 ], [ -83.476429362299328, 9.167168053000806 ], [ -83.478234185829365, 9.171619095778865 ], [ -83.47350596296161, 9.181151088240622 ], [ -83.476739165391649, 9.185060712992163 ], [ -83.479740089433278, 9.185108315324461 ], [ -83.481454600656406, 9.186274874568854 ], [ -83.483446580203648, 9.190734353171106 ], [ -83.483135470855302, 9.191878618404944 ], [ -83.481410030196344, 9.193075184256282 ], [ -83.481870851319002, 9.195616453815166 ], [ -83.48668780300126, 9.200214627322572 ], [ -83.487851340687243, 9.200099308694334 ], [ -83.489459607843401, 9.197222946291932 ], [ -83.48828934902275, 9.19399113270488 ], [ -83.4888497084915, 9.192902613396198 ], [ -83.489972573795214, 9.19260157357459 ], [ -83.495119984168355, 9.19727746465607 ], [ -83.498632823631553, 9.198057219700605 ], [ -83.503162532947911, 9.201994676830509 ], [ -83.506029727677301, 9.202280107912875 ], [ -83.509398591436153, 9.200183086216867 ], [ -83.512516471717234, 9.200144017689977 ], [ -83.513316775001584, 9.20267939906388 ], [ -83.516212880554463, 9.206325278712768 ], [ -83.514251391528191, 9.211166222029572 ], [ -83.516137250059771, 9.215087451467062 ], [ -83.518826771326459, 9.214714871276964 ], [ -83.521098024751126, 9.209231996235143 ], [ -83.522929782433124, 9.20785881583152 ], [ -83.524823369275367, 9.20872806471127 ], [ -83.525501639502323, 9.21121151322725 ], [ -83.524751145084679, 9.212460932918301 ], [ -83.522323135337501, 9.213821542613475 ], [ -83.523233902966851, 9.216786684387841 ], [ -83.520398815896257, 9.21959884719416 ], [ -83.517496586041247, 9.220538541771035 ], [ -83.516496972067742, 9.223692619737449 ], [ -83.514738769158043, 9.224476696182412 ], [ -83.515329252366911, 9.228418010499583 ], [ -83.513163598591476, 9.228951087338004 ], [ -83.512654175988985, 9.231937302932705 ], [ -83.511694056069345, 9.232787721496365 ], [ -83.512718851333517, 9.236713467201536 ], [ -83.510648353418887, 9.240858537930203 ], [ -83.512003538305578, 9.243811699378252 ], [ -83.510248391487153, 9.24501628051541 ], [ -83.508786808848527, 9.251181435224986 ], [ -83.509593456335296, 9.252996422860832 ], [ -83.50607524358206, 9.258883938484891 ], [ -83.506347260208827, 9.260228924519375 ], [ -83.505593358545639, 9.26178437393324 ], [ -83.504332244896844, 9.262640983486666 ], [ -83.499586708568046, 9.263592478058902 ], [ -83.496596915459193, 9.263226640799111 ], [ -83.494203774631202, 9.264574014239184 ], [ -83.49133618986707, 9.267041742742471 ], [ -83.489063200074298, 9.270283723097648 ], [ -83.489113009299601, 9.272382975925863 ], [ -83.482215924559526, 9.280331162400188 ], [ -83.482072187094019, 9.283133078699182 ], [ -83.476546497564456, 9.291437731888118 ], [ -83.473339201156875, 9.304262631280885 ], [ -83.471784657812307, 9.306560978199258 ], [ -83.471207275320168, 9.308972352097737 ], [ -83.468628409699917, 9.312018630035784 ], [ -83.468443912726983, 9.315992919791322 ], [ -83.465414965579228, 9.321608655721993 ], [ -83.463573264488971, 9.322979228225988 ], [ -83.458330848275097, 9.330474539247893 ], [ -83.458116701801131, 9.333501215018947 ], [ -83.456060853506131, 9.337741417958695 ], [ -83.455689662859015, 9.340760954170381 ], [ -83.454447589217466, 9.343958952897614 ], [ -83.453119852458187, 9.34537235515314 ], [ -83.45038442624103, 9.346800035341131 ], [ -83.448242915346924, 9.349412687903385 ], [ -83.446172785107279, 9.349855271056972 ], [ -83.438954466386491, 9.358564111028977 ], [ -83.437041379770761, 9.359549211226396 ], [ -83.436698740927241, 9.361062548254633 ], [ -83.431459171458172, 9.363882218667214 ], [ -83.429357114144054, 9.367372906883078 ], [ -83.426142188152255, 9.367909612447384 ], [ -83.422674894783214, 9.367042757872648 ], [ -83.418999584853012, 9.363802367298632 ], [ -83.418404905695752, 9.362174627986521 ], [ -83.416382733400113, 9.360290004205337 ], [ -83.41523182589772, 9.357111134624637 ], [ -83.411744855681647, 9.356569500869774 ], [ -83.408300155208238, 9.353826989739179 ], [ -83.405660549608854, 9.353612061071148 ], [ -83.40588430301267, 9.352343560553569 ], [ -83.403617086993961, 9.348454671728888 ], [ -83.401209022385174, 9.348086994715963 ], [ -83.401350099219798, 9.344460509864531 ], [ -83.398900528262203, 9.337695224148618 ] ] ] } },
{ "type": "Feature", "properties": { "cod_distrito": 60303, "distrito": "Potrero Grande", "canton": "Buenos Aires" }, "geometry": { "type": "MultiPolygon", "coordinates": [ [ [ [ -83.037722562089755, 9.160814215694193 ], [ -83.035515618990985, 9.160837376154367 ], [ -83.031109168634146, 9.157581195030044 ], [ -83.02876892503258, 9.154861697477358 ], [ -83.028474143965141, 9.152291176342624 ], [ -83.031449766368311, 9.147432801764499 ], [ -83.032672557771534, 9.147548145923739 ], [ -83.036167295792865, 9.14465782894831 ], [ -83.039863893190073, 9.138221188479992 ], [ -83.040676248156586, 9.133575674938877 ], [ -83.046668395041166, 9.126788951406661 ], [ -83.047268092618722, 9.120396819086094 ], [ -83.045786931418547, 9.117084473070662 ], [ -83.045963069102555, 9.113751313299506 ], [ -83.046486993201952, 9.111498533867554 ], [ -83.047980398353644, 9.110632448008891 ], [ -83.047632030092885, 9.109025277555483 ], [ -83.048839456488636, 9.108115127392594 ], [ -83.048454231075027, 9.104750362606481 ], [ -83.050845505851655, 9.100346634871157 ], [ -83.052524318142488, 9.098784555607519 ], [ -83.054588727509511, 9.098527557164108 ], [ -83.054573901182295, 9.097447499822373 ], [ -83.056034705100586, 9.095520172741333 ], [ -83.054524127829012, 9.093075790781864 ], [ -83.052750980214668, 9.093066967382562 ], [ -83.05161990413329, 9.091869434899559 ], [ -83.050218483513248, 9.091582179035999 ], [ -83.054548722684459, 9.083517010769649 ], [ -83.056667602442886, 9.082165630893446 ], [ -83.057654913431406, 9.078840923002277 ], [ -83.059196698014219, 9.078115358351333 ], [ -83.059158143973136, 9.076341484928214 ], [ -83.061313269160536, 9.072184373080747 ], [ -83.065792189446114, 9.067297211418456 ], [ -83.06888449857351, 9.066197428151591 ], [ -83.070598961703482, 9.063803298636982 ], [ -83.073026932582735, 9.061994906388039 ], [ -83.074780978818438, 9.061710364977722 ], [ -83.076075492214116, 9.059762606537904 ], [ -83.079773641673782, 9.056889158951115 ], [ -83.083261948255029, 9.051855658979207 ], [ -83.083218444029242, 9.049754092771574 ], [ -83.081731595800704, 9.048373263125866 ], [ -83.080588285240395, 9.0451771697828 ], [ -83.082055400766976, 9.043650790777777 ], [ -83.082471504191176, 9.041481164237846 ], [ -83.080904712533524, 9.038455760652898 ], [ -83.083747553666129, 9.037434972325796 ], [ -83.085236605994353, 9.035394361904954 ], [ -83.088573316678762, 9.035959480361839 ], [ -83.089723833012926, 9.034965379054094 ], [ -83.089571362886701, 9.032952073873565 ], [ -83.090241451021512, 9.031657359379226 ], [ -83.092725486130661, 9.029647773528026 ], [ -83.092112028142395, 9.02721155501853 ], [ -83.094056341417485, 9.026255040807728 ], [ -83.09352094726313, 9.024535024368054 ], [ -83.094408149198983, 9.022229888359171 ], [ -83.093456943160476, 9.020918558697893 ], [ -83.094773995191687, 9.020026742553224 ], [ -83.095285840076301, 9.018360363703904 ], [ -83.097798875605946, 9.017095928686423 ], [ -83.097040074433068, 9.015217011722113 ], [ -83.099930237166134, 9.013284335062139 ], [ -83.099507711372823, 9.012396632599016 ], [ -83.100894542182772, 9.01044858242126 ], [ -83.099799526177677, 9.00926780063069 ], [ -83.101849692578497, 9.00723789791421 ], [ -83.101528949860977, 9.006255552881203 ], [ -83.103954817617705, 9.002403176813745 ], [ -83.105259404697577, 9.001477431457756 ], [ -83.105856284036534, 8.999982188979288 ], [ -83.107849363091248, 8.998936589188826 ], [ -83.107158271203488, 8.994534017744959 ], [ -83.110035635884302, 8.9908890879412 ], [ -83.114680697637823, 8.988747227126005 ], [ -83.115615363076643, 8.986119792494 ], [ -83.117492587270675, 8.985415041538086 ], [ -83.121061196456793, 8.982207649958406 ], [ -83.122970269113381, 8.983695473720285 ], [ -83.125580993870827, 8.982515827224841 ], [ -83.127598913472283, 8.984771514415407 ], [ -83.130062403280661, 8.986007006123023 ], [ -83.132957285269839, 8.985213620931901 ], [ -83.134852537313748, 8.986866051814888 ], [ -83.137517376255616, 8.987595948160447 ], [ -83.137952613876749, 8.989358139154204 ], [ -83.140470679569489, 8.990755882125264 ], [ -83.143303032264754, 8.991085849904868 ], [ -83.144453990707618, 8.990106382047056 ], [ -83.139932598825965, 8.985383613284187 ], [ -83.138714666499396, 8.982131504956794 ], [ -83.136796714735738, 8.980756430462229 ], [ -83.136096730865148, 8.977723284341813 ], [ -83.134683791044807, 8.977418921104167 ], [ -83.132451382591142, 8.97887226813662 ], [ -83.131279277591631, 8.978474903357862 ], [ -83.130828191821649, 8.976821839741497 ], [ -83.126044484584469, 8.971771008420768 ], [ -83.126916308742523, 8.970208561839449 ], [ -83.126341050096755, 8.968845718473171 ], [ -83.122155426256711, 8.966301953368657 ], [ -83.118141210000459, 8.966024980655391 ], [ -83.115061988860845, 8.960134225259912 ], [ -83.112770014496363, 8.959403489608661 ], [ -83.110057194408157, 8.959935843830438 ], [ -83.10527361309893, 8.963077492702125 ], [ -83.100717505501237, 8.962516915983253 ], [ -83.098925411465487, 8.961252395871906 ], [ -83.096518159357657, 8.957193391816158 ], [ -83.093311945788258, 8.956953892000142 ], [ -83.090572887808889, 8.953705029266123 ], [ -83.089404012252416, 8.953735940784785 ], [ -83.086589811765563, 8.955636122261227 ], [ -83.085410497057978, 8.953750518557415 ], [ -83.080553545354874, 8.953313142764808 ], [ -83.076297772278636, 8.951906559164359 ], [ -83.071827749444097, 8.9480781602714 ], [ -83.069773319202412, 8.948198344934866 ], [ -83.067949294195813, 8.945306242572885 ], [ -83.065134961779748, 8.943701407925175 ], [ -83.062997399734655, 8.945295656547708 ], [ -83.061230308356741, 8.94516533669581 ], [ -83.062219658910863, 8.940523319278928 ], [ -83.061052604324004, 8.936701773533793 ], [ -83.059683968513824, 8.93563762682148 ], [ -83.057259299660984, 8.936156156264966 ], [ -83.056277448066851, 8.935564051573833 ], [ -83.060683042120928, 8.930716806775091 ], [ -83.058185063753839, 8.928194897521021 ], [ -83.056005914852733, 8.927074315986347 ], [ -83.057425424442727, 8.924925251590945 ], [ -83.058769933114178, 8.925459433182102 ], [ -83.057871041953234, 8.924331065904251 ], [ -83.058606980449682, 8.922655435183218 ], [ -83.058105327222563, 8.921488676088988 ], [ -83.059711784016201, 8.920616247615113 ], [ -83.06081219021344, 8.920966373171947 ], [ -83.060829083206912, 8.919296662984978 ], [ -83.061732685309408, 8.91986576648859 ], [ -83.06400805967489, 8.919275912113639 ], [ -83.064767312074764, 8.918115216279979 ], [ -83.064458612667835, 8.917198055208694 ], [ -83.065695373999134, 8.9151917836141 ], [ -83.066780115158821, 8.914758851057467 ], [ -83.067031193299243, 8.912937973368225 ], [ -83.068729079364019, 8.912017040745951 ], [ -83.069930307752102, 8.912480276809069 ], [ -83.070788872224568, 8.911484100546623 ], [ -83.072365838767155, 8.912176903162814 ], [ -83.073837402633899, 8.910874148863231 ], [ -83.074479201805573, 8.911329202799058 ], [ -83.074904186507851, 8.910430109772038 ], [ -83.07590430376456, 8.911483112866462 ], [ -83.081411419592868, 8.909720431983901 ], [ -83.084748614146264, 8.905539572046566 ], [ -83.083988849227907, 8.903367845359533 ], [ -83.08534444420917, 8.90257007692985 ], [ -83.084770288582007, 8.902094802608357 ], [ -83.085039589868515, 8.89980797052884 ], [ -83.082459616317053, 8.899181100153619 ], [ -83.081453112810451, 8.900065344665146 ], [ -83.080566167090211, 8.896916230657732 ], [ -83.076770309413988, 8.894334486018229 ], [ -83.076975038203415, 8.89169740406501 ], [ -83.078202992222145, 8.89018871001988 ], [ -83.077795993242674, 8.887238487637878 ], [ -83.079094491904385, 8.886378052314196 ], [ -83.079169311677092, 8.884758455893378 ], [ -83.078157165832025, 8.88386300231417 ], [ -83.076051602231715, 8.885008650840643 ], [ -83.073246129699839, 8.884042359465203 ], [ -83.074150587924919, 8.882780185861598 ], [ -83.074478855312861, 8.880225668177349 ], [ -83.079251026476712, 8.879168312916228 ], [ -83.080271243064686, 8.879853484257055 ], [ -83.085766722537983, 8.880376754015467 ], [ -83.089148312881946, 8.877906014276299 ], [ -83.089982576065822, 8.876354580171968 ], [ -83.092027037524488, 8.877876414339761 ], [ -83.093349246487449, 8.877178776863266 ], [ -83.093312816590284, 8.875352395020567 ], [ -83.095102251294136, 8.874270846917467 ], [ -83.097551852390225, 8.875724523838137 ], [ -83.099040901482169, 8.875547928032322 ], [ -83.103022118105159, 8.87734694595089 ], [ -83.102836580981347, 8.876173811389718 ], [ -83.104163794443224, 8.876493878621401 ], [ -83.105038378341746, 8.8752514214475 ], [ -83.106665882269681, 8.876706595273738 ], [ -83.109084421693709, 8.875455431713718 ], [ -83.110623074585007, 8.876826198924082 ], [ -83.110560818116781, 8.879285513575255 ], [ -83.11275260242347, 8.879480438052013 ], [ -83.114161480857916, 8.882771743493034 ], [ -83.117713453535956, 8.883801146627469 ], [ -83.11866316311071, 8.885371226122903 ], [ -83.120322424508302, 8.886348646957275 ], [ -83.120126655144645, 8.888236940318258 ], [ -83.121057605408097, 8.89004022598149 ], [ -83.118866569437856, 8.891207718333247 ], [ -83.122377224444534, 8.891420077234907 ], [ -83.125653825211828, 8.893329043132372 ], [ -83.129266176004165, 8.899037636964056 ], [ -83.128176583090607, 8.903204461779026 ], [ -83.130086650687474, 8.905566044520244 ], [ -83.130310489017262, 8.907453237887026 ], [ -83.128091588593463, 8.910556185051819 ], [ -83.128779839953793, 8.915008808542733 ], [ -83.130400660610121, 8.916247885104815 ], [ -83.129445284638024, 8.917557949005065 ], [ -83.130619551966802, 8.919218844159483 ], [ -83.130703977788102, 8.921566341245969 ], [ -83.129518371517875, 8.922671266019016 ], [ -83.129559541453673, 8.924219183009818 ], [ -83.133745344995063, 8.927855634613595 ], [ -83.137567818053853, 8.926675482351445 ], [ -83.13910222957476, 8.928771377227948 ], [ -83.139262017780155, 8.931728282814127 ], [ -83.142426775548159, 8.933094551841201 ], [ -83.141152303721114, 8.93924447424294 ], [ -83.13696180877065, 8.941724364358418 ], [ -83.135696508601086, 8.943371870685649 ], [ -83.13654295756595, 8.945833402238909 ], [ -83.135549177114811, 8.946862805644892 ], [ -83.137295878226467, 8.951196925601471 ], [ -83.137153056920596, 8.953117211720651 ], [ -83.138265258914927, 8.95320371546021 ], [ -83.140816953469667, 8.951266004629964 ], [ -83.143042717375323, 8.951097507758487 ], [ -83.144552985244246, 8.949706447273835 ], [ -83.145675053694347, 8.949736948084517 ], [ -83.149703128812988, 8.952296294716046 ], [ -83.151322031675619, 8.954803328114652 ], [ -83.150846657002248, 8.956401828626651 ], [ -83.151619291757413, 8.957812429338363 ], [ -83.155167443223277, 8.956396195323821 ], [ -83.155325519654767, 8.954371675441218 ], [ -83.156332686543266, 8.953723285439374 ], [ -83.163590753816194, 8.955612544619349 ], [ -83.165709742378795, 8.951477095079532 ], [ -83.167028013781774, 8.950504267473843 ], [ -83.168967460723024, 8.95329186737046 ], [ -83.172952069695441, 8.954025058409661 ], [ -83.176271563643979, 8.95923937330879 ], [ -83.179986279906473, 8.960800004609812 ], [ -83.182227587031804, 8.959120826567771 ], [ -83.184561510407548, 8.959612875084572 ], [ -83.187944517681927, 8.96572094121149 ], [ -83.188631838286554, 8.970163150882616 ], [ -83.190637498395418, 8.974499527932824 ], [ -83.194630378801691, 8.975496613496063 ], [ -83.199379455014679, 8.975281094755063 ], [ -83.200637145752481, 8.977414326930152 ], [ -83.199502754620681, 8.978056229635001 ], [ -83.198854664883115, 8.979808324768872 ], [ -83.1997868859156, 8.980535423252737 ], [ -83.202412708356164, 8.980813383667044 ], [ -83.206152542735595, 8.979675555204812 ], [ -83.206535095924991, 8.980276500655329 ], [ -83.205314587228074, 8.982584864787352 ], [ -83.202720827204175, 8.983762624230012 ], [ -83.205811018800205, 8.986116413461929 ], [ -83.207941802816265, 8.985923027586104 ], [ -83.209476301706914, 8.98487864842024 ], [ -83.211061390929657, 8.985518152581873 ], [ -83.210480219461999, 8.993327915590575 ], [ -83.208637546004354, 8.995464226679458 ], [ -83.210726512270256, 8.996194452184623 ], [ -83.214138089031238, 8.995355730824322 ], [ -83.216344118815243, 8.996883363677176 ], [ -83.217265548863878, 8.998478980328862 ], [ -83.218793730228285, 8.998055298357075 ], [ -83.220593931048981, 8.995697067661091 ], [ -83.221212211841092, 8.991552342087235 ], [ -83.223121890047807, 8.988576481177025 ], [ -83.228133648322057, 8.986169274351871 ], [ -83.230564493803413, 8.976730366180686 ], [ -83.2338715634274, 8.973209791936091 ], [ -83.237709062017387, 8.973100443382883 ], [ -83.245845008667061, 8.975665984113892 ], [ -83.252799033470112, 8.97640861882673 ], [ -83.257487826471248, 8.98344012834473 ], [ -83.260441847124824, 8.983351752180138 ], [ -83.259934428924751, 8.986545062405224 ], [ -83.258886905731927, 8.988086981887481 ], [ -83.26019544373122, 8.989549931710039 ], [ -83.257527555104446, 8.990226579090635 ], [ -83.256706454525457, 8.991941522346995 ], [ -83.257507784282495, 8.99303678940808 ], [ -83.256225375968427, 8.994274346466684 ], [ -83.256758493284309, 8.995817009311601 ], [ -83.259002404695039, 8.999392209869397 ], [ -83.260589643743529, 8.998922813772799 ], [ -83.265972937770371, 9.003294320773222 ], [ -83.266068376796824, 9.004231611686963 ], [ -83.271895302862788, 9.011360877877566 ], [ -83.27361706824864, 9.011954937051723 ], [ -83.274318587213159, 9.014948035203387 ], [ -83.277411084667605, 9.014996317101446 ], [ -83.279171868560468, 9.016933382910013 ], [ -83.280375373919213, 9.016853356755096 ], [ -83.281782116466815, 9.019107795509905 ], [ -83.283238084494229, 9.019648430196394 ], [ -83.285201134538255, 9.019180094539797 ], [ -83.286517442787385, 9.020255751555883 ], [ -83.287176119970212, 9.019861135485456 ], [ -83.291606816592278, 9.021536984612592 ], [ -83.295209483050428, 9.020991420382298 ], [ -83.298017731481082, 9.02289503732249 ], [ -83.299244988071095, 9.022853418707177 ], [ -83.30386547952908, 9.025028050083295 ], [ -83.298503277914349, 9.047296042814326 ], [ -83.295643948553248, 9.053150854370122 ], [ -83.296624421234384, 9.056728055652982 ], [ -83.295014601785013, 9.059146785904513 ], [ -83.293988416205025, 9.062650002022883 ], [ -83.294221259834117, 9.064175230691182 ], [ -83.292969633961235, 9.064543894964556 ], [ -83.292320550097614, 9.0667548388417 ], [ -83.291080768900798, 9.06795981367987 ], [ -83.290577787437229, 9.070424311391761 ], [ -83.29198764301475, 9.072020002050159 ], [ -83.29177768733301, 9.074596673307219 ], [ -83.292958253618195, 9.076218647997647 ], [ -83.292958339985859, 9.082079247886082 ], [ -83.289865940526099, 9.082331355165167 ], [ -83.287324672916412, 9.083890616534891 ], [ -83.285365076650507, 9.087342633082221 ], [ -83.282162497675998, 9.08989835959396 ], [ -83.276384285505571, 9.090645230526992 ], [ -83.268496584671666, 9.093416793930665 ], [ -83.266225662242022, 9.093379141767105 ], [ -83.263220638713193, 9.091868012401639 ], [ -83.262898017671063, 9.090126935595212 ], [ -83.263443316193744, 9.089332203091613 ], [ -83.266764350303077, 9.088086838303012 ], [ -83.271137227902571, 9.088890774713459 ], [ -83.276104209478788, 9.087292785256835 ], [ -83.27826916865493, 9.083607339749173 ], [ -83.281611935424408, 9.08078278158032 ], [ -83.279546642185309, 9.077879343955045 ], [ -83.273623638660084, 9.074996451491682 ], [ -83.270779585941781, 9.072226579437286 ], [ -83.269851771373965, 9.069833822026872 ], [ -83.270167403952286, 9.065885929807862 ], [ -83.269530124848941, 9.063652561628887 ], [ -83.266727873085742, 9.062572144794101 ], [ -83.263260138924338, 9.063880204281634 ], [ -83.259630145822243, 9.062045435530329 ], [ -83.257507730262589, 9.059456955972486 ], [ -83.253713391180625, 9.057935041056885 ], [ -83.247458667467683, 9.05894424585472 ], [ -83.243779952774688, 9.061268476863106 ], [ -83.238673471580739, 9.05988466893665 ], [ -83.237226963777729, 9.058099452562395 ], [ -83.236416753911129, 9.054362671688697 ], [ -83.233573666089313, 9.051321723923634 ], [ -83.233015714835588, 9.047120599222291 ], [ -83.234269663514667, 9.044682718973652 ], [ -83.241103990264776, 9.037084811600817 ], [ -83.238904715197108, 9.032115374522727 ], [ -83.232958836432857, 9.027835484784749 ], [ -83.229747074856675, 9.027224621860499 ], [ -83.223205819736577, 9.023966184341894 ], [ -83.220444763636962, 9.024104542086418 ], [ -83.213968273207641, 9.021946416295714 ], [ -83.214592113495357, 9.015880987518461 ], [ -83.21726374757452, 9.012566598006551 ], [ -83.216653181972575, 9.011276902516125 ], [ -83.217332033209175, 9.00894445481676 ], [ -83.216749572397504, 9.008188337761119 ], [ -83.211976660843987, 9.006279650445899 ], [ -83.207288819461198, 9.006078433281601 ], [ -83.203530103723281, 9.006087389466462 ], [ -83.197999403889241, 9.008003490287308 ], [ -83.194040833291069, 9.011817582322776 ], [ -83.189683194507538, 9.014321320143099 ], [ -83.188266254680116, 9.016462368099655 ], [ -83.184572826808761, 9.025582776590703 ], [ -83.181266432762072, 9.029966910170316 ], [ -83.182240861913286, 9.032653978158987 ], [ -83.181188118916808, 9.035397485420233 ], [ -83.182908901093725, 9.040404765111427 ], [ -83.183414683937286, 9.050902990353711 ], [ -83.18703238597034, 9.059167940233873 ], [ -83.192294617899904, 9.061836024724917 ], [ -83.194518443274987, 9.064674116399544 ], [ -83.19693169565214, 9.066327394152673 ], [ -83.197229207328888, 9.068540036947937 ], [ -83.199855679782289, 9.072133192067735 ], [ -83.19908562592164, 9.080500438398628 ], [ -83.196007081602204, 9.083784156314854 ], [ -83.193979496746792, 9.084054640525594 ], [ -83.191651259450694, 9.085385375407588 ], [ -83.190925947100965, 9.086994699097895 ], [ -83.189464084642893, 9.087097992308951 ], [ -83.186572473493257, 9.0926022081957 ], [ -83.186435932112786, 9.097076250407639 ], [ -83.185091519185775, 9.100007653733702 ], [ -83.180414956131443, 9.102974431447601 ], [ -83.179820029084041, 9.104724692274582 ], [ -83.174021383357442, 9.109054649675473 ], [ -83.171712607430436, 9.108863877870565 ], [ -83.164376556837695, 9.110843107974762 ], [ -83.162442219178914, 9.109792033852777 ], [ -83.159735598613821, 9.106576739444394 ], [ -83.157325588707522, 9.106470275060142 ], [ -83.154157455902649, 9.104922283118349 ], [ -83.150321837201702, 9.10109139403343 ], [ -83.14749701048045, 9.101042577706179 ], [ -83.144469926568533, 9.102961479231739 ], [ -83.142659089691804, 9.102161406516478 ], [ -83.139543421654835, 9.102612916275419 ], [ -83.136183850787233, 9.100563797692343 ], [ -83.132772669345997, 9.100623964893149 ], [ -83.128235575903446, 9.101848915894717 ], [ -83.126135780090948, 9.101424824609621 ], [ -83.122834363300782, 9.104149906272868 ], [ -83.120986139321815, 9.106650437630059 ], [ -83.119510624530321, 9.112521011395541 ], [ -83.119508656784276, 9.114551139287109 ], [ -83.120705025672947, 9.116447731784431 ], [ -83.120168164366987, 9.117763933490634 ], [ -83.120625154141422, 9.118566910151539 ], [ -83.115180657263537, 9.122401597272344 ], [ -83.113274998175214, 9.124298338687012 ], [ -83.11328743774483, 9.125266418902545 ], [ -83.10917574403345, 9.127040125387301 ], [ -83.107574213032734, 9.13183022858259 ], [ -83.108003051561155, 9.13400533850024 ], [ -83.106788893486382, 9.135670444166575 ], [ -83.106340155807729, 9.138230248678168 ], [ -83.106316348088072, 9.143487581096357 ], [ -83.103841871017266, 9.146366375100381 ], [ -83.103444920806311, 9.151005565942645 ], [ -83.097455402791937, 9.156899435604803 ], [ -83.096745676067457, 9.158988653186787 ], [ -83.094905566328393, 9.160470130243706 ], [ -83.094555457776863, 9.162695815357504 ], [ -83.09151141327844, 9.165868089726143 ], [ -83.090913934982993, 9.171436870753379 ], [ -83.086583632742816, 9.176290937339957 ], [ -83.085421386158202, 9.179410826506221 ], [ -83.087059308953499, 9.181270581282591 ], [ -83.086932075086153, 9.186011097021817 ], [ -83.079255708790825, 9.193834009730049 ], [ -83.078757455133271, 9.196011568643181 ], [ -83.077565032931105, 9.196953051093949 ], [ -83.075765339868198, 9.201815570141605 ], [ -83.072530505695681, 9.205793970014494 ], [ -83.072216054529676, 9.208512648820617 ], [ -83.069923034084951, 9.211949906122747 ], [ -83.067040998180957, 9.210686693766247 ], [ -83.066672275186875, 9.209172952192272 ], [ -83.064468297747126, 9.20682773157113 ], [ -83.063953365715918, 9.204888765665986 ], [ -83.061557940572825, 9.203949608701155 ], [ -83.060463373580632, 9.202712418404587 ], [ -83.057387505630743, 9.202359927732804 ], [ -83.056657691396794, 9.199760165982891 ], [ -83.057451652011778, 9.198315479236392 ], [ -83.055939131142168, 9.196732719798296 ], [ -83.055625644568991, 9.195110035297201 ], [ -83.064592423273908, 9.190359627844582 ], [ -83.066484691903213, 9.190350170815726 ], [ -83.066564575895129, 9.187422398685317 ], [ -83.068297192507629, 9.184010893753346 ], [ -83.067011842108954, 9.182093866131108 ], [ -83.065627104465264, 9.18136307940707 ], [ -83.065712751607649, 9.178071716602538 ], [ -83.063368714136899, 9.175960572181046 ], [ -83.060764792848161, 9.171621182003742 ], [ -83.058609929386918, 9.170830963147733 ], [ -83.058634076142795, 9.168974728007409 ], [ -83.056516993923793, 9.168471653391743 ], [ -83.053250666673279, 9.165611703080664 ], [ -83.047212345133744, 9.162342572537186 ], [ -83.046586229602767, 9.160262642433576 ], [ -83.043775129584702, 9.160063865596463 ], [ -83.041480915012173, 9.161014655285138 ], [ -83.038363752627049, 9.160049545831294 ], [ -83.037722562089755, 9.160814215694193 ] ] ], [ [ [ -83.209641323933525, 9.179120189597807 ], [ -83.20967615669953, 9.179169913334739 ], [ -83.209628869271313, 9.17921223976354 ], [ -83.209641323933525, 9.179120189597807 ] ] ] ] } },
{ "type": "Feature", "properties": { "cod_distrito": 11908, "distrito": "Cajón", "canton": "Pérez Zeledón" }, "geometry": { "type": "Polygon", "coordinates": [ [ [ -83.513449042738216, 9.422084299112871 ], [ -83.51676087370663, 9.421394354687409 ], [ -83.521934899155596, 9.414407245231954 ], [ -83.526080654318335, 9.412483986344631 ], [ -83.527607311442438, 9.409143221078944 ], [ -83.537384033957579, 9.405093362212689 ], [ -83.540384049353605, 9.398882963463423 ], [ -83.546073805285118, 9.392434613672901 ], [ -83.547606172832758, 9.388579885083523 ], [ -83.546264147716343, 9.383640125571375 ], [ -83.550599518659709, 9.378835985375277 ], [ -83.549998301553828, 9.376272658112461 ], [ -83.54744380151341, 9.373480916169036 ], [ -83.550877999135935, 9.368853464128042 ], [ -83.551184464413922, 9.366928445709314 ], [ -83.553171981005121, 9.363339945236834 ], [ -83.552889917408336, 9.361235096114228 ], [ -83.551218620795538, 9.359784349648873 ], [ -83.550602947369271, 9.355505023641232 ], [ -83.551031568172391, 9.352457969615855 ], [ -83.555164318259543, 9.350597923163942 ], [ -83.557930941160208, 9.348022045444047 ], [ -83.566796909565667, 9.337263226185753 ], [ -83.566720846881822, 9.33558834685353 ], [ -83.567532682860119, 9.335776415376742 ], [ -83.56845316128036, 9.334403362107745 ], [ -83.567922704437535, 9.332097028968438 ], [ -83.566329161923932, 9.330048324833037 ], [ -83.567115513666479, 9.325824662938881 ], [ -83.56846953923862, 9.323529639888726 ], [ -83.5688859748835, 9.319867002181471 ], [ -83.566835567632339, 9.317143767849824 ], [ -83.566680779912673, 9.315277158303694 ], [ -83.563909783985324, 9.313392440967178 ], [ -83.562934588210723, 9.311627534953251 ], [ -83.563621765222706, 9.305702490302512 ], [ -83.562842993102677, 9.301272797932002 ], [ -83.560235709106536, 9.292103048203934 ], [ -83.557975921725316, 9.288123165770585 ], [ -83.55951155955286, 9.28458250073926 ], [ -83.561230713575469, 9.287065856324974 ], [ -83.563307127845064, 9.288048683511292 ], [ -83.568662107524361, 9.287122620915692 ], [ -83.576200404507361, 9.276530246958295 ], [ -83.576258907560856, 9.275249489210639 ], [ -83.574712716973735, 9.272579137669952 ], [ -83.574072196810363, 9.266572721346444 ], [ -83.573423333161884, 9.265684997609034 ], [ -83.57367700361111, 9.263362487433312 ], [ -83.570701183276128, 9.255789799202995 ], [ -83.568854273670695, 9.25382588616832 ], [ -83.565494004624526, 9.252941589976679 ], [ -83.566463532829246, 9.250238512062548 ], [ -83.56629791550661, 9.241527895460207 ], [ -83.568686816543675, 9.238982667240542 ], [ -83.568587711296217, 9.234373084581931 ], [ -83.572648095535058, 9.235710625313226 ], [ -83.574265615434868, 9.236942706673226 ], [ -83.574300068983135, 9.240087879581008 ], [ -83.576070989650447, 9.243283781000427 ], [ -83.579472437255532, 9.246942957428809 ], [ -83.584412794911387, 9.248844200066273 ], [ -83.588187982056766, 9.254091732106835 ], [ -83.589935380023007, 9.255166484793465 ], [ -83.592407789351753, 9.254698706329638 ], [ -83.594658680979194, 9.251979057038607 ], [ -83.597603263969901, 9.252020691939418 ], [ -83.599431519811731, 9.246959533922041 ], [ -83.602267698414792, 9.245595859370729 ], [ -83.603595437676361, 9.246109820413395 ], [ -83.607025005779462, 9.250658843406082 ], [ -83.608525080466876, 9.250755630808472 ], [ -83.609931244565573, 9.252982983611743 ], [ -83.610251202222997, 9.25526211436051 ], [ -83.611449288222374, 9.256334088359642 ], [ -83.612583757416516, 9.25577306213855 ], [ -83.613758617790296, 9.253135219636651 ], [ -83.614649503134146, 9.252860607868449 ], [ -83.616853841005707, 9.25455180614617 ], [ -83.622091485368998, 9.255294579817782 ], [ -83.625813972893994, 9.25453600561212 ], [ -83.628006619043276, 9.255211158679218 ], [ -83.629532111546339, 9.25813334227227 ], [ -83.630378485759564, 9.263602630119086 ], [ -83.632486757785756, 9.267735143210967 ], [ -83.631309206237106, 9.271442632390306 ], [ -83.628621927381147, 9.273659792951033 ], [ -83.62657130916287, 9.283137331031034 ], [ -83.626670735932109, 9.285129616896841 ], [ -83.629583784474761, 9.287929007831234 ], [ -83.630702635177613, 9.291562009759827 ], [ -83.629281926743644, 9.29526958582691 ], [ -83.629331975393384, 9.298578143303798 ], [ -83.630486563722727, 9.301567417186318 ], [ -83.629253181788982, 9.302768511363761 ], [ -83.629727407619754, 9.304476041291457 ], [ -83.628216431720432, 9.306231124040147 ], [ -83.627180438715925, 9.309089008617791 ], [ -83.626161379790645, 9.309453222845624 ], [ -83.626073800370591, 9.311307561029961 ], [ -83.624595350833374, 9.312324158969663 ], [ -83.624111625134105, 9.315518044201355 ], [ -83.626045526205118, 9.31865442478512 ], [ -83.625399604776263, 9.322865742637706 ], [ -83.625652482517836, 9.328240785892259 ], [ -83.626442777661211, 9.330665604790019 ], [ -83.623783792332446, 9.333132998971504 ], [ -83.626225543101782, 9.336958414357873 ], [ -83.625402875272158, 9.337924218541497 ], [ -83.625396051888984, 9.342161045749281 ], [ -83.623142343458724, 9.346397253938013 ], [ -83.621503473252545, 9.347923404547467 ], [ -83.618756678153773, 9.34850633338665 ], [ -83.616918697283609, 9.351281886115625 ], [ -83.615149146504137, 9.351547043041341 ], [ -83.613766500984454, 9.352755992320422 ], [ -83.613581499598453, 9.355529501903677 ], [ -83.612830485634674, 9.355710730214724 ], [ -83.612293402341606, 9.357579866574246 ], [ -83.608165962535594, 9.361000115623948 ], [ -83.608133024099274, 9.362865025044249 ], [ -83.608914605999558, 9.363386306503401 ], [ -83.608281058550219, 9.366645906376423 ], [ -83.609401176598055, 9.369805525912044 ], [ -83.608906652831777, 9.371317035079853 ], [ -83.605091304801306, 9.37595040167708 ], [ -83.605215948448361, 9.376957488485111 ], [ -83.603177683982977, 9.378231393479224 ], [ -83.602518276477298, 9.380817518707692 ], [ -83.601448210347655, 9.381638738461863 ], [ -83.598648002284548, 9.388412000904802 ], [ -83.597134058149607, 9.389878544826599 ], [ -83.597257735595889, 9.391341942004894 ], [ -83.596277475482182, 9.392827125332062 ], [ -83.595205215866457, 9.394290187539335 ], [ -83.590996071738701, 9.39626821566393 ], [ -83.585146088657893, 9.397652740969184 ], [ -83.578677293175573, 9.404453832903364 ], [ -83.575165210656266, 9.405590269834212 ], [ -83.571067784666482, 9.409230851304157 ], [ -83.560331660085325, 9.412129052822257 ], [ -83.547865949054028, 9.421061602491887 ], [ -83.543832123367579, 9.422836037595406 ], [ -83.540635570814814, 9.426037963495473 ], [ -83.534521667972427, 9.426233588691144 ], [ -83.528219113007978, 9.4230839499912 ], [ -83.522779672432947, 9.427885711318668 ], [ -83.520181297053938, 9.425796548130547 ], [ -83.517969587517953, 9.425664491853365 ], [ -83.516950769526289, 9.424406418314144 ], [ -83.51424216045389, 9.424373640130142 ], [ -83.513449042738216, 9.422084299112871 ] ] ] } },
{ "type": "Feature", "properties": { "cod_distrito": 11905, "distrito": "San Pedro", "canton": "Pérez Zeledón" }, "geometry": { "type": "Polygon", "coordinates": [ [ [ -83.429357114144054, 9.367372906883078 ], [ -83.431459171458172, 9.363882218667214 ], [ -83.436698740927241, 9.361062548254633 ], [ -83.437041379770761, 9.359549211226396 ], [ -83.438954466386491, 9.358564111028977 ], [ -83.446172785107279, 9.349855271056972 ], [ -83.448242915346924, 9.349412687903385 ], [ -83.45038442624103, 9.346800035341131 ], [ -83.454447589217466, 9.343958952897614 ], [ -83.456046579919715, 9.339668782042764 ], [ -83.456060853506131, 9.337741417958695 ], [ -83.458116701801131, 9.333501215018947 ], [ -83.458330848275097, 9.330474539247893 ], [ -83.463573264488971, 9.322979228225988 ], [ -83.465414965579228, 9.321608655721993 ], [ -83.46850656161007, 9.31584618894224 ], [ -83.468628409699917, 9.312018630035784 ], [ -83.471207275320168, 9.308972352097737 ], [ -83.471784657812307, 9.306560978199258 ], [ -83.473339201156875, 9.304262631280885 ], [ -83.476564884113586, 9.291393070265887 ], [ -83.482072187094019, 9.283133078699182 ], [ -83.482215924559526, 9.280331162400188 ], [ -83.489113009299601, 9.272382975925863 ], [ -83.489063200074298, 9.270283723097648 ], [ -83.490103825631621, 9.268745312154511 ], [ -83.493165735279092, 9.265454416967721 ], [ -83.496445224839704, 9.263277204428956 ], [ -83.499586708568046, 9.263592478058902 ], [ -83.504332244896844, 9.262640983486666 ], [ -83.505593358545639, 9.26178437393324 ], [ -83.506347260208827, 9.260228924519375 ], [ -83.50607524358206, 9.258883938484891 ], [ -83.509593456335296, 9.252996422860832 ], [ -83.508786808848527, 9.251181435224986 ], [ -83.510248391487153, 9.24501628051541 ], [ -83.512003538305578, 9.243811699378252 ], [ -83.510648353418887, 9.240858537930203 ], [ -83.512718851333517, 9.236713467201536 ], [ -83.51169781305417, 9.232766443659971 ], [ -83.512654175988985, 9.231937302932705 ], [ -83.513163598591476, 9.228951087338004 ], [ -83.515306388386676, 9.228471456534001 ], [ -83.514738769158043, 9.224476696182412 ], [ -83.516496972067742, 9.223692619737449 ], [ -83.517496586041247, 9.220538541771035 ], [ -83.520398815896257, 9.21959884719416 ], [ -83.521848415848254, 9.218335092718039 ], [ -83.52330618168881, 9.216668541801505 ], [ -83.523015541776061, 9.214938786119637 ], [ -83.526313418610158, 9.214523221965043 ], [ -83.529464628249997, 9.2125165092583 ], [ -83.531792223412722, 9.213245206721291 ], [ -83.534109756451741, 9.219000759637982 ], [ -83.536929418877634, 9.219619414666408 ], [ -83.54008221103021, 9.223224293949572 ], [ -83.54142734136515, 9.225862673809139 ], [ -83.540058425687704, 9.228744643402294 ], [ -83.540116018317804, 9.230199425055934 ], [ -83.543176046604145, 9.232696984723809 ], [ -83.547721611399169, 9.227696346625049 ], [ -83.548989700941348, 9.224464858053738 ], [ -83.553538811296278, 9.219311197944824 ], [ -83.554752249171528, 9.220610848413152 ], [ -83.555691484004797, 9.227459708912406 ], [ -83.561860692190521, 9.225700273827647 ], [ -83.564734016137635, 9.226046678471574 ], [ -83.563897221203362, 9.228840549418127 ], [ -83.564429328863724, 9.231010156915882 ], [ -83.565578153984475, 9.232801583655078 ], [ -83.568587711296217, 9.234373084581931 ], [ -83.568777142679721, 9.238416948070602 ], [ -83.566322561206619, 9.241418679640345 ], [ -83.566463532829246, 9.250238512062548 ], [ -83.565494004624526, 9.252941589976679 ], [ -83.568854273670695, 9.25382588616832 ], [ -83.57064498550703, 9.255672228356021 ], [ -83.57367700361111, 9.263362487433312 ], [ -83.573423333161884, 9.265684997609034 ], [ -83.574072196810363, 9.266572721346444 ], [ -83.574712716973735, 9.272579137669952 ], [ -83.576258907560856, 9.275249489210639 ], [ -83.576200404507361, 9.276530246958295 ], [ -83.568662107524361, 9.287122620915692 ], [ -83.563307127845064, 9.288048683511292 ], [ -83.561230713575469, 9.287065856324974 ], [ -83.55951155955286, 9.28458250073926 ], [ -83.557977484409676, 9.288009234269998 ], [ -83.560296203657074, 9.292266910817361 ], [ -83.562842993102677, 9.301272797932002 ], [ -83.563621765222706, 9.305702490302512 ], [ -83.562934588210723, 9.311627534953251 ], [ -83.563909783985324, 9.313392440967178 ], [ -83.566680779912673, 9.315277158303694 ], [ -83.566835567632339, 9.317143767849824 ], [ -83.5688859748835, 9.319867002181471 ], [ -83.56846953923862, 9.323529639888726 ], [ -83.567115513666479, 9.325824662938881 ], [ -83.566329161923932, 9.330048324833037 ], [ -83.567922704437535, 9.332097028968438 ], [ -83.56845316128036, 9.334403362107745 ], [ -83.567532682860119, 9.335776415376742 ], [ -83.566720846881822, 9.33558834685353 ], [ -83.566796909565667, 9.337263226185753 ], [ -83.557930941160208, 9.348022045444047 ], [ -83.555164318259543, 9.350597923163942 ], [ -83.551031568172391, 9.352457969615855 ], [ -83.550602947369271, 9.355505023641232 ], [ -83.551218620795538, 9.359784349648873 ], [ -83.552889917408336, 9.361235096114228 ], [ -83.553171981005121, 9.363339945236834 ], [ -83.551184464413922, 9.366928445709314 ], [ -83.550877999135935, 9.368853464128042 ], [ -83.547440379509965, 9.373519992793501 ], [ -83.549998301553828, 9.376272658112461 ], [ -83.550599518659709, 9.378835985375277 ], [ -83.546264147716343, 9.383640125571375 ], [ -83.547606172832758, 9.388579885083523 ], [ -83.546073805285118, 9.392434613672901 ], [ -83.540384049353605, 9.398882963463423 ], [ -83.537384033957579, 9.405093362212689 ], [ -83.527455026053005, 9.409257435083711 ], [ -83.527283706713106, 9.410704147796356 ], [ -83.52579511946881, 9.412779039856362 ], [ -83.522399232497051, 9.413980555067511 ], [ -83.518264016955683, 9.419777012622069 ], [ -83.514953050500282, 9.422152747162125 ], [ -83.513449042738216, 9.422084299112871 ], [ -83.511598678793604, 9.416730401459091 ], [ -83.509342948050346, 9.415845245612811 ], [ -83.506544694938057, 9.411827768598439 ], [ -83.507044376316458, 9.408715432690865 ], [ -83.505912893367878, 9.407670184772817 ], [ -83.50383800436731, 9.408003312735397 ], [ -83.50310513266669, 9.40936817295267 ], [ -83.499591148617455, 9.412029368115459 ], [ -83.501799300950879, 9.419479932943343 ], [ -83.500626228369129, 9.421062277020088 ], [ -83.500078959021295, 9.424748063172746 ], [ -83.49921045761451, 9.425914000393751 ], [ -83.49627182416387, 9.426711124975981 ], [ -83.494237382971562, 9.425914009260556 ], [ -83.485516663192541, 9.429019220154498 ], [ -83.484184163181865, 9.428019848151573 ], [ -83.482411925050613, 9.429347042598275 ], [ -83.482026450137468, 9.427849173204264 ], [ -83.474652490353662, 9.422705979197413 ], [ -83.472480989966755, 9.419554386768326 ], [ -83.471053300496678, 9.412483820316268 ], [ -83.469440022593844, 9.409953265283432 ], [ -83.469611340213632, 9.408404235923527 ], [ -83.465952201283045, 9.40636980213101 ], [ -83.464117626065544, 9.399570495219967 ], [ -83.462645212041792, 9.397613390371715 ], [ -83.461255596109481, 9.390979454995376 ], [ -83.458581070573132, 9.384069503859369 ], [ -83.456494753952597, 9.381333126972859 ], [ -83.454286610385921, 9.379201133054591 ], [ -83.450439495754651, 9.377811533963127 ], [ -83.445404554350205, 9.377088186316868 ], [ -83.440272533387201, 9.377583122756215 ], [ -83.439177978763524, 9.376479054483658 ], [ -83.438664008021448, 9.371896212686529 ], [ -83.434652234671489, 9.370939675762591 ], [ -83.431839713707049, 9.372153205593454 ], [ -83.431325744641654, 9.369112255237228 ], [ -83.429357114144054, 9.367372906883078 ] ] ] } },
{ "type": "Feature", "properties": { "cod_distrito": 60301, "distrito": "Buenos Aires", "canton": "Buenos Aires" }, "geometry": { "type": "Polygon", "coordinates": [ [ [ -83.178772204199618, 9.326865766989705 ], [ -83.177962056892142, 9.325275889569065 ], [ -83.178172488183463, 9.322833046700968 ], [ -83.183705922486169, 9.311871926182151 ], [ -83.182601157792888, 9.306036371466247 ], [ -83.18610798551002, 9.296134244468146 ], [ -83.185149995392081, 9.291884791721849 ], [ -83.187127265062031, 9.28884841133628 ], [ -83.187072058475252, 9.285491440947739 ], [ -83.189976066154102, 9.282652265440966 ], [ -83.192847251089148, 9.282352552789819 ], [ -83.193769678430229, 9.279139510052378 ], [ -83.19789914373861, 9.276157571683118 ], [ -83.198258188965724, 9.274990979207692 ], [ -83.197167798359914, 9.270245982195544 ], [ -83.198992776752718, 9.269096348017493 ], [ -83.199734547045239, 9.267102064148855 ], [ -83.199582711778859, 9.266227051536895 ], [ -83.198671921981358, 9.265956455313347 ], [ -83.199481152973064, 9.261215676369261 ], [ -83.198627601753543, 9.259273318584565 ], [ -83.199143431953871, 9.255249106904202 ], [ -83.198374753854068, 9.253769657958728 ], [ -83.200076660400228, 9.251372553665201 ], [ -83.200678421281353, 9.248242712202215 ], [ -83.202392139495828, 9.246163123804825 ], [ -83.201319649165711, 9.241578810626498 ], [ -83.202380691169324, 9.2383459034955 ], [ -83.200915396544161, 9.236801904139812 ], [ -83.201672043766763, 9.235817276904191 ], [ -83.200200447757751, 9.230826816680432 ], [ -83.196614449532774, 9.228325265393512 ], [ -83.195134685604557, 9.223944896293288 ], [ -83.193693692815401, 9.222627727451943 ], [ -83.193715816659363, 9.221328900413289 ], [ -83.197301555852562, 9.217853678757253 ], [ -83.19916212375739, 9.214514278336715 ], [ -83.20058702274099, 9.214497582879309 ], [ -83.20394260147701, 9.211229256586041 ], [ -83.206462654906673, 9.211376977100436 ], [ -83.207425993127558, 9.210589463419788 ], [ -83.207844574760244, 9.207595110227141 ], [ -83.210282186911968, 9.2063565560212 ], [ -83.21302337440008, 9.201032437427418 ], [ -83.214739511782838, 9.200130072173136 ], [ -83.214399267886449, 9.193806835624885 ], [ -83.211283490418495, 9.186727489230016 ], [ -83.208902090479299, 9.184626663349803 ], [ -83.208481641271504, 9.182113865358957 ], [ -83.209124823613365, 9.179912880061913 ], [ -83.20967615669953, 9.179169913334739 ], [ -83.212296289421758, 9.182137459671049 ], [ -83.216499403494979, 9.182213842693946 ], [ -83.219579307981675, 9.180267368390858 ], [ -83.224971116915412, 9.182613917637413 ], [ -83.22491787214004, 9.181546132010274 ], [ -83.227215149066197, 9.179175793647897 ], [ -83.230408560666163, 9.178759032696698 ], [ -83.23629909420346, 9.174013469561858 ], [ -83.237344791404013, 9.171135800192928 ], [ -83.242119465970092, 9.167619024003802 ], [ -83.242547790556941, 9.16369660629659 ], [ -83.243897906724001, 9.160819547274961 ], [ -83.24608395909803, 9.159864141937801 ], [ -83.249778010049781, 9.15581284183367 ], [ -83.248639378742453, 9.153014073290995 ], [ -83.250232381633566, 9.149427947504858 ], [ -83.249868274414268, 9.147809866999523 ], [ -83.251018205018141, 9.143500839666695 ], [ -83.248746869704263, 9.135135981237861 ], [ -83.248885974834039, 9.131724763933828 ], [ -83.24655901642484, 9.132633866290702 ], [ -83.246203527487836, 9.133429598499289 ], [ -83.243800397679834, 9.133649919465658 ], [ -83.242643296435645, 9.135388369460459 ], [ -83.241396625409976, 9.134045084782546 ], [ -83.240913787976879, 9.136414680717046 ], [ -83.238869770777967, 9.136747289318208 ], [ -83.23314391653706, 9.13579229942493 ], [ -83.230970911792539, 9.136072963767752 ], [ -83.229499560774698, 9.135114062856818 ], [ -83.226430171437528, 9.136059512273699 ], [ -83.225947399891851, 9.135608403164564 ], [ -83.22634396390221, 9.13434922234871 ], [ -83.224822354624663, 9.132197350044677 ], [ -83.224862767372514, 9.131430173685011 ], [ -83.22650741775837, 9.130273108830217 ], [ -83.226247609178756, 9.12878504411292 ], [ -83.227416063682625, 9.126953185107091 ], [ -83.227621749666753, 9.123618833777458 ], [ -83.228489876972631, 9.122375387873891 ], [ -83.231332991559043, 9.121384307928258 ], [ -83.231164614463964, 9.11895295338271 ], [ -83.232465483302107, 9.117624785414852 ], [ -83.231698616346563, 9.116750567143638 ], [ -83.232363430110254, 9.115144836369428 ], [ -83.233088218877498, 9.115230993814187 ], [ -83.234435290907143, 9.112787548664752 ], [ -83.235924962053929, 9.113739317372133 ], [ -83.235423276310115, 9.112182393963359 ], [ -83.236498860557958, 9.112137725988399 ], [ -83.236948669756302, 9.109976020043721 ], [ -83.235987967397264, 9.110589825455564 ], [ -83.23560106396485, 9.110073372929353 ], [ -83.236457368742762, 9.107556463788059 ], [ -83.237960333010804, 9.107507623447567 ], [ -83.237532648640524, 9.105544347753462 ], [ -83.237133024964677, 9.104936189853552 ], [ -83.225002309324452, 9.102013704078756 ], [ -83.226523455524188, 9.097578415766232 ], [ -83.223873166517222, 9.095459685164908 ], [ -83.22215079502125, 9.09594968242542 ], [ -83.219356472525263, 9.091914680480816 ], [ -83.213917055725418, 9.090598894148497 ], [ -83.213193220134968, 9.08768293406929 ], [ -83.21359634968691, 9.085937429491411 ], [ -83.20857950992874, 9.084475061116411 ], [ -83.206098665099759, 9.081589299617011 ], [ -83.201647829765363, 9.082180623637683 ], [ -83.199744614784336, 9.081235234326337 ], [ -83.19908562592164, 9.080500438398628 ], [ -83.199876630464672, 9.072234970133467 ], [ -83.197229207328888, 9.068540036947937 ], [ -83.197075830058324, 9.066535317649546 ], [ -83.194518443274987, 9.064674116399544 ], [ -83.192294617899904, 9.061836024724917 ], [ -83.187267326796018, 9.05954408902738 ], [ -83.183414683937286, 9.050902990353711 ], [ -83.182908901093725, 9.040404765111427 ], [ -83.181188118916808, 9.035397485420233 ], [ -83.182231688559895, 9.032213985765585 ], [ -83.181205705683581, 9.030217958843075 ], [ -83.184572826808761, 9.025582776590703 ], [ -83.188266254680116, 9.016462368099655 ], [ -83.189683194507538, 9.014321320143099 ], [ -83.194040833291069, 9.011817582322776 ], [ -83.197999403889241, 9.008003490287308 ], [ -83.203530103723281, 9.006087389466462 ], [ -83.21165299161656, 9.006223637874035 ], [ -83.215843295875203, 9.007690036027848 ], [ -83.217332033209175, 9.00894445481676 ], [ -83.216653181972575, 9.011276902516125 ], [ -83.21726374757452, 9.012566598006551 ], [ -83.214592113495357, 9.015880987518461 ], [ -83.214117724380827, 9.017481336864556 ], [ -83.213968273207641, 9.021946416295714 ], [ -83.220444763636962, 9.024104542086418 ], [ -83.223205819736577, 9.023966184341894 ], [ -83.229747074856675, 9.027224621860499 ], [ -83.232958836432857, 9.027835484784749 ], [ -83.238221210956226, 9.031418693903714 ], [ -83.239752276667815, 9.033437239644547 ], [ -83.241103990264776, 9.037084811600817 ], [ -83.234269663514667, 9.044682718973652 ], [ -83.233015714835588, 9.047120599222291 ], [ -83.233573666089313, 9.051321723923634 ], [ -83.236416753911129, 9.054362671688697 ], [ -83.237799384206198, 9.059076475204133 ], [ -83.239916629253628, 9.060456646334339 ], [ -83.243779952774688, 9.061268476863106 ], [ -83.247458667467683, 9.05894424585472 ], [ -83.253713391180625, 9.057935041056885 ], [ -83.257507730262589, 9.059456955972486 ], [ -83.259630145822243, 9.062045435530329 ], [ -83.263260138924338, 9.063880204281634 ], [ -83.266727873085742, 9.062572144794101 ], [ -83.268960194017922, 9.063228430490513 ], [ -83.270167403952286, 9.065885929807862 ], [ -83.269851771373965, 9.069833822026872 ], [ -83.270779585941781, 9.072226579437286 ], [ -83.273623638660084, 9.074996451491682 ], [ -83.278087012992842, 9.077004796919436 ], [ -83.28088616219047, 9.079204091115486 ], [ -83.281510024085819, 9.081130050267097 ], [ -83.27826916865493, 9.083607339749173 ], [ -83.276104209478788, 9.087292785256835 ], [ -83.271137227902571, 9.088890774713459 ], [ -83.266764350303077, 9.088086838303012 ], [ -83.263443316193744, 9.089332203091613 ], [ -83.262981342920526, 9.091355639888274 ], [ -83.264300224394958, 9.092825717731222 ], [ -83.268496584671666, 9.093416793930665 ], [ -83.276384285505571, 9.090645230526992 ], [ -83.282162497675998, 9.08989835959396 ], [ -83.285365076650507, 9.087342633082221 ], [ -83.286831071275913, 9.084349314191892 ], [ -83.289865940526099, 9.082331355165167 ], [ -83.294150173894494, 9.081927697568076 ], [ -83.299441706428425, 9.082940012385606 ], [ -83.308625314027097, 9.080015365818728 ], [ -83.311811841608346, 9.082089423431954 ], [ -83.317204068190307, 9.084006388948101 ], [ -83.333615712476842, 9.083385883432888 ], [ -83.335040672611839, 9.087001324084689 ], [ -83.338529183708502, 9.089013679102653 ], [ -83.34388266353433, 9.08804905433621 ], [ -83.346519313665581, 9.088923389850404 ], [ -83.348344990449547, 9.084039355874046 ], [ -83.351602984689919, 9.08318986817368 ], [ -83.354669914122852, 9.084132688294753 ], [ -83.358530717428309, 9.086924347713303 ], [ -83.368725327313669, 9.090117048728386 ], [ -83.377999178060691, 9.094448725408121 ], [ -83.383446317452211, 9.099532828105703 ], [ -83.386153403798659, 9.10327273714624 ], [ -83.386707741764482, 9.105550920271968 ], [ -83.386174005556043, 9.106487709054681 ], [ -83.384223607998848, 9.106431998466876 ], [ -83.385000270813549, 9.108871878767159 ], [ -83.383947587105979, 9.109731452323917 ], [ -83.381098856385776, 9.108295520569746 ], [ -83.380349020072799, 9.109646828728595 ], [ -83.380737180055689, 9.110249599725512 ], [ -83.377029545710514, 9.115000914645758 ], [ -83.376908872684794, 9.116275515485489 ], [ -83.378730141002777, 9.117506648287193 ], [ -83.377022311098727, 9.133449844286179 ], [ -83.378500407332169, 9.139065449793881 ], [ -83.377534134096493, 9.143286627014575 ], [ -83.374873708181752, 9.146437053316454 ], [ -83.375785509230681, 9.149372032319853 ], [ -83.373919624195381, 9.150868797661875 ], [ -83.373276383558462, 9.153325178788593 ], [ -83.370783042363186, 9.156155689116927 ], [ -83.371355142672527, 9.159828272379198 ], [ -83.370466106406752, 9.162272542839524 ], [ -83.367595095398144, 9.164050675973106 ], [ -83.366178728336948, 9.166100862926887 ], [ -83.363926111471258, 9.166726483690283 ], [ -83.361808498181887, 9.169506478771108 ], [ -83.356049033465695, 9.172900416651199 ], [ -83.354695032524958, 9.174849630397937 ], [ -83.352436272481938, 9.17641113243304 ], [ -83.348606179625079, 9.181662821521748 ], [ -83.34583155457301, 9.183349331602734 ], [ -83.342223821936471, 9.186896552861368 ], [ -83.341448811435015, 9.188542945479417 ], [ -83.340322397401863, 9.188856546352056 ], [ -83.339438291629705, 9.191059191797795 ], [ -83.336409040248483, 9.192311550876386 ], [ -83.335771654346843, 9.193713872535245 ], [ -83.332057770690938, 9.193976372071644 ], [ -83.33151324792334, 9.195752979135726 ], [ -83.329854473375192, 9.197503716193909 ], [ -83.330029631621343, 9.198581345930769 ], [ -83.334535403348028, 9.202937932887071 ], [ -83.333394624951111, 9.204268021144207 ], [ -83.332558895546427, 9.208646775871383 ], [ -83.333779458344395, 9.209414884720621 ], [ -83.333789280177044, 9.210391230816574 ], [ -83.336100178772341, 9.209418533686135 ], [ -83.339657140478238, 9.213178659171334 ], [ -83.344380202125251, 9.214155597487853 ], [ -83.345869829458195, 9.215771147839117 ], [ -83.34551959198221, 9.21833377839609 ], [ -83.351000057043649, 9.220755641063404 ], [ -83.353289334073253, 9.223976957055097 ], [ -83.355564204023977, 9.23246775297134 ], [ -83.355540545607113, 9.236077192037836 ], [ -83.356954230274638, 9.237271084731997 ], [ -83.357758507413422, 9.239913612692181 ], [ -83.359310415744048, 9.240706461244971 ], [ -83.358075086010416, 9.24519465295986 ], [ -83.358524499318833, 9.247752128973399 ], [ -83.359722168899268, 9.248586783719274 ], [ -83.359658620372571, 9.251773202694867 ], [ -83.361431635808714, 9.254047123709425 ], [ -83.36074888946581, 9.255157903929723 ], [ -83.361126577257821, 9.256641279411637 ], [ -83.35896290468888, 9.260975581001881 ], [ -83.356571965739832, 9.26313567100105 ], [ -83.355621327057662, 9.263165714112532 ], [ -83.352765759781164, 9.266741140019175 ], [ -83.352565215559309, 9.271651116486582 ], [ -83.354994368861213, 9.279948409707915 ], [ -83.353247293552428, 9.28563057743186 ], [ -83.353549308054895, 9.287808832416269 ], [ -83.355102728961199, 9.290120329503059 ], [ -83.352871928410011, 9.293161806411291 ], [ -83.352395807016777, 9.296619067873417 ], [ -83.349499668475303, 9.298406725708467 ], [ -83.34919825052404, 9.300960470434005 ], [ -83.350501270317864, 9.304990767038952 ], [ -83.346043169839618, 9.309015462212148 ], [ -83.347149459064596, 9.312455956782387 ], [ -83.346826241809964, 9.313413223986409 ], [ -83.34370799211564, 9.314881128883458 ], [ -83.338899877746528, 9.32084043704457 ], [ -83.3395156920716, 9.322094161470215 ], [ -83.339060210832031, 9.327624326547745 ], [ -83.341822568559195, 9.331411749564055 ], [ -83.344751973732286, 9.3384709128274 ], [ -83.343055480200604, 9.346474484932966 ], [ -83.343720530325172, 9.347875657769576 ], [ -83.347425390857467, 9.350264840874893 ], [ -83.34890469452823, 9.352649916796548 ], [ -83.348076545266451, 9.355189938070785 ], [ -83.345220790962145, 9.356484599783485 ], [ -83.343785362583048, 9.358965127055129 ], [ -83.344149015729926, 9.365429712246454 ], [ -83.347154228116679, 9.368521284156255 ], [ -83.346911427861954, 9.369549512598386 ], [ -83.345778279039308, 9.370088077513127 ], [ -83.343683827444394, 9.369438294745962 ], [ -83.340189034088183, 9.370508330959394 ], [ -83.338160655477608, 9.373136043275071 ], [ -83.334477017485625, 9.374463523248666 ], [ -83.333795029876242, 9.376094273389084 ], [ -83.334345829812221, 9.377793815315696 ], [ -83.332582430667472, 9.380374141361603 ], [ -83.332360282930281, 9.383172669582171 ], [ -83.331111919361192, 9.380945511028676 ], [ -83.329664850031364, 9.381851834725653 ], [ -83.327275663181695, 9.381627217319064 ], [ -83.323291321597381, 9.384136282812579 ], [ -83.314620103445094, 9.383270678339832 ], [ -83.312309411466131, 9.382333220609276 ], [ -83.306924691414679, 9.376211002906398 ], [ -83.302693403862719, 9.374480284860713 ], [ -83.301064042638458, 9.372568060802625 ], [ -83.299886122585377, 9.368963011419723 ], [ -83.297403783415362, 9.36648643319249 ], [ -83.291007935904446, 9.363201118783964 ], [ -83.289576735285308, 9.357703750146474 ], [ -83.287601604924831, 9.355331471141895 ], [ -83.285261102810765, 9.354967932927078 ], [ -83.279679548807792, 9.356449414179805 ], [ -83.272604096976622, 9.352817929891229 ], [ -83.269622243631446, 9.348161306598325 ], [ -83.266314632018592, 9.34658997241454 ], [ -83.262385177264221, 9.345921584144401 ], [ -83.259495742086287, 9.342074609793864 ], [ -83.254830586500375, 9.340816122248729 ], [ -83.249930810929641, 9.341164656875426 ], [ -83.246998543571721, 9.339852306129936 ], [ -83.241681743761504, 9.339252524054574 ], [ -83.239661646548768, 9.337827232733805 ], [ -83.239191928316629, 9.335851211397694 ], [ -83.237100231604032, 9.334138686715244 ], [ -83.235998867266744, 9.328911714328454 ], [ -83.232705056286065, 9.328459679715845 ], [ -83.23067886538648, 9.326563542543241 ], [ -83.228626268430972, 9.326831816566779 ], [ -83.227809233582832, 9.323801498627875 ], [ -83.224203782886221, 9.320535468872819 ], [ -83.216348535342902, 9.319872386134522 ], [ -83.215653028666509, 9.320717699463719 ], [ -83.212689283778204, 9.321342708781685 ], [ -83.206225242563733, 9.320854713154626 ], [ -83.202088366989685, 9.322639626246502 ], [ -83.194459888141836, 9.323928603020187 ], [ -83.191281613970801, 9.323562573998219 ], [ -83.188915056327275, 9.322121876017325 ], [ -83.185456233298254, 9.324353080647192 ], [ -83.179959939531415, 9.325919317670349 ], [ -83.178772204199618, 9.326865766989705 ] ] ] } },
{ "type": "Feature", "properties": { "cod_distrito": 70202, "distrito": "Jiménez", "canton": "Pococí" }, "geometry": { "type": "Polygon", "coordinates": [ [ [ -83.667378920303122, 10.290481523638062 ], [ -83.668866723639027, 10.289476848972605 ], [ -83.669315688753812, 10.287237426090893 ], [ -83.669531313916494, 10.288447425818902 ], [ -83.670467518229827, 10.288586861191643 ], [ -83.672060847910799, 10.288223432851003 ], [ -83.67192970577257, 10.286451610315236 ], [ -83.673514689818731, 10.287009298935068 ], [ -83.67430081674604, 10.285239334100748 ], [ -83.672506844071137, 10.284966355412939 ], [ -83.672170415380393, 10.284324311190144 ], [ -83.673795823897024, 10.282224254111718 ], [ -83.67491754584762, 10.281936971353007 ], [ -83.675097411568601, 10.279996303566996 ], [ -83.674038211685314, 10.279385428856644 ], [ -83.674911355719942, 10.277817404253518 ], [ -83.676654959692755, 10.277231554357927 ], [ -83.679109654011953, 10.278109303885921 ], [ -83.681680003257895, 10.27770410010277 ], [ -83.680234986898839, 10.274876406472004 ], [ -83.680272615134072, 10.27339836255535 ], [ -83.681107726283969, 10.272368457468664 ], [ -83.686053272933123, 10.270272127865722 ], [ -83.686237026478963, 10.26934413791532 ], [ -83.685599344925166, 10.268984822561295 ], [ -83.686645556687708, 10.267682973602041 ], [ -83.689601751123433, 10.2667934513882 ], [ -83.693003670135099, 10.263573215986682 ], [ -83.69711844701537, 10.263405705569969 ], [ -83.700334919751583, 10.260969400228507 ], [ -83.700092642489878, 10.259019801131199 ], [ -83.700874285234264, 10.258334496871347 ], [ -83.702423276291867, 10.259620734771321 ], [ -83.703304435162991, 10.25793597346741 ], [ -83.705024990122865, 10.256909411521399 ], [ -83.705885078276964, 10.257636580706665 ], [ -83.710751909242518, 10.256035456562907 ], [ -83.713932848099958, 10.253021480196976 ], [ -83.715924830971133, 10.249995084796588 ], [ -83.719756860669321, 10.249471148210134 ], [ -83.721196010262645, 10.247941818352688 ], [ -83.721079744558921, 10.246524577910272 ], [ -83.725049034150786, 10.243933687519286 ], [ -83.72734927209531, 10.243519158958044 ], [ -83.726263895501688, 10.241732689852117 ], [ -83.728045461706429, 10.241008252431744 ], [ -83.727774585588975, 10.23831959315876 ], [ -83.729536546743859, 10.237778019263493 ], [ -83.730071360419998, 10.236150607486554 ], [ -83.729491380522418, 10.229166618037146 ], [ -83.733345226029286, 10.22447661773441 ], [ -83.735496798633989, 10.219391927681832 ], [ -83.73613550277328, 10.21485338907261 ], [ -83.737424346559337, 10.213751083243348 ], [ -83.737525857640492, 10.212014387700124 ], [ -83.739164437494253, 10.210953739856198 ], [ -83.739103446238531, 10.208910423870609 ], [ -83.740463164146021, 10.208013652110804 ], [ -83.740314603894618, 10.206914004919375 ], [ -83.742130253140431, 10.204491778385956 ], [ -83.741999935611148, 10.202009247971878 ], [ -83.742865803431656, 10.199884427314409 ], [ -83.744910037188774, 10.198020313039811 ], [ -83.746920180425221, 10.194064942353354 ], [ -83.746476348393543, 10.193406057584959 ], [ -83.747913612066597, 10.19210298009801 ], [ -83.748226532843105, 10.188034137364696 ], [ -83.749472319439619, 10.187562797627118 ], [ -83.750699459014896, 10.179446883649767 ], [ -83.751502584243283, 10.177643813666053 ], [ -83.752544627202695, 10.177462185430482 ], [ -83.752348978928211, 10.176014509086444 ], [ -83.75140462957765, 10.175773855776402 ], [ -83.752309656914605, 10.172231030079935 ], [ -83.750891592850166, 10.170558234470255 ], [ -83.751285295265461, 10.16842598160585 ], [ -83.752792272875553, 10.166955803021661 ], [ -83.752433684773493, 10.164453246396743 ], [ -83.753419270576615, 10.164554936459906 ], [ -83.753732610194504, 10.163076388507507 ], [ -83.754877162758433, 10.162409916121218 ], [ -83.754268305939107, 10.160879477643348 ], [ -83.757413919413679, 10.155533370464289 ], [ -83.757300341046047, 10.153243219162347 ], [ -83.758586556594366, 10.151631218829962 ], [ -83.758463083045157, 10.150715044436149 ], [ -83.759206758463748, 10.150642021685327 ], [ -83.760819572622637, 10.148317009721682 ], [ -83.760809152477435, 10.146455345556117 ], [ -83.762299005221507, 10.145241096222394 ], [ -83.762420184833928, 10.143683251287722 ], [ -83.761364940883425, 10.141921674640889 ], [ -83.761802991006974, 10.137712500760147 ], [ -83.760527138815121, 10.134115141860081 ], [ -83.76077301447944, 10.131844722071836 ], [ -83.76410033714356, 10.126909352221336 ], [ -83.764878183174758, 10.124008508121731 ], [ -83.767168789110357, 10.122046188142555 ], [ -83.766257503051079, 10.120008307593016 ], [ -83.766918272671973, 10.118637442550687 ], [ -83.769490375252502, 10.114728312890009 ], [ -83.772006889648736, 10.113633722405099 ], [ -83.772639588181164, 10.111879686228711 ], [ -83.773372597756861, 10.105432752884386 ], [ -83.771176846521797, 10.102508649737116 ], [ -83.770805525392589, 10.098403032488241 ], [ -83.76831540754344, 10.096707095076779 ], [ -83.769690266773353, 10.094461554303946 ], [ -83.770256617933157, 10.091521516455998 ], [ -83.772286867610788, 10.089985880752435 ], [ -83.772354132588148, 10.088443798700975 ], [ -83.771311392580429, 10.087434140223822 ], [ -83.771292496239212, 10.084036565259799 ], [ -83.772217159096968, 10.081143787117147 ], [ -83.77179120051116, 10.079778735372921 ], [ -83.7731870910347, 10.076709082405397 ], [ -83.774996040159493, 10.075239208013485 ], [ -83.775328237820688, 10.068066424803897 ], [ -83.774050054818687, 10.063506573599742 ], [ -83.81563385206141, 10.083671166329321 ], [ -83.814357194376754, 10.084283588149518 ], [ -83.812341934559981, 10.086980561429671 ], [ -83.808882747177194, 10.089214176151376 ], [ -83.807852678171415, 10.093029016833837 ], [ -83.805942723323923, 10.094072022296887 ], [ -83.806463883781333, 10.096457850065745 ], [ -83.807781057149569, 10.098080600724824 ], [ -83.807591433445566, 10.10030533262357 ], [ -83.806373627069149, 10.102070141308589 ], [ -83.806400020036392, 10.106390654809889 ], [ -83.808381230309536, 10.110607354695873 ], [ -83.810411438384506, 10.111407963595983 ], [ -83.809355330274343, 10.11669799476976 ], [ -83.807010586962988, 10.12093094785026 ], [ -83.803945970380354, 10.12431471765707 ], [ -83.804050172136499, 10.131659138443828 ], [ -83.806149095224811, 10.137088763681106 ], [ -83.804195892004557, 10.139502123929228 ], [ -83.80355865261167, 10.14444233791923 ], [ -83.802293001753284, 10.147676481694647 ], [ -83.78699594859745, 10.172994375353703 ], [ -83.787254422434387, 10.176223505777795 ], [ -83.786166170062657, 10.17898826351094 ], [ -83.786822037375714, 10.181961006191546 ], [ -83.785931638229201, 10.183497073574234 ], [ -83.78582926724205, 10.187375515336027 ], [ -83.78480423410501, 10.188413988401917 ], [ -83.78402058059622, 10.19217678551337 ], [ -83.781153694792735, 10.195208664509941 ], [ -83.778548966001836, 10.205464484978954 ], [ -83.775268834938757, 10.211531179869416 ], [ -83.776387774929447, 10.214907288979422 ], [ -83.774895559945264, 10.217528587807909 ], [ -83.775542160676281, 10.223252668233878 ], [ -83.774329703646501, 10.224193419918388 ], [ -83.774233730425948, 10.226099364103794 ], [ -83.773091776525206, 10.227557763451371 ], [ -83.771932992299369, 10.228259823786411 ], [ -83.771218152086718, 10.227872497932816 ], [ -83.769061119233996, 10.231189885743831 ], [ -83.766913770283665, 10.231589889782352 ], [ -83.764417054716461, 10.233462991309628 ], [ -83.764220349319615, 10.235332355234954 ], [ -83.76112199461852, 10.238657033595453 ], [ -83.758405347699991, 10.240379320787611 ], [ -83.75705887258718, 10.246766307180948 ], [ -83.752998537557502, 10.253941146606641 ], [ -83.752755643924758, 10.256333279236269 ], [ -83.752094749893047, 10.256934627537719 ], [ -83.750669635008677, 10.256741299284814 ], [ -83.749875540822117, 10.259130910825956 ], [ -83.748149407328611, 10.259388778621192 ], [ -83.748002771736111, 10.262462492852595 ], [ -83.745097627577863, 10.264285177103833 ], [ -83.744342906419391, 10.267265084481968 ], [ -83.742832279221588, 10.267753571506582 ], [ -83.739367207612062, 10.271203117764113 ], [ -83.738459113421385, 10.271556993879297 ], [ -83.737303618401498, 10.270966073692408 ], [ -83.734693759370643, 10.272494056616743 ], [ -83.731427607379601, 10.272050332426483 ], [ -83.730738932305229, 10.27409000211307 ], [ -83.728650656131649, 10.274740438829559 ], [ -83.726060546415724, 10.274109335372435 ], [ -83.724335929211577, 10.276707249356702 ], [ -83.721934349534948, 10.277382742852495 ], [ -83.717834211888473, 10.280465319944426 ], [ -83.717351769355119, 10.283686602921698 ], [ -83.714747119641203, 10.290147476675269 ], [ -83.714543978357327, 10.293109930191287 ], [ -83.71339335444469, 10.294743432136324 ], [ -83.71110797959328, 10.293595189304291 ], [ -83.708683938733117, 10.295850037685581 ], [ -83.707029757522307, 10.295049030200284 ], [ -83.705407606545592, 10.296524609160928 ], [ -83.701678216592228, 10.297109746531234 ], [ -83.700067505171674, 10.299345501561859 ], [ -83.697705902416459, 10.298983049709744 ], [ -83.695897816267831, 10.297790114883506 ], [ -83.694818293292087, 10.29918522656785 ], [ -83.692355059596423, 10.298080516715181 ], [ -83.687536917659273, 10.300071771567735 ], [ -83.685012390750884, 10.298964727559579 ], [ -83.684459542695805, 10.297790007110121 ], [ -83.679980551848644, 10.295065605375138 ], [ -83.67869522613347, 10.294789268955547 ], [ -83.67683864278024, 10.295596813285377 ], [ -83.675319242882964, 10.2927922035758 ], [ -83.672590900060058, 10.292769724365188 ], [ -83.67172694015612, 10.293824041051542 ], [ -83.66976020930943, 10.29259124232154 ], [ -83.668239045688196, 10.292797657041408 ], [ -83.667964321024499, 10.292170606775903 ], [ -83.66892106179175, 10.290852707029991 ], [ -83.667378920303122, 10.290481523638062 ] ] ] } },
{ "type": "Feature", "properties": { "cod_distrito": 70207, "distrito": "La Colonia", "canton": "Pococí" }, "geometry": { "type": "Polygon", "coordinates": [ [ [ -83.777319570674621, 10.259910276709752 ], [ -83.778662493887097, 10.258267464941619 ], [ -83.779077734844222, 10.25538768753345 ], [ -83.753154247975118, 10.255372499804913 ], [ -83.752998537557502, 10.253941146606641 ], [ -83.75705887258718, 10.246766307180948 ], [ -83.758405347699991, 10.240379320787611 ], [ -83.761451507540286, 10.238340272750666 ], [ -83.762426569957128, 10.236598791609056 ], [ -83.764286116363436, 10.235251314489938 ], [ -83.764364198740822, 10.233522184121172 ], [ -83.766913770283665, 10.231589889782352 ], [ -83.814637215545233, 10.231224686574121 ], [ -83.814636009075727, 10.234220740838989 ], [ -83.816689074985092, 10.237518042718516 ], [ -83.81727226905295, 10.24057899289102 ], [ -83.819049559629846, 10.243645738271494 ], [ -83.821085233751759, 10.243457054173087 ], [ -83.822309377237588, 10.244957648598177 ], [ -83.823697044992258, 10.244872365569162 ], [ -83.824705877653031, 10.240145281604622 ], [ -83.828420192366707, 10.240155731344698 ], [ -83.831757749163188, 10.242137500750108 ], [ -83.835734666237002, 10.246090873229631 ], [ -83.837449412083203, 10.245694456876443 ], [ -83.84124361075456, 10.247578155767616 ], [ -83.841139814034904, 10.252097489672355 ], [ -83.841519257894319, 10.253550603626723 ], [ -83.842872463588478, 10.254019059468201 ], [ -83.842836904716364, 10.257275794403165 ], [ -83.843752507573839, 10.2603180578734 ], [ -83.842789983811798, 10.265947078103707 ], [ -83.840504781083609, 10.272114103686816 ], [ -83.838295104966832, 10.283908146303652 ], [ -83.839000257770707, 10.286819518761728 ], [ -83.842305542144189, 10.291379888480821 ], [ -83.839979674668811, 10.296230556436507 ], [ -83.839776052779868, 10.301583576343944 ], [ -83.838761560252436, 10.305293946952972 ], [ -83.836200390268175, 10.308875069780635 ], [ -83.835173106757566, 10.312394381632989 ], [ -83.83227556761581, 10.309653785885693 ], [ -83.829226269781572, 10.308495190393137 ], [ -83.82580332047759, 10.305783324276959 ], [ -83.82633052630753, 10.30272652901315 ], [ -83.823751276460243, 10.298675541424899 ], [ -83.823545290975744, 10.297235279657553 ], [ -83.824688842145434, 10.294075461589657 ], [ -83.824295600724724, 10.293149916243035 ], [ -83.825907008939609, 10.291509680475929 ], [ -83.826110577353845, 10.290308866193516 ], [ -83.821131035436096, 10.286645338111466 ], [ -83.818244777972936, 10.283110614373735 ], [ -83.809295356038106, 10.282805617871421 ], [ -83.809466821729231, 10.281581900202163 ], [ -83.808204915450887, 10.278987567843876 ], [ -83.808460312740621, 10.27758761566413 ], [ -83.807350485611011, 10.276415309933402 ], [ -83.806257704794604, 10.276768250202824 ], [ -83.805746664516889, 10.275154027466426 ], [ -83.80547197981366, 10.270130023445986 ], [ -83.804682515364078, 10.268666392556787 ], [ -83.80557101577665, 10.26752243143437 ], [ -83.803929249647368, 10.267108345015805 ], [ -83.804201741708553, 10.265455101573423 ], [ -83.803243291907023, 10.264453382626206 ], [ -83.803772718256326, 10.263918706338972 ], [ -83.802180362435848, 10.260930480564351 ], [ -83.802678163080557, 10.259909288848155 ], [ -83.777319570674621, 10.259910276709752 ] ] ] } },
{ "type": "Feature", "properties": { "cod_distrito": 21008, "distrito": "La Tigra", "canton": "San Carlos" }, "geometry": { "type": "Polygon", "coordinates": [ [ [ -84.533129042527392, 10.376428611369658 ], [ -84.531645985794668, 10.36921309892425 ], [ -84.532950887998339, 10.366109089595589 ], [ -84.53142770432126, 10.363284750579167 ], [ -84.533235093227034, 10.361429668366313 ], [ -84.534504061114987, 10.357466111256416 ], [ -84.538347361007993, 10.355679917687144 ], [ -84.541478195092651, 10.355609816293736 ], [ -84.542404671627054, 10.354739062030578 ], [ -84.546793996393831, 10.354080535590416 ], [ -84.550000037275368, 10.351455487526554 ], [ -84.552362461923053, 10.34798034294918 ], [ -84.557717114969492, 10.344242518422 ], [ -84.568104365903594, 10.338966481592376 ], [ -84.569614521324581, 10.336982080483844 ], [ -84.573300557530757, 10.335365566268599 ], [ -84.574622162437194, 10.333333493532102 ], [ -84.580079478495136, 10.331022720827283 ], [ -84.583005122671764, 10.322947864314592 ], [ -84.584524435170692, 10.322358790844 ], [ -84.586072393671898, 10.320479201577557 ], [ -84.587729786233595, 10.320652762716879 ], [ -84.58812509432498, 10.318275462395313 ], [ -84.589680193799111, 10.316427761032688 ], [ -84.591219302226847, 10.316391674278291 ], [ -84.591632466876916, 10.314253659516558 ], [ -84.594395429357746, 10.313275477396425 ], [ -84.596313171200094, 10.31068208130981 ], [ -84.602447928802007, 10.309143904770796 ], [ -84.606913703394227, 10.311342956869629 ], [ -84.609397721925902, 10.310869131042752 ], [ -84.611450891267836, 10.311722356472906 ], [ -84.613932487052153, 10.311415220340015 ], [ -84.615395550748318, 10.312011415378301 ], [ -84.617359246776161, 10.310653205600767 ], [ -84.623359326401612, 10.311075114717466 ], [ -84.624636697510354, 10.312967317187798 ], [ -84.629173824562514, 10.314449488846174 ], [ -84.629589328056454, 10.315179748510749 ], [ -84.629059617040937, 10.316384342639488 ], [ -84.631087940359848, 10.320254112203347 ], [ -84.634379526058396, 10.323345486477358 ], [ -84.63558704809833, 10.32917994176662 ], [ -84.634028807439591, 10.332445292232107 ], [ -84.633894617817219, 10.334383629159934 ], [ -84.632545239260864, 10.335771778051402 ], [ -84.632357222822861, 10.338882851801964 ], [ -84.633554283999615, 10.340863910034059 ], [ -84.633980871215243, 10.34396328712447 ], [ -84.633107569299213, 10.345618848297205 ], [ -84.634326081223506, 10.347621861472261 ], [ -84.632887998378337, 10.348673797227399 ], [ -84.632792463370151, 10.352257098900447 ], [ -84.63120058897006, 10.353743385409029 ], [ -84.631037313464503, 10.355673236920966 ], [ -84.633661358417314, 10.359492208861928 ], [ -84.632522973920274, 10.36187267974509 ], [ -84.629020467471733, 10.365012641884196 ], [ -84.626213186819598, 10.364748078427951 ], [ -84.618608261344519, 10.368693485632665 ], [ -84.614922790697904, 10.36768908865213 ], [ -84.612540155955031, 10.368404782479436 ], [ -84.609025177790485, 10.367818332355174 ], [ -84.607079515438159, 10.368513588503417 ], [ -84.603215621567941, 10.365441628290526 ], [ -84.596230108210719, 10.365105562167441 ], [ -84.591658287531644, 10.367135177333854 ], [ -84.585880091836884, 10.371428498924626 ], [ -84.581072188674653, 10.372002497079567 ], [ -84.577468732526185, 10.371110963813274 ], [ -84.575541937072771, 10.372532750772963 ], [ -84.569799545860107, 10.380311545824618 ], [ -84.566147925696782, 10.38222950342724 ], [ -84.564787740259831, 10.384240649003612 ], [ -84.560147555322615, 10.386775265597839 ], [ -84.557035925296461, 10.389794817052259 ], [ -84.554530211720135, 10.393889767669746 ], [ -84.554339781824751, 10.400303211923296 ], [ -84.552437298678996, 10.399456972192525 ], [ -84.540314313897866, 10.382462610374668 ], [ -84.537931694170936, 10.376371724339339 ], [ -84.536207080375604, 10.37505695126589 ], [ -84.533129042527392, 10.376428611369658 ] ] ] } },
{ "type": "Feature", "properties": { "cod_distrito": 20114, "distrito": "Sarapiquí", "canton": "Alajuela" }, "geometry": { "type": "Polygon", "coordinates": [ [ [ -84.161246984021801, 10.41366594514373 ], [ -84.161267627001095, 10.19695498384983 ], [ -84.163086720007485, 10.193501262694166 ], [ -84.163769265271284, 10.195555707714881 ], [ -84.16432390956102, 10.195598217831883 ], [ -84.166076802562543, 10.192169627064457 ], [ -84.167478123048525, 10.191916690320136 ], [ -84.168020287896141, 10.190740466354045 ], [ -84.168917070335709, 10.19098526010638 ], [ -84.170005332353639, 10.189198186894361 ], [ -84.171084430080413, 10.189416471615731 ], [ -84.173733441158305, 10.188157665117268 ], [ -84.175138043176773, 10.183929452353379 ], [ -84.179345969548422, 10.182985088657469 ], [ -84.181636423785307, 10.181666336179873 ], [ -84.183367283825305, 10.182277116544352 ], [ -84.186711537811291, 10.179970329573333 ], [ -84.188124591969625, 10.180557518207456 ], [ -84.191302173173327, 10.179524738735644 ], [ -84.194466891032008, 10.181653973671114 ], [ -84.197466881647372, 10.181514126398024 ], [ -84.201145195729424, 10.183521449496837 ], [ -84.205010722358395, 10.184351398919679 ], [ -84.208232299197419, 10.182928917639899 ], [ -84.213011958725048, 10.183028135155869 ], [ -84.217019954261161, 10.18088669596802 ], [ -84.219813165006016, 10.181168196893077 ], [ -84.221175411648034, 10.181532039768463 ], [ -84.224203606516028, 10.184838533366381 ], [ -84.230743732258077, 10.198061656011816 ], [ -84.226906609882974, 10.207232043295695 ], [ -84.226318908261291, 10.211878018096916 ], [ -84.228534712888063, 10.214152251725796 ], [ -84.234194471799995, 10.225576692964527 ], [ -84.23731426980487, 10.228712713126315 ], [ -84.237760178360602, 10.230840961140418 ], [ -84.24136689683715, 10.235346689006391 ], [ -84.241632498407938, 10.238064383567124 ], [ -84.240904117395345, 10.238952613027578 ], [ -84.241835089389809, 10.240141560182392 ], [ -84.241979904099367, 10.24192467974159 ], [ -84.23095531221233, 10.246954683698819 ], [ -84.224651008164258, 10.246925470301152 ], [ -84.21822009233351, 10.249374067652374 ], [ -84.215430725440896, 10.251443859055705 ], [ -84.214754018151751, 10.254323195351198 ], [ -84.212132128708859, 10.258445188739779 ], [ -84.211998794005225, 10.262821908467648 ], [ -84.211150166991388, 10.263788975657848 ], [ -84.210574258284879, 10.267720217161179 ], [ -84.208253967333945, 10.268988514800155 ], [ -84.207288985912626, 10.270853901968456 ], [ -84.206251002207551, 10.270931468115219 ], [ -84.204458113911571, 10.274580258349294 ], [ -84.202894708511124, 10.275662438157971 ], [ -84.201912636589412, 10.275534296869109 ], [ -84.201071699629779, 10.277229293415902 ], [ -84.200097447846119, 10.279449226549465 ], [ -84.200754362622988, 10.28129680212732 ], [ -84.199710299364014, 10.283078674625479 ], [ -84.199876849635714, 10.285272566923275 ], [ -84.201679618421252, 10.28431674307441 ], [ -84.201676671629841, 10.285551414106472 ], [ -84.202513723127964, 10.28631114678725 ], [ -84.204511060883718, 10.286896753265662 ], [ -84.204801817405269, 10.286011209249692 ], [ -84.205340612190511, 10.28650760513983 ], [ -84.202219081956315, 10.29177932537999 ], [ -84.200361215860369, 10.292560672926587 ], [ -84.198672581473616, 10.294813002973362 ], [ -84.194461256336183, 10.296873877764751 ], [ -84.192628313976073, 10.299461836289087 ], [ -84.19265240674072, 10.301450373217138 ], [ -84.191889473264581, 10.30246680368764 ], [ -84.195709878512716, 10.304388521436787 ], [ -84.197199513141641, 10.306004409470813 ], [ -84.197944478469907, 10.307493597649175 ], [ -84.196704083394181, 10.309014997831818 ], [ -84.198104807384638, 10.310451989119198 ], [ -84.194110609987803, 10.318184359704764 ], [ -84.195220102797236, 10.322342299997423 ], [ -84.195132297376119, 10.326252484276775 ], [ -84.19323117498918, 10.32819748372834 ], [ -84.192397664264732, 10.330818067310362 ], [ -84.189537602227517, 10.332779525243033 ], [ -84.189073765859135, 10.335424199937263 ], [ -84.186104641635794, 10.338488335923891 ], [ -84.184619430737314, 10.338832492636838 ], [ -84.185790228365832, 10.341387373194603 ], [ -84.185153478542091, 10.342531101002805 ], [ -84.186595480205554, 10.343523131092747 ], [ -84.18660473724529, 10.345341134543165 ], [ -84.185750503510903, 10.346034849359578 ], [ -84.186289122090187, 10.347345070877159 ], [ -84.185196709015344, 10.348103778561518 ], [ -84.185444033584801, 10.349112764546581 ], [ -84.18415838594963, 10.349762726194552 ], [ -84.183686781363988, 10.350904516312688 ], [ -84.182389759227632, 10.35082506434898 ], [ -84.182574486068276, 10.352228517971025 ], [ -84.181048074089802, 10.353875113917255 ], [ -84.180790411809596, 10.35676843084666 ], [ -84.181981518040075, 10.357889847367769 ], [ -84.181643243977291, 10.35908693502512 ], [ -84.183360676424456, 10.36282625571554 ], [ -84.183476185588461, 10.364809557927682 ], [ -84.182664030491921, 10.366553747152917 ], [ -84.183333170427801, 10.367444124063795 ], [ -84.181760485486265, 10.369320722873031 ], [ -84.182842704310175, 10.370973538288258 ], [ -84.180763834650762, 10.37303867192939 ], [ -84.181218686852773, 10.37523618629371 ], [ -84.179727780375501, 10.375994564556088 ], [ -84.179311540138173, 10.377208222416995 ], [ -84.180014102034193, 10.379929524516299 ], [ -84.179215757327299, 10.3819803174352 ], [ -84.177586957581056, 10.382902756166859 ], [ -84.178001738669593, 10.384351405922681 ], [ -84.177276079531481, 10.386408078440761 ], [ -84.178541384073583, 10.386104640559193 ], [ -84.178652891224502, 10.387781264720013 ], [ -84.175768401136636, 10.390738021813691 ], [ -84.175517338262424, 10.391853622268146 ], [ -84.17646154754614, 10.393569377217176 ], [ -84.174887228317274, 10.395083763498505 ], [ -84.175025150901092, 10.396983214048714 ], [ -84.17264534862764, 10.398791944060251 ], [ -84.171990345341982, 10.398590640837517 ], [ -84.169866960746219, 10.404648239038815 ], [ -84.168042212833996, 10.406085792622477 ], [ -84.166949855195938, 10.409923489155785 ], [ -84.165307091971698, 10.409223727051211 ], [ -84.162622018798388, 10.413519209646742 ], [ -84.161246984021801, 10.41366594514373 ] ] ] } },
{ "type": "Feature", "properties": { "cod_distrito": 21005, "distrito": "Venecia", "canton": "San Carlos" }, "geometry": { "type": "Polygon", "coordinates": [ [ [ -84.258066511222722, 10.41568327234296 ], [ -84.256632127895855, 10.41294047714857 ], [ -84.257282738244598, 10.410747270732223 ], [ -84.257136311644246, 10.406378234076765 ], [ -84.258876698884805, 10.402007307376847 ], [ -84.258628406248732, 10.399500544843555 ], [ -84.25714110687953, 10.394090662062363 ], [ -84.255457281614213, 10.392079054769688 ], [ -84.255547548116326, 10.390346306992132 ], [ -84.253137596238332, 10.387277444712113 ], [ -84.253458447952653, 10.382610029256469 ], [ -84.249620230569107, 10.376001970628224 ], [ -84.252012950208609, 10.374864119672537 ], [ -84.252429649874983, 10.37362208696444 ], [ -84.25208717298635, 10.373042335550146 ], [ -84.249062092935745, 10.372712132876639 ], [ -84.250067453020691, 10.371027947615657 ], [ -84.249596607914739, 10.368032789907129 ], [ -84.245080127635006, 10.359690929489741 ], [ -84.246435316420985, 10.357284652861537 ], [ -84.244886242903846, 10.354720614303222 ], [ -84.243941892390225, 10.35463960237661 ], [ -84.243303184241228, 10.355611210699461 ], [ -84.24255586842277, 10.354310561284219 ], [ -84.242763685600721, 10.353375277168919 ], [ -84.244917750199605, 10.35270218590836 ], [ -84.243119715029877, 10.35030444883923 ], [ -84.243504430207224, 10.349702477964154 ], [ -84.244582145280916, 10.34988937298913 ], [ -84.24432222631502, 10.348067388721281 ], [ -84.245465091484249, 10.344433340513147 ], [ -84.24638731345226, 10.343581840160704 ], [ -84.24658656353462, 10.341965472042002 ], [ -84.248440795166204, 10.340727228161196 ], [ -84.247898438070024, 10.337263636714123 ], [ -84.246321410034568, 10.335339732236013 ], [ -84.245942417833248, 10.333266471289976 ], [ -84.241719292260825, 10.332339214589007 ], [ -84.240365046232355, 10.333368865376574 ], [ -84.238865625382147, 10.332346563960272 ], [ -84.240626726286635, 10.330863794285802 ], [ -84.240661453462153, 10.329138277636577 ], [ -84.241325979982079, 10.329405862591553 ], [ -84.244038862519162, 10.327692676924817 ], [ -84.243192875407672, 10.324977030951759 ], [ -84.244832429765538, 10.325898949894915 ], [ -84.245808438023062, 10.325109715337423 ], [ -84.245784191207989, 10.322974143934548 ], [ -84.24325461542827, 10.322050655855367 ], [ -84.24306704013226, 10.320686761345611 ], [ -84.245848595545866, 10.320292353701499 ], [ -84.244867326723934, 10.317496968274119 ], [ -84.245819914574639, 10.316529687087648 ], [ -84.247800830127261, 10.316292110305591 ], [ -84.248020378575589, 10.313376782553437 ], [ -84.249518762845938, 10.313450783586296 ], [ -84.25096613971813, 10.312440638191799 ], [ -84.24964114182292, 10.310973501630304 ], [ -84.250037383598368, 10.309323325570549 ], [ -84.25152710772214, 10.307259677301568 ], [ -84.253041679577805, 10.306583443339726 ], [ -84.253615716256945, 10.303882567235513 ], [ -84.256795388550586, 10.301630990948206 ], [ -84.257639424718178, 10.298500068632782 ], [ -84.256714113832118, 10.296290153157999 ], [ -84.257880240263205, 10.294060931607348 ], [ -84.256531816408227, 10.291411047696039 ], [ -84.258487140680288, 10.288150048674126 ], [ -84.259907938652972, 10.287871523851445 ], [ -84.259965016470744, 10.28491082253284 ], [ -84.261947002516692, 10.283729230585871 ], [ -84.261694991787152, 10.281992142876032 ], [ -84.265466757008952, 10.275541807721101 ], [ -84.265641176381649, 10.273220486811192 ], [ -84.269906289777722, 10.269413317700357 ], [ -84.270485062865632, 10.268001530869993 ], [ -84.272716030088361, 10.267071810304486 ], [ -84.273929460579666, 10.265503948398285 ], [ -84.280797226149147, 10.263227344028847 ], [ -84.281722708420489, 10.261944245417055 ], [ -84.285878976157079, 10.261718356815139 ], [ -84.288761127476249, 10.260305185777154 ], [ -84.293160840156006, 10.260190923908368 ], [ -84.296167391410023, 10.261809753818175 ], [ -84.300630881518472, 10.262033349543914 ], [ -84.302718808284936, 10.261346019676914 ], [ -84.305067510976173, 10.261853750539498 ], [ -84.312046488601538, 10.260616070005888 ], [ -84.317355450254226, 10.256754672929155 ], [ -84.319541728753606, 10.257547431977322 ], [ -84.321502782410889, 10.25708889632136 ], [ -84.325306032967134, 10.260920826342936 ], [ -84.329238907766097, 10.260549918214021 ], [ -84.333084777922139, 10.264016467502062 ], [ -84.332720303842336, 10.266824286607733 ], [ -84.329564253931423, 10.269346612450143 ], [ -84.329904548689086, 10.27236332836112 ], [ -84.331704788509114, 10.274294752945105 ], [ -84.33255404151214, 10.277515984832311 ], [ -84.331926544606617, 10.28271886045254 ], [ -84.329855911756852, 10.286259686848197 ], [ -84.329114626810821, 10.289522381124206 ], [ -84.329509399794418, 10.292736642860742 ], [ -84.330751890900046, 10.294030693944233 ], [ -84.330862132976094, 10.299032217209483 ], [ -84.332288109130189, 10.305246225001975 ], [ -84.330780675639559, 10.309817057112893 ], [ -84.332049645054809, 10.314655983336586 ], [ -84.33104717134411, 10.316846414752289 ], [ -84.331173610132922, 10.320927082575801 ], [ -84.330293670125272, 10.321363878126689 ], [ -84.329345430815437, 10.320426914667895 ], [ -84.328395165319975, 10.320952893940623 ], [ -84.329325383580041, 10.322270091754028 ], [ -84.32759897209651, 10.323218130951833 ], [ -84.326034501030222, 10.326926282376075 ], [ -84.326859575111186, 10.329611930706866 ], [ -84.331679409017894, 10.336657382448449 ], [ -84.331116914850043, 10.339732639008428 ], [ -84.33218453948902, 10.340984490723789 ], [ -84.332353110875033, 10.343774539077035 ], [ -84.333509693366196, 10.34501018078943 ], [ -84.333808400372135, 10.348321785680806 ], [ -84.331772148177734, 10.349201900911732 ], [ -84.330609568696062, 10.3510494121818 ], [ -84.329313397713662, 10.354451011454183 ], [ -84.329584827884062, 10.355701362576374 ], [ -84.326408172148817, 10.360845671079336 ], [ -84.32597622794249, 10.363557704748118 ], [ -84.323591875391614, 10.366403567582323 ], [ -84.323491530948303, 10.367541556042486 ], [ -84.321727802670267, 10.368555785047947 ], [ -84.320626315178885, 10.371989459050933 ], [ -84.321354733388503, 10.373425299524172 ], [ -84.319844057933054, 10.377699993421071 ], [ -84.314257194010864, 10.384034363349341 ], [ -84.313344468991943, 10.387354470804695 ], [ -84.311489157710099, 10.388986217563358 ], [ -84.309690882585855, 10.392023368016277 ], [ -84.309452469571795, 10.394612368909756 ], [ -84.307488227810623, 10.396669143828696 ], [ -84.306500494589997, 10.398993718195836 ], [ -84.306922821390515, 10.400655087937569 ], [ -84.304962384160731, 10.401630260063587 ], [ -84.305005107860097, 10.404769382818863 ], [ -84.302694283831599, 10.40705967744851 ], [ -84.302601591065041, 10.408762141691817 ], [ -84.301081413382093, 10.409822878578337 ], [ -84.301150486663701, 10.41129057814492 ], [ -84.299377798036673, 10.411837227143792 ], [ -84.298750656306922, 10.415675124326686 ], [ -84.258066511222722, 10.41568327234296 ] ] ] } },
{ "type": "Feature", "properties": { "cod_distrito": 20213, "distrito": "Peñas Blancas", "canton": "San Ramón" }, "geometry": { "type": "Polygon", "coordinates": [ [ [ -84.543627974539064, 10.437004702808609 ], [ -84.545543182408579, 10.435718272402854 ], [ -84.548800024367651, 10.434968410766896 ], [ -84.552786435144739, 10.4359745571214 ], [ -84.555258748934548, 10.431297215455087 ], [ -84.557415151995471, 10.429025690398408 ], [ -84.558145416322972, 10.423857345960494 ], [ -84.557899146934403, 10.415776913563382 ], [ -84.554282659481814, 10.405735571798452 ], [ -84.554530211720135, 10.393889767669746 ], [ -84.557035925296461, 10.389794817052259 ], [ -84.560147555322615, 10.386775265597839 ], [ -84.564116907985479, 10.384774390301995 ], [ -84.566147925696782, 10.38222950342724 ], [ -84.569799545860107, 10.380311545824618 ], [ -84.575541937072771, 10.372532750772963 ], [ -84.577363398230645, 10.371161586867442 ], [ -84.581072188674653, 10.372002497079567 ], [ -84.585880091836884, 10.371428498924626 ], [ -84.591658287531644, 10.367135177333854 ], [ -84.596230108210719, 10.365105562167441 ], [ -84.603215621567941, 10.365441628290526 ], [ -84.607079515438159, 10.368513588503417 ], [ -84.609025177790485, 10.367818332355174 ], [ -84.612540155955031, 10.368404782479436 ], [ -84.614922790697904, 10.36768908865213 ], [ -84.619097749517906, 10.368647717903357 ], [ -84.626213186819598, 10.364748078427951 ], [ -84.629020467471733, 10.365012641884196 ], [ -84.63216598356766, 10.361876121171843 ], [ -84.634634681078964, 10.362487982927554 ], [ -84.63707607316671, 10.360684265120678 ], [ -84.641316380579553, 10.360055792741248 ], [ -84.642172641205789, 10.358169079573123 ], [ -84.64383389260378, 10.357696898044665 ], [ -84.644554447092631, 10.355619081120141 ], [ -84.648991642450596, 10.352200688169418 ], [ -84.649396346059945, 10.350060364846573 ], [ -84.652952921393137, 10.346521604419044 ], [ -84.654741267957348, 10.346795458905516 ], [ -84.656592239056721, 10.345119110054547 ], [ -84.659161131032363, 10.344338810427509 ], [ -84.662591650474241, 10.34431263202004 ], [ -84.66446318340077, 10.341872630860031 ], [ -84.667622586926399, 10.341607747547277 ], [ -84.672370341132535, 10.338468970411478 ], [ -84.675479352403485, 10.334397859202054 ], [ -84.67782555389789, 10.333333466890295 ], [ -84.677951517788742, 10.33156127660228 ], [ -84.678994672463332, 10.330069472590742 ], [ -84.682839609711237, 10.328040220451996 ], [ -84.685288511679303, 10.327970924631634 ], [ -84.685847611228283, 10.326139189961918 ], [ -84.68853784028056, 10.324698912442168 ], [ -84.689765202698169, 10.322593608853836 ], [ -84.69120721537152, 10.322459518051449 ], [ -84.691933169490355, 10.321461455762851 ], [ -84.692854020268896, 10.321909544592307 ], [ -84.694972631476745, 10.321177002305371 ], [ -84.697497500070583, 10.322172579299171 ], [ -84.698795782146973, 10.320543918144685 ], [ -84.699745728608619, 10.321884636182169 ], [ -84.701252485882392, 10.32110139431586 ], [ -84.704832237953198, 10.322161974979544 ], [ -84.706317849330887, 10.321728010727249 ], [ -84.707271900774074, 10.32015151578682 ], [ -84.708718726092613, 10.319934611023509 ], [ -84.70903206196833, 10.318544225816503 ], [ -84.712290801262341, 10.316892306946357 ], [ -84.714847627506643, 10.314245138498036 ], [ -84.715580614708912, 10.311997453833795 ], [ -84.717801823628136, 10.311432162276047 ], [ -84.718245404493828, 10.308515175031335 ], [ -84.719459872474772, 10.307319148605057 ], [ -84.720521751963147, 10.308321781918362 ], [ -84.722610472433217, 10.307725563270884 ], [ -84.724340814708654, 10.309233526991566 ], [ -84.727604565158558, 10.308968252664217 ], [ -84.73004202174674, 10.305277369945781 ], [ -84.731953138981908, 10.305515256074175 ], [ -84.732355860839547, 10.304216417501413 ], [ -84.734685537820624, 10.304718058803436 ], [ -84.740599262469644, 10.303075195890901 ], [ -84.74206607474153, 10.301498158189007 ], [ -84.745894652775135, 10.30080557907619 ], [ -84.74810722297488, 10.298613456305969 ], [ -84.751123086544141, 10.298284154594953 ], [ -84.753106368550618, 10.296478491829834 ], [ -84.754173737228186, 10.296424019228263 ], [ -84.755055596073305, 10.295027212907787 ], [ -84.756971274772198, 10.29410010693389 ], [ -84.758351076727436, 10.294367289684279 ], [ -84.760704626296047, 10.290336643031758 ], [ -84.75935534442209, 10.287784657215433 ], [ -84.759234450852645, 10.283116190971628 ], [ -84.757955841143996, 10.281584302118087 ], [ -84.756861783579524, 10.281642010438322 ], [ -84.755878263288295, 10.280696452572668 ], [ -84.756683257435853, 10.279702055792573 ], [ -84.755714083111329, 10.278989720309463 ], [ -84.755111909294214, 10.27578673344612 ], [ -84.757088056659356, 10.275688820669833 ], [ -84.756152527149553, 10.273188735394351 ], [ -84.763696841824441, 10.269104293729987 ], [ -84.767316832333321, 10.2697199271269 ], [ -84.765478155785914, 10.274037217503123 ], [ -84.766917099071904, 10.276089377551861 ], [ -84.76666136324134, 10.279580698773508 ], [ -84.769912080666074, 10.279377417525033 ], [ -84.770987632216332, 10.280509513293369 ], [ -84.771444471017361, 10.282507616088369 ], [ -84.777744707687503, 10.286535531876162 ], [ -84.78026989653921, 10.29047747138052 ], [ -84.782211247356244, 10.29111507245298 ], [ -84.78342574641438, 10.292831823075728 ], [ -84.782740918918421, 10.294731476817464 ], [ -84.783109068074282, 10.298156058337099 ], [ -84.78598474625224, 10.301431164221915 ], [ -84.786321315243327, 10.302705835212317 ], [ -84.786427482701797, 10.310771180919605 ], [ -84.790502161471167, 10.31157932304296 ], [ -84.791251906732484, 10.31498688281985 ], [ -84.792980736751176, 10.315297702129136 ], [ -84.793687653022175, 10.316498894239361 ], [ -84.793917056225112, 10.320821486315081 ], [ -84.788074433781006, 10.320855940539039 ], [ -84.785532012534802, 10.322582366715046 ], [ -84.784915554026199, 10.326865602415765 ], [ -84.782234906447272, 10.330251869901657 ], [ -84.7796859862231, 10.336304567249476 ], [ -84.77839734589358, 10.33753544600599 ], [ -84.77905149547405, 10.339448909112724 ], [ -84.777305774036989, 10.340203496652355 ], [ -84.77767851143274, 10.342979392338519 ], [ -84.775800445833255, 10.345461833247091 ], [ -84.776411562884036, 10.346912998245827 ], [ -84.773930165428908, 10.347414569221989 ], [ -84.774489249147663, 10.350263113746442 ], [ -84.773520556777072, 10.350750421364694 ], [ -84.771041390224809, 10.350386940361989 ], [ -84.766896790044029, 10.352410580180816 ], [ -84.76623609556016, 10.354894203846692 ], [ -84.768548944540782, 10.356985737772384 ], [ -84.768305020807446, 10.358385692293748 ], [ -84.769280051346414, 10.360452555619954 ], [ -84.768436652309674, 10.362962277538282 ], [ -84.770102153319158, 10.366654296310205 ], [ -84.76981759779332, 10.367809586341895 ], [ -84.771561765720307, 10.369593982686673 ], [ -84.771078776577369, 10.374288044734829 ], [ -84.77216886798594, 10.375151820276423 ], [ -84.773420970109413, 10.374783473192165 ], [ -84.773504014340986, 10.377083280736153 ], [ -84.779253126624241, 10.37969898407867 ], [ -84.779079216321477, 10.380921719222867 ], [ -84.781223017656018, 10.385223019534701 ], [ -84.780111468500607, 10.386073825752456 ], [ -84.778957214585134, 10.38959934681869 ], [ -84.774848230251877, 10.394367813711272 ], [ -84.773566400991982, 10.401514159147741 ], [ -84.771447870874738, 10.405078342176038 ], [ -84.771931438740395, 10.406212976552901 ], [ -84.770197742053128, 10.408334459831961 ], [ -84.769938282570138, 10.409977777613484 ], [ -84.7671404277975, 10.412107625323394 ], [ -84.767301758741851, 10.415968966454304 ], [ -84.766091929287327, 10.418437711710389 ], [ -84.766813543515298, 10.422802541672914 ], [ -84.765345734102084, 10.427181438729821 ], [ -84.765966310654974, 10.428822831136923 ], [ -84.763757885597514, 10.432099142258865 ], [ -84.763106567791354, 10.431252465171188 ], [ -84.761936648372341, 10.432093436768612 ], [ -84.762037372998108, 10.431047512362918 ], [ -84.761115238962262, 10.430534255467633 ], [ -84.7603393627694, 10.431222025314771 ], [ -84.758972733796028, 10.430397672211786 ], [ -84.756882908407178, 10.430806807350777 ], [ -84.75598761370496, 10.429120084189812 ], [ -84.755842732018777, 10.430616866593844 ], [ -84.75513836643664, 10.430275833397873 ], [ -84.755466501363074, 10.431660668195086 ], [ -84.753573927122829, 10.430007482184582 ], [ -84.752316417317687, 10.429792831471241 ], [ -84.753347142374494, 10.431937969662371 ], [ -84.753036882212598, 10.43311398377284 ], [ -84.750869372769458, 10.430715790848984 ], [ -84.751551822307604, 10.430125782837946 ], [ -84.752168213854503, 10.428155191466937 ], [ -84.752187655343917, 10.427697515684955 ], [ -84.75203456068985, 10.427527973120737 ], [ -84.750241483247734, 10.430680765619165 ], [ -84.751720552877657, 10.433666021890442 ], [ -84.750618253585017, 10.433660728110551 ], [ -84.750945827370955, 10.435058545177268 ], [ -84.749281719365229, 10.432986631029744 ], [ -84.749777066162963, 10.431320339791986 ], [ -84.747840664011562, 10.430317740231732 ], [ -84.748031313130085, 10.429315718005867 ], [ -84.747599058126482, 10.429583961179199 ], [ -84.750257273391156, 10.42565244762557 ], [ -84.750754731360217, 10.423193248297785 ], [ -84.751978830712176, 10.422070083330865 ], [ -84.751023684600256, 10.417316537609516 ], [ -84.752601702332598, 10.416958307325933 ], [ -84.752147760015177, 10.415484545665642 ], [ -84.753219366999247, 10.412847423790788 ], [ -84.751127170453842, 10.410693817386793 ], [ -84.751418663537621, 10.408967953710771 ], [ -84.74948619503607, 10.407620983614256 ], [ -84.749761281819332, 10.405205007780342 ], [ -84.748521480403554, 10.404337089445002 ], [ -84.747286064542763, 10.401342354437951 ], [ -84.747218750347983, 10.398707832834724 ], [ -84.744820207875307, 10.399333919400538 ], [ -84.743285419846188, 10.397887785589312 ], [ -84.742483169033477, 10.39863189774913 ], [ -84.741799059971385, 10.397673231252352 ], [ -84.739946529772581, 10.397885789862421 ], [ -84.738445241343371, 10.395944017064956 ], [ -84.736750054585912, 10.396605747676361 ], [ -84.737270017665296, 10.395269502276433 ], [ -84.733763466909082, 10.393992380769845 ], [ -84.731209109900917, 10.394903884031818 ], [ -84.730364222495425, 10.393378014526442 ], [ -84.726638888810257, 10.391274796144293 ], [ -84.7261950936457, 10.38959380264091 ], [ -84.727089212329957, 10.388500274678879 ], [ -84.72684805432246, 10.387464928505544 ], [ -84.72127892379018, 10.380170548265939 ], [ -84.721275895472715, 10.37669039248062 ], [ -84.688282402468346, 10.442824604915998 ], [ -84.668608190719311, 10.41087933903955 ], [ -84.665155928307328, 10.415784969920715 ], [ -84.664830974033237, 10.418709414781869 ], [ -84.663019750000672, 10.419866083243626 ], [ -84.660507182434941, 10.423549001040625 ], [ -84.6598278347807, 10.423547829553087 ], [ -84.656085149291897, 10.429072554428977 ], [ -84.656088729121478, 10.430932059204352 ], [ -84.650845272740384, 10.441606198674094 ], [ -84.65033489669392, 10.445621656383292 ], [ -84.651018726124178, 10.447002851612719 ], [ -84.649894775276195, 10.447366843303755 ], [ -84.650558392983172, 10.448656453765082 ], [ -84.649660347988998, 10.450324431867926 ], [ -84.645097878770557, 10.452260525480291 ], [ -84.643779011140737, 10.454018996689904 ], [ -84.641518715801965, 10.454704085499886 ], [ -84.639464712908591, 10.454131319030306 ], [ -84.63766218823524, 10.454763340869302 ], [ -84.63385124681048, 10.453741559788329 ], [ -84.632789873182048, 10.454920724622253 ], [ -84.630652749037907, 10.455498722851512 ], [ -84.630243984955143, 10.456413260259689 ], [ -84.629279304071005, 10.456103142269001 ], [ -84.628689880645737, 10.456705085075766 ], [ -84.628267314701134, 10.455336390770494 ], [ -84.626725754961413, 10.455906109051362 ], [ -84.626526366468497, 10.456838651906338 ], [ -84.62451224610318, 10.454958456884459 ], [ -84.623453214644854, 10.455538545344988 ], [ -84.621188625490589, 10.453836423548404 ], [ -84.620335835000105, 10.453923989585231 ], [ -84.61961612462035, 10.451813679587698 ], [ -84.61798017744843, 10.451197104947591 ], [ -84.618232036204404, 10.449333231858224 ], [ -84.617452973440805, 10.448665004451994 ], [ -84.6155132137919, 10.449216023608397 ], [ -84.613276419956378, 10.447519198447598 ], [ -84.61022641140606, 10.446986702092174 ], [ -84.60876566419509, 10.445138491017836 ], [ -84.604310393231131, 10.443750283882787 ], [ -84.602367476652631, 10.444003111591257 ], [ -84.601440058614514, 10.443091882834652 ], [ -84.600965347777503, 10.443443485799566 ], [ -84.601399904547705, 10.44517658113217 ], [ -84.596854700971392, 10.446305366356626 ], [ -84.594481393630289, 10.445630910699922 ], [ -84.594132981488755, 10.444285390872913 ], [ -84.592489171230099, 10.442734558664181 ], [ -84.590329227989386, 10.444227784974517 ], [ -84.586952631797601, 10.443582794409005 ], [ -84.582708437278043, 10.441991001720472 ], [ -84.582329564639267, 10.441007045575066 ], [ -84.583530607888108, 10.440406900799276 ], [ -84.583838087299455, 10.438561912471105 ], [ -84.582672519896335, 10.438076621544198 ], [ -84.579604604608306, 10.439105002982316 ], [ -84.57714478595021, 10.441335985365772 ], [ -84.57511631116995, 10.44080211314302 ], [ -84.574907148348657, 10.439735596981127 ], [ -84.573427400986219, 10.440919378458922 ], [ -84.572578787944622, 10.439336956021966 ], [ -84.571232885886118, 10.438934360956686 ], [ -84.570232446267823, 10.439738590623996 ], [ -84.570440828865543, 10.441084614291411 ], [ -84.56878549602348, 10.441177398455217 ], [ -84.567335026812344, 10.443998742356486 ], [ -84.565154298113669, 10.445026273353522 ], [ -84.562771053121864, 10.444467630245196 ], [ -84.56193028761956, 10.445141936566014 ], [ -84.563788242418326, 10.447871501283315 ], [ -84.564809747303016, 10.447794121858717 ], [ -84.56413020332981, 10.448926511242343 ], [ -84.562815324614945, 10.449588780879806 ], [ -84.561662580203446, 10.448255746861946 ], [ -84.557099356728571, 10.44864307637503 ], [ -84.556702220470385, 10.447768160846778 ], [ -84.559085114902857, 10.44657436809228 ], [ -84.559293426480892, 10.444920081069199 ], [ -84.555246327522639, 10.444855625839191 ], [ -84.5551938070886, 10.44314411465149 ], [ -84.554349974902436, 10.443619443295008 ], [ -84.553737993830921, 10.442319719275444 ], [ -84.552506482463912, 10.441996861142396 ], [ -84.551916310116951, 10.442606479270678 ], [ -84.549707124140753, 10.441691326921639 ], [ -84.546736652778733, 10.436623046497944 ], [ -84.544923970915718, 10.437428922082214 ], [ -84.543627974539064, 10.437004702808609 ] ] ] } },
{ "type": "Feature", "properties": { "cod_distrito": 41003, "distrito": "Las Horquetas", "canton": "Sarapiquí" }, "geometry": { "type": "Polygon", "coordinates": [ [ [ -83.832082762046639, 10.460656952645923 ], [ -83.839315517371517, 10.455105111373317 ], [ -83.842187331835774, 10.448030700810545 ], [ -83.844695013625042, 10.445070286908727 ], [ -83.846371563794321, 10.444807391609551 ], [ -83.85351952184206, 10.447118852309989 ], [ -83.85602337263461, 10.446591694887628 ], [ -83.859356322627718, 10.444605738165409 ], [ -83.859733633368236, 10.43782476361795 ], [ -83.866476923543416, 10.435369493257976 ], [ -83.87401747453022, 10.429009475671 ], [ -83.874962157948517, 10.424852004111816 ], [ -83.875315003269449, 10.4163591553597 ], [ -83.878294108875068, 10.411496708122481 ], [ -83.880359247841142, 10.405040204065948 ], [ -83.880231621209035, 10.400571517561071 ], [ -83.874991150368032, 10.389182617223415 ], [ -83.869093975138568, 10.379544260117529 ], [ -83.86214735845661, 10.372157743784552 ], [ -83.856855762249509, 10.365086728495269 ], [ -83.853812049565718, 10.354814263602252 ], [ -83.851085397223926, 10.349424391420591 ], [ -83.850324465714152, 10.344414978430454 ], [ -83.849999947768694, 10.338465415312974 ], [ -83.851148454610822, 10.336734629581072 ], [ -83.852372794048449, 10.329481278612821 ], [ -83.852734000826686, 10.310173407165985 ], [ -83.853494919630378, 10.307510172285674 ], [ -83.851529191635976, 10.302228097803203 ], [ -83.851338946953888, 10.293794527123021 ], [ -83.849119578201879, 10.28897534656457 ], [ -83.84924638561742, 10.280966624293582 ], [ -83.850451173965297, 10.276781542288289 ], [ -83.852607118924439, 10.273293971902937 ], [ -83.853706807072314, 10.263894425675812 ], [ -83.855523969129024, 10.258392543620493 ], [ -83.858757883809545, 10.252114917342114 ], [ -83.861484525493836, 10.251036938384889 ], [ -83.86422151142547, 10.248280068565943 ], [ -83.865763449206753, 10.245180091717861 ], [ -83.869435391631583, 10.244830478789213 ], [ -83.873397045174841, 10.242478558768095 ], [ -83.878299879241524, 10.23599507982046 ], [ -83.881276277288265, 10.233245137380443 ], [ -83.886197111789613, 10.230448393112127 ], [ -83.89322387020546, 10.220839093848021 ], [ -83.89616622328279, 10.219131296687484 ], [ -83.89859990444927, 10.215513768823755 ], [ -83.906276061969422, 10.208386479160882 ], [ -83.906916352790304, 10.206592565317004 ], [ -83.920603056968559, 10.198673502991879 ], [ -83.92408174180234, 10.198103744232629 ], [ -83.933900694652721, 10.200044403869141 ], [ -83.93868243531449, 10.199327638607571 ], [ -83.942437987806173, 10.200848713200585 ], [ -83.946538124770896, 10.200185511944822 ], [ -83.9496590744766, 10.20062075069267 ], [ -83.953013344245647, 10.199303528605116 ], [ -83.952824543502814, 10.197325775216706 ], [ -83.953696307228668, 10.196330014591766 ], [ -83.959585988918732, 10.194553154915926 ], [ -83.965432104053804, 10.191434540522708 ], [ -83.969449087054556, 10.188111343348679 ], [ -83.972548014381232, 10.18729733399641 ], [ -83.976239885027084, 10.18677764666073 ], [ -83.978817337330341, 10.187600342278701 ], [ -83.980782124187442, 10.186573047057482 ], [ -83.983258594840848, 10.186499351620654 ], [ -83.98546919265857, 10.187950228266148 ], [ -83.992259745207136, 10.187787273768089 ], [ -83.994264228758198, 10.18914027961422 ], [ -83.997197373277757, 10.188872389259027 ], [ -84.000224503478108, 10.190623533958982 ], [ -84.003535524011809, 10.190095566745924 ], [ -84.005633472760181, 10.188418005678427 ], [ -84.008230187978427, 10.18862402826174 ], [ -84.01444257249949, 10.186695522671483 ], [ -84.018626211265968, 10.186865802756801 ], [ -84.022579512868546, 10.184933447776665 ], [ -84.025295581243441, 10.18551087052006 ], [ -84.027990559088295, 10.184838072130574 ], [ -84.02992240337835, 10.185549534766244 ], [ -84.032370391271257, 10.18304239240056 ], [ -84.034603625768995, 10.182470510288596 ], [ -84.037763512444542, 10.183854346666008 ], [ -84.043109674083581, 10.194467743672099 ], [ -84.043532849077408, 10.19729145967379 ], [ -84.045234725971298, 10.198387379253244 ], [ -84.049160500653215, 10.198168319492229 ], [ -84.052325382734352, 10.199608446225673 ], [ -84.056252931032418, 10.203636089093413 ], [ -84.057760163334777, 10.204332587917959 ], [ -84.058396014158049, 10.208197628072233 ], [ -84.061296320043482, 10.2055457618743 ], [ -84.063112602724772, 10.206254232720656 ], [ -84.066288406010941, 10.204770595683254 ], [ -84.067566643593565, 10.206878427527263 ], [ -84.069081923640923, 10.205705573293354 ], [ -84.070045559480647, 10.206816009519303 ], [ -84.071077564306847, 10.205797254184347 ], [ -84.073237903136302, 10.205789930292013 ], [ -84.073351135584602, 10.204058573036239 ], [ -84.074489924768187, 10.203681108157111 ], [ -84.074842391786618, 10.202501994868978 ], [ -84.077770671176879, 10.201350770840982 ], [ -84.079753999585407, 10.201888633527579 ], [ -84.081051441881328, 10.197966244436111 ], [ -84.081760687003893, 10.199109632515992 ], [ -84.082465189172169, 10.198990650853878 ], [ -84.08383487403573, 10.197579723989364 ], [ -84.084560942814917, 10.194787997113469 ], [ -84.086392478137014, 10.193330598419793 ], [ -84.088806057715985, 10.19310203787402 ], [ -84.09094820779444, 10.191605411639451 ], [ -84.096174335716825, 10.191627025812236 ], [ -84.101108771522846, 10.199340761596881 ], [ -84.099961308834949, 10.208346391479449 ], [ -84.100362741770326, 10.210652242687829 ], [ -84.098791174463756, 10.214589377064604 ], [ -84.099523055908676, 10.217332083018768 ], [ -84.097662936594759, 10.219562101352977 ], [ -84.09719866418132, 10.222612377821845 ], [ -84.095614405416597, 10.225341036811606 ], [ -84.09132977243533, 10.228170160554161 ], [ -84.090864906523791, 10.22939912284834 ], [ -84.087342805364017, 10.230369990577568 ], [ -84.084779651302412, 10.23232177024166 ], [ -84.08338898003278, 10.241790215023858 ], [ -84.081922862120265, 10.243723278803838 ], [ -84.080996363360242, 10.249928004853965 ], [ -84.080185027483964, 10.250770294155327 ], [ -84.081789629408036, 10.253946854806893 ], [ -84.080785721203213, 10.257399662907558 ], [ -84.077616995081442, 10.258453047876863 ], [ -84.076902406354833, 10.259965147144621 ], [ -84.075086327711219, 10.261247843657751 ], [ -84.075014572261239, 10.262635549407692 ], [ -84.073631671042065, 10.264495107447678 ], [ -84.070544619769265, 10.265560051622291 ], [ -84.069048915254882, 10.269044095773376 ], [ -84.066938514316377, 10.270852768974047 ], [ -84.066781323031407, 10.273293297168136 ], [ -84.065279152038187, 10.274045335161194 ], [ -84.064881712616511, 10.276645733474071 ], [ -84.063238808275031, 10.278600791553998 ], [ -84.062037071583717, 10.278434487377206 ], [ -84.060950167896664, 10.280002642330123 ], [ -84.061189781851382, 10.28167505417548 ], [ -84.060562287441769, 10.281895926585147 ], [ -84.059994049134374, 10.284865195244809 ], [ -84.058615468144396, 10.285199811645439 ], [ -84.054613604502308, 10.290647989498849 ], [ -84.05283955941438, 10.295038848091641 ], [ -84.04906614516058, 10.298588310289864 ], [ -84.049829747014186, 10.300463643604674 ], [ -84.047969491113633, 10.302931985445504 ], [ -84.047607219447571, 10.305343672514327 ], [ -84.046041735323968, 10.306149106351112 ], [ -84.046865297666869, 10.308204310743713 ], [ -84.045742846305785, 10.309157407609792 ], [ -84.045905344508753, 10.310751509969693 ], [ -84.042171587471188, 10.314249021560784 ], [ -84.041601276352381, 10.316287569238529 ], [ -84.042723704167869, 10.318160458269739 ], [ -84.041313061764683, 10.319065031878164 ], [ -84.043589277017702, 10.320991300039637 ], [ -84.044183636177422, 10.323033482341687 ], [ -84.04381997345736, 10.326694485741669 ], [ -84.044958878736011, 10.328468461864468 ], [ -84.044674552798455, 10.329742017310627 ], [ -84.043686340303481, 10.330177553559597 ], [ -84.043724918047133, 10.332152809179442 ], [ -84.044449341781444, 10.332518094553427 ], [ -84.045122145700418, 10.335821346525243 ], [ -84.040724987177796, 10.336732028621077 ], [ -84.040921031605862, 10.337541362696385 ], [ -84.042262820471109, 10.338047106291661 ], [ -84.039998627588474, 10.341169661692598 ], [ -84.040754888247918, 10.34253582064891 ], [ -84.039212322270288, 10.3428749963351 ], [ -84.038419910876868, 10.34465821819858 ], [ -84.039927841857008, 10.345671260251702 ], [ -84.038672121110224, 10.348116211843776 ], [ -84.039681675848826, 10.349102500658066 ], [ -84.038363258601152, 10.350210556739277 ], [ -84.038248361590007, 10.351905843943458 ], [ -84.036140276942078, 10.352072760489101 ], [ -84.036414401878446, 10.35553621396811 ], [ -84.034312548366856, 10.355587980434549 ], [ -84.035963025574787, 10.357602037299436 ], [ -84.033597753431692, 10.358273927575514 ], [ -84.032415858866258, 10.360321530411415 ], [ -84.033171894572178, 10.361765010823945 ], [ -84.032436365214451, 10.364607315794641 ], [ -84.033988575764909, 10.364906245989873 ], [ -84.032095118793535, 10.367059111606038 ], [ -84.031892969739317, 10.368925064928426 ], [ -84.030817112473926, 10.369549948260477 ], [ -84.032296212773559, 10.370800670621982 ], [ -84.030260220370394, 10.370657670445416 ], [ -84.029814267544751, 10.375127430736969 ], [ -84.030721145068057, 10.376835073118238 ], [ -84.029346156499784, 10.377826449902036 ], [ -84.030039241297246, 10.378924286756126 ], [ -84.025597247665999, 10.383213346610171 ], [ -84.024895240175752, 10.38538644768474 ], [ -84.023894988368539, 10.384501867977825 ], [ -84.02278690341339, 10.384781677232136 ], [ -84.023624143427725, 10.386182980996038 ], [ -84.02239490965944, 10.387023001138459 ], [ -84.022453574064571, 10.389543652403933 ], [ -84.020652945860718, 10.389275680065522 ], [ -84.019085724152177, 10.391847459095743 ], [ -84.016611480075213, 10.39114231882669 ], [ -84.015606779799072, 10.39278756599048 ], [ -84.012425051522825, 10.393074966033064 ], [ -84.011618878482338, 10.394579591467597 ], [ -84.007565278667798, 10.395623805111301 ], [ -84.005984118020109, 10.398187015056639 ], [ -84.002824526945986, 10.397736153468191 ], [ -83.999757696489027, 10.398915948763273 ], [ -83.999938715508165, 10.400962752709692 ], [ -83.998633595593503, 10.401520012420043 ], [ -83.999025153744341, 10.403341629783062 ], [ -83.997192298748701, 10.404029655659951 ], [ -83.99637533376773, 10.405486719754602 ], [ -83.997923686312632, 10.40684917219428 ], [ -83.995858964337458, 10.408635968228744 ], [ -83.99724034408257, 10.411148283330524 ], [ -83.995923896872043, 10.410983425995536 ], [ -83.996244995857865, 10.412104669987572 ], [ -83.995250335374052, 10.41263779025418 ], [ -83.995940003465975, 10.414094364599487 ], [ -83.995584879541354, 10.41503561305816 ], [ -83.994786918459454, 10.414227900979535 ], [ -83.993189286289791, 10.415357135920271 ], [ -83.993385539186818, 10.41585065833252 ], [ -83.995682708356654, 10.419324353484727 ], [ -83.997466598895528, 10.4206821091345 ], [ -83.99853225906142, 10.426802884855329 ], [ -84.001205156223165, 10.427515743565102 ], [ -84.000720324430816, 10.429601732173865 ], [ -84.00173969714335, 10.43058344788113 ], [ -84.00266156803805, 10.428468174669685 ], [ -84.003338602189217, 10.428524909383372 ], [ -84.008147618247108, 10.43747827932407 ], [ -84.01109028059247, 10.439117180590177 ], [ -84.006073703240986, 10.438617839650503 ], [ -84.006192939842066, 10.443671100200568 ], [ -83.996087563129976, 10.441890743618561 ], [ -83.993571976299762, 10.440082408669211 ], [ -83.987931779997552, 10.441647431604782 ], [ -83.978401026450271, 10.440794140813365 ], [ -83.974849366804733, 10.443041884418234 ], [ -83.971143090423169, 10.443882638575628 ], [ -83.957662090151686, 10.44080995816846 ], [ -83.942363825619637, 10.445167930709655 ], [ -83.940935038452153, 10.444518039186857 ], [ -83.940051763110716, 10.442708448229645 ], [ -83.935392293962437, 10.442359106807672 ], [ -83.935017423562627, 10.446362201017433 ], [ -83.935909084175364, 10.449493820244259 ], [ -83.942315769350657, 10.458768912374588 ], [ -83.945272050455969, 10.460750386481449 ], [ -83.832082762046639, 10.460656952645923 ] ] ] } },
{ "type": "Feature", "properties": { "cod_distrito": 21002, "distrito": "Florencia", "canton": "San Carlos" }, "geometry": { "type": "Polygon", "coordinates": [ [ [ -84.454133287937907, 10.482677550078018 ], [ -84.454100184189869, 10.475560000461858 ], [ -84.451861225536518, 10.473321706343912 ], [ -84.453179625497981, 10.472451466050613 ], [ -84.452930964478682, 10.470985406923926 ], [ -84.456297851173233, 10.469385004582776 ], [ -84.455261440465407, 10.468042078176492 ], [ -84.45665993228269, 10.467420497595912 ], [ -84.456617280131141, 10.466667258455979 ], [ -84.455112032175776, 10.464103097978324 ], [ -84.45742355662513, 10.463003204404576 ], [ -84.458198882390946, 10.459487721993668 ], [ -84.457098456987353, 10.458660094234286 ], [ -84.455490741705177, 10.458627426873198 ], [ -84.454588879268272, 10.45754026743808 ], [ -84.452318741223721, 10.45871268373771 ], [ -84.450081671457454, 10.457425375206769 ], [ -84.450238826886462, 10.456601475829821 ], [ -84.451489528771447, 10.456592528864626 ], [ -84.451409332037557, 10.455823154406595 ], [ -84.450635045950989, 10.45482829952733 ], [ -84.446991033081588, 10.454178221804462 ], [ -84.446038117053575, 10.450313767653348 ], [ -84.444634913343663, 10.44974104933446 ], [ -84.442297436577107, 10.44711975539199 ], [ -84.439339728771273, 10.44741808432379 ], [ -84.435392349606715, 10.444153382139801 ], [ -84.434454156582547, 10.440791544486924 ], [ -84.435043924946442, 10.435910445703934 ], [ -84.434115132303091, 10.434134878452625 ], [ -84.434799110289532, 10.432486263028403 ], [ -84.432403415110699, 10.428382302980092 ], [ -84.426735857281301, 10.427971289661549 ], [ -84.424105933169983, 10.43104035265986 ], [ -84.414198690236788, 10.434937929716613 ], [ -84.414384901752712, 10.436474231187361 ], [ -84.411028643659833, 10.435670964726715 ], [ -84.407878085104912, 10.435827510083465 ], [ -84.406619380845569, 10.436594623040714 ], [ -84.403939314556311, 10.435939530641527 ], [ -84.517400251661087, 10.249418852005691 ], [ -84.518805177219633, 10.255137370779929 ], [ -84.517884491545828, 10.256582974402084 ], [ -84.518207162492175, 10.25914677233918 ], [ -84.519258737265133, 10.26112953676059 ], [ -84.518713910686799, 10.262935517029337 ], [ -84.516965982580572, 10.264823704740165 ], [ -84.518140807597163, 10.27072665531743 ], [ -84.51783869210324, 10.272218013597483 ], [ -84.521769534602583, 10.277945511576645 ], [ -84.521051809502438, 10.280682219709865 ], [ -84.522158802761581, 10.28160966163135 ], [ -84.522644292429462, 10.283989737766253 ], [ -84.522209343928921, 10.288165282679669 ], [ -84.523350001291831, 10.289779806738936 ], [ -84.522838930975283, 10.291000130334849 ], [ -84.523829685918798, 10.29175316339154 ], [ -84.523751175497836, 10.29369112175354 ], [ -84.524839517662343, 10.294569486941885 ], [ -84.524463278234066, 10.299562861926439 ], [ -84.525569418754998, 10.301277879770801 ], [ -84.52371928856067, 10.309479432281345 ], [ -84.524708108899844, 10.314037192989247 ], [ -84.523000707847601, 10.31908645855626 ], [ -84.523258510687057, 10.323850292258133 ], [ -84.5223149813378, 10.325411667903568 ], [ -84.521596493188014, 10.33060039048398 ], [ -84.519950631563006, 10.33330419193663 ], [ -84.520598993360437, 10.337095325095641 ], [ -84.51948531896663, 10.345108098765161 ], [ -84.520393385867735, 10.348763782898127 ], [ -84.518918591824132, 10.352552857454796 ], [ -84.519286135135104, 10.354422168028009 ], [ -84.51828906088231, 10.355964738727252 ], [ -84.518439598756729, 10.35810163267686 ], [ -84.520853486073477, 10.359833899133935 ], [ -84.522823844715646, 10.365557321180473 ], [ -84.526540062611616, 10.366198788892653 ], [ -84.528773929806064, 10.373961566672536 ], [ -84.531870238886981, 10.372747145186342 ], [ -84.532494325679693, 10.373063037371633 ], [ -84.533129042527392, 10.376428611369658 ], [ -84.536207080375604, 10.37505695126589 ], [ -84.537931694170936, 10.376371724339339 ], [ -84.540314313897866, 10.382462610374668 ], [ -84.552437298678996, 10.399456972192525 ], [ -84.554339781824751, 10.400303211923296 ], [ -84.554282659481814, 10.405735571798452 ], [ -84.557899146934403, 10.415776913563382 ], [ -84.558145416322972, 10.423857345960494 ], [ -84.557415151995471, 10.429025690398408 ], [ -84.555258748934548, 10.431297215455087 ], [ -84.552786435144739, 10.4359745571214 ], [ -84.548800024367651, 10.434968410766896 ], [ -84.545543182408579, 10.435718272402854 ], [ -84.543627974539064, 10.437004702808609 ], [ -84.540374664551422, 10.435604076094831 ], [ -84.535266421991196, 10.438414963710585 ], [ -84.531783933194717, 10.442695201082277 ], [ -84.529815079432041, 10.442360777204268 ], [ -84.530056181160191, 10.439649731491725 ], [ -84.528757813408959, 10.439519592719902 ], [ -84.527187118508252, 10.444225387532004 ], [ -84.525638419527723, 10.445679094525664 ], [ -84.521423586040299, 10.447116552405898 ], [ -84.519647213346587, 10.445138127056847 ], [ -84.51872900764657, 10.445280282253927 ], [ -84.516712067278277, 10.448548708961418 ], [ -84.518647049901176, 10.451961523744128 ], [ -84.519262300480179, 10.452458055964057 ], [ -84.52222380933182, 10.451959418190063 ], [ -84.523454092401664, 10.452579794954227 ], [ -84.523329683046228, 10.454368671359656 ], [ -84.520934077455578, 10.456804849869773 ], [ -84.52146214365564, 10.458394584722713 ], [ -84.523697218587515, 10.460231742466794 ], [ -84.524013522882569, 10.46438057282457 ], [ -84.523161054371087, 10.465971129884601 ], [ -84.524291826509241, 10.467958009328449 ], [ -84.522138370129809, 10.468111336536518 ], [ -84.520420224501422, 10.469875282481041 ], [ -84.518882692170038, 10.470101936277294 ], [ -84.518654424981762, 10.470763736372461 ], [ -84.519903873825157, 10.471778561493847 ], [ -84.518607981894633, 10.473486078513817 ], [ -84.515032981048634, 10.472989461751919 ], [ -84.513105138864219, 10.473624865702876 ], [ -84.511066282238502, 10.475500033990523 ], [ -84.510001938557835, 10.4782903282848 ], [ -84.508088087096311, 10.477143569810421 ], [ -84.507016945103189, 10.477284262580159 ], [ -84.505913277442673, 10.48105582324593 ], [ -84.501178022095914, 10.479474973120634 ], [ -84.499276926594618, 10.47962651249834 ], [ -84.497711441230123, 10.48223419699494 ], [ -84.494375878510354, 10.484395941193084 ], [ -84.491937613884247, 10.482667883837443 ], [ -84.490520812644831, 10.483793805989162 ], [ -84.487881048484496, 10.483565827994498 ], [ -84.487541655095072, 10.484465808112121 ], [ -84.488373811142552, 10.485114008939499 ], [ -84.46050109715415, 10.485152917031023 ], [ -84.45941783410926, 10.483523582105647 ], [ -84.455804490380402, 10.483818864886143 ], [ -84.455281449816624, 10.482904856389217 ], [ -84.454133287937907, 10.482677550078018 ] ] ] } },
{ "type": "Feature", "properties": { "cod_distrito": 21009, "distrito": "La Palmera", "canton": "San Carlos" }, "geometry": { "type": "Polygon", "coordinates": [ [ [ -84.403663108539305, 10.473021603053326 ], [ -84.400451273400662, 10.470811624393484 ], [ -84.401390156207199, 10.467912602405603 ], [ -84.399938032501368, 10.466126168273959 ], [ -84.399807382388317, 10.464392430298131 ], [ -84.395738326609191, 10.465974675809866 ], [ -84.393325630211905, 10.464732760386514 ], [ -84.39232820048349, 10.468746658445022 ], [ -84.39079758254482, 10.467235229570617 ], [ -84.388654747209472, 10.468882204645041 ], [ -84.387499893489164, 10.468390513894144 ], [ -84.387736820823307, 10.46582977567131 ], [ -84.387064467420231, 10.465282672424323 ], [ -84.380947623865339, 10.465452149609922 ], [ -84.379539571421702, 10.46503325843636 ], [ -84.379303649842086, 10.46393829654934 ], [ -84.377373286613675, 10.463498113262398 ], [ -84.376457707443706, 10.459138817213999 ], [ -84.375000163871604, 10.458129836540326 ], [ -84.373211016435221, 10.45530654856262 ], [ -84.373957444503318, 10.452973262776332 ], [ -84.372470052502678, 10.452101846694168 ], [ -84.370428544478159, 10.448007731961912 ], [ -84.371527994796878, 10.446051986171645 ], [ -84.371093006801331, 10.444868560685844 ], [ -84.369721653987952, 10.444159794065605 ], [ -84.371032910837926, 10.440621853713932 ], [ -84.369712626740622, 10.438408574495687 ], [ -84.370049168829283, 10.435222823984144 ], [ -84.369319972264989, 10.433334057844442 ], [ -84.365756203033541, 10.432247509641966 ], [ -84.365810364487771, 10.430273466901435 ], [ -84.363966268775499, 10.429325338191932 ], [ -84.364129233376744, 10.426553016916653 ], [ -84.360900838337045, 10.423244359077451 ], [ -84.358515303361571, 10.421628940899822 ], [ -84.352752633561906, 10.421026417795369 ], [ -84.350622454867903, 10.420030406243757 ], [ -84.350929784365832, 10.417537421735698 ], [ -84.349708051945967, 10.416667219816118 ], [ -84.349157277321055, 10.413382012507746 ], [ -84.34676342043241, 10.407548337837614 ], [ -84.34588378879576, 10.400491130878992 ], [ -84.347891772140855, 10.394930188523444 ], [ -84.35062769727034, 10.390720942996895 ], [ -84.352656445824692, 10.385057072604512 ], [ -84.352816182099545, 10.381237740681657 ], [ -84.353806518970657, 10.379645755206329 ], [ -84.352484990507477, 10.378184958743647 ], [ -84.352846499447949, 10.371970735111613 ], [ -84.351936817968053, 10.368051920778324 ], [ -84.354306975756856, 10.362189887022632 ], [ -84.351030681207178, 10.35933453188145 ], [ -84.350752437670593, 10.356690496605031 ], [ -84.348889358002197, 10.355687416560578 ], [ -84.349254845282942, 10.348823858366703 ], [ -84.346933006788362, 10.347987547491989 ], [ -84.345873418051241, 10.346297797014998 ], [ -84.347259742902082, 10.344666789619868 ], [ -84.347343658437495, 10.342845143911976 ], [ -84.346446530487029, 10.341727015483716 ], [ -84.347248302767014, 10.340895205038457 ], [ -84.345434846307143, 10.338659100449796 ], [ -84.344989975259779, 10.336731909540715 ], [ -84.346687730691912, 10.335341965425147 ], [ -84.344662978097801, 10.334230934990579 ], [ -84.343539619997799, 10.332355135531524 ], [ -84.343682046935626, 10.320848177207903 ], [ -84.342340721064517, 10.319423129340892 ], [ -84.341116647682, 10.315844176322079 ], [ -84.339992925450971, 10.31495918609566 ], [ -84.340015021859301, 10.312845032341306 ], [ -84.340918906058775, 10.312259546661656 ], [ -84.34063547312735, 10.310992158655187 ], [ -84.339173492136311, 10.309711057814095 ], [ -84.339050540077878, 10.306400649602299 ], [ -84.340006417499765, 10.303308568462919 ], [ -84.338682423991415, 10.299908286403051 ], [ -84.339889193830743, 10.298260953140019 ], [ -84.341176696842695, 10.291689384761158 ], [ -84.343331369832384, 10.289915402572435 ], [ -84.34305198747029, 10.288879563507606 ], [ -84.344854782528557, 10.286625573331285 ], [ -84.345291449815463, 10.28260691105366 ], [ -84.346350835924625, 10.281323588483653 ], [ -84.345994831048472, 10.28013006645941 ], [ -84.347104654975894, 10.278861954369628 ], [ -84.347275683097848, 10.273786458161199 ], [ -84.349630969899607, 10.271177334983195 ], [ -84.349123689054963, 10.266588454214732 ], [ -84.350118595362389, 10.26465061080135 ], [ -84.353946249324679, 10.262121872592239 ], [ -84.354707992296142, 10.259511398558855 ], [ -84.352525027851655, 10.25614332095912 ], [ -84.35176096830962, 10.246483710250544 ], [ -84.352433483609445, 10.246992698840611 ], [ -84.355061446822845, 10.246596330069439 ], [ -84.356877106313405, 10.247468370615607 ], [ -84.357771772939586, 10.253299344155808 ], [ -84.359868507682179, 10.257730627862378 ], [ -84.358136125730198, 10.259221590772801 ], [ -84.35821529202704, 10.261252021635052 ], [ -84.359104449368857, 10.261927878483847 ], [ -84.358219113269939, 10.264644673774921 ], [ -84.35913087296484, 10.268809318080509 ], [ -84.360614155865846, 10.269628387441177 ], [ -84.361193244001569, 10.273335723859322 ], [ -84.360131547900053, 10.276890073730781 ], [ -84.3575990333877, 10.280041355036481 ], [ -84.360240238414676, 10.282087686934066 ], [ -84.358062442427354, 10.286394047863959 ], [ -84.359319169019301, 10.286954831981005 ], [ -84.360495434198739, 10.289314735369526 ], [ -84.361907770803256, 10.290414718877924 ], [ -84.363825454464504, 10.295586568779649 ], [ -84.362938823473812, 10.297107168859855 ], [ -84.3641069393028, 10.300319533030025 ], [ -84.361938433465539, 10.304430300100881 ], [ -84.364130086206004, 10.307893271534219 ], [ -84.366712577242026, 10.315445677795436 ], [ -84.364461676981733, 10.322008846178406 ], [ -84.363326299673929, 10.328162758101342 ], [ -84.36517300671261, 10.329766515396445 ], [ -84.365216037300428, 10.332212172292666 ], [ -84.366504281965561, 10.333998039219324 ], [ -84.368610805573027, 10.336414839682048 ], [ -84.369690860559118, 10.336584884606813 ], [ -84.370071676840141, 10.338804280703565 ], [ -84.373409362725354, 10.338638954921205 ], [ -84.374241207853586, 10.343215261192659 ], [ -84.377728667191221, 10.344141084083974 ], [ -84.378077324255514, 10.346202746651835 ], [ -84.379895183144669, 10.348037911205449 ], [ -84.379731243157366, 10.349553447953481 ], [ -84.380829771483178, 10.349486523400254 ], [ -84.381239828296245, 10.351111737592143 ], [ -84.382416456568734, 10.351832569410998 ], [ -84.381469308627061, 10.353706563384911 ], [ -84.384022519948161, 10.357038021752 ], [ -84.383561344815618, 10.358014741007844 ], [ -84.384020118415236, 10.360432762857842 ], [ -84.383090337051854, 10.362112361457006 ], [ -84.383561851250349, 10.363763592696218 ], [ -84.382163150358068, 10.36451097561975 ], [ -84.381843254403123, 10.366573092254932 ], [ -84.379540209078002, 10.367080231504456 ], [ -84.377090934929541, 10.370123909836867 ], [ -84.37804969583155, 10.371006606748002 ], [ -84.377820437072899, 10.37188298146209 ], [ -84.379224771978983, 10.372960877071462 ], [ -84.379499186591161, 10.374670757495004 ], [ -84.381164093349753, 10.374982765919643 ], [ -84.382162840208593, 10.378587617545838 ], [ -84.384733260244076, 10.380336431308049 ], [ -84.385591810566623, 10.382963977923923 ], [ -84.392629288992907, 10.38829295390442 ], [ -84.395702714501937, 10.389142544418702 ], [ -84.397869975126483, 10.388501995704161 ], [ -84.39941743687605, 10.391636983289256 ], [ -84.400519136883048, 10.391210203070449 ], [ -84.401863941759288, 10.391764708912371 ], [ -84.402756699258788, 10.395465545821638 ], [ -84.400426776440938, 10.396945660909989 ], [ -84.400075771699875, 10.39834913454726 ], [ -84.399116576242221, 10.398496718745475 ], [ -84.399505357698871, 10.400198848337693 ], [ -84.397485506207062, 10.403165117526063 ], [ -84.3981666871464, 10.404017422859129 ], [ -84.397526053469619, 10.404907675946891 ], [ -84.399724079887619, 10.404404928067922 ], [ -84.401354562974575, 10.407395765230714 ], [ -84.39977733274722, 10.408162979686987 ], [ -84.401236499275214, 10.408992068631253 ], [ -84.401106478435352, 10.409777698251526 ], [ -84.399481913201271, 10.410236704340116 ], [ -84.398139388355531, 10.412156118253922 ], [ -84.399565672277987, 10.41299784157173 ], [ -84.39882213183364, 10.414521908565245 ], [ -84.39987898699799, 10.415989424036503 ], [ -84.39867777318959, 10.418206319965783 ], [ -84.400294369878779, 10.419011914184431 ], [ -84.398579056460093, 10.421339048387388 ], [ -84.400067676988726, 10.422999902064729 ], [ -84.39853972934678, 10.424415746660125 ], [ -84.401404074720375, 10.425415275551163 ], [ -84.399406052746613, 10.429009233995369 ], [ -84.40064109448835, 10.430891974894502 ], [ -84.401744943048939, 10.43053968424368 ], [ -84.402610913269982, 10.431104944654839 ], [ -84.400129561085976, 10.43260679949603 ], [ -84.400259913025749, 10.433187446682723 ], [ -84.404854759672006, 10.436261957915994 ], [ -84.406619380845569, 10.436594623040714 ], [ -84.407878085104912, 10.435827510083465 ], [ -84.411028643659833, 10.435670964726715 ], [ -84.414384901752712, 10.436474231187361 ], [ -84.414198690236788, 10.434937929716613 ], [ -84.424105933169983, 10.43104035265986 ], [ -84.426735857281301, 10.427971289661549 ], [ -84.432137289560316, 10.428167364134017 ], [ -84.434799110289532, 10.432486263028403 ], [ -84.434115132303091, 10.434134878452625 ], [ -84.435043924946442, 10.435910445703934 ], [ -84.434454156582547, 10.440791544486924 ], [ -84.435392349606715, 10.444153382139801 ], [ -84.439339728771273, 10.44741808432379 ], [ -84.442297436577107, 10.44711975539199 ], [ -84.444634913343663, 10.44974104933446 ], [ -84.446038117053575, 10.450313767653348 ], [ -84.446991033081588, 10.454178221804462 ], [ -84.450635045950989, 10.45482829952733 ], [ -84.451409332037557, 10.455823154406595 ], [ -84.451489528771447, 10.456592528864626 ], [ -84.450238826886462, 10.456601475829821 ], [ -84.450081671457454, 10.457425375206769 ], [ -84.452318741223721, 10.45871268373771 ], [ -84.454588879268272, 10.45754026743808 ], [ -84.455490741705177, 10.458627426873198 ], [ -84.457098456987353, 10.458660094234286 ], [ -84.458232307928583, 10.459619244337654 ], [ -84.45742355662513, 10.463003204404576 ], [ -84.455112032175776, 10.464103097978324 ], [ -84.456617280131141, 10.466667258455979 ], [ -84.45665993228269, 10.467420497595912 ], [ -84.455261440465407, 10.468042078176492 ], [ -84.456297851173233, 10.469385004582776 ], [ -84.452930964478682, 10.470985406923926 ], [ -84.453179625497981, 10.472451466050613 ], [ -84.451861225536518, 10.473321706343912 ], [ -84.454100184189869, 10.475560000461858 ], [ -84.454133287937907, 10.482677550078018 ], [ -84.45248504933231, 10.485236003203001 ], [ -84.451373972753188, 10.48475416445153 ], [ -84.450373204180408, 10.485738123896292 ], [ -84.446785514252724, 10.484491777005857 ], [ -84.445327275272788, 10.483149698911109 ], [ -84.444192230878372, 10.485029645978118 ], [ -84.443023451119771, 10.485108784546991 ], [ -84.442004932027075, 10.483769618369452 ], [ -84.441847680549785, 10.485371649477365 ], [ -84.440907111497339, 10.485542960520007 ], [ -84.43851135651154, 10.480942686558448 ], [ -84.435152482003929, 10.479917086059183 ], [ -84.433785747064931, 10.48085191005854 ], [ -84.432505606434262, 10.480621013143809 ], [ -84.432015253248778, 10.482146705302094 ], [ -84.430776700724252, 10.482689043926294 ], [ -84.429196722708497, 10.481569212360018 ], [ -84.428349959784981, 10.483155199743033 ], [ -84.426138438401821, 10.48375445327668 ], [ -84.423870303315326, 10.482791513277542 ], [ -84.422558748630493, 10.484089722326818 ], [ -84.423070215214878, 10.481729770290013 ], [ -84.421798734277303, 10.480492559110559 ], [ -84.420533657415277, 10.48082979285925 ], [ -84.419931037976852, 10.479600763442161 ], [ -84.417284667500311, 10.478003866728155 ], [ -84.415675728234078, 10.476357246231943 ], [ -84.415614650240457, 10.474487125966444 ], [ -84.414766371213375, 10.474550431058557 ], [ -84.413520824328884, 10.476707847917016 ], [ -84.411788606867646, 10.473365643607766 ], [ -84.411255669695805, 10.474549614213817 ], [ -84.408835880980604, 10.473323732685424 ], [ -84.407585416464315, 10.474495125238548 ], [ -84.405471657679314, 10.472567269114037 ], [ -84.403663108539305, 10.473021603053326 ] ] ] } },
{ "type": "Feature", "properties": { "cod_distrito": 21004, "distrito": "Aguas Zarcas", "canton": "San Carlos" }, "geometry": { "type": "Polygon", "coordinates": [ [ [ -84.331833289191692, 10.590201659149233 ], [ -84.332814812486731, 10.586565233971006 ], [ -84.33230082701111, 10.585444259822843 ], [ -84.332715600424436, 10.581249668976184 ], [ -84.331263679193583, 10.580072020719015 ], [ -84.330053341952109, 10.580092402331529 ], [ -84.32974135600611, 10.579316533978458 ], [ -84.330955419384736, 10.569786346072048 ], [ -84.328525505520403, 10.568743307386272 ], [ -84.329162856625089, 10.565381321575025 ], [ -84.328617943603234, 10.563310719177197 ], [ -84.325190759017389, 10.562373523619829 ], [ -84.328226064062378, 10.558979051338012 ], [ -84.325404644585163, 10.556399291827669 ], [ -84.325139203383912, 10.555387189834711 ], [ -84.329157343320901, 10.552942779590817 ], [ -84.330206874229575, 10.550000815486442 ], [ -84.32632324906649, 10.549189066218409 ], [ -84.325350516532509, 10.544898868414322 ], [ -84.325305045824052, 10.543194330556938 ], [ -84.326384585246842, 10.540853280002034 ], [ -84.328744329589028, 10.540343773168804 ], [ -84.329329416676771, 10.539591472528238 ], [ -84.329263715516518, 10.536303349428261 ], [ -84.328742436331893, 10.535921969105424 ], [ -84.326993312405691, 10.536640875073203 ], [ -84.327845927128195, 10.532110279478587 ], [ -84.325455229751228, 10.528463151195046 ], [ -84.322585222272679, 10.5292880747984 ], [ -84.320092508485004, 10.526304409625405 ], [ -84.317622256404448, 10.518507132957936 ], [ -84.31892483801893, 10.515756966781593 ], [ -84.318956924230179, 10.514048889186949 ], [ -84.317854788584782, 10.513366354380002 ], [ -84.315862545109468, 10.513846258259003 ], [ -84.315334470436028, 10.512765500987209 ], [ -84.316234620270194, 10.508913127520756 ], [ -84.317766044562916, 10.507806388378709 ], [ -84.320389710436586, 10.501674877069382 ], [ -84.321368657148099, 10.497348602220278 ], [ -84.324303179618965, 10.494359389426972 ], [ -84.325108877752655, 10.490920415627436 ], [ -84.323441768088983, 10.488217253250992 ], [ -84.323069711428133, 10.484185108753941 ], [ -84.318832120162753, 10.480718774087876 ], [ -84.320357032728836, 10.475562206048879 ], [ -84.318651857649627, 10.472084196065827 ], [ -84.318622863184487, 10.469635204968551 ], [ -84.315246058151772, 10.469512200898995 ], [ -84.314490608402451, 10.468857633071437 ], [ -84.315143487468205, 10.465263120042845 ], [ -84.314457315111753, 10.461808388486178 ], [ -84.31160501982869, 10.458780628369327 ], [ -84.309495632263534, 10.459361765111709 ], [ -84.308606107577546, 10.458612285210238 ], [ -84.307835340412623, 10.454249191261621 ], [ -84.305340930848914, 10.452164210822126 ], [ -84.303117506022161, 10.446468146626351 ], [ -84.301286799855646, 10.446026808906433 ], [ -84.301691152182372, 10.442422768894428 ], [ -84.300525473168705, 10.440474348859187 ], [ -84.300841643097385, 10.438258685289938 ], [ -84.300000132461207, 10.437296342103158 ], [ -84.2985683195147, 10.4285372968455 ], [ -84.299054694510517, 10.424281959159719 ], [ -84.300787509593533, 10.422687656703225 ], [ -84.299116273408913, 10.420295524357094 ], [ -84.298586736200207, 10.414166598234608 ], [ -84.299475667780214, 10.411688563538775 ], [ -84.301150486663701, 10.41129057814492 ], [ -84.301081413382093, 10.409822878578337 ], [ -84.302601591065041, 10.408762141691817 ], [ -84.302694283831599, 10.40705967744851 ], [ -84.305005107860097, 10.404769382818863 ], [ -84.304953026951921, 10.40164864133912 ], [ -84.306922821390515, 10.400655087937569 ], [ -84.306500494589997, 10.398993718195836 ], [ -84.307488227810623, 10.396669143828696 ], [ -84.309452469571795, 10.394612368909756 ], [ -84.309554663228724, 10.392320292011069 ], [ -84.311330719197557, 10.389212594799348 ], [ -84.313431994373545, 10.38719620117282 ], [ -84.314127923060354, 10.384228069827218 ], [ -84.319844057933054, 10.377699993421071 ], [ -84.321354733388503, 10.373425299524172 ], [ -84.320626315178885, 10.371989459050933 ], [ -84.321727802670267, 10.368555785047947 ], [ -84.323491530948303, 10.367541556042486 ], [ -84.323591875391614, 10.366403567582323 ], [ -84.32597622794249, 10.363557704748118 ], [ -84.326408172148817, 10.360845671079336 ], [ -84.329584827884062, 10.355701362576374 ], [ -84.329313397713662, 10.354451011454183 ], [ -84.330609568696062, 10.3510494121818 ], [ -84.331772148177734, 10.349201900911732 ], [ -84.333846858453171, 10.348158626744461 ], [ -84.333509693366196, 10.34501018078943 ], [ -84.332353110875033, 10.343774539077035 ], [ -84.33218453948902, 10.340984490723789 ], [ -84.331116914850043, 10.339732639008428 ], [ -84.331679409017894, 10.336657382448449 ], [ -84.3269759954309, 10.3298078884263 ], [ -84.326040874907562, 10.327232335784712 ], [ -84.327453353822648, 10.323430588704353 ], [ -84.329325383580041, 10.322270091754028 ], [ -84.328395165319975, 10.320952893940623 ], [ -84.329345430815437, 10.320426914667895 ], [ -84.330293670125272, 10.321363878126689 ], [ -84.331173610132922, 10.320927082575801 ], [ -84.33104717134411, 10.316846414752289 ], [ -84.332049645054809, 10.314655983336586 ], [ -84.330780675639559, 10.309817057112893 ], [ -84.332288109130189, 10.305246225001975 ], [ -84.330862132976094, 10.299032217209483 ], [ -84.330751890900046, 10.294030693944233 ], [ -84.329509399794418, 10.292736642860742 ], [ -84.329114626810821, 10.289522381124206 ], [ -84.329855911756852, 10.286259686848197 ], [ -84.331926544606617, 10.28271886045254 ], [ -84.33255404151214, 10.277515984832311 ], [ -84.331704788509114, 10.274294752945105 ], [ -84.329904548689086, 10.27236332836112 ], [ -84.329693784778513, 10.268766501878909 ], [ -84.332720303842336, 10.266824286607733 ], [ -84.333336187971454, 10.260724124669913 ], [ -84.334537797223575, 10.258861892755638 ], [ -84.336075716417653, 10.258150821661259 ], [ -84.340773729500881, 10.25854308869835 ], [ -84.343350485035117, 10.256950240936943 ], [ -84.344034428423484, 10.25377200988223 ], [ -84.345542892302873, 10.252160049910222 ], [ -84.348412284058895, 10.251639948749153 ], [ -84.349841348893392, 10.248457572842836 ], [ -84.35176096830962, 10.246483710250544 ], [ -84.352525027851655, 10.25614332095912 ], [ -84.354707992296142, 10.259511398558855 ], [ -84.353946249324679, 10.262121872592239 ], [ -84.350118595362389, 10.26465061080135 ], [ -84.349123689054963, 10.266588454214732 ], [ -84.349630969899607, 10.271177334983195 ], [ -84.347275683097848, 10.273786458161199 ], [ -84.347104654975894, 10.278861954369628 ], [ -84.345994831048472, 10.28013006645941 ], [ -84.346350835924625, 10.281323588483653 ], [ -84.345291449815463, 10.28260691105366 ], [ -84.344854782528557, 10.286625573331285 ], [ -84.34305198747029, 10.288879563507606 ], [ -84.343331369832384, 10.289915402572435 ], [ -84.341176696842695, 10.291689384761158 ], [ -84.339889193830743, 10.298260953140019 ], [ -84.338682423991415, 10.299908286403051 ], [ -84.340006417499765, 10.303308568462919 ], [ -84.339050540077878, 10.306400649602299 ], [ -84.339173492136311, 10.309711057814095 ], [ -84.34063547312735, 10.310992158655187 ], [ -84.340918906058775, 10.312259546661656 ], [ -84.340015021859301, 10.312845032341306 ], [ -84.339992925450971, 10.31495918609566 ], [ -84.341116647682, 10.315844176322079 ], [ -84.342340721064517, 10.319423129340892 ], [ -84.343682046935626, 10.320848177207903 ], [ -84.343539619997799, 10.332355135531524 ], [ -84.344662978097801, 10.334230934990579 ], [ -84.346687730691912, 10.335341965425147 ], [ -84.344989975259779, 10.336731909540715 ], [ -84.345434846307143, 10.338659100449796 ], [ -84.347248302767014, 10.340895205038457 ], [ -84.346446530487029, 10.341727015483716 ], [ -84.347343658437495, 10.342845143911976 ], [ -84.347259742902082, 10.344666789619868 ], [ -84.345873418051241, 10.346297797014998 ], [ -84.346933006788362, 10.347987547491989 ], [ -84.349254845282942, 10.348823858366703 ], [ -84.348889358002197, 10.355687416560578 ], [ -84.350752437670593, 10.356690496605031 ], [ -84.351030681207178, 10.35933453188145 ], [ -84.354306975756856, 10.362189887022632 ], [ -84.351936817968053, 10.368051920778324 ], [ -84.352846499447949, 10.371970735111613 ], [ -84.352484990507477, 10.378184958743647 ], [ -84.353806518970657, 10.379645755206329 ], [ -84.352816182099545, 10.381237740681657 ], [ -84.352656445824692, 10.385057072604512 ], [ -84.35062769727034, 10.390720942996895 ], [ -84.347891772140855, 10.394930188523444 ], [ -84.34588378879576, 10.400491130878992 ], [ -84.34676342043241, 10.407548337837614 ], [ -84.349157277321055, 10.413382012507746 ], [ -84.349708051945967, 10.416667219816118 ], [ -84.350929784365832, 10.417537421735698 ], [ -84.350622454867903, 10.420030406243757 ], [ -84.352752633561906, 10.421026417795369 ], [ -84.358515303361571, 10.421628940899822 ], [ -84.360900838337045, 10.423244359077451 ], [ -84.364129233376744, 10.426553016916653 ], [ -84.363966268775499, 10.429325338191932 ], [ -84.365810364487771, 10.430273466901435 ], [ -84.365756203033541, 10.432247509641966 ], [ -84.369319972264989, 10.433334057844442 ], [ -84.370049168829283, 10.435222823984144 ], [ -84.369712626740622, 10.438408574495687 ], [ -84.371032910837926, 10.440621853713932 ], [ -84.369721653987952, 10.444159794065605 ], [ -84.371093006801331, 10.444868560685844 ], [ -84.371527994796878, 10.446051986171645 ], [ -84.370428544478159, 10.448007731961912 ], [ -84.372470052502678, 10.452101846694168 ], [ -84.373957444503318, 10.452973262776332 ], [ -84.373211016435221, 10.45530654856262 ], [ -84.375000163871604, 10.458129836540326 ], [ -84.376457707443706, 10.459138817213999 ], [ -84.377373286613675, 10.463498113262398 ], [ -84.379303649842086, 10.46393829654934 ], [ -84.379539571421702, 10.46503325843636 ], [ -84.380947623865339, 10.465452149609922 ], [ -84.387064467420231, 10.465282672424323 ], [ -84.387736820823307, 10.46582977567131 ], [ -84.387499893489164, 10.468390513894144 ], [ -84.388654747209472, 10.468882204645041 ], [ -84.39079758254482, 10.467235229570617 ], [ -84.39232820048349, 10.468746658445022 ], [ -84.393325630211905, 10.464732760386514 ], [ -84.395738326609191, 10.465974675809866 ], [ -84.399886302523328, 10.464499479912535 ], [ -84.399938032501368, 10.466126168273959 ], [ -84.401390156207199, 10.467912602405603 ], [ -84.400451273400662, 10.470811624393484 ], [ -84.402553889317602, 10.471993836579021 ], [ -84.397812260043523, 10.474747678496053 ], [ -84.395097528147829, 10.472620324612624 ], [ -84.393270253301907, 10.473471837275731 ], [ -84.391442683703517, 10.472833808315398 ], [ -84.390435260853351, 10.474775696647173 ], [ -84.385020317353678, 10.476186360817891 ], [ -84.38764099043658, 10.478526602416963 ], [ -84.389361522443608, 10.481585151936244 ], [ -84.389684271701427, 10.48296822778538 ], [ -84.388838240291349, 10.485920829278305 ], [ -84.390545166279679, 10.487782432888393 ], [ -84.391352072126892, 10.491213512701883 ], [ -84.393900104723201, 10.49613672071543 ], [ -84.393599995457819, 10.497463722543941 ], [ -84.395463611352582, 10.499625970957018 ], [ -84.396183531069511, 10.502446962203859 ], [ -84.399626664020346, 10.504576602928726 ], [ -84.40124351790277, 10.507906983616341 ], [ -84.402105343581724, 10.508349852642487 ], [ -84.402234782730844, 10.509860100786181 ], [ -84.40476374676787, 10.512279729148572 ], [ -84.404103459346544, 10.516390941713601 ], [ -84.406281740308842, 10.520723261524527 ], [ -84.405975038429332, 10.524433021607072 ], [ -84.403275270540178, 10.528210320314406 ], [ -84.400727525484982, 10.528230267549318 ], [ -84.39996339489285, 10.529141930040272 ], [ -84.398846361675481, 10.529413676645897 ], [ -84.398336683828788, 10.528812574035316 ], [ -84.396656166969279, 10.529698525716679 ], [ -84.406472980303661, 10.53847444803124 ], [ -84.412316682016183, 10.542176356696915 ], [ -84.409597465380031, 10.546427365683282 ], [ -84.403944356679034, 10.547281049312907 ], [ -84.402150761585602, 10.548572310318887 ], [ -84.402161985302129, 10.554125469456324 ], [ -84.40131096288296, 10.552954381049489 ], [ -84.400281651830639, 10.556049022105245 ], [ -84.398972388955301, 10.556902305470063 ], [ -84.39931948560691, 10.557977376372158 ], [ -84.397072441746715, 10.559994947857247 ], [ -84.396334393346621, 10.562696534055847 ], [ -84.394137625870144, 10.565135335061457 ], [ -84.394132124379851, 10.566747315223392 ], [ -84.390794151572493, 10.56807743451794 ], [ -84.393464944332067, 10.570975268249851 ], [ -84.392426089485056, 10.570897887280216 ], [ -84.391603110897393, 10.572236197211142 ], [ -84.38908446193777, 10.57256634429498 ], [ -84.388261440769426, 10.573768892065072 ], [ -84.387536027086128, 10.572741158346682 ], [ -84.385468620496823, 10.575611753435981 ], [ -84.383617645576678, 10.575855896805336 ], [ -84.381851479628864, 10.574622534510983 ], [ -84.382606337133694, 10.573104492368222 ], [ -84.380744322284656, 10.5726153581352 ], [ -84.379041179112065, 10.57507929211182 ], [ -84.377907540162113, 10.575242604289956 ], [ -84.377199845900464, 10.57662051263509 ], [ -84.375859405006338, 10.577321419084281 ], [ -84.374700416779149, 10.576711105663222 ], [ -84.374001958829908, 10.575225567161061 ], [ -84.372002589978322, 10.574682801502899 ], [ -84.371924054636267, 10.573654951807493 ], [ -84.370845986039868, 10.573499933305101 ], [ -84.369846506754669, 10.57491577951401 ], [ -84.370728599770928, 10.575322940397871 ], [ -84.369219403418541, 10.576021286882396 ], [ -84.370395585254016, 10.577010224035204 ], [ -84.36919997044123, 10.577475809174659 ], [ -84.36823650503797, 10.579530377098481 ], [ -84.363692542354386, 10.577347312996704 ], [ -84.361366398112551, 10.577538308939875 ], [ -84.360260421769979, 10.576310502457904 ], [ -84.357105915572447, 10.576689921384268 ], [ -84.355707151447973, 10.575495445210462 ], [ -84.354791389197132, 10.57788033194352 ], [ -84.351522281289434, 10.576001437170957 ], [ -84.346629652798327, 10.578198910832958 ], [ -84.347203148127463, 10.579626757553616 ], [ -84.349309476813474, 10.579255185563639 ], [ -84.349561297410133, 10.581854273204398 ], [ -84.343474120453536, 10.582184976910902 ], [ -84.340896002356104, 10.586572317794209 ], [ -84.341831483882345, 10.588344934784159 ], [ -84.340072348159651, 10.590133141796338 ], [ -84.334466494440065, 10.590836561150446 ], [ -84.331833289191692, 10.590201659149233 ] ] ] } },
{ "type": "Feature", "properties": { "cod_distrito": 41002, "distrito": "La Virgen", "canton": "Sarapiquí" }, "geometry": { "type": "Polygon", "coordinates": [ [ [ -84.01109028059247, 10.439117180590177 ], [ -84.008147618247108, 10.43747827932407 ], [ -84.003338602189217, 10.428524909383372 ], [ -84.00266156803805, 10.428468174669685 ], [ -84.00173969714335, 10.43058344788113 ], [ -84.000720324430816, 10.429601732173865 ], [ -84.001205156223165, 10.427515743565102 ], [ -83.99853225906142, 10.426802884855329 ], [ -83.997466598895528, 10.4206821091345 ], [ -83.995682708356654, 10.419324353484727 ], [ -83.993385539186818, 10.41585065833252 ], [ -83.993189286289791, 10.415357135920271 ], [ -83.994786918459454, 10.414227900979535 ], [ -83.995584879541354, 10.41503561305816 ], [ -83.995940003465975, 10.414094364599487 ], [ -83.995250335374052, 10.41263779025418 ], [ -83.996244995857865, 10.412104669987572 ], [ -83.995923896872043, 10.410983425995536 ], [ -83.99724034408257, 10.411148283330524 ], [ -83.995858964337458, 10.408635968228744 ], [ -83.997923686312632, 10.40684917219428 ], [ -83.99637533376773, 10.405486719754602 ], [ -83.997192298748701, 10.404029655659951 ], [ -83.999025153744341, 10.403341629783062 ], [ -83.998633595593503, 10.401520012420043 ], [ -83.999938715508165, 10.400962752709692 ], [ -83.999757696489027, 10.398915948763273 ], [ -84.002824526945986, 10.397736153468191 ], [ -84.005984118020109, 10.398187015056639 ], [ -84.007565278667798, 10.395623805111301 ], [ -84.011618878482338, 10.394579591467597 ], [ -84.012425051522825, 10.393074966033064 ], [ -84.015606779799072, 10.39278756599048 ], [ -84.016611480075213, 10.39114231882669 ], [ -84.019085724152177, 10.391847459095743 ], [ -84.020652945860718, 10.389275680065522 ], [ -84.022453574064571, 10.389543652403933 ], [ -84.02239490965944, 10.387023001138459 ], [ -84.023624143427725, 10.386182980996038 ], [ -84.02278690341339, 10.384781677232136 ], [ -84.023894988368539, 10.384501867977825 ], [ -84.024895240175752, 10.38538644768474 ], [ -84.025597247665999, 10.383213346610171 ], [ -84.030039241297246, 10.378924286756126 ], [ -84.029346156499784, 10.377826449902036 ], [ -84.030721145068057, 10.376835073118238 ], [ -84.029814267544751, 10.375127430736969 ], [ -84.030260220370394, 10.370657670445416 ], [ -84.032296212773559, 10.370800670621982 ], [ -84.030817112473926, 10.369549948260477 ], [ -84.031892969739317, 10.368925064928426 ], [ -84.032095118793535, 10.367059111606038 ], [ -84.033988575764909, 10.364906245989873 ], [ -84.032436365214451, 10.364607315794641 ], [ -84.033171894572178, 10.361765010823945 ], [ -84.032415858866258, 10.360321530411415 ], [ -84.033597753431692, 10.358273927575514 ], [ -84.035963025574787, 10.357602037299436 ], [ -84.034312548366856, 10.355587980434549 ], [ -84.036414401878446, 10.35553621396811 ], [ -84.036140276942078, 10.352072760489101 ], [ -84.038248361590007, 10.351905843943458 ], [ -84.038363258601152, 10.350210556739277 ], [ -84.039681675848826, 10.349102500658066 ], [ -84.038672121110224, 10.348116211843776 ], [ -84.039927841857008, 10.345671260251702 ], [ -84.038419910876868, 10.34465821819858 ], [ -84.039212322270288, 10.3428749963351 ], [ -84.040754888247918, 10.34253582064891 ], [ -84.039998627588474, 10.341169661692598 ], [ -84.042262820471109, 10.338047106291661 ], [ -84.040921031605862, 10.337541362696385 ], [ -84.040724987177796, 10.336732028621077 ], [ -84.045122145700418, 10.335821346525243 ], [ -84.044449341781444, 10.332518094553427 ], [ -84.043724918047133, 10.332152809179442 ], [ -84.043686340303481, 10.330177553559597 ], [ -84.044674552798455, 10.329742017310627 ], [ -84.044958878736011, 10.328468461864468 ], [ -84.04381997345736, 10.326694485741669 ], [ -84.044183636177422, 10.323033482341687 ], [ -84.043589277017702, 10.320991300039637 ], [ -84.041313061764683, 10.319065031878164 ], [ -84.042723704167869, 10.318160458269739 ], [ -84.041601276352381, 10.316287569238529 ], [ -84.042171587471188, 10.314249021560784 ], [ -84.045905344508753, 10.310751509969693 ], [ -84.045742846305785, 10.309157407609792 ], [ -84.046865297666869, 10.308204310743713 ], [ -84.046041735323968, 10.306149106351112 ], [ -84.047607219447571, 10.305343672514327 ], [ -84.047969491113633, 10.302931985445504 ], [ -84.049829747014186, 10.300463643604674 ], [ -84.04906614516058, 10.298588310289864 ], [ -84.05283955941438, 10.295038848091641 ], [ -84.054613604502308, 10.290647989498849 ], [ -84.058615468144396, 10.285199811645439 ], [ -84.059994049134374, 10.284865195244809 ], [ -84.060562287441769, 10.281895926585147 ], [ -84.061189781851382, 10.28167505417548 ], [ -84.060950167896664, 10.280002642330123 ], [ -84.062037071583717, 10.278434487377206 ], [ -84.063238808275031, 10.278600791553998 ], [ -84.064881712616511, 10.276645733474071 ], [ -84.065279152038187, 10.274045335161194 ], [ -84.066781323031407, 10.273293297168136 ], [ -84.066938514316377, 10.270852768974047 ], [ -84.069048915254882, 10.269044095773376 ], [ -84.070544619769265, 10.265560051622291 ], [ -84.073631671042065, 10.264495107447678 ], [ -84.075014572261239, 10.262635549407692 ], [ -84.075086327711219, 10.261247843657751 ], [ -84.076902406354833, 10.259965147144621 ], [ -84.077616995081442, 10.258453047876863 ], [ -84.080611895576425, 10.25772505774485 ], [ -84.081789629408036, 10.253946854806893 ], [ -84.080185027483964, 10.250770294155327 ], [ -84.080996363360242, 10.249928004853965 ], [ -84.081922862120265, 10.243723278803838 ], [ -84.08338898003278, 10.241790215023858 ], [ -84.084779651302412, 10.23232177024166 ], [ -84.087342805364017, 10.230369990577568 ], [ -84.090864906523791, 10.22939912284834 ], [ -84.09132977243533, 10.228170160554161 ], [ -84.094835762229138, 10.226085275159841 ], [ -84.096667323799906, 10.22368776486184 ], [ -84.097662936594759, 10.219562101352977 ], [ -84.099523055908676, 10.217332083018768 ], [ -84.098791174463756, 10.214589377064604 ], [ -84.100362741770326, 10.210652242687829 ], [ -84.099961308834949, 10.208346391479449 ], [ -84.101108771522846, 10.199340761596881 ], [ -84.104485420318269, 10.200184406936749 ], [ -84.104570649558624, 10.206831453059779 ], [ -84.104018279483967, 10.207278507748814 ], [ -84.104067128586507, 10.212153610613598 ], [ -84.103521339887195, 10.21276981590866 ], [ -84.103658394032649, 10.214084728292928 ], [ -84.104521375262451, 10.214478158040095 ], [ -84.103692239673251, 10.217425413042792 ], [ -84.104280577486236, 10.218573257618646 ], [ -84.102224440764672, 10.220705845736017 ], [ -84.103335746979297, 10.222878130724203 ], [ -84.102779185482788, 10.223184078422763 ], [ -84.103051842874208, 10.224611123454784 ], [ -84.105033958450377, 10.226459638922435 ], [ -84.104551199881101, 10.229675211752037 ], [ -84.105572956997946, 10.231750845829785 ], [ -84.104657363086545, 10.23431305899911 ], [ -84.105774413472261, 10.235417989224116 ], [ -84.106920718513692, 10.235327623403343 ], [ -84.106490843255813, 10.237410906595125 ], [ -84.108295858282105, 10.238334556408967 ], [ -84.109786241139844, 10.240635585300696 ], [ -84.110075920698733, 10.242054084955248 ], [ -84.108611456981734, 10.243152766704085 ], [ -84.109728320200134, 10.245777428557592 ], [ -84.108650026119903, 10.246418148933033 ], [ -84.10790406398425, 10.249500385023117 ], [ -84.109441869305456, 10.251199272354834 ], [ -84.11244361784766, 10.252484618027482 ], [ -84.113103821823714, 10.25563853841944 ], [ -84.112428437959323, 10.256896412020103 ], [ -84.113098222459158, 10.258388079003591 ], [ -84.112889326890837, 10.260287627223306 ], [ -84.114758574893713, 10.261993137706011 ], [ -84.115495677398116, 10.261198005442354 ], [ -84.117073075085997, 10.261315109825439 ], [ -84.117609486305753, 10.262408636601981 ], [ -84.11897845026607, 10.26171483828524 ], [ -84.119244184052405, 10.26285636446497 ], [ -84.120514390168992, 10.262595768433735 ], [ -84.120568714058408, 10.26397480423689 ], [ -84.122406776597842, 10.266216984535482 ], [ -84.12437374310251, 10.266460021923509 ], [ -84.124506510546482, 10.265623641257513 ], [ -84.12527500868778, 10.265482027793073 ], [ -84.128711689152837, 10.269265593744738 ], [ -84.130632539693792, 10.269460807786762 ], [ -84.131885759431853, 10.271809146440628 ], [ -84.133701923498336, 10.273293749328351 ], [ -84.13481295025457, 10.272952739755288 ], [ -84.136718302144217, 10.27585006701775 ], [ -84.140835793882346, 10.278435820762265 ], [ -84.143421083877158, 10.281355382411103 ], [ -84.144506133812513, 10.28304707515337 ], [ -84.144274187610421, 10.285344731437682 ], [ -84.14689207006451, 10.286395622618803 ], [ -84.14710280248093, 10.289208670375769 ], [ -84.149489900836357, 10.28768376961151 ], [ -84.15076006314132, 10.289782562384907 ], [ -84.152695088156165, 10.289498885994462 ], [ -84.154921215102064, 10.290402290690825 ], [ -84.156062522406899, 10.289946496436366 ], [ -84.155923195611791, 10.292389968156389 ], [ -84.157309056790709, 10.295430853081273 ], [ -84.158247033784079, 10.2945482729926 ], [ -84.158780499275082, 10.294880719365626 ], [ -84.158205888120463, 10.296938359005265 ], [ -84.160394280835391, 10.295600489008685 ], [ -84.161074601737312, 10.297293999800354 ], [ -84.160433137056756, 10.298268868347096 ], [ -84.161258485078264, 10.298517902499205 ], [ -84.161231917107145, 10.575295123653353 ], [ -84.157675514577349, 10.575364807421426 ], [ -84.155024555874576, 10.578248299383811 ], [ -84.153038847320914, 10.577922650628395 ], [ -84.149589702126661, 10.574635243897676 ], [ -84.146611283848586, 10.575850938386838 ], [ -84.14335951221787, 10.573768774892487 ], [ -84.141184775878912, 10.575229313564449 ], [ -84.141290094824583, 10.578202135148144 ], [ -84.136979646557563, 10.57637332198491 ], [ -84.132632022176452, 10.576181615119072 ], [ -84.129974516960715, 10.577736075912274 ], [ -84.129442142354762, 10.578763649402623 ], [ -84.131832645186478, 10.582486472354361 ], [ -84.130157901265221, 10.584107911504432 ], [ -84.126408707154653, 10.584000189613407 ], [ -84.122876318906279, 10.585157714934542 ], [ -84.123682456027595, 10.588033810386323 ], [ -84.121504110768427, 10.589840773290319 ], [ -84.120381348802042, 10.589929787542067 ], [ -84.118004358309776, 10.588157748783589 ], [ -84.114523409585331, 10.590968946181356 ], [ -84.109468630846862, 10.589918111937413 ], [ -84.106187516453573, 10.590689429079085 ], [ -84.106110860611537, 10.591647343118407 ], [ -84.108679200614674, 10.592873754588451 ], [ -84.108711544854017, 10.594956348731879 ], [ -84.106879216614132, 10.594425885964601 ], [ -84.106428337607468, 10.593048619265419 ], [ -84.102564621552645, 10.593244133891051 ], [ -84.099952803804186, 10.589989998165469 ], [ -84.098423291113548, 10.591322442224131 ], [ -84.096615199207875, 10.591269403381096 ], [ -84.092753668738183, 10.587346541178286 ], [ -84.090441506106714, 10.591360661655093 ], [ -84.088208819555277, 10.59298179468778 ], [ -84.086219094163937, 10.593595972560504 ], [ -84.084226783667148, 10.593159688357217 ], [ -84.083364503030339, 10.59044769140074 ], [ -84.080659541368803, 10.5928717933951 ], [ -84.080010225201477, 10.591606599302214 ], [ -84.080450449362402, 10.588846057194162 ], [ -84.077529457309453, 10.587837567588876 ], [ -84.07665912845809, 10.591309749358407 ], [ -84.070867422161697, 10.592072629690117 ], [ -84.06994259383066, 10.59668447789705 ], [ -84.068220383048029, 10.598810514338098 ], [ -84.068155403504619, 10.600511572145066 ], [ -84.066302915905354, 10.603658315925342 ], [ -84.065449122632032, 10.604081327379312 ], [ -84.062633213722819, 10.603094671829203 ], [ -84.060771740807084, 10.604632171636023 ], [ -84.060859722441066, 10.606655206988997 ], [ -84.058820618258579, 10.607701119615184 ], [ -84.058242261268632, 10.610730077067533 ], [ -84.056994376231046, 10.612124469538919 ], [ -84.057048909297833, 10.614551510464539 ], [ -84.055154474708473, 10.616540321201784 ], [ -84.052989594356532, 10.617014631567329 ], [ -84.051659058358339, 10.615627825335469 ], [ -84.048865065805217, 10.615998806398006 ], [ -84.048115561414832, 10.616869691850329 ], [ -84.047661363240238, 10.620064193962472 ], [ -84.045142081376909, 10.620142154109638 ], [ -84.042533592621311, 10.621576713704377 ], [ -84.039727638048277, 10.6260759835521 ], [ -84.03985229828011, 10.627395090389667 ], [ -84.03901242586582, 10.628369372058009 ], [ -84.039748326025801, 10.630163462402056 ], [ -84.038144225666926, 10.63139237454806 ], [ -84.038596719210716, 10.63365396840752 ], [ -84.035477903425829, 10.634475197336769 ], [ -84.034509340412555, 10.633185067896727 ], [ -84.031945600756842, 10.633382212929263 ], [ -84.031142991714788, 10.634382127463516 ], [ -84.031572057192335, 10.636557518244114 ], [ -84.030180408918454, 10.638300082492405 ], [ -84.028390853725682, 10.638827479128727 ], [ -84.02406500282207, 10.638219442402319 ], [ -84.022777642754306, 10.638812308672321 ], [ -84.022687445099777, 10.64062220177504 ], [ -84.024562665553006, 10.642837075063326 ], [ -84.02225257374333, 10.643960787859593 ], [ -84.020935441553391, 10.645848488992385 ], [ -84.019240605690058, 10.64564429722649 ], [ -84.019522202782113, 10.649507569139192 ], [ -84.017398367956446, 10.648494768793006 ], [ -84.016004208973712, 10.648693650479157 ], [ -84.016667503824451, 10.653397492991303 ], [ -84.015037340327737, 10.65553299164586 ], [ -84.01001493968549, 10.656712657655248 ], [ -84.006333845862756, 10.658716936615772 ], [ -84.00667482799301, 10.660528732182938 ], [ -84.003910826252849, 10.662600895621111 ], [ -84.003782865523974, 10.66469657994652 ], [ -84.002229821838696, 10.665610641846671 ], [ -84.001417821329738, 10.668817912540085 ], [ -84.000283969052219, 10.669311002166362 ], [ -84.000089699246345, 10.652546086221209 ], [ -83.999253829062724, 10.650129171803741 ], [ -83.996238885260382, 10.647017519015197 ], [ -83.999623420184207, 10.639761016556939 ], [ -84.000160781213879, 10.636702108938596 ], [ -83.998971122906354, 10.63575790110267 ], [ -83.996642591353094, 10.635357843475187 ], [ -83.995293876217204, 10.633728224958123 ], [ -83.995302186241545, 10.63152012703152 ], [ -83.998761390442766, 10.627574338168271 ], [ -83.99786211529954, 10.626302810087278 ], [ -83.994500607215898, 10.62468722827909 ], [ -83.993552919150943, 10.622578270001043 ], [ -83.994614008976171, 10.621415233981883 ], [ -84.000726884393259, 10.620287929472296 ], [ -84.001759241333431, 10.616945290603708 ], [ -84.000409838681506, 10.61407088668525 ], [ -83.994600145555026, 10.613407526046 ], [ -83.993190902789934, 10.612281673380942 ], [ -83.993556940760001, 10.610346092989872 ], [ -83.995751774571104, 10.607650691860643 ], [ -83.996149128447584, 10.605535530055269 ], [ -83.995404786754492, 10.600656623506174 ], [ -83.993830303174633, 10.596841565242766 ], [ -83.995125712238021, 10.592503885972095 ], [ -83.996441812056418, 10.591250512119089 ], [ -84.00091704425904, 10.592856992126428 ], [ -84.003477458571879, 10.592464917853114 ], [ -84.004595131421013, 10.591487182192267 ], [ -84.004763658008883, 10.589583220990768 ], [ -84.00268247480372, 10.584797771347958 ], [ -84.006788783289636, 10.578193088626985 ], [ -84.008046171677506, 10.577755385161371 ], [ -84.00908736080369, 10.576213429053759 ], [ -84.008999424023429, 10.573377213294963 ], [ -84.010820031931544, 10.572815136929526 ], [ -84.009082952539472, 10.569987542825457 ], [ -84.010017764400402, 10.569352083130115 ], [ -84.009984755264242, 10.567900958826547 ], [ -84.0112009581471, 10.567101273756185 ], [ -84.010602279904887, 10.565113163873741 ], [ -84.012739430644061, 10.565237077117979 ], [ -84.012624528724203, 10.563715864202942 ], [ -84.014189436417681, 10.56392762639104 ], [ -84.014128496516918, 10.563003725001828 ], [ -84.01517592267497, 10.561883397060159 ], [ -84.016570396502672, 10.562487839228021 ], [ -84.018930559593201, 10.561844405803011 ], [ -84.018418526554058, 10.560126034150716 ], [ -84.019104074510381, 10.558337039157177 ], [ -84.020166480830767, 10.560286575336145 ], [ -84.024533842816808, 10.558596381977933 ], [ -84.024733258092496, 10.556911609066777 ], [ -84.023108727435087, 10.554903440291534 ], [ -84.025809322557095, 10.55619836262035 ], [ -84.025606326077167, 10.554788537457858 ], [ -84.026776051540025, 10.553077314128624 ], [ -84.027377944123458, 10.553536726654418 ], [ -84.026532078349476, 10.55485895462574 ], [ -84.028440402060454, 10.555541612319466 ], [ -84.030184377514729, 10.551395423818683 ], [ -84.029993582112368, 10.549854947648528 ], [ -84.031499820684459, 10.548756984415851 ], [ -84.033097307981762, 10.549153769537167 ], [ -84.033779174946403, 10.547663075465509 ], [ -84.0353355569857, 10.547483724962721 ], [ -84.03538792364651, 10.546372428741225 ], [ -84.037749700617567, 10.54697125359168 ], [ -84.039358203030517, 10.546463410908883 ], [ -84.039734118242578, 10.547048875722711 ], [ -84.041781359549361, 10.546549114118095 ], [ -84.043727779759465, 10.544538431650984 ], [ -84.044823100934167, 10.544314040580611 ], [ -84.044955462718704, 10.543394496351208 ], [ -84.043688241730408, 10.543122398343336 ], [ -84.043197673625698, 10.542223202784564 ], [ -84.044287106699429, 10.53957967052704 ], [ -84.043025217448346, 10.538833062545679 ], [ -84.044393652560487, 10.538087112034216 ], [ -84.043733864723222, 10.536513786720613 ], [ -84.045406198731683, 10.534566680424069 ], [ -84.045764427692347, 10.532638906115821 ], [ -84.047679992228694, 10.535181971625962 ], [ -84.048580096714403, 10.534537920358767 ], [ -84.04811517558835, 10.533432539690191 ], [ -84.048668927022192, 10.53247544600517 ], [ -84.050204475733253, 10.53371726339285 ], [ -84.04962522453603, 10.531505016971858 ], [ -84.050338860423437, 10.530788133918593 ], [ -84.051705310020907, 10.530964581253604 ], [ -84.051089985109542, 10.530146538591598 ], [ -84.051966830296507, 10.528863534863158 ], [ -84.052288997088922, 10.530354514941477 ], [ -84.053410773670734, 10.529998732182554 ], [ -84.054385397432597, 10.528473438333535 ], [ -84.057189075096233, 10.527870860222817 ], [ -84.056778816590509, 10.526905633465434 ], [ -84.055383599502903, 10.526964767396933 ], [ -84.055644282938061, 10.526481522236331 ], [ -84.057983112188978, 10.525805997291391 ], [ -84.060971224764387, 10.526051876417522 ], [ -84.061695377427384, 10.527773939230062 ], [ -84.06244179696867, 10.527847547163432 ], [ -84.062040203477423, 10.526734058415023 ], [ -84.063780942756424, 10.526809882100883 ], [ -84.06504083541445, 10.52517345647734 ], [ -84.068169076624045, 10.525492423077464 ], [ -84.068500827702039, 10.5237108585646 ], [ -84.07028921450366, 10.52205970836606 ], [ -84.069065157887053, 10.520654967039674 ], [ -84.070822084927855, 10.518851045174017 ], [ -84.073551468204954, 10.520894885991243 ], [ -84.074204934568741, 10.520292453784142 ], [ -84.073330246393368, 10.519032930109853 ], [ -84.075603377264727, 10.520202242835545 ], [ -84.076180898339899, 10.518534288013587 ], [ -84.078647998522911, 10.518212823983006 ], [ -84.078057175116143, 10.516784253843028 ], [ -84.076266744829113, 10.517422369900839 ], [ -84.075503691369704, 10.514617474690082 ], [ -84.077340343187927, 10.514060609099767 ], [ -84.078675477139527, 10.51564708473725 ], [ -84.079547714746653, 10.515604057408277 ], [ -84.081230686001419, 10.513539149641357 ], [ -84.07953472896935, 10.511768142150554 ], [ -84.082005878537643, 10.511453281437321 ], [ -84.082547341522002, 10.509988892929147 ], [ -84.082185827722071, 10.50882936505956 ], [ -84.080621210223356, 10.50997080011706 ], [ -84.079101181507525, 10.509488590912197 ], [ -84.079234129414203, 10.506404799669863 ], [ -84.077197974656329, 10.501837605753559 ], [ -84.07798021927951, 10.498965384704631 ], [ -84.076537236042171, 10.497607539999782 ], [ -84.077031096817379, 10.495937537593855 ], [ -84.074612135395014, 10.495709795106389 ], [ -84.073828731228403, 10.491139100912363 ], [ -84.071876255618932, 10.488169077999281 ], [ -84.072576283414534, 10.484967275328851 ], [ -84.068097227573944, 10.480227783955222 ], [ -84.068864260837046, 10.478813641241841 ], [ -84.068729849170623, 10.475028424780191 ], [ -84.065839704754126, 10.47389034783585 ], [ -84.06316434170661, 10.470776002155768 ], [ -84.063187093402348, 10.467857884955615 ], [ -84.064420991981507, 10.466981371422706 ], [ -84.064893030545434, 10.461393610809381 ], [ -84.066568115523523, 10.459780382753141 ], [ -84.074059624974822, 10.455818148318517 ], [ -84.074822816964172, 10.45407838075198 ], [ -84.07508386122575, 10.449430088640279 ], [ -84.071258039495987, 10.448564967471096 ], [ -84.068432684601035, 10.44908875075371 ], [ -84.065630190258887, 10.450739477276612 ], [ -84.061433473467886, 10.449512858370108 ], [ -84.055454933539934, 10.450234690827974 ], [ -84.049183142382958, 10.445018407659587 ], [ -84.044059696721405, 10.443314365668513 ], [ -84.043591187516341, 10.441484010792799 ], [ -84.041463758264882, 10.44035917351882 ], [ -84.040914842342602, 10.437796971042966 ], [ -84.034486217072441, 10.439721996133864 ], [ -84.034001818211621, 10.43918549181311 ], [ -84.034721508324367, 10.438199482469839 ], [ -84.034510483013364, 10.436587315481693 ], [ -84.030174532290715, 10.436121290841479 ], [ -84.02861813436887, 10.433259045705272 ], [ -84.026884316631495, 10.432217093896023 ], [ -84.024673375745067, 10.432668815262394 ], [ -84.025309982013042, 10.435110786336935 ], [ -84.024948473833788, 10.437934997222863 ], [ -84.02294521531249, 10.43967226797082 ], [ -84.022323431443084, 10.439654001450254 ], [ -84.021105817653918, 10.437577868461018 ], [ -84.019801312038993, 10.437265952092494 ], [ -84.019133744024629, 10.437597242951277 ], [ -84.018642291371947, 10.44031666371011 ], [ -84.016275984510145, 10.439835628133531 ], [ -84.013178832233777, 10.440346858999099 ], [ -84.014773714386394, 10.443263843894098 ], [ -84.014185883847247, 10.444042100935183 ], [ -84.011098342950589, 10.444087883129125 ], [ -84.010150532221346, 10.440248048617866 ], [ -84.01109028059247, 10.439117180590177 ] ] ] } },
{ "type": "Feature", "properties": { "cod_distrito": 21601, "distrito": "Río Cuarto", "canton": "Río Cuarto" }, "geometry": { "type": "Polygon", "coordinates": [ [ [ -84.181684928201307, 10.372314156430793 ], [ -84.182842704310175, 10.370973538288258 ], [ -84.181696510502206, 10.369611073573473 ], [ -84.183267053492813, 10.36798623283026 ], [ -84.182664030491921, 10.366553747152917 ], [ -84.183494389717509, 10.364512345982163 ], [ -84.183096616917297, 10.361722514297014 ], [ -84.181643243977291, 10.35908693502512 ], [ -84.182016676425889, 10.357982845844511 ], [ -84.180790411809596, 10.35676843084666 ], [ -84.181048074089802, 10.353875113917255 ], [ -84.182574486068276, 10.352228517971025 ], [ -84.182389759227632, 10.35082506434898 ], [ -84.183686781363988, 10.350904516312688 ], [ -84.18415838594963, 10.349762726194552 ], [ -84.185444033584801, 10.349112764546581 ], [ -84.185196709015344, 10.348103778561518 ], [ -84.186289122090187, 10.347345070877159 ], [ -84.185750503510903, 10.346034849359578 ], [ -84.18660473724529, 10.345341134543165 ], [ -84.186595480205554, 10.343523131092747 ], [ -84.185153478542091, 10.342531101002805 ], [ -84.185790228365832, 10.341387373194603 ], [ -84.184619430737314, 10.338832492636838 ], [ -84.186104641635794, 10.338488335923891 ], [ -84.189073765859135, 10.335424199937263 ], [ -84.189537602227517, 10.332779525243033 ], [ -84.192397664264732, 10.330818067310362 ], [ -84.19323117498918, 10.32819748372834 ], [ -84.195132297376119, 10.326252484276775 ], [ -84.195220102797236, 10.322342299997423 ], [ -84.194110609987803, 10.318184359704764 ], [ -84.198104807384638, 10.310451989119198 ], [ -84.196704083394181, 10.309014997831818 ], [ -84.197944478469907, 10.307493597649175 ], [ -84.197199513141641, 10.306004409470813 ], [ -84.195709878512716, 10.304388521436787 ], [ -84.191889473264581, 10.30246680368764 ], [ -84.19265240674072, 10.301450373217138 ], [ -84.192628313976073, 10.299461836289087 ], [ -84.194461256336183, 10.296873877764751 ], [ -84.198672581473616, 10.294813002973362 ], [ -84.200361215860369, 10.292560672926587 ], [ -84.202219081956315, 10.29177932537999 ], [ -84.205340612190511, 10.28650760513983 ], [ -84.204801817405269, 10.286011209249692 ], [ -84.204511060883718, 10.286896753265662 ], [ -84.202513723127964, 10.28631114678725 ], [ -84.201676671629841, 10.285551414106472 ], [ -84.201679618421252, 10.28431674307441 ], [ -84.199876849635714, 10.285272566923275 ], [ -84.199710299364014, 10.283078674625479 ], [ -84.200754362622988, 10.28129680212732 ], [ -84.200097447846119, 10.279449226549465 ], [ -84.201825032542885, 10.275660095599873 ], [ -84.204419024927347, 10.274622234495276 ], [ -84.206251002207551, 10.270931468115219 ], [ -84.207288985912626, 10.270853901968456 ], [ -84.208253967333945, 10.268988514800155 ], [ -84.210574258284879, 10.267720217161179 ], [ -84.211150166991388, 10.263788975657848 ], [ -84.211998794005225, 10.262821908467648 ], [ -84.212146134124879, 10.258407834809905 ], [ -84.214754018151751, 10.254323195351198 ], [ -84.215331091637523, 10.251542894294712 ], [ -84.21822009233351, 10.249374067652374 ], [ -84.224651008164258, 10.246925470301152 ], [ -84.23095531221233, 10.246954683698819 ], [ -84.241979904099367, 10.24192467974159 ], [ -84.245863605997741, 10.243360952123128 ], [ -84.247550113633082, 10.244799850624036 ], [ -84.249322815456551, 10.244225160705122 ], [ -84.250000760793611, 10.245536310415458 ], [ -84.251722562668604, 10.245927585357153 ], [ -84.253292268713267, 10.247383486566678 ], [ -84.253923031859415, 10.249103449349963 ], [ -84.257533055384101, 10.249291584329191 ], [ -84.259116895898416, 10.250451911778201 ], [ -84.259259253130679, 10.251915067603187 ], [ -84.263058583963527, 10.255244035858706 ], [ -84.262782248439308, 10.258303543307145 ], [ -84.263696685938015, 10.258038252495032 ], [ -84.263945679405168, 10.258954442661283 ], [ -84.265192356346247, 10.259366091510872 ], [ -84.265794545828854, 10.261145835388795 ], [ -84.264238503883391, 10.264297185571408 ], [ -84.263296618684279, 10.264779649625082 ], [ -84.263053466506463, 10.266690733890707 ], [ -84.26216712693288, 10.267038846344031 ], [ -84.264592619897002, 10.272699550019556 ], [ -84.263652950690499, 10.274566076871125 ], [ -84.264842376316111, 10.276417145936877 ], [ -84.261694991787152, 10.281992142876032 ], [ -84.261947002516692, 10.283729230585871 ], [ -84.259965016470744, 10.28491082253284 ], [ -84.259907938652972, 10.287871523851445 ], [ -84.258253105965636, 10.288410698271147 ], [ -84.2564496791382, 10.29174851245566 ], [ -84.257880240263205, 10.294060931607348 ], [ -84.256714113832118, 10.296290153157999 ], [ -84.257639424718178, 10.298500068632782 ], [ -84.256821357184521, 10.301573094066118 ], [ -84.253615716256945, 10.303882567235513 ], [ -84.253041679577805, 10.306583443339726 ], [ -84.25152710772214, 10.307259677301568 ], [ -84.250037383598368, 10.309323325570549 ], [ -84.24964114182292, 10.310973501630304 ], [ -84.25096613971813, 10.312440638191799 ], [ -84.249518762845938, 10.313450783586296 ], [ -84.248020378575589, 10.313376782553437 ], [ -84.247800830127261, 10.316292110305591 ], [ -84.245819914574639, 10.316529687087648 ], [ -84.244867326723934, 10.317496968274119 ], [ -84.245848595545866, 10.320292353701499 ], [ -84.24306704013226, 10.320686761345611 ], [ -84.24325461542827, 10.322050655855367 ], [ -84.245784191207989, 10.322974143934548 ], [ -84.24577608720017, 10.325174121638756 ], [ -84.244832429765538, 10.325898949894915 ], [ -84.243192875407672, 10.324977030951759 ], [ -84.244038862519162, 10.327692676924817 ], [ -84.241325979982079, 10.329405862591553 ], [ -84.240661453462153, 10.329138277636577 ], [ -84.240626726286635, 10.330863794285802 ], [ -84.238864251046479, 10.332232881273633 ], [ -84.240365046232355, 10.333368865376574 ], [ -84.241719292260825, 10.332339214589007 ], [ -84.245942417833248, 10.333266471289976 ], [ -84.246321410034568, 10.335339732236013 ], [ -84.247789071553726, 10.336836361697243 ], [ -84.248440795166204, 10.340727228161196 ], [ -84.24658656353462, 10.341965472042002 ], [ -84.24638731345226, 10.343581840160704 ], [ -84.245465091484249, 10.344433340513147 ], [ -84.24432222631502, 10.348067388721281 ], [ -84.244582145280916, 10.34988937298913 ], [ -84.243504430207224, 10.349702477964154 ], [ -84.243119715029877, 10.35030444883923 ], [ -84.244917750199605, 10.35270218590836 ], [ -84.242763685600721, 10.353375277168919 ], [ -84.24255586842277, 10.354310561284219 ], [ -84.243303184241228, 10.355611210699461 ], [ -84.243941892390225, 10.35463960237661 ], [ -84.244886242903846, 10.354720614303222 ], [ -84.246435316420985, 10.357284652861537 ], [ -84.245080127635006, 10.359690929489741 ], [ -84.249596607914739, 10.368032789907129 ], [ -84.250067453020691, 10.371027947615657 ], [ -84.249062092935745, 10.372712132876639 ], [ -84.252340930195814, 10.373328598549717 ], [ -84.252177302337117, 10.374711308293156 ], [ -84.249649837256086, 10.376158054877109 ], [ -84.253458447952653, 10.382610029256469 ], [ -84.253137596238332, 10.387277444712113 ], [ -84.255547548116326, 10.390346306992132 ], [ -84.255457281614213, 10.392079054769688 ], [ -84.25714110687953, 10.394090662062363 ], [ -84.258139835130905, 10.398721278517774 ], [ -84.238635508457591, 10.396449328186819 ], [ -84.237863110640575, 10.395033114942072 ], [ -84.238866435917814, 10.38186195532321 ], [ -84.228916696170344, 10.380900449620707 ], [ -84.228486390732584, 10.381951436243829 ], [ -84.214100994333819, 10.3828410063552 ], [ -84.212275263803235, 10.380248245952433 ], [ -84.210676738736552, 10.380259349484602 ], [ -84.205776921526365, 10.377858167765332 ], [ -84.204205462011288, 10.378599817014271 ], [ -84.202538346989428, 10.377902143542087 ], [ -84.20105816466257, 10.378715487597404 ], [ -84.200095328935959, 10.380854772365124 ], [ -84.200411643246326, 10.385806171370504 ], [ -84.202813780365176, 10.385943410399353 ], [ -84.203029381705733, 10.390521484724101 ], [ -84.202077828383239, 10.392803728254584 ], [ -84.198383572130027, 10.38966107939298 ], [ -84.196750254061044, 10.389293680115275 ], [ -84.196101892246602, 10.388058522505647 ], [ -84.193532939453817, 10.387644406380973 ], [ -84.192627640457786, 10.382712635728348 ], [ -84.189010055820631, 10.377848498057691 ], [ -84.186160027703679, 10.379507096914271 ], [ -84.184574212530407, 10.37236414004091 ], [ -84.181684928201307, 10.372314156430793 ] ] ] } },
{ "type": "Feature", "properties": { "cod_distrito": 21007, "distrito": "La Fortuna", "canton": "San Carlos" }, "geometry": { "type": "Polygon", "coordinates": [ [ [ -84.53878237599892, 10.495725208239095 ], [ -84.537629782103764, 10.494301742568767 ], [ -84.53782505314814, 10.491282182055357 ], [ -84.534083639596801, 10.491039844188691 ], [ -84.529217248836673, 10.493239717007995 ], [ -84.526218868764772, 10.49023782371456 ], [ -84.524839155353916, 10.488835904100664 ], [ -84.525559240386116, 10.482355342688797 ], [ -84.525000272731319, 10.481886916309083 ], [ -84.520238495676537, 10.481435697096005 ], [ -84.510364212899646, 10.477524293565768 ], [ -84.511066282238502, 10.475500033990523 ], [ -84.513105138864219, 10.473624865702876 ], [ -84.515032981048634, 10.472989461751919 ], [ -84.518607981894633, 10.473486078513817 ], [ -84.519903873825157, 10.471778561493847 ], [ -84.518654424981762, 10.470763736372461 ], [ -84.518882692170038, 10.470101936277294 ], [ -84.520420224501422, 10.469875282481041 ], [ -84.522138370129809, 10.468111336536518 ], [ -84.524291826509241, 10.467958009328449 ], [ -84.523161054371087, 10.465971129884601 ], [ -84.524013522882569, 10.46438057282457 ], [ -84.523697218587515, 10.460231742466794 ], [ -84.52146214365564, 10.458394584722713 ], [ -84.520934077455578, 10.456804849869773 ], [ -84.523329683046228, 10.454368671359656 ], [ -84.523454092401664, 10.452579794954227 ], [ -84.52222380933182, 10.451959418190063 ], [ -84.518998703763714, 10.452383673146496 ], [ -84.516821604489508, 10.449022181785777 ], [ -84.516856051442332, 10.447931294422613 ], [ -84.518964317040073, 10.445055153682 ], [ -84.521068767338534, 10.446992359045236 ], [ -84.522648482232455, 10.44699309881597 ], [ -84.526970155279159, 10.444587107657185 ], [ -84.528757813408959, 10.439519592719902 ], [ -84.530056181160191, 10.439649731491725 ], [ -84.529815079432041, 10.442360777204268 ], [ -84.531783933194717, 10.442695201082277 ], [ -84.53545242332892, 10.438263593417679 ], [ -84.540834255950344, 10.435566670326068 ], [ -84.544117728089958, 10.437417445607121 ], [ -84.546736652778733, 10.436623046497944 ], [ -84.549707124140753, 10.441691326921639 ], [ -84.551916310116951, 10.442606479270678 ], [ -84.552506482463912, 10.441996861142396 ], [ -84.553737993830921, 10.442319719275444 ], [ -84.554349974902436, 10.443619443295008 ], [ -84.5551938070886, 10.44314411465149 ], [ -84.555246327522639, 10.444855625839191 ], [ -84.559293426480892, 10.444920081069199 ], [ -84.559085114902857, 10.44657436809228 ], [ -84.556702220470385, 10.447768160846778 ], [ -84.557008245641455, 10.448609759479757 ], [ -84.561662580203446, 10.448255746861946 ], [ -84.562850640777086, 10.449589740223981 ], [ -84.564831067323112, 10.447853342852117 ], [ -84.563788242418326, 10.447871501283315 ], [ -84.561964974641995, 10.445093477911596 ], [ -84.562771053121864, 10.444467630245196 ], [ -84.565154298113669, 10.445026273353522 ], [ -84.567335026812344, 10.443998742356486 ], [ -84.56878549602348, 10.441177398455217 ], [ -84.569652371625338, 10.441549010993432 ], [ -84.570514992553385, 10.440985560236648 ], [ -84.570213131549124, 10.43980758774981 ], [ -84.570781430562491, 10.439159314901119 ], [ -84.572465983934464, 10.439236974631331 ], [ -84.573453397070139, 10.440923948196673 ], [ -84.575000141584937, 10.43974740638693 ], [ -84.57511631116995, 10.44080211314302 ], [ -84.57714478595021, 10.441335985365772 ], [ -84.579604604608306, 10.439105002982316 ], [ -84.582672519896335, 10.438076621544198 ], [ -84.583838087299455, 10.438561912471105 ], [ -84.583530607888108, 10.440406900799276 ], [ -84.582329564639267, 10.441007045575066 ], [ -84.582708437278043, 10.441991001720472 ], [ -84.586952631797601, 10.443582794409005 ], [ -84.590329227989386, 10.444227784974517 ], [ -84.592489171230099, 10.442734558664181 ], [ -84.594132981488755, 10.444285390872913 ], [ -84.594481393630289, 10.445630910699922 ], [ -84.596854700971392, 10.446305366356626 ], [ -84.601399904547705, 10.44517658113217 ], [ -84.600965347777503, 10.443443485799566 ], [ -84.601440058614514, 10.443091882834652 ], [ -84.602367476652631, 10.444003111591257 ], [ -84.604310393231131, 10.443750283882787 ], [ -84.60876566419509, 10.445138491017836 ], [ -84.61022641140606, 10.446986702092174 ], [ -84.613276419956378, 10.447519198447598 ], [ -84.6155132137919, 10.449216023608397 ], [ -84.617452973440805, 10.448665004451994 ], [ -84.618232036204404, 10.449333231858224 ], [ -84.61798017744843, 10.451197104947591 ], [ -84.61961612462035, 10.451813679587698 ], [ -84.620335835000105, 10.453923989585231 ], [ -84.621188625490589, 10.453836423548404 ], [ -84.623453214644854, 10.455538545344988 ], [ -84.62451224610318, 10.454958456884459 ], [ -84.626526366468497, 10.456838651906338 ], [ -84.626725754961413, 10.455906109051362 ], [ -84.628267314701134, 10.455336390770494 ], [ -84.628689880645737, 10.456705085075766 ], [ -84.629279304071005, 10.456103142269001 ], [ -84.630243984955143, 10.456413260259689 ], [ -84.630652749037907, 10.455498722851512 ], [ -84.632789873182048, 10.454920724622253 ], [ -84.63385124681048, 10.453741559788329 ], [ -84.63766218823524, 10.454763340869302 ], [ -84.639464712908591, 10.454131319030306 ], [ -84.641518715801965, 10.454704085499886 ], [ -84.643779011140737, 10.454018996689904 ], [ -84.645097878770557, 10.452260525480291 ], [ -84.649660347988998, 10.450324431867926 ], [ -84.650558392983172, 10.448656453765082 ], [ -84.649894775276195, 10.447366843303755 ], [ -84.651018726124178, 10.447002851612719 ], [ -84.65033489669392, 10.445621656383292 ], [ -84.650845272740384, 10.441606198674094 ], [ -84.656088729121478, 10.430932059204352 ], [ -84.656085149291897, 10.429072554428977 ], [ -84.6598278347807, 10.423547829553087 ], [ -84.660507182434941, 10.423549001040625 ], [ -84.663019750000672, 10.419866083243626 ], [ -84.664830974033237, 10.418709414781869 ], [ -84.665155928307328, 10.415784969920715 ], [ -84.668608190719311, 10.41087933903955 ], [ -84.688282402468346, 10.442824604915998 ], [ -84.721275895472715, 10.37669039248062 ], [ -84.72127892379018, 10.380170548265939 ], [ -84.72684805432246, 10.387464928505544 ], [ -84.727089212329957, 10.388500274678879 ], [ -84.7261950936457, 10.38959380264091 ], [ -84.726638888810257, 10.391274796144293 ], [ -84.730364222495425, 10.393378014526442 ], [ -84.731209109900917, 10.394903884031818 ], [ -84.733763466909082, 10.393992380769845 ], [ -84.737270017665296, 10.395269502276433 ], [ -84.736750054585912, 10.396605747676361 ], [ -84.738445241343371, 10.395944017064956 ], [ -84.739946529772581, 10.397885789862421 ], [ -84.741799059971385, 10.397673231252352 ], [ -84.742483169033477, 10.39863189774913 ], [ -84.743285419846188, 10.397887785589312 ], [ -84.744820207875307, 10.399333919400538 ], [ -84.747218750347983, 10.398707832834724 ], [ -84.747286064542763, 10.401342354437951 ], [ -84.748521480403554, 10.404337089445002 ], [ -84.749761281819332, 10.405205007780342 ], [ -84.74948619503607, 10.407620983614256 ], [ -84.751418663537621, 10.408967953710771 ], [ -84.751127170453842, 10.410693817386793 ], [ -84.753219366999247, 10.412847423790788 ], [ -84.752147760015177, 10.415484545665642 ], [ -84.752601702332598, 10.416958307325933 ], [ -84.751023684600256, 10.417316537609516 ], [ -84.751978830712176, 10.422070083330865 ], [ -84.750754731360217, 10.423193248297785 ], [ -84.750257273391156, 10.42565244762557 ], [ -84.747599058126482, 10.429583961179199 ], [ -84.748031313130085, 10.429315718005867 ], [ -84.747840664011562, 10.430317740231732 ], [ -84.749777066162963, 10.431320339791986 ], [ -84.749228820247424, 10.432889809569039 ], [ -84.750916768061558, 10.435048442486307 ], [ -84.750618253585017, 10.433660728110551 ], [ -84.751720552877657, 10.433666021890442 ], [ -84.750241483247734, 10.430680765619165 ], [ -84.752009340365646, 10.427542061203864 ], [ -84.750869372769458, 10.430715790848984 ], [ -84.753036882212598, 10.43311398377284 ], [ -84.753347142374494, 10.431937969662371 ], [ -84.752316417317687, 10.429792831471241 ], [ -84.753573927122829, 10.430007482184582 ], [ -84.755466501363074, 10.431660668195086 ], [ -84.75513836643664, 10.430275833397873 ], [ -84.755842732018777, 10.430616866593844 ], [ -84.75598761370496, 10.429120084189812 ], [ -84.756882908407178, 10.430806807350777 ], [ -84.758972733796028, 10.430397672211786 ], [ -84.7603393627694, 10.431222025314771 ], [ -84.761115238962262, 10.430534255467633 ], [ -84.762037372998108, 10.431047512362918 ], [ -84.761936648372341, 10.432093436768612 ], [ -84.763106567791354, 10.431252465171188 ], [ -84.763672006103974, 10.432122686514621 ], [ -84.76591524755159, 10.428991117185126 ], [ -84.765345734102084, 10.427181438729821 ], [ -84.76612968236789, 10.424363054759208 ], [ -84.773413179739492, 10.464531424262697 ], [ -84.773443186725672, 10.496945179434267 ], [ -84.771747436201878, 10.498372302665901 ], [ -84.767913531389652, 10.497765046593331 ], [ -84.767670292914161, 10.498792656555755 ], [ -84.765900980798207, 10.499655120410326 ], [ -84.762539685380261, 10.499128521740706 ], [ -84.76020119371853, 10.499617695123975 ], [ -84.759872990050539, 10.500669941604219 ], [ -84.756037808967946, 10.503064603668204 ], [ -84.747700546944998, 10.505567638155783 ], [ -84.74640546146486, 10.506777050662771 ], [ -84.741840040552972, 10.517492187581771 ], [ -84.740100045319736, 10.517348055230631 ], [ -84.7370545754234, 10.518470794722676 ], [ -84.732526554093766, 10.517561548240897 ], [ -84.731057378206259, 10.519119270214249 ], [ -84.729472212510188, 10.519164359802456 ], [ -84.728867782737424, 10.520291151316735 ], [ -84.729176574521489, 10.522219168968157 ], [ -84.728304965455976, 10.522939605262119 ], [ -84.72610488384376, 10.521302159463794 ], [ -84.724666263008103, 10.517586904658238 ], [ -84.721453818783175, 10.515324234271199 ], [ -84.721336822424988, 10.514093222698966 ], [ -84.719040665952647, 10.513581888212636 ], [ -84.719070840136538, 10.510522097294356 ], [ -84.717001341367023, 10.506598271900243 ], [ -84.717729524004298, 10.504574872403861 ], [ -84.716807336046429, 10.504098383452954 ], [ -84.715586103111306, 10.505563980104716 ], [ -84.713072020384729, 10.505982303012106 ], [ -84.71263202289326, 10.507297901972501 ], [ -84.708162463201106, 10.505375540302721 ], [ -84.705909031595056, 10.506899075459993 ], [ -84.705146773462971, 10.508978641959196 ], [ -84.701637332272725, 10.509865109018534 ], [ -84.700072946437871, 10.509245731412204 ], [ -84.697970468269091, 10.507008162041897 ], [ -84.693459675338033, 10.505762993175315 ], [ -84.686850923712782, 10.509643522468195 ], [ -84.68620551269106, 10.512263883128327 ], [ -84.684001884472721, 10.513179726569316 ], [ -84.683777217936338, 10.514223648418177 ], [ -84.684988438789688, 10.515565728568697 ], [ -84.68213630346213, 10.516152430102338 ], [ -84.677893686945779, 10.519322894060627 ], [ -84.67649358428929, 10.51959630802423 ], [ -84.669809540181177, 10.51609568234538 ], [ -84.667429593981396, 10.513830153385452 ], [ -84.663448176675544, 10.515459376735075 ], [ -84.662289697748164, 10.515263619503992 ], [ -84.660793664291816, 10.513596975232421 ], [ -84.656430709484667, 10.515252516791522 ], [ -84.649808023106587, 10.511172865918223 ], [ -84.646313412282169, 10.513516121038933 ], [ -84.644786347946393, 10.51369939452441 ], [ -84.644535727574862, 10.511425693903599 ], [ -84.643170772819829, 10.510110773112219 ], [ -84.640984830262042, 10.512549711976463 ], [ -84.638533222874415, 10.512814464921064 ], [ -84.638675085229394, 10.514798438876452 ], [ -84.635546042183336, 10.514050285576589 ], [ -84.633025931668215, 10.514741542025053 ], [ -84.631512792271408, 10.513896846549054 ], [ -84.630795401236767, 10.512344386132318 ], [ -84.62955407179409, 10.513135967197416 ], [ -84.630106956072055, 10.514442129093254 ], [ -84.627829049522376, 10.515703585470412 ], [ -84.626480308120023, 10.514240864207926 ], [ -84.624125547140025, 10.514976997613939 ], [ -84.62283459356739, 10.512843425692751 ], [ -84.620473255379991, 10.51329302496724 ], [ -84.617044071848539, 10.511883488953902 ], [ -84.614003480600488, 10.512785848373886 ], [ -84.611591279377123, 10.511115711521647 ], [ -84.605922296372086, 10.512532404903791 ], [ -84.603383019019773, 10.50871430507801 ], [ -84.599706048327846, 10.509593934346929 ], [ -84.59858383394122, 10.508960562709374 ], [ -84.5986744550124, 10.507850438454087 ], [ -84.60033929019373, 10.505802776383447 ], [ -84.598142890643572, 10.501892875038326 ], [ -84.596745957796998, 10.501191759132846 ], [ -84.59290110192596, 10.502146388284757 ], [ -84.593128515513015, 10.50035653539455 ], [ -84.590838892934116, 10.497385765168815 ], [ -84.587749121375779, 10.500258940612794 ], [ -84.585265215631637, 10.497883999797368 ], [ -84.58281306321831, 10.49836657411724 ], [ -84.577520791377239, 10.497514725093945 ], [ -84.573370740541932, 10.493608644030671 ], [ -84.569210697446906, 10.495717998476154 ], [ -84.567381160130509, 10.495517382328501 ], [ -84.565601505548329, 10.4937875340931 ], [ -84.561804912263895, 10.494655859244721 ], [ -84.55631396016517, 10.490721381978458 ], [ -84.553064727775094, 10.492613488960236 ], [ -84.549100038351554, 10.493573922147517 ], [ -84.546087479733444, 10.498478600278222 ], [ -84.542023800865934, 10.497008437149919 ], [ -84.541054908792447, 10.494932627711716 ], [ -84.53878237599892, 10.495725208239095 ] ] ] } },
{ "type": "Feature", "properties": { "cod_distrito": 21603, "distrito": "Santa Isabel", "canton": "Río Cuarto" }, "geometry": { "type": "Polygon", "coordinates": [ [ [ -84.161231917107145, 10.575295123653353 ], [ -84.161244443778159, 10.439993937445344 ], [ -84.178253328284598, 10.437065799068682 ], [ -84.18420072759703, 10.433162485229161 ], [ -84.194764763026726, 10.435893569781463 ], [ -84.197016248385296, 10.434610877030471 ], [ -84.2002754993933, 10.430431781600513 ], [ -84.202423736231822, 10.429712893344396 ], [ -84.20446180030315, 10.430171655237395 ], [ -84.208659920615688, 10.432863986236855 ], [ -84.210464838678035, 10.432632180055519 ], [ -84.213304737477117, 10.430660217260231 ], [ -84.216312631242189, 10.429755028520665 ], [ -84.218616796362227, 10.429958466928838 ], [ -84.227579229177593, 10.433387883776501 ], [ -84.245860071491947, 10.433865767471632 ], [ -84.252668351977647, 10.433059695516569 ], [ -84.254417600615895, 10.433694627340573 ], [ -84.254400310452723, 10.438273894304547 ], [ -84.253051382473473, 10.440649592035028 ], [ -84.249116468805312, 10.442002226326931 ], [ -84.247623316674066, 10.446393875340277 ], [ -84.246411223872727, 10.447570838512112 ], [ -84.246432763451367, 10.449593357888487 ], [ -84.243477996105938, 10.450685539085532 ], [ -84.241094676142836, 10.453061706597845 ], [ -84.24089278663287, 10.454532640273994 ], [ -84.242089725003595, 10.456176623141049 ], [ -84.239308669681975, 10.46325992379162 ], [ -84.239719933546994, 10.464951767424795 ], [ -84.238137040934248, 10.467481455233186 ], [ -84.236444789245567, 10.468665203334101 ], [ -84.237531664884443, 10.47176762702431 ], [ -84.235988728094071, 10.473033669495324 ], [ -84.236203621665624, 10.475133638615318 ], [ -84.233680771117335, 10.478717539603897 ], [ -84.233727681435738, 10.481543051041983 ], [ -84.232060233064161, 10.483715429204718 ], [ -84.232293938218078, 10.485718367978444 ], [ -84.230866446421189, 10.487707924797862 ], [ -84.23299417589746, 10.49392187747244 ], [ -84.231130366471575, 10.496731552994332 ], [ -84.233080674082814, 10.498084550352962 ], [ -84.233594492670449, 10.499578033191728 ], [ -84.232847650399265, 10.500554796963103 ], [ -84.231569690484022, 10.499034941307217 ], [ -84.230337962843038, 10.49944630529394 ], [ -84.230209525340271, 10.504787633895941 ], [ -84.228016600279432, 10.5038945347683 ], [ -84.226046845367094, 10.507548256061442 ], [ -84.222384223586587, 10.507436255433081 ], [ -84.220977954986751, 10.512366267326598 ], [ -84.217574445562605, 10.514306955417261 ], [ -84.216484962862467, 10.516864037768523 ], [ -84.213887936579184, 10.518926473978642 ], [ -84.212528619650357, 10.521046734223377 ], [ -84.209923906109964, 10.522636112552133 ], [ -84.210669611122157, 10.52657775187993 ], [ -84.213962653058942, 10.526309674801114 ], [ -84.214872907825622, 10.527333282136972 ], [ -84.211995540675403, 10.530899019021385 ], [ -84.211683490897187, 10.532893562973957 ], [ -84.212527359241065, 10.535537154795616 ], [ -84.210160562246003, 10.536365247518457 ], [ -84.209558787075053, 10.538518635447607 ], [ -84.210351173118681, 10.539386244692086 ], [ -84.209989673951796, 10.540529564350066 ], [ -84.208389112088355, 10.542963150512444 ], [ -84.205621468168687, 10.544609341526458 ], [ -84.205037422619029, 10.54746227181775 ], [ -84.203475976738417, 10.549016106972257 ], [ -84.204662772255531, 10.553166510068053 ], [ -84.203584364595571, 10.556400857654994 ], [ -84.201927928630667, 10.557489559608232 ], [ -84.195628605672056, 10.557917276662016 ], [ -84.193597607832373, 10.559405691508793 ], [ -84.192125264552359, 10.561889128128257 ], [ -84.187388168021968, 10.562228459616986 ], [ -84.186540348660401, 10.565475941841058 ], [ -84.185208122866726, 10.566551101538399 ], [ -84.181833820897666, 10.567216085043604 ], [ -84.179877446146804, 10.572450464679036 ], [ -84.17701157212457, 10.57375456445871 ], [ -84.17574406276637, 10.576130662469199 ], [ -84.174359462862824, 10.577079085052063 ], [ -84.171192994990406, 10.577046392644885 ], [ -84.172413636966908, 10.575164090036797 ], [ -84.172105730288663, 10.573586784656451 ], [ -84.166185083875774, 10.572363790826424 ], [ -84.162751143044773, 10.575011619973091 ], [ -84.161231917107145, 10.575295123653353 ] ] ] } },
{ "type": "Feature", "properties": { "cod_distrito": 21012, "distrito": "Monterrey", "canton": "San Carlos" }, "geometry": { "type": "Polygon", "coordinates": [ [ [ -84.584562736120375, 10.647560725745956 ], [ -84.583846211911464, 10.64392380080357 ], [ -84.584805666258944, 10.641533413790931 ], [ -84.586157547884511, 10.640488303142421 ], [ -84.588673873951379, 10.640266428999617 ], [ -84.590717669565549, 10.637708987578389 ], [ -84.592120323867178, 10.637418731238832 ], [ -84.593886425781776, 10.638365594430569 ], [ -84.593228963353283, 10.635035503612325 ], [ -84.595402477796227, 10.633900384904933 ], [ -84.595096664695845, 10.631691777292566 ], [ -84.596063926852693, 10.628071231163837 ], [ -84.598424193323424, 10.626658380032499 ], [ -84.596446820925649, 10.624647764154007 ], [ -84.596925358560995, 10.62374532352775 ], [ -84.595988821481313, 10.622184860684881 ], [ -84.596232931177951, 10.620548256615756 ], [ -84.597552389443933, 10.618743068878137 ], [ -84.596266754541247, 10.616614972110417 ], [ -84.59685481940619, 10.61492598247048 ], [ -84.599197215094861, 10.612743902912221 ], [ -84.598133334121414, 10.611059679775277 ], [ -84.599188238255095, 10.610251842452618 ], [ -84.599399123330471, 10.608376685102964 ], [ -84.598637564877947, 10.607536460299606 ], [ -84.599205327019632, 10.606186538926197 ], [ -84.600191595793888, 10.605297382493651 ], [ -84.601797807701473, 10.605366867905493 ], [ -84.603940986193436, 10.604330332443945 ], [ -84.603991258513304, 10.602002171946607 ], [ -84.603023012625911, 10.601071742660505 ], [ -84.604173027340408, 10.600553407223089 ], [ -84.60425612452093, 10.599570815933777 ], [ -84.603202922051111, 10.598327773522389 ], [ -84.606104224458093, 10.596361140944802 ], [ -84.605078562102278, 10.594578592316976 ], [ -84.60366228487463, 10.595066888200851 ], [ -84.604303162513233, 10.592581203972847 ], [ -84.605527696971052, 10.591143750154894 ], [ -84.605084188114006, 10.589513878556447 ], [ -84.599756674057645, 10.587874037565248 ], [ -84.594688930946432, 10.590464819542833 ], [ -84.581583425331928, 10.591512179403715 ], [ -84.579108418117798, 10.590835392426193 ], [ -84.577833272819447, 10.589718922797461 ], [ -84.576034823109893, 10.585995452940413 ], [ -84.574730946887328, 10.585136862908776 ], [ -84.56954780514711, 10.586086291579127 ], [ -84.566419122358951, 10.584770579214968 ], [ -84.563407529621614, 10.585116601743161 ], [ -84.561334906389163, 10.584348566448574 ], [ -84.561713133779264, 10.577707410701755 ], [ -84.567114313199369, 10.573530141974091 ], [ -84.567289864563577, 10.571564223090395 ], [ -84.569960324099185, 10.56851176555293 ], [ -84.570919255217589, 10.565466365802411 ], [ -84.570598366968213, 10.563561501626189 ], [ -84.57130286428945, 10.561238315441091 ], [ -84.56954319844337, 10.559499803636802 ], [ -84.569048566149206, 10.556467083596871 ], [ -84.570793923904318, 10.554836154400945 ], [ -84.570006203724404, 10.551757257911111 ], [ -84.571651450334144, 10.549994594581392 ], [ -84.571510429030425, 10.546792416774922 ], [ -84.573526456956657, 10.545656757947489 ], [ -84.573334835349158, 10.542151485505073 ], [ -84.570871631752183, 10.540390268469151 ], [ -84.570799636336872, 10.539426646359692 ], [ -84.567274197983153, 10.540866297446168 ], [ -84.565528277993181, 10.53894290219336 ], [ -84.564809934448633, 10.539501650743164 ], [ -84.564019847207319, 10.538443913856785 ], [ -84.558411708090759, 10.537639745688246 ], [ -84.557989418196783, 10.53605660052664 ], [ -84.555071375012076, 10.535349952401772 ], [ -84.55444631238322, 10.533665974368018 ], [ -84.553464040769725, 10.534552074977015 ], [ -84.552170755510545, 10.53432629996728 ], [ -84.550445167291585, 10.531390414207959 ], [ -84.547001434218956, 10.530312903670437 ], [ -84.542480678702148, 10.531128077500469 ], [ -84.537369861536746, 10.52658275143696 ], [ -84.529915309221309, 10.523135866046355 ], [ -84.527799830459713, 10.518770502811382 ], [ -84.528300792738165, 10.517510637900857 ], [ -84.525704461996867, 10.514387446017343 ], [ -84.526069054199482, 10.510237918449796 ], [ -84.519510561186109, 10.50920336001678 ], [ -84.520383961248584, 10.507488288543527 ], [ -84.519440381057606, 10.506482879324865 ], [ -84.518304341061608, 10.506805342560003 ], [ -84.51825928692854, 10.50569502622397 ], [ -84.521065173211596, 10.503927413649436 ], [ -84.524759967220348, 10.505506618655549 ], [ -84.525326972519991, 10.504430613123475 ], [ -84.52320330145271, 10.502616628102748 ], [ -84.523010561112628, 10.500794064951611 ], [ -84.525892051088292, 10.499511867812043 ], [ -84.527385690111984, 10.502089862388479 ], [ -84.530547887973412, 10.502407532219699 ], [ -84.53181747183902, 10.500622051410192 ], [ -84.531955801499052, 10.498897340351821 ], [ -84.534880138644894, 10.49697851973221 ], [ -84.536741993892164, 10.497459803347574 ], [ -84.539425280941472, 10.495123024064826 ], [ -84.541054908792447, 10.494932627711716 ], [ -84.542242231253795, 10.497159878798492 ], [ -84.546169814779716, 10.498451272707952 ], [ -84.549100038351554, 10.493573922147517 ], [ -84.553064727775094, 10.492613488960236 ], [ -84.55631396016517, 10.490721381978458 ], [ -84.561804912263895, 10.494655859244721 ], [ -84.565601505548329, 10.4937875340931 ], [ -84.567381160130509, 10.495517382328501 ], [ -84.569210697446906, 10.495717998476154 ], [ -84.571411289449017, 10.495067174071847 ], [ -84.572685648115311, 10.493623589656336 ], [ -84.574055989804165, 10.493795670751968 ], [ -84.575354883982598, 10.496047412106808 ], [ -84.577520791377239, 10.497514725093945 ], [ -84.58281306321831, 10.49836657411724 ], [ -84.585265215631637, 10.497883999797368 ], [ -84.587749121375779, 10.500258940612794 ], [ -84.590838892934116, 10.497385765168815 ], [ -84.593128515513015, 10.50035653539455 ], [ -84.59290110192596, 10.502146388284757 ], [ -84.596745957796998, 10.501191759132846 ], [ -84.598142890643572, 10.501892875038326 ], [ -84.60033929019373, 10.505802776383447 ], [ -84.5986744550124, 10.507850438454087 ], [ -84.59858383394122, 10.508960562709374 ], [ -84.599706048327846, 10.509593934346929 ], [ -84.603383019019773, 10.50871430507801 ], [ -84.605922296372086, 10.512532404903791 ], [ -84.611591279377123, 10.511115711521647 ], [ -84.614003480600488, 10.512785848373886 ], [ -84.617044071848539, 10.511883488953902 ], [ -84.620473255379991, 10.51329302496724 ], [ -84.62283459356739, 10.512843425692751 ], [ -84.624125547140025, 10.514976997613939 ], [ -84.626480308120023, 10.514240864207926 ], [ -84.627829049522376, 10.515703585470412 ], [ -84.630106956072055, 10.514442129093254 ], [ -84.62955407179409, 10.513135967197416 ], [ -84.630795401236767, 10.512344386132318 ], [ -84.631512792271408, 10.513896846549054 ], [ -84.633025931668215, 10.514741542025053 ], [ -84.635546042183336, 10.514050285576589 ], [ -84.638675085229394, 10.514798438876452 ], [ -84.638533222874415, 10.512814464921064 ], [ -84.640984830262042, 10.512549711976463 ], [ -84.643170772819829, 10.510110773112219 ], [ -84.644535727574862, 10.511425693903599 ], [ -84.64477384209485, 10.513697326948771 ], [ -84.646313412282169, 10.513516121038933 ], [ -84.649808023106587, 10.511172865918223 ], [ -84.656430709484667, 10.515252516791522 ], [ -84.660793664291816, 10.513596975232421 ], [ -84.662289697748164, 10.515263619503992 ], [ -84.663448176675544, 10.515459376735075 ], [ -84.667305367315407, 10.513799548815792 ], [ -84.669809540181177, 10.51609568234538 ], [ -84.676801470421879, 10.519607074990134 ], [ -84.68213630346213, 10.516152430102338 ], [ -84.684988438789688, 10.515565728568697 ], [ -84.683777217936338, 10.514223648418177 ], [ -84.684001884472721, 10.513179726569316 ], [ -84.68620551269106, 10.512263883128327 ], [ -84.686850923712782, 10.509643522468195 ], [ -84.693459675338033, 10.505762993175315 ], [ -84.697970468269091, 10.507008162041897 ], [ -84.700072946437871, 10.509245731412204 ], [ -84.701637332272725, 10.509865109018534 ], [ -84.705146773462971, 10.508978641959196 ], [ -84.705909031595056, 10.506899075459993 ], [ -84.708162463201106, 10.505375540302721 ], [ -84.71263202289326, 10.507297901972501 ], [ -84.713319591555234, 10.505817342958466 ], [ -84.715586103111306, 10.505563980104716 ], [ -84.716784333784332, 10.504098373010887 ], [ -84.717564661021996, 10.50441451213347 ], [ -84.717001341367023, 10.506598271900243 ], [ -84.719070840136538, 10.510522097294356 ], [ -84.719040665952647, 10.513581888212636 ], [ -84.721336822424988, 10.514093222698966 ], [ -84.721453818783175, 10.515324234271199 ], [ -84.724358984239487, 10.517181858711023 ], [ -84.72610488384376, 10.521302159463794 ], [ -84.728838684860037, 10.522708011979807 ], [ -84.729345346256252, 10.524915950534718 ], [ -84.728829531564642, 10.525587553230825 ], [ -84.729731881191626, 10.526641142619614 ], [ -84.728679370264771, 10.526951472432676 ], [ -84.728869465743372, 10.528597667850116 ], [ -84.728110149580687, 10.530120570524488 ], [ -84.726059097468806, 10.531224402353423 ], [ -84.725733650043296, 10.532161659228265 ], [ -84.726611975554476, 10.53298568132838 ], [ -84.726677966226291, 10.535467972265382 ], [ -84.725828826313943, 10.536710496695592 ], [ -84.724598936095333, 10.536967675511196 ], [ -84.723531754643545, 10.538702470742994 ], [ -84.721381958549145, 10.539978485158949 ], [ -84.719395790051337, 10.539090315875482 ], [ -84.717177128579621, 10.541310365131974 ], [ -84.718901653248295, 10.543383047960734 ], [ -84.718349441781058, 10.545369281645767 ], [ -84.719372560110358, 10.547083995163799 ], [ -84.717785628717778, 10.547006410654962 ], [ -84.717296617877011, 10.548351810397891 ], [ -84.716723025795829, 10.548086973555723 ], [ -84.712837410846902, 10.550145310432001 ], [ -84.707767506076621, 10.549442405508021 ], [ -84.706924319744886, 10.551307510348314 ], [ -84.70549320679784, 10.552385163039096 ], [ -84.704937268554872, 10.554454556990043 ], [ -84.705588805046546, 10.556376086824644 ], [ -84.70636031960565, 10.556550060210521 ], [ -84.705867432762133, 10.557147195350478 ], [ -84.706600765775832, 10.558604635987878 ], [ -84.706172600495847, 10.559940519261806 ], [ -84.7070797372089, 10.560898910229854 ], [ -84.708745071803193, 10.560380851341812 ], [ -84.709311752608698, 10.56315422163242 ], [ -84.708718017760376, 10.563575584146333 ], [ -84.707567401459713, 10.562952730696455 ], [ -84.707898000814467, 10.564702040162482 ], [ -84.705776626074282, 10.564352555467533 ], [ -84.704854845064375, 10.565902226780251 ], [ -84.705667326245077, 10.56640682682047 ], [ -84.700957246711297, 10.570469258970627 ], [ -84.699702685838744, 10.576044147225383 ], [ -84.700168936650385, 10.579301710648526 ], [ -84.698800145245187, 10.583102097891826 ], [ -84.696477717828188, 10.58629353485118 ], [ -84.69709658900419, 10.588261553978469 ], [ -84.696396803516109, 10.589011021484678 ], [ -84.696553004048639, 10.590771603059276 ], [ -84.69820867907994, 10.592572061565665 ], [ -84.695351924045553, 10.594266764369999 ], [ -84.692451703500694, 10.594755296862278 ], [ -84.690660337661129, 10.596809218673792 ], [ -84.685193121302163, 10.595096145067966 ], [ -84.684491229878432, 10.594015504882707 ], [ -84.681871671180218, 10.594864107003609 ], [ -84.682825983627325, 10.596110840222035 ], [ -84.682659595493163, 10.597691548605727 ], [ -84.685565996163419, 10.602637878814251 ], [ -84.684194580102812, 10.604358554781532 ], [ -84.685961676365508, 10.605548930886942 ], [ -84.686718052744524, 10.605215349615843 ], [ -84.687141176216358, 10.607599525919809 ], [ -84.685815412986258, 10.612522796631215 ], [ -84.686516376390159, 10.612743848315903 ], [ -84.68772052877118, 10.611799742949877 ], [ -84.69033053753364, 10.614736042480979 ], [ -84.691227042213654, 10.614374566004402 ], [ -84.691645365195754, 10.612544016943314 ], [ -84.692236007159536, 10.614317970673572 ], [ -84.689748088836026, 10.616725078595513 ], [ -84.690286555838085, 10.617073884810551 ], [ -84.690295532950316, 10.625055780754467 ], [ -84.691400028289181, 10.628833425922897 ], [ -84.689033854949329, 10.631076637727626 ], [ -84.688875018366403, 10.632477163434801 ], [ -84.684417605049617, 10.638186199464993 ], [ -84.6831487100077, 10.646149600051531 ], [ -84.681608937654445, 10.646563549681042 ], [ -84.682417429843937, 10.645773988885923 ], [ -84.681842873458635, 10.645105437103705 ], [ -84.67959568970123, 10.644874874463211 ], [ -84.67684593723942, 10.643055084270706 ], [ -84.675505639900166, 10.644066721358435 ], [ -84.675063404163097, 10.642872229426146 ], [ -84.673666008288876, 10.643135223261389 ], [ -84.672577223489299, 10.640451067688705 ], [ -84.669667785820138, 10.639610201030365 ], [ -84.668152634740395, 10.637079921902641 ], [ -84.663654532424218, 10.637429879274386 ], [ -84.660515645078902, 10.639619738007935 ], [ -84.657761051242687, 10.638471702844033 ], [ -84.64732920570853, 10.638482172071953 ], [ -84.648809650086847, 10.645193999140892 ], [ -84.648369134243325, 10.648358770023812 ], [ -84.646959825106464, 10.649617196400925 ], [ -84.64670691920476, 10.650861908000085 ], [ -84.648206459644911, 10.650860427932432 ], [ -84.648081260973186, 10.652720960057424 ], [ -84.649288487411283, 10.652682057284027 ], [ -84.649127117381141, 10.656465885089334 ], [ -84.649865476613712, 10.658250200183005 ], [ -84.649294670904865, 10.658778658132308 ], [ -84.650949285809887, 10.661265937915532 ], [ -84.649030420713601, 10.661368408862314 ], [ -84.64992134598323, 10.662687407756607 ], [ -84.642593279220037, 10.662338165718706 ], [ -84.639705880658525, 10.659554722851098 ], [ -84.63884903927196, 10.657656375512271 ], [ -84.634140113492705, 10.654270105616463 ], [ -84.632910718181236, 10.65184936357117 ], [ -84.628963004668805, 10.649990276713842 ], [ -84.62715107819416, 10.645214064664119 ], [ -84.624688526352259, 10.644414869137243 ], [ -84.624717515123791, 10.642963240365004 ], [ -84.622159008880857, 10.638591234614589 ], [ -84.620436694539876, 10.629437730479857 ], [ -84.615762183142635, 10.632222007473192 ], [ -84.615713868776496, 10.634337298993708 ], [ -84.614539680437971, 10.636439422103404 ], [ -84.615368562970232, 10.640701642851305 ], [ -84.613781578289505, 10.644116416908744 ], [ -84.614501388628838, 10.647537365194507 ], [ -84.584562736120375, 10.647560725745956 ] ] ] } },
{ "type": "Feature", "properties": { "cod_distrito": 21404, "distrito": "San Jorge", "canton": "Los Chiles" }, "geometry": { "type": "Polygon", "coordinates": [ [ [ -84.584562736120375, 10.647560725745956 ], [ -84.614501388628838, 10.647537365194507 ], [ -84.613781578289505, 10.644116416908744 ], [ -84.615368562970232, 10.640701642851305 ], [ -84.614539680437971, 10.636439422103404 ], [ -84.615713868776496, 10.634337298993708 ], [ -84.615762183142635, 10.632222007473192 ], [ -84.620436694539876, 10.629437730479857 ], [ -84.622310133411503, 10.638972437099607 ], [ -84.624717515123791, 10.642963240365004 ], [ -84.62503174434147, 10.644876941067926 ], [ -84.62668341344812, 10.644967895309966 ], [ -84.627775188770812, 10.646138241101244 ], [ -84.628963004668805, 10.649990276713842 ], [ -84.632910718181236, 10.65184936357117 ], [ -84.634140113492705, 10.654270105616463 ], [ -84.63884903927196, 10.657656375512271 ], [ -84.639705880658525, 10.659554722851098 ], [ -84.642593279220037, 10.662338165718706 ], [ -84.650366490297898, 10.663026365465203 ], [ -84.65107724049156, 10.662120594234517 ], [ -84.651486180441069, 10.664345132191746 ], [ -84.653919549009842, 10.664272864625302 ], [ -84.654402816683117, 10.665394961833609 ], [ -84.657989674707366, 10.66764311878284 ], [ -84.659575380235495, 10.671872606198487 ], [ -84.662638563380725, 10.672936274046082 ], [ -84.662412172465395, 10.674943573469328 ], [ -84.666207518420848, 10.676829161482649 ], [ -84.668522983093638, 10.679511858460376 ], [ -84.669705129233506, 10.682286147493915 ], [ -84.672844549413341, 10.686079957014554 ], [ -84.672714621653128, 10.687056636144426 ], [ -84.677559557638901, 10.687052343747764 ], [ -84.679056170647641, 10.688556174025708 ], [ -84.680227073470519, 10.690463599150332 ], [ -84.680938067482671, 10.694307102330283 ], [ -84.682536207618682, 10.696303680145832 ], [ -84.680034264109381, 10.698765512619385 ], [ -84.679724774670817, 10.699950193468689 ], [ -84.684277702494583, 10.708561086917145 ], [ -84.685610668277263, 10.715141308744697 ], [ -84.686957045850036, 10.717381930552687 ], [ -84.691473685447335, 10.717892208628667 ], [ -84.696659252952813, 10.719739697091782 ], [ -84.698774246273075, 10.722485674228437 ], [ -84.699291261892597, 10.726797524002848 ], [ -84.700051435331403, 10.727971954016155 ], [ -84.703635827729812, 10.72854641664078 ], [ -84.705118284766954, 10.729747108131717 ], [ -84.705897588875601, 10.738955906109176 ], [ -84.704974631954045, 10.7415327397051 ], [ -84.706239374649243, 10.742984766944371 ], [ -84.706959837579333, 10.745184447264306 ], [ -84.706432241044567, 10.745755527925292 ], [ -84.708907918530656, 10.747693357521236 ], [ -84.709502735090865, 10.750028888320742 ], [ -84.710991719662914, 10.75106968176215 ], [ -84.710646854228713, 10.751958173574705 ], [ -84.711770179443377, 10.752729603576423 ], [ -84.713811903306777, 10.752110494220007 ], [ -84.71510300337475, 10.753602371484815 ], [ -84.716864717607535, 10.752835448349952 ], [ -84.719082049284992, 10.753642345071636 ], [ -84.720575037728551, 10.756112536399002 ], [ -84.722237664894166, 10.756232408945699 ], [ -84.723163217419156, 10.757141199857539 ], [ -84.728363661011244, 10.75764843847303 ], [ -84.730049084827854, 10.758461647524408 ], [ -84.73103719276223, 10.76002589151992 ], [ -84.732875013820646, 10.759123056808019 ], [ -84.735226367750585, 10.760358677660662 ], [ -84.739155496987649, 10.765543072935145 ], [ -84.738216261774497, 10.767478982741137 ], [ -84.739071512362528, 10.769059729309742 ], [ -84.740992920293593, 10.769397171018882 ], [ -84.742622007205981, 10.770920396154569 ], [ -84.741461868344572, 10.771727113227129 ], [ -84.742791752116418, 10.774911540209677 ], [ -84.742133629979122, 10.775392825756533 ], [ -84.7407742876442, 10.77382985672925 ], [ -84.73840150396164, 10.773099485880728 ], [ -84.729109660623394, 10.772793797614337 ], [ -84.726716704491992, 10.767603918018597 ], [ -84.723683111980975, 10.767625367878329 ], [ -84.722055691674427, 10.766897200906815 ], [ -84.717647367036705, 10.762558708236323 ], [ -84.712968149586146, 10.760244436352922 ], [ -84.705224739819442, 10.763066186595216 ], [ -84.701674286439271, 10.763620084552372 ], [ -84.695556915447199, 10.76809988284492 ], [ -84.695089188785403, 10.770227359246256 ], [ -84.696062130441021, 10.77332557175963 ], [ -84.693421734985009, 10.776370785255812 ], [ -84.694810580605832, 10.77892507385538 ], [ -84.682079812807771, 10.781662974965759 ], [ -84.682331177256543, 10.780547363292344 ], [ -84.680987655517413, 10.779078242948509 ], [ -84.673124712640245, 10.77926188090281 ], [ -84.66999539308722, 10.776600475260032 ], [ -84.669110730049738, 10.774623525669913 ], [ -84.667383724536563, 10.774744395459864 ], [ -84.666137176085584, 10.774029110398258 ], [ -84.664676279586303, 10.772680573593536 ], [ -84.664236032797461, 10.771179096878432 ], [ -84.663411175758114, 10.771200525663287 ], [ -84.657246125562182, 10.764786919557791 ], [ -84.65758307035037, 10.762488029432346 ], [ -84.659621594683912, 10.76075764198238 ], [ -84.659324882615621, 10.759453356469812 ], [ -84.658328031235513, 10.759097045992075 ], [ -84.657414225007557, 10.75738172673992 ], [ -84.658159474988409, 10.754728151026141 ], [ -84.656145048401598, 10.751493041519856 ], [ -84.656328351943358, 10.749120409239351 ], [ -84.65310062668037, 10.743063442022091 ], [ -84.65290469767028, 10.740662866993384 ], [ -84.63876709825594, 10.740937755926259 ], [ -84.638207868074559, 10.741747485904574 ], [ -84.638887589446043, 10.742083120063675 ], [ -84.638816571054903, 10.743741680482582 ], [ -84.639683352412334, 10.74488115345887 ], [ -84.638398682603437, 10.748486539809395 ], [ -84.640798214271882, 10.749045957683576 ], [ -84.641795836550344, 10.751342520428729 ], [ -84.640117638866073, 10.749963025777374 ], [ -84.639503244020858, 10.750893793364858 ], [ -84.638302716118019, 10.751122074165409 ], [ -84.638218936345908, 10.7502691999776 ], [ -84.636941107302505, 10.751124356964825 ], [ -84.633306678607113, 10.750319139391953 ], [ -84.634426585858392, 10.751473054862712 ], [ -84.633428754959041, 10.752654449732901 ], [ -84.635146329159355, 10.751996100290196 ], [ -84.635668553027784, 10.753148810709543 ], [ -84.632757376821019, 10.756589618542071 ], [ -84.631329529793888, 10.756497257941634 ], [ -84.631859607896402, 10.757434041753159 ], [ -84.631109496947474, 10.757839528419655 ], [ -84.629698615523139, 10.757618901396114 ], [ -84.62979536314441, 10.756162185000623 ], [ -84.628481817223076, 10.756354834867913 ], [ -84.627979136233876, 10.755685090682118 ], [ -84.627098789377484, 10.756626569592321 ], [ -84.621104811154069, 10.756769615758191 ], [ -84.619899794682539, 10.75474282131848 ], [ -84.618854031051796, 10.754397537101612 ], [ -84.61995917600791, 10.753433850076968 ], [ -84.618377140780495, 10.752212161992063 ], [ -84.615953409646352, 10.753633152840001 ], [ -84.612100532227146, 10.751315513974003 ], [ -84.610051337217627, 10.752055004905843 ], [ -84.60900350425122, 10.754230185280541 ], [ -84.606926430983023, 10.754764697830463 ], [ -84.598042778035307, 10.754073253946448 ], [ -84.596406774263272, 10.754854722487172 ], [ -84.594823010130924, 10.756350135679153 ], [ -84.594904538916893, 10.757452868597966 ], [ -84.596070314705884, 10.758274264379365 ], [ -84.596457894806335, 10.760368288315636 ], [ -84.597663490998599, 10.761138774051734 ], [ -84.598732114540823, 10.764988069772446 ], [ -84.598299779629968, 10.767114324856088 ], [ -84.595478524828494, 10.770324134592357 ], [ -84.596321598024247, 10.772049415638325 ], [ -84.595061052777211, 10.775101757388935 ], [ -84.593644984158786, 10.775899863371681 ], [ -84.591786076603356, 10.779309213055635 ], [ -84.590488851933515, 10.780327921654704 ], [ -84.58692005856912, 10.780419456369978 ], [ -84.586048467317482, 10.776552079136488 ], [ -84.584980399933784, 10.775340976053393 ], [ -84.581560822977721, 10.776519600045335 ], [ -84.577381758238914, 10.776159789073885 ], [ -84.574339971785207, 10.776792574300092 ], [ -84.57366043107838, 10.77865652624263 ], [ -84.572615742489873, 10.779234195834213 ], [ -84.573627741782829, 10.78097112487028 ], [ -84.571546259712605, 10.783372252908595 ], [ -84.573473443187297, 10.785309247438581 ], [ -84.572960968978421, 10.786268690333275 ], [ -84.573350252717404, 10.788906703869827 ], [ -84.563509652669055, 10.788982708884415 ], [ -84.562769211281719, 10.788338339436079 ], [ -84.559608562375757, 10.789721613580982 ], [ -84.559749536661556, 10.792185924045851 ], [ -84.546456368882929, 10.791683751492068 ], [ -84.547393111515277, 10.790386136045196 ], [ -84.548624262031836, 10.791119549657063 ], [ -84.549939092099876, 10.790196212121522 ], [ -84.549341756439517, 10.788157262947317 ], [ -84.547027948706258, 10.789127760470668 ], [ -84.546426342093568, 10.78861585790154 ], [ -84.547833756139454, 10.787526563298231 ], [ -84.546372737632353, 10.78684030448977 ], [ -84.547585947692667, 10.786004158481314 ], [ -84.547140629145161, 10.784534348701518 ], [ -84.548036282069702, 10.782950406274447 ], [ -84.546415748772333, 10.783068569249236 ], [ -84.545509183942244, 10.784241455115128 ], [ -84.544092250803274, 10.783254558174299 ], [ -84.54480395836886, 10.781781668664234 ], [ -84.546260920825873, 10.782090022822878 ], [ -84.546691035199743, 10.780239161993446 ], [ -84.545171764214118, 10.780089726786651 ], [ -84.54430632060398, 10.778944013457474 ], [ -84.544674676606078, 10.778288814368752 ], [ -84.54544244117038, 10.778376888124027 ], [ -84.545779243106153, 10.779308522664314 ], [ -84.547675927874792, 10.778829321870832 ], [ -84.547289202244443, 10.77744839576812 ], [ -84.543007499651836, 10.774680121263131 ], [ -84.545607299626752, 10.771149947519604 ], [ -84.544631716407736, 10.770664896366661 ], [ -84.543483566237128, 10.772457828406518 ], [ -84.541833379703831, 10.771779974316958 ], [ -84.541376085104758, 10.770572020451725 ], [ -84.543532377096085, 10.770236856703955 ], [ -84.541459647764626, 10.769460660680311 ], [ -84.540950489352795, 10.767327425674194 ], [ -84.53851539370406, 10.767277983006217 ], [ -84.539577247932868, 10.768335637925835 ], [ -84.537860534453102, 10.769842603730114 ], [ -84.537297939184555, 10.769429797495643 ], [ -84.538582595981694, 10.76885114642783 ], [ -84.537093631054944, 10.768681232024536 ], [ -84.536795753926157, 10.76730818709305 ], [ -84.536496486528236, 10.768524874862855 ], [ -84.53369189871718, 10.768450895337301 ], [ -84.533193335008392, 10.766428214181492 ], [ -84.534065327113453, 10.765052134512588 ], [ -84.53239641301515, 10.76486259347144 ], [ -84.531839269627412, 10.763458594884529 ], [ -84.529153537909508, 10.76374256822924 ], [ -84.528374406668874, 10.765034727579982 ], [ -84.528506657674669, 10.763815451139315 ], [ -84.529786015052565, 10.76255039333509 ], [ -84.528944465335755, 10.762440794523235 ], [ -84.529418635640639, 10.760379525191411 ], [ -84.531156933416526, 10.759900804324818 ], [ -84.530329527083921, 10.758045841920167 ], [ -84.528872192866203, 10.757625701740322 ], [ -84.530084853715991, 10.756839013663251 ], [ -84.53007569234579, 10.75591385079813 ], [ -84.52835031809748, 10.755860649000722 ], [ -84.528261614437284, 10.752841976992579 ], [ -84.526553025567381, 10.751687956169233 ], [ -84.527763776308788, 10.7519472398267 ], [ -84.52929450323731, 10.750546854097943 ], [ -84.527027822511656, 10.749931075045987 ], [ -84.527502396732402, 10.747525193097657 ], [ -84.526139748732007, 10.747028315672488 ], [ -84.525461338891247, 10.747116777623855 ], [ -84.525739992095211, 10.747878526446032 ], [ -84.524471141919847, 10.747344811298211 ], [ -84.524215776747425, 10.74922046234656 ], [ -84.522803227477326, 10.74750013230655 ], [ -84.521958786572384, 10.74760229851031 ], [ -84.520483934537324, 10.749634669761539 ], [ -84.51910788773047, 10.748484273826115 ], [ -84.520169540523909, 10.747216909777769 ], [ -84.521910250831183, 10.747173047643814 ], [ -84.520612209698783, 10.745882539989225 ], [ -84.520367339645688, 10.744231008734012 ], [ -84.522524288395331, 10.744896428802461 ], [ -84.524230402178986, 10.743350636266374 ], [ -84.521974284096473, 10.742503906089251 ], [ -84.522358822051814, 10.740602134054944 ], [ -84.523790135143287, 10.740394934956333 ], [ -84.524150759786323, 10.741499338953934 ], [ -84.525095305175213, 10.739641076820796 ], [ -84.526012577899294, 10.740059185814415 ], [ -84.526637012736472, 10.739190356439313 ], [ -84.525915879547441, 10.738677963245069 ], [ -84.524422675062453, 10.739439806082414 ], [ -84.52414058697272, 10.738268740877512 ], [ -84.526992338734473, 10.736684576026502 ], [ -84.525842330317644, 10.735588209044989 ], [ -84.524176180857793, 10.735484288164336 ], [ -84.523459261613212, 10.734496582034811 ], [ -84.523994042945915, 10.732514808860314 ], [ -84.525412205865678, 10.732936511963221 ], [ -84.526439926031955, 10.732131700514474 ], [ -84.52563191706389, 10.731163956945167 ], [ -84.523654961484169, 10.73131039262308 ], [ -84.524784419736378, 10.729372344415768 ], [ -84.523604217880518, 10.727766322387517 ], [ -84.524870903221995, 10.726287661761601 ], [ -84.523457450976778, 10.726257898232488 ], [ -84.522496578303574, 10.725313793274481 ], [ -84.52389518271859, 10.722899428729217 ], [ -84.520823284355927, 10.721878345734448 ], [ -84.52041307700712, 10.72103708960922 ], [ -84.5222779446526, 10.721013485454485 ], [ -84.522722842865221, 10.720413487948381 ], [ -84.522202695844726, 10.718917136643851 ], [ -84.520165204983272, 10.7169114392933 ], [ -84.519616355181213, 10.714377897007559 ], [ -84.520142661279422, 10.712863290473688 ], [ -84.521021758494825, 10.714002278833311 ], [ -84.522192575803146, 10.713426742052626 ], [ -84.522635223243725, 10.709804109416943 ], [ -84.521466551484195, 10.70935921859113 ], [ -84.520408311366211, 10.707210494432534 ], [ -84.520813675673949, 10.705015921952418 ], [ -84.522459691596481, 10.704458035005773 ], [ -84.522008378643676, 10.701825927823956 ], [ -84.522647986385735, 10.700591983646305 ], [ -84.519037950408688, 10.69539080212779 ], [ -84.518855129099521, 10.693779806941649 ], [ -84.520245030000936, 10.69371464516021 ], [ -84.521221212844367, 10.691613358246258 ], [ -84.52203009277919, 10.692234083423507 ], [ -84.523445088744438, 10.691809753381737 ], [ -84.524845166212373, 10.688753391588854 ], [ -84.524598266871138, 10.686330900107746 ], [ -84.525401114012197, 10.685252210271843 ], [ -84.527416140282938, 10.686245390642043 ], [ -84.529054814465539, 10.68514880438549 ], [ -84.530705725515205, 10.685612756927672 ], [ -84.530283527805608, 10.687164480867795 ], [ -84.528890616181215, 10.687374423884158 ], [ -84.528650048186677, 10.689450131530842 ], [ -84.531256619276547, 10.688699904218016 ], [ -84.53315429327273, 10.688959878343709 ], [ -84.533569722613748, 10.687177766444821 ], [ -84.534345943355376, 10.688500234300212 ], [ -84.535625683437161, 10.688456843647817 ], [ -84.535184719940631, 10.690642874822153 ], [ -84.533711037265803, 10.691251937069609 ], [ -84.53395681982397, 10.691935819897713 ], [ -84.536265846710165, 10.69111288704018 ], [ -84.5365193177077, 10.689420738102624 ], [ -84.538459322771359, 10.689223187676683 ], [ -84.536828683359943, 10.686883087174126 ], [ -84.537470878208964, 10.687158940308523 ], [ -84.540370479623974, 10.685175420883562 ], [ -84.542178804829177, 10.685463217311609 ], [ -84.543113381121401, 10.683261345536135 ], [ -84.544521722754524, 10.684999460691913 ], [ -84.544516441095652, 10.683574734329561 ], [ -84.54630656300931, 10.683835824272023 ], [ -84.5478496972747, 10.682608559678501 ], [ -84.550759709686943, 10.682681064414494 ], [ -84.550768906343976, 10.684756473057258 ], [ -84.552656535758331, 10.685042084097363 ], [ -84.553115045597451, 10.683480077094041 ], [ -84.554094205897925, 10.68346975522755 ], [ -84.555744159444103, 10.681716798813422 ], [ -84.557071482311542, 10.68366705437807 ], [ -84.558073220354004, 10.682995309631304 ], [ -84.559461182796682, 10.683348144505944 ], [ -84.559412299300348, 10.684650744361671 ], [ -84.560147632505533, 10.684885717468195 ], [ -84.561228313977765, 10.682095340697098 ], [ -84.562242149567297, 10.682745889567633 ], [ -84.564395302454926, 10.681212979193132 ], [ -84.564018146420636, 10.678262796167084 ], [ -84.565582197156942, 10.677283782378383 ], [ -84.565386398710814, 10.676529456901735 ], [ -84.566714372086253, 10.675037664967888 ], [ -84.566284161657606, 10.67419140585643 ], [ -84.569201685142673, 10.674627037906992 ], [ -84.570709931524007, 10.673513912313211 ], [ -84.570466093820826, 10.671767774683692 ], [ -84.571384320921467, 10.671170328946774 ], [ -84.569462436473671, 10.670216966491216 ], [ -84.569839267100519, 10.666511228689016 ], [ -84.568671827957161, 10.665544220932738 ], [ -84.57125773357626, 10.661764529866808 ], [ -84.57011988615065, 10.660416896742056 ], [ -84.571666215863658, 10.660404808140767 ], [ -84.571970519785211, 10.659139977919386 ], [ -84.572649608743518, 10.659963516830574 ], [ -84.573072138958864, 10.658957085574931 ], [ -84.576454804558168, 10.659885788126786 ], [ -84.578150542326512, 10.653749075456037 ], [ -84.580038054610057, 10.654619337690194 ], [ -84.584300553128699, 10.651738314207833 ], [ -84.58543955969914, 10.651634027098 ], [ -84.585652507482294, 10.650896701737743 ], [ -84.584296987234481, 10.650174649377544 ], [ -84.584562736120375, 10.647560725745956 ] ] ] } },
{ "type": "Feature", "properties": { "cod_distrito": 21403, "distrito": "El Amparo", "canton": "Los Chiles" }, "geometry": { "type": "Polygon", "coordinates": [ [ [ -84.568208117886115, 10.843839889705777 ], [ -84.541455474601648, 10.844282773767445 ], [ -84.54028538973408, 10.842211039349809 ], [ -84.540333540677963, 10.841311750450084 ], [ -84.541446924628744, 10.841337821422192 ], [ -84.541770941667579, 10.839736544609631 ], [ -84.539942148743947, 10.840130023511554 ], [ -84.540730648231047, 10.838194894615954 ], [ -84.539280543435169, 10.836931933024147 ], [ -84.539516547764549, 10.835913071275042 ], [ -84.540752339821097, 10.837014338130917 ], [ -84.542310396216422, 10.83539494045594 ], [ -84.54155142270379, 10.834450410773885 ], [ -84.54078657027226, 10.834837125248223 ], [ -84.541025731502685, 10.83270616610911 ], [ -84.540285800940794, 10.831307259220511 ], [ -84.539110156866641, 10.831149608771286 ], [ -84.539602676207096, 10.832691963691735 ], [ -84.53772721191514, 10.831594045053553 ], [ -84.538813138903549, 10.830905191486261 ], [ -84.538572272635093, 10.828973074534687 ], [ -84.539373419620333, 10.827325948169461 ], [ -84.540906350014396, 10.827878644753449 ], [ -84.541370035554735, 10.825237525680469 ], [ -84.540424627295423, 10.825468028109023 ], [ -84.540424903947368, 10.826558310368009 ], [ -84.53842443627174, 10.825250075525384 ], [ -84.540324031776805, 10.823707656411285 ], [ -84.538946702857018, 10.823496202264234 ], [ -84.538719123575902, 10.822444375632458 ], [ -84.540555685600538, 10.822863100399061 ], [ -84.540588133473591, 10.821100387914081 ], [ -84.541994498242133, 10.821354001261223 ], [ -84.543375506990088, 10.820571153360106 ], [ -84.543843604785295, 10.819360541922025 ], [ -84.542395921931828, 10.819767399717078 ], [ -84.543270404264803, 10.817656605091727 ], [ -84.541236861360673, 10.817691346763111 ], [ -84.544509193344766, 10.815387256348931 ], [ -84.545749872154076, 10.815905997173191 ], [ -84.547153793767876, 10.813705956347912 ], [ -84.548726763985528, 10.814045263223585 ], [ -84.550028362990545, 10.813407937128844 ], [ -84.550000755496939, 10.81459624210815 ], [ -84.551283101916098, 10.814705315764627 ], [ -84.55053920630624, 10.812149444400813 ], [ -84.547011166861552, 10.811765190244284 ], [ -84.545747627681294, 10.810735216199525 ], [ -84.546649992913601, 10.809247443854838 ], [ -84.545404301465766, 10.809082329240125 ], [ -84.545685948958933, 10.806219507307187 ], [ -84.544176855686842, 10.806760564826924 ], [ -84.54330155824313, 10.806025872873418 ], [ -84.543586945097431, 10.805234523348162 ], [ -84.544818547694561, 10.805534824344678 ], [ -84.543835249189939, 10.803021823883373 ], [ -84.54547306890214, 10.803968589497391 ], [ -84.547676605452011, 10.802698615210229 ], [ -84.545769726181021, 10.8013260086475 ], [ -84.547673921245789, 10.800756883923114 ], [ -84.546224159012596, 10.799360580076153 ], [ -84.545284134446391, 10.795776579236062 ], [ -84.545599389244018, 10.795135358629942 ], [ -84.546390714770581, 10.795892828406149 ], [ -84.549043023855816, 10.794713479066315 ], [ -84.548548418876862, 10.79221082771458 ], [ -84.559749536661556, 10.792185924045851 ], [ -84.559608562375757, 10.789721613580982 ], [ -84.562769211281719, 10.788338339436079 ], [ -84.563509652669055, 10.788982708884415 ], [ -84.573350252717404, 10.788906703869827 ], [ -84.572960968978421, 10.786268690333275 ], [ -84.573473443187297, 10.785309247438581 ], [ -84.571546259712605, 10.783372252908595 ], [ -84.573627741782829, 10.78097112487028 ], [ -84.572615742489873, 10.779234195834213 ], [ -84.57366043107838, 10.77865652624263 ], [ -84.574339971785207, 10.776792574300092 ], [ -84.577381758238914, 10.776159789073885 ], [ -84.581560822977721, 10.776519600045335 ], [ -84.584980399933784, 10.775340976053393 ], [ -84.586048467317482, 10.776552079136488 ], [ -84.58692005856912, 10.780419456369978 ], [ -84.590705405199543, 10.780180946344105 ], [ -84.593644984158786, 10.775899863371681 ], [ -84.595061052777211, 10.775101757388935 ], [ -84.596321598024247, 10.772049415638325 ], [ -84.595478524828494, 10.770324134592357 ], [ -84.598299779629968, 10.767114324856088 ], [ -84.598732114540823, 10.764988069772446 ], [ -84.597663490998599, 10.761138774051734 ], [ -84.596457894806335, 10.760368288315636 ], [ -84.596070314705884, 10.758274264379365 ], [ -84.594904538916893, 10.757452868597966 ], [ -84.594823010130924, 10.756350135679153 ], [ -84.596504050463096, 10.754791654636213 ], [ -84.598042778035307, 10.754073253946448 ], [ -84.606926430983023, 10.754764697830463 ], [ -84.60900350425122, 10.754230185280541 ], [ -84.610051337217627, 10.752055004905843 ], [ -84.612100532227146, 10.751315513974003 ], [ -84.615953409646352, 10.753633152840001 ], [ -84.618377140780495, 10.752212161992063 ], [ -84.61995917600791, 10.753433850076968 ], [ -84.618854031051796, 10.754397537101612 ], [ -84.619899794682539, 10.75474282131848 ], [ -84.621104811154069, 10.756769615758191 ], [ -84.627098789377484, 10.756626569592321 ], [ -84.627979136233876, 10.755685090682118 ], [ -84.628481817223076, 10.756354834867913 ], [ -84.62979536314441, 10.756162185000623 ], [ -84.629698615523139, 10.757618901396114 ], [ -84.631109496947474, 10.757839528419655 ], [ -84.631859607896402, 10.757434041753159 ], [ -84.631329529793888, 10.756497257941634 ], [ -84.632757376821019, 10.756589618542071 ], [ -84.635668553027784, 10.753148810709543 ], [ -84.635146329159355, 10.751996100290196 ], [ -84.633428754959041, 10.752654449732901 ], [ -84.634426585858392, 10.751473054862712 ], [ -84.633306678607113, 10.750319139391953 ], [ -84.636941107302505, 10.751124356964825 ], [ -84.638218936345908, 10.7502691999776 ], [ -84.638302716118019, 10.751122074165409 ], [ -84.639503244020858, 10.750893793364858 ], [ -84.640117638866073, 10.749963025777374 ], [ -84.641795836550344, 10.751342520428729 ], [ -84.640798214271882, 10.749045957683576 ], [ -84.638398682603437, 10.748486539809395 ], [ -84.639683352412334, 10.74488115345887 ], [ -84.638816571054903, 10.743741680482582 ], [ -84.638887589446043, 10.742083120063675 ], [ -84.638207868074559, 10.741747485904574 ], [ -84.63876709825594, 10.740937755926259 ], [ -84.65290469767028, 10.740662866993384 ], [ -84.65310062668037, 10.743063442022091 ], [ -84.656328351943358, 10.749120409239351 ], [ -84.656145048401598, 10.751493041519856 ], [ -84.658159474988409, 10.754728151026141 ], [ -84.657414225007557, 10.75738172673992 ], [ -84.658328031235513, 10.759097045992075 ], [ -84.659324882615621, 10.759453356469812 ], [ -84.659621594683912, 10.76075764198238 ], [ -84.65758307035037, 10.762488029432346 ], [ -84.657246125562182, 10.764786919557791 ], [ -84.663411175758114, 10.771200525663287 ], [ -84.664236032797461, 10.771179096878432 ], [ -84.664676279586303, 10.772680573593536 ], [ -84.666137176085584, 10.774029110398258 ], [ -84.669474698570625, 10.774958638576365 ], [ -84.66999539308722, 10.776600475260032 ], [ -84.671180834195226, 10.777026183829584 ], [ -84.67281208758024, 10.779146313093708 ], [ -84.679565704664356, 10.779542215150185 ], [ -84.680987655517413, 10.779078242948509 ], [ -84.682331177256543, 10.780547363292344 ], [ -84.682079812807771, 10.781662974965759 ], [ -84.694810580605832, 10.77892507385538 ], [ -84.693421734985009, 10.776370785255812 ], [ -84.696062130441021, 10.77332557175963 ], [ -84.695089188785403, 10.770227359246256 ], [ -84.695556915447199, 10.76809988284492 ], [ -84.701674286439271, 10.763620084552372 ], [ -84.705224739819442, 10.763066186595216 ], [ -84.712968149586146, 10.760244436352922 ], [ -84.717647367036705, 10.762558708236323 ], [ -84.722055691674427, 10.766897200906815 ], [ -84.723683111980975, 10.767625367878329 ], [ -84.726716704491992, 10.767603918018597 ], [ -84.729109660623394, 10.772793797614337 ], [ -84.738062163920546, 10.773048854368819 ], [ -84.740948984394663, 10.773944893536481 ], [ -84.742133629979122, 10.775392825756533 ], [ -84.740491873397602, 10.777373257368756 ], [ -84.742122948238446, 10.778121508883576 ], [ -84.742477010602997, 10.779590450592735 ], [ -84.74163069705719, 10.783844866920052 ], [ -84.742618956822469, 10.784049442504401 ], [ -84.743146302297319, 10.782449246402457 ], [ -84.744340960772661, 10.783232848646877 ], [ -84.74621065011398, 10.787601536041755 ], [ -84.745879723747279, 10.789802463204728 ], [ -84.747895140323664, 10.792318872035006 ], [ -84.747627870311049, 10.794036592719346 ], [ -84.749790502806576, 10.795644667154724 ], [ -84.748739923299325, 10.797388916724321 ], [ -84.749899703326932, 10.799834017820096 ], [ -84.748444605860229, 10.800601252486958 ], [ -84.749820260116664, 10.805067827665431 ], [ -84.750768282984353, 10.80590854043432 ], [ -84.750100649739608, 10.807725478341556 ], [ -84.75087551480388, 10.812038496688793 ], [ -84.752746658574637, 10.813630592213388 ], [ -84.753145153018878, 10.815649419493674 ], [ -84.755174465144847, 10.813573151354952 ], [ -84.756083217998025, 10.816119651158113 ], [ -84.758701746524693, 10.816666814535617 ], [ -84.758421370159667, 10.81795647914681 ], [ -84.755547478444711, 10.81972074214873 ], [ -84.75754643024294, 10.82144321265177 ], [ -84.758696532222061, 10.819676437249887 ], [ -84.760223048405393, 10.820155824164907 ], [ -84.75949609581771, 10.822724418796904 ], [ -84.761186711952249, 10.824479369635783 ], [ -84.761092519292191, 10.826814425716762 ], [ -84.763802948952133, 10.826473775726503 ], [ -84.764553422420335, 10.829192834812526 ], [ -84.767426331967442, 10.828948218902935 ], [ -84.768338401530229, 10.831113400528707 ], [ -84.770188282840451, 10.830613396406974 ], [ -84.77041281137663, 10.832003944889895 ], [ -84.772504177100984, 10.833222646323225 ], [ -84.771935055920792, 10.835726164832581 ], [ -84.769697109000916, 10.83834805163873 ], [ -84.773982457257475, 10.838249047665824 ], [ -84.775208289081121, 10.839240499503349 ], [ -84.773515735248409, 10.841229142739952 ], [ -84.775480701411411, 10.843150648935005 ], [ -84.774870107692237, 10.844299827246109 ], [ -84.772987748568013, 10.845295577439524 ], [ -84.773881530795165, 10.847358231839912 ], [ -84.773275582325738, 10.849027245639112 ], [ -84.774905021306239, 10.849548725666777 ], [ -84.773260125930364, 10.851975677289618 ], [ -84.775991587476184, 10.854687535796577 ], [ -84.774179122960987, 10.857972087830799 ], [ -84.775114044569406, 10.85856823381909 ], [ -84.775954756854247, 10.861358736422199 ], [ -84.77606730133941, 10.866539235690993 ], [ -84.77744042530324, 10.866149375035686 ], [ -84.778029920803419, 10.86669168318771 ], [ -84.776971360817512, 10.867488450653736 ], [ -84.776033127568695, 10.870108396246277 ], [ -84.772695213066811, 10.868832790981511 ], [ -84.772383117025171, 10.870171638030676 ], [ -84.773405680868393, 10.871663823991003 ], [ -84.77122954619594, 10.873199210495972 ], [ -84.772115399313662, 10.875157124544064 ], [ -84.769747491183765, 10.877108644245213 ], [ -84.769500056691669, 10.879790469348904 ], [ -84.76715210311346, 10.880327484840382 ], [ -84.768070902091779, 10.884690448880525 ], [ -84.765987869881613, 10.885600311884961 ], [ -84.766290238584801, 10.887101090092578 ], [ -84.765179660105062, 10.889012846380931 ], [ -84.765751495840064, 10.889762196346982 ], [ -84.767088488359093, 10.889414087793991 ], [ -84.76744812201035, 10.890108430251871 ], [ -84.765012977337307, 10.891780189759139 ], [ -84.762677657182351, 10.891953195280196 ], [ -84.764115285970433, 10.894061290312175 ], [ -84.763791257092151, 10.896735395223956 ], [ -84.760735595529681, 10.894264433508372 ], [ -84.759633184736629, 10.896345306969131 ], [ -84.760123579628285, 10.89738034874939 ], [ -84.761710053358627, 10.89787791284807 ], [ -84.761599266495907, 10.898535748535341 ], [ -84.759269251013109, 10.898023633532654 ], [ -84.757478357041393, 10.895384882440492 ], [ -84.756634396922436, 10.895516633363851 ], [ -84.755312856407045, 10.897646933002282 ], [ -84.752141555869855, 10.896030532159246 ], [ -84.751100677248473, 10.898589189649215 ], [ -84.748868737380462, 10.897958038860056 ], [ -84.749155263217887, 10.901328142123896 ], [ -84.745542903508962, 10.901720410266327 ], [ -84.746773097725153, 10.904167562516159 ], [ -84.744004342798291, 10.904199775927397 ], [ -84.742450940415054, 10.907494084284842 ], [ -84.741287949262073, 10.904861558170099 ], [ -84.739821180518803, 10.907380924690623 ], [ -84.73613680234773, 10.90690509470258 ], [ -84.734108512209019, 10.905832530408693 ], [ -84.734244777642303, 10.907639311273632 ], [ -84.732474891141578, 10.909505546015987 ], [ -84.732346100925383, 10.911056488400607 ], [ -84.727148444924879, 10.909496406358107 ], [ -84.727217927413562, 10.910806636111888 ], [ -84.730276872192647, 10.911770157323954 ], [ -84.730881385172069, 10.914838292572592 ], [ -84.729970237243478, 10.915765023493815 ], [ -84.727213204848567, 10.914486237452444 ], [ -84.728039682128639, 10.916666807524775 ], [ -84.726964672179975, 10.918944658226083 ], [ -84.727894507246205, 10.92054078346899 ], [ -84.723661321602592, 10.923482227486423 ], [ -84.725589080160901, 10.926385420030211 ], [ -84.726279124748103, 10.926131717273922 ], [ -84.726537018528418, 10.924625641528799 ], [ -84.727232681665555, 10.925726300754038 ], [ -84.726268333157421, 10.926989463576149 ], [ -84.723843928828359, 10.927570096179851 ], [ -84.722482919846058, 10.928747566771738 ], [ -84.722536568446117, 10.927649366351949 ], [ -84.720203615363587, 10.927587578820479 ], [ -84.719723435583617, 10.925121411293159 ], [ -84.718549174976317, 10.926381132000904 ], [ -84.717480008601456, 10.925740858991396 ], [ -84.718389672870714, 10.924909672571316 ], [ -84.718228607296226, 10.922680619690851 ], [ -84.717081846160568, 10.921076108553967 ], [ -84.717520220254954, 10.920480938101127 ], [ -84.718822146861115, 10.920773664446777 ], [ -84.718932042835348, 10.918794535213969 ], [ -84.717211940983091, 10.919761117150705 ], [ -84.716712437225993, 10.918008623664329 ], [ -84.716157999761649, 10.918620267335191 ], [ -84.714922006465542, 10.917388087535086 ], [ -84.714932870622533, 10.918632407420601 ], [ -84.712950925784455, 10.918089692792057 ], [ -84.712449444824216, 10.919616049378511 ], [ -84.711214647150527, 10.919317487822106 ], [ -84.711047500418019, 10.918745084416795 ], [ -84.712383993506549, 10.91765694542854 ], [ -84.710751265826275, 10.916906988264291 ], [ -84.711691772528226, 10.916610709525694 ], [ -84.711892081601178, 10.915557590782877 ], [ -84.710266419654687, 10.9145446271592 ], [ -84.710404856928875, 10.91374117667354 ], [ -84.709339071789714, 10.913640588124284 ], [ -84.707998588732039, 10.914970414230838 ], [ -84.706738554265812, 10.912612908789123 ], [ -84.704145872240332, 10.913073416030636 ], [ -84.696929085419541, 10.908894883270388 ], [ -84.692676453851959, 10.909450659573588 ], [ -84.691498381441093, 10.908411298463907 ], [ -84.689417963013298, 10.903689730674927 ], [ -84.685936272337912, 10.901275536878559 ], [ -84.683437482126379, 10.900768148289966 ], [ -84.680839148667587, 10.894312604653638 ], [ -84.676025357256137, 10.891338589685297 ], [ -84.660066169499231, 10.891355351242506 ], [ -84.660257165673386, 10.896293325947822 ], [ -84.658020121555666, 10.89922382365304 ], [ -84.657487164490291, 10.902917787005151 ], [ -84.650506799462676, 10.901129109448089 ], [ -84.645972561749744, 10.898797148925327 ], [ -84.6409922949709, 10.894231128953297 ], [ -84.63729646389973, 10.894030622172474 ], [ -84.634652126281324, 10.892319059589571 ], [ -84.633414064492854, 10.893034423694157 ], [ -84.62982093403383, 10.892262372230256 ], [ -84.624469789960699, 10.888124953812019 ], [ -84.622734993668601, 10.887514364659259 ], [ -84.618776933098701, 10.882671587344509 ], [ -84.619152241661098, 10.875457826442169 ], [ -84.614979681375388, 10.872890423998811 ], [ -84.614183088860358, 10.870921974164654 ], [ -84.61265474524707, 10.870188709809314 ], [ -84.612012044932172, 10.867148813093765 ], [ -84.600564855786573, 10.867168823584157 ], [ -84.600587815609373, 10.869862364854203 ], [ -84.596522430001571, 10.871702266379303 ], [ -84.59754809863918, 10.876139667015787 ], [ -84.594410726838021, 10.876897263793587 ], [ -84.592903228625616, 10.876388351494088 ], [ -84.590174847292815, 10.872431854275742 ], [ -84.590069858314237, 10.870289335153075 ], [ -84.589181093837595, 10.86900448584095 ], [ -84.585989421970865, 10.866384893773887 ], [ -84.580771902303724, 10.860257056681254 ], [ -84.572966184786907, 10.85716134644578 ], [ -84.571570068699586, 10.853662797867772 ], [ -84.569586314786932, 10.851031927627906 ], [ -84.569221154980298, 10.845879726858117 ], [ -84.568208117886115, 10.843839889705777 ] ] ] } },
{ "type": "Feature", "properties": { "cod_distrito": 21602, "distrito": "Santa Rita", "canton": "Río Cuarto" }, "geometry": { "type": "Polygon", "coordinates": [ [ [ -84.161246984021801, 10.41366594514373 ], [ -84.162622018798388, 10.413519209646742 ], [ -84.165307091971698, 10.409223727051211 ], [ -84.166905224255729, 10.409987271994884 ], [ -84.168042212833996, 10.406085792622477 ], [ -84.169866960746219, 10.404648239038815 ], [ -84.171990345341982, 10.398590640837517 ], [ -84.17264534862764, 10.398791944060251 ], [ -84.175000078910486, 10.397032147340047 ], [ -84.174887228317274, 10.395083763498505 ], [ -84.17646154754614, 10.393569377217176 ], [ -84.175517338262424, 10.391853622268146 ], [ -84.175768401136636, 10.390738021813691 ], [ -84.178652891224502, 10.387781264720013 ], [ -84.178541384073583, 10.386104640559193 ], [ -84.177276079531481, 10.386408078440761 ], [ -84.178001738669593, 10.384351405922681 ], [ -84.177547446710292, 10.383113462904438 ], [ -84.179215757327299, 10.3819803174352 ], [ -84.180043837227487, 10.379847857571734 ], [ -84.179311540138173, 10.377208222416995 ], [ -84.179727780375501, 10.375994564556088 ], [ -84.181268607473754, 10.37510700771753 ], [ -84.180763834650762, 10.37303867192939 ], [ -84.181684928201307, 10.372314156430793 ], [ -84.184574212530407, 10.37236414004091 ], [ -84.186160027703679, 10.379507096914271 ], [ -84.188990542670979, 10.377831955276406 ], [ -84.192627640457786, 10.382712635728348 ], [ -84.193532939453817, 10.387644406380973 ], [ -84.196101892246602, 10.388058522505647 ], [ -84.196750254061044, 10.389293680115275 ], [ -84.198383572130027, 10.38966107939298 ], [ -84.202077828383239, 10.392803728254584 ], [ -84.203029381705733, 10.390521484724101 ], [ -84.202813780365176, 10.385943410399353 ], [ -84.200411643246326, 10.385806171370504 ], [ -84.200085721557159, 10.380946641004119 ], [ -84.20105816466257, 10.378715487597404 ], [ -84.202538346989428, 10.377902143542087 ], [ -84.204205462011288, 10.378599817014271 ], [ -84.205776921526365, 10.377858167765332 ], [ -84.210676738736552, 10.380259349484602 ], [ -84.212275263803235, 10.380248245952433 ], [ -84.214100994333819, 10.3828410063552 ], [ -84.228486390732584, 10.381951436243829 ], [ -84.228916696170344, 10.380900449620707 ], [ -84.238866435917814, 10.38186195532321 ], [ -84.238087837386104, 10.395670244846865 ], [ -84.239622156108609, 10.396918429540484 ], [ -84.258139835130905, 10.398721278517774 ], [ -84.258876698884805, 10.402007307376847 ], [ -84.257136311644246, 10.406378234076765 ], [ -84.257282738244598, 10.410747270732223 ], [ -84.256632127895855, 10.41294047714857 ], [ -84.257573158907306, 10.415121102380866 ], [ -84.260988413022844, 10.418293407024619 ], [ -84.260341777439564, 10.420046929948835 ], [ -84.258066035599796, 10.420669492350735 ], [ -84.256900970454922, 10.421929774795499 ], [ -84.258347505976644, 10.425551623717308 ], [ -84.25463343147851, 10.432167820598865 ], [ -84.254417600615895, 10.433694627340573 ], [ -84.252668351977647, 10.433059695516569 ], [ -84.245860071491947, 10.433865767471632 ], [ -84.227579229177593, 10.433387883776501 ], [ -84.218616796362227, 10.429958466928838 ], [ -84.216312631242189, 10.429755028520665 ], [ -84.213304737477117, 10.430660217260231 ], [ -84.210464838678035, 10.432632180055519 ], [ -84.208659920615688, 10.432863986236855 ], [ -84.20446180030315, 10.430171655237395 ], [ -84.202423736231822, 10.429712893344396 ], [ -84.2002754993933, 10.430431781600513 ], [ -84.197016248385296, 10.434610877030471 ], [ -84.194764763026726, 10.435893569781463 ], [ -84.18420072759703, 10.433162485229161 ], [ -84.178253328284598, 10.437065799068682 ], [ -84.161244443778159, 10.439993937445344 ], [ -84.161246984021801, 10.41366594514373 ] ] ] } },
{ "type": "Feature", "properties": { "cod_distrito": 70306, "distrito": "Alegría", "canton": "Siquirres" }, "geometry": { "type": "Polygon", "coordinates": [ [ [ -83.554575687002853, 10.12286094340744 ], [ -83.555689555609632, 10.121807805778198 ], [ -83.554659395104622, 10.121168296560571 ], [ -83.554613117617492, 10.120197238859211 ], [ -83.555505344775426, 10.11988095993128 ], [ -83.556071247371406, 10.118546636933701 ], [ -83.561238572552142, 10.115333132921746 ], [ -83.562046698495806, 10.114120849566689 ], [ -83.561744841972313, 10.112970742836739 ], [ -83.56515105046293, 10.109091577073468 ], [ -83.570449933839072, 10.107408512315953 ], [ -83.571041669015997, 10.105357860461414 ], [ -83.574017884540353, 10.103395976053422 ], [ -83.575903471525976, 10.100560754096758 ], [ -83.577463765209643, 10.100120408983809 ], [ -83.577850925409592, 10.098629007652988 ], [ -83.580268559634774, 10.096901126012412 ], [ -83.582189677518144, 10.093578062696876 ], [ -83.583344209703526, 10.09330688287622 ], [ -83.585845339891137, 10.090610356639237 ], [ -83.585399917594998, 10.087789394287372 ], [ -83.586270345192659, 10.084698675560313 ], [ -83.587495944964203, 10.083167104478175 ], [ -83.589926508950711, 10.08259826763684 ], [ -83.592923169156407, 10.080182788222121 ], [ -83.598783020893435, 10.077332024237808 ], [ -83.603442468586664, 10.076602604725654 ], [ -83.604670235873968, 10.075717077866026 ], [ -83.606047948256133, 10.076194781269031 ], [ -83.607406633110955, 10.074871489778616 ], [ -83.608889698752037, 10.07536213196658 ], [ -83.613344697826406, 10.073407871301271 ], [ -83.614204664745358, 10.076888300391692 ], [ -83.613348301634147, 10.079910597633114 ], [ -83.61217663375632, 10.08097467259444 ], [ -83.615717717943056, 10.081977236239444 ], [ -83.617850373135283, 10.081820165942421 ], [ -83.620206432253127, 10.083356151155321 ], [ -83.622377421879719, 10.082453496865369 ], [ -83.620296566787587, 10.086242740917877 ], [ -83.62051029005093, 10.087271390126473 ], [ -83.617724118779932, 10.091544458994246 ], [ -83.617789234942734, 10.09382983652101 ], [ -83.615943600230935, 10.095304829965553 ], [ -83.616439743005046, 10.097022866596413 ], [ -83.615286761373227, 10.098351969344737 ], [ -83.616089768712769, 10.102087331957936 ], [ -83.61445707280491, 10.107826555685779 ], [ -83.614903278531969, 10.110159224548925 ], [ -83.613774454751734, 10.111781449929621 ], [ -83.614091414255668, 10.113448015619035 ], [ -83.613402560917905, 10.11551774638294 ], [ -83.610254937922093, 10.118841505494547 ], [ -83.610202201956994, 10.120256711806222 ], [ -83.610925934308398, 10.121080905607659 ], [ -83.609882099667971, 10.124505762807178 ], [ -83.610111387306119, 10.128929845151021 ], [ -83.607723780720619, 10.127553843625904 ], [ -83.606500344128179, 10.13101475281662 ], [ -83.606559811200398, 10.133638374406667 ], [ -83.605209875458371, 10.13477436623509 ], [ -83.604829528140527, 10.136625301201029 ], [ -83.603399469816907, 10.137704341249503 ], [ -83.603941185272319, 10.138640034920563 ], [ -83.606016630757324, 10.138289067224903 ], [ -83.60885960477259, 10.14075758823105 ], [ -83.609901998877888, 10.13992145958056 ], [ -83.610624979782358, 10.140213170252695 ], [ -83.60867674799789, 10.142659068975915 ], [ -83.6084659623817, 10.145016191014113 ], [ -83.610584095062549, 10.146900289353287 ], [ -83.612115167873441, 10.146369528953969 ], [ -83.61261250017948, 10.147301972414958 ], [ -83.608144652764992, 10.151658661621457 ], [ -83.607681092738389, 10.153976589127435 ], [ -83.605583478715545, 10.157669159521022 ], [ -83.600946039227324, 10.16260645582944 ], [ -83.592880191141134, 10.154564814696188 ], [ -83.568027809138542, 10.140345592510181 ], [ -83.564051916915048, 10.135943078005146 ], [ -83.557332995487712, 10.125320125850102 ], [ -83.554575687002853, 10.12286094340744 ] ] ] } },
{ "type": "Feature", "properties": { "cod_distrito": 70304, "distrito": "Germania", "canton": "Siquirres" }, "geometry": { "type": "Polygon", "coordinates": [ [ [ -83.555704382297208, 10.214796292933251 ], [ -83.556028789327456, 10.211627020097488 ], [ -83.557009768941157, 10.2113303841241 ], [ -83.554478284188676, 10.210686441074513 ], [ -83.554197275375856, 10.208373946419538 ], [ -83.556058364996559, 10.204329828299523 ], [ -83.55545624706582, 10.203968738540484 ], [ -83.556045728203642, 10.203706464354497 ], [ -83.555439527859534, 10.202635850530333 ], [ -83.556170312774242, 10.20235883258651 ], [ -83.555437532273842, 10.201123365933892 ], [ -83.555948411312684, 10.199794836012055 ], [ -83.554827644593033, 10.19949399257697 ], [ -83.554073086871611, 10.197894517263398 ], [ -83.554480103645943, 10.197424613458816 ], [ -83.55291515898503, 10.195657049162637 ], [ -83.553488542661512, 10.195757604757869 ], [ -83.553493831755063, 10.194971898820349 ], [ -83.552729667725643, 10.195258396473806 ], [ -83.55346059960101, 10.194727271039389 ], [ -83.553467850579679, 10.192530887264317 ], [ -83.552480374623144, 10.192965352004322 ], [ -83.551595797536322, 10.191081964168076 ], [ -83.549163791747048, 10.191160560380002 ], [ -83.549332614923415, 10.192466850159487 ], [ -83.548361512781739, 10.192195985448686 ], [ -83.548220688954586, 10.191373702418142 ], [ -83.548637633275845, 10.190310031191181 ], [ -83.550172944212733, 10.190266237078777 ], [ -83.550329281911061, 10.188503101072458 ], [ -83.551400802867761, 10.187977298256099 ], [ -83.550956639125971, 10.18575639025622 ], [ -83.553088561525257, 10.185642212314953 ], [ -83.554394546698276, 10.186498992901239 ], [ -83.555074253022767, 10.184557804017908 ], [ -83.553581152628084, 10.182725307907049 ], [ -83.554928421365318, 10.182579304922051 ], [ -83.55582821115766, 10.180017426640822 ], [ -83.554738963978338, 10.179434515992764 ], [ -83.553375418556428, 10.176547519360168 ], [ -83.555555208330219, 10.176007872926373 ], [ -83.556031310443672, 10.172901090115193 ], [ -83.554823376763338, 10.171687273984059 ], [ -83.555275002083761, 10.171072429832442 ], [ -83.554371157214106, 10.169760354801435 ], [ -83.556251287380448, 10.166525917555445 ], [ -83.555517659664787, 10.16598429002976 ], [ -83.555537262489281, 10.158597214788808 ], [ -83.523456726407531, 10.158561097461652 ], [ -83.523933761038748, 10.157615386681744 ], [ -83.523036845922363, 10.157023326419806 ], [ -83.523735038882108, 10.15489065777793 ], [ -83.524712185828704, 10.156056420236894 ], [ -83.527302777209684, 10.156013566969211 ], [ -83.5276209753209, 10.154797569173898 ], [ -83.526087473778972, 10.153394557421894 ], [ -83.526118038553918, 10.152334186276445 ], [ -83.531047351072345, 10.149281918899526 ], [ -83.531342033408293, 10.146818050412925 ], [ -83.529616077550131, 10.144787001813379 ], [ -83.530086506573838, 10.143689639754546 ], [ -83.536113610118548, 10.141695088312218 ], [ -83.536242100168181, 10.140214463826645 ], [ -83.535374785148264, 10.139034892984622 ], [ -83.537193609532991, 10.136331167746771 ], [ -83.540182769267162, 10.135180760095201 ], [ -83.541471477339712, 10.135588043672012 ], [ -83.542035798337025, 10.134325097684998 ], [ -83.543640614745044, 10.134721436812288 ], [ -83.544579117598872, 10.13290068129251 ], [ -83.548439779897976, 10.132452322031632 ], [ -83.549273447424284, 10.130752883117362 ], [ -83.550595496613894, 10.130875919880898 ], [ -83.551024651459883, 10.128901611058827 ], [ -83.549916107413878, 10.127909684737341 ], [ -83.550512965031814, 10.126201902111591 ], [ -83.552792225410499, 10.126881804970463 ], [ -83.5529760252263, 10.123950748183413 ], [ -83.554575687002853, 10.12286094340744 ], [ -83.557332995487712, 10.125320125850102 ], [ -83.564051916915048, 10.135943078005146 ], [ -83.568027809138542, 10.140345592510181 ], [ -83.592880191141134, 10.154564814696188 ], [ -83.600946039227324, 10.16260645582944 ], [ -83.596104795965871, 10.164580686402166 ], [ -83.596398254670788, 10.166706779695742 ], [ -83.592670021223753, 10.172483485004941 ], [ -83.591848564500694, 10.176616403751137 ], [ -83.589700022899649, 10.178829500103458 ], [ -83.589253451978522, 10.180599203077021 ], [ -83.586359141135802, 10.18244547820219 ], [ -83.585028130602055, 10.184338412482647 ], [ -83.579730866625738, 10.187398908281672 ], [ -83.578221391567766, 10.190720119368248 ], [ -83.57887608029165, 10.194686610224897 ], [ -83.576963528754177, 10.198075635851323 ], [ -83.577901775261353, 10.199060560831974 ], [ -83.577058411967855, 10.202099456184806 ], [ -83.57591709103346, 10.201886337564256 ], [ -83.575223667913178, 10.200687014588855 ], [ -83.573707254602212, 10.201440623100517 ], [ -83.573141073845377, 10.205635922659178 ], [ -83.572229630985646, 10.206472142339974 ], [ -83.570216586040701, 10.202966724065769 ], [ -83.568582911966743, 10.20222109856936 ], [ -83.564316528003332, 10.202539312309959 ], [ -83.563361533688152, 10.203411023434219 ], [ -83.563607898348195, 10.205387989454703 ], [ -83.561342732906866, 10.206159951897511 ], [ -83.561035964181855, 10.209320151454742 ], [ -83.562375959359258, 10.210000526299089 ], [ -83.561706170773178, 10.211810683820321 ], [ -83.559898667728703, 10.212977685958441 ], [ -83.560133345557446, 10.214341117631852 ], [ -83.556742435550319, 10.215254577221971 ], [ -83.555704382297208, 10.214796292933251 ] ] ] } },
{ "type": "Feature", "properties": { "cod_distrito": 70302, "distrito": "Pacuarito", "canton": "Siquirres" }, "geometry": { "type": "Polygon", "coordinates": [ [ [ -83.280677984857562, 10.220077520001578 ], [ -83.271482306602181, 10.207315292289259 ], [ -83.270542892007626, 10.204559949709838 ], [ -83.270783036314171, 10.199617628473325 ], [ -83.269793443563259, 10.197369199600674 ], [ -83.27112001134789, 10.193742078132393 ], [ -83.274119252440528, 10.192361518590882 ], [ -83.276726772950369, 10.189935960105656 ], [ -83.277504009205501, 10.190034826376417 ], [ -83.278322669574976, 10.192261096760909 ], [ -83.279734368929041, 10.193241078684562 ], [ -83.285001005603291, 10.191444138197234 ], [ -83.285648668861811, 10.193757167675905 ], [ -83.287121514514098, 10.194637532573022 ], [ -83.289079729490396, 10.194525890381197 ], [ -83.292078506680255, 10.192973695852645 ], [ -83.294678083008051, 10.192976726884494 ], [ -83.295829158845791, 10.191622532417107 ], [ -83.295807103726617, 10.193148318033485 ], [ -83.298799452792451, 10.194913263953287 ], [ -83.300217595308794, 10.194407017720753 ], [ -83.30031112760085, 10.195656572084317 ], [ -83.299292152528508, 10.195502391766993 ], [ -83.299314531924523, 10.196215518885099 ], [ -83.301947566095066, 10.196126038675756 ], [ -83.302959063030215, 10.195767399676857 ], [ -83.303034516739004, 10.194612908809114 ], [ -83.304541464917889, 10.193443918220416 ], [ -83.304766896514451, 10.191214591595889 ], [ -83.306046837389601, 10.192579035752543 ], [ -83.307176424365508, 10.191820527862232 ], [ -83.307862281900285, 10.192464392714982 ], [ -83.308620089713358, 10.192068308186816 ], [ -83.310171929319296, 10.189488624009069 ], [ -83.309155363353824, 10.189263700075317 ], [ -83.308500162731463, 10.186816899472037 ], [ -83.309358012597784, 10.186443378769294 ], [ -83.309839325913444, 10.187533729830481 ], [ -83.310794750494892, 10.186976383333787 ], [ -83.310510114896275, 10.185054053630815 ], [ -83.311120358818044, 10.186256896091987 ], [ -83.311770210370952, 10.185234226827511 ], [ -83.311992823868565, 10.186355765275886 ], [ -83.313331832805332, 10.187120616101611 ], [ -83.314674478821289, 10.186772657783107 ], [ -83.315626346988239, 10.187304085807121 ], [ -83.316985201471837, 10.186940157099816 ], [ -83.317100525574091, 10.18626802721308 ], [ -83.321207859228636, 10.185648638607811 ], [ -83.321618296538247, 10.183680490278403 ], [ -83.323182634695826, 10.184742231224673 ], [ -83.32553014232063, 10.183524764186432 ], [ -83.326278462995091, 10.182022020279247 ], [ -83.329441222029118, 10.181481675453584 ], [ -83.3290354654319, 10.180426097472258 ], [ -83.329802077078497, 10.179707064333618 ], [ -83.331980307003619, 10.179032251663346 ], [ -83.333434054619772, 10.179536799055601 ], [ -83.334476251814763, 10.177937766769134 ], [ -83.334193918532975, 10.176970600252217 ], [ -83.335377559122804, 10.17626477591981 ], [ -83.334823505700811, 10.175834518085885 ], [ -83.335738097801311, 10.17526550469139 ], [ -83.33541014800862, 10.174141503837619 ], [ -83.33685865279719, 10.172882672413882 ], [ -83.339122711343933, 10.172672161590096 ], [ -83.341114305170677, 10.170383687963263 ], [ -83.341312877911363, 10.167926052207791 ], [ -83.342743675424444, 10.167383879272879 ], [ -83.344036694857152, 10.168516593933212 ], [ -83.34414377862845, 10.163306870853074 ], [ -83.345347659776778, 10.162564082784796 ], [ -83.345473800892307, 10.161313542999164 ], [ -83.347103798657471, 10.161056303114201 ], [ -83.348390136814444, 10.159990938778316 ], [ -83.348251337007042, 10.158800106755242 ], [ -83.350638922959988, 10.157167704877091 ], [ -83.353047213931816, 10.152323406055913 ], [ -83.353900261759208, 10.151840598318129 ], [ -83.354341690023233, 10.14946449779146 ], [ -83.356392706726268, 10.148360104251131 ], [ -83.356647710561035, 10.146023540473182 ], [ -83.361522066849574, 10.143383027197473 ], [ -83.361847666905362, 10.141906719587462 ], [ -83.36275559636556, 10.141335974264726 ], [ -83.361690131284192, 10.138817815167689 ], [ -83.363750690042821, 10.136647073531416 ], [ -83.362270768369982, 10.134734284930881 ], [ -83.362992429984601, 10.133862681680867 ], [ -83.362421187177148, 10.130566537718078 ], [ -83.366227900140714, 10.127642468598072 ], [ -83.365986545979212, 10.126673277680069 ], [ -83.363445378107869, 10.12533391171069 ], [ -83.363258289971682, 10.123285449827391 ], [ -83.365648871860301, 10.117350811304018 ], [ -83.36783268811277, 10.115702983281677 ], [ -83.370465224812676, 10.110495387514677 ], [ -83.375259288226971, 10.107523759052793 ], [ -83.377513320270879, 10.103198062176501 ], [ -83.380562426511105, 10.100652157722305 ], [ -83.380325898584843, 10.099293455936767 ], [ -83.383773502249042, 10.101522748318819 ], [ -83.387373583160141, 10.099071845324461 ], [ -83.39016515612154, 10.098686763695289 ], [ -83.392653370675262, 10.097281774957981 ], [ -83.39813768371495, 10.091416541959182 ], [ -83.401615864577337, 10.083995752580035 ], [ -83.406222181689984, 10.078874343140598 ], [ -83.411704116481445, 10.077094571980625 ], [ -83.412411533371227, 10.075391729895633 ], [ -83.414097836430358, 10.074658131792084 ], [ -83.41732289016403, 10.070671443309198 ], [ -83.41749277588093, 10.069377134258156 ], [ -83.415702218237286, 10.065417367328633 ], [ -83.413063451382257, 10.064277582705076 ], [ -83.411422207591428, 10.061687889743993 ], [ -83.412413764241933, 10.060778065931069 ], [ -83.417728101924197, 10.046812694805775 ], [ -83.419400879776191, 10.046677765356016 ], [ -83.420277582196832, 10.044337693893029 ], [ -83.421157072979753, 10.043724617557485 ], [ -83.422115763990703, 10.044086432125058 ], [ -83.423585112875415, 10.041310321475045 ], [ -83.431347952887762, 10.040586566562387 ], [ -83.433599985717379, 10.041337053647734 ], [ -83.439174277325733, 10.035880172134142 ], [ -83.441247984006992, 10.03601743344864 ], [ -83.44200508018146, 10.03504678268534 ], [ -83.444386964998657, 10.034720017355193 ], [ -83.446359658812824, 10.031056747733055 ], [ -83.446478698265892, 10.028258186479555 ], [ -83.448421217728367, 10.028474392311727 ], [ -83.452788862860956, 10.026455258900475 ], [ -83.456326384197439, 10.026663343121269 ], [ -83.458212159642628, 10.022870768245532 ], [ -83.462919315196416, 10.019757983620639 ], [ -83.467697106868783, 10.011450749243876 ], [ -83.468309055364116, 10.009137960647601 ], [ -83.467849460740581, 10.006811977658938 ], [ -83.459859945024874, 9.99355660661665 ], [ -83.458333060848815, 9.993002558850721 ], [ -83.459425131830642, 9.989315510161418 ], [ -83.458331575809041, 9.986599988422959 ], [ -83.454493336015503, 9.98381492070131 ], [ -83.451611794336117, 9.983896317366225 ], [ -83.44941437342375, 9.981777850007154 ], [ -83.551004811257116, 9.981843124669286 ], [ -83.550144417771889, 9.983113617076137 ], [ -83.547758276673491, 9.983569707954 ], [ -83.546920539075543, 9.984684561679593 ], [ -83.548652775337061, 9.988551608625174 ], [ -83.54752565416797, 9.991019747878624 ], [ -83.549172366266703, 9.993284205544516 ], [ -83.549066117957636, 9.99473882893269 ], [ -83.547303375206553, 9.99624522818219 ], [ -83.544487060967626, 9.995747846215281 ], [ -83.543993236128699, 9.999425270275839 ], [ -83.542510695194196, 9.998215147148523 ], [ -83.538800441455791, 9.997994730898306 ], [ -83.538291586063224, 9.999447323217787 ], [ -83.539218253465464, 10.00121289535228 ], [ -83.538185212769847, 10.00214444536928 ], [ -83.534599889637448, 10.00314420345159 ], [ -83.531348957896967, 10.002350201962436 ], [ -83.530168666749489, 10.004968058258365 ], [ -83.52787450665916, 10.005945639033614 ], [ -83.526318568195492, 10.005447036570541 ], [ -83.521462525486214, 10.008908857966878 ], [ -83.519352201442416, 10.012033684398629 ], [ -83.515512623401875, 10.009420567904471 ], [ -83.513669464144087, 10.011373543197172 ], [ -83.511061481817478, 10.012338582440343 ], [ -83.509393351755378, 10.012580663906594 ], [ -83.506466325262139, 10.010681150892117 ], [ -83.505372059973837, 10.012120854316089 ], [ -83.506661050556602, 10.013588017332326 ], [ -83.509097195402006, 10.014373327996472 ], [ -83.510205136162313, 10.016667686333795 ], [ -83.510092088245798, 10.018429424604916 ], [ -83.50688395821696, 10.018944501115493 ], [ -83.504767698793742, 10.02022721739837 ], [ -83.502571827977917, 10.023025474715443 ], [ -83.496256122484212, 10.026791467712851 ], [ -83.497023379948189, 10.030436807987734 ], [ -83.495267302792186, 10.030778864692707 ], [ -83.494281382304209, 10.032878512264192 ], [ -83.498735906043791, 10.035429467147997 ], [ -83.498798285371706, 10.036484856178662 ], [ -83.497835618910926, 10.037489324401541 ], [ -83.49491405345843, 10.038166680795962 ], [ -83.491457771916458, 10.038156832217407 ], [ -83.488277387617686, 10.040716421049751 ], [ -83.487483136784107, 10.04465161632525 ], [ -83.48539647147912, 10.047722405902283 ], [ -83.484424768298823, 10.055459766162114 ], [ -83.485856590317582, 10.058230998133199 ], [ -83.495735496801373, 10.065745832582389 ], [ -83.497269853905323, 10.068642769158551 ], [ -83.496627759791949, 10.070202725386867 ], [ -83.498346105352795, 10.075168268638457 ], [ -83.498577782754865, 10.078388695022253 ], [ -83.490791206332901, 10.083705647194821 ], [ -83.490146882930588, 10.084556355208354 ], [ -83.490110757078327, 10.086988653626127 ], [ -83.486931714798999, 10.088656742555992 ], [ -83.486910741569574, 10.094010336350173 ], [ -83.484616317064933, 10.097699773517389 ], [ -83.483296084234127, 10.102159060305119 ], [ -83.472218568230844, 10.116364531966967 ], [ -83.46785810723604, 10.11838654964582 ], [ -83.455789743656126, 10.120294759131029 ], [ -83.449188036240713, 10.119205633041577 ], [ -83.448149032742435, 10.119761559580535 ], [ -83.448752352656044, 10.125339221106501 ], [ -83.44613197559849, 10.129089766626079 ], [ -83.445590174765499, 10.131418652940837 ], [ -83.448896236022975, 10.134412398269756 ], [ -83.449045846882271, 10.136035701033952 ], [ -83.448116439217344, 10.137455884417482 ], [ -83.440320587324649, 10.136901692532582 ], [ -83.437766471783277, 10.137903877510487 ], [ -83.437071637305664, 10.135851860371314 ], [ -83.437597722847343, 10.132719899448778 ], [ -83.436976456646306, 10.132177819329868 ], [ -83.436327885716267, 10.132730307187558 ], [ -83.434729801759431, 10.138905212995239 ], [ -83.432107136168781, 10.142763292757648 ], [ -83.43448748452829, 10.143559437104253 ], [ -83.437540934237333, 10.142626933711952 ], [ -83.438467200100135, 10.143126095732374 ], [ -83.438869758007513, 10.144887443616946 ], [ -83.43666503203174, 10.146472092660204 ], [ -83.433120808375321, 10.145624187837429 ], [ -83.431852458548008, 10.149341330875629 ], [ -83.433444389166908, 10.15025909568201 ], [ -83.434105772788698, 10.151737419612878 ], [ -83.432060557138996, 10.157989484754852 ], [ -83.427458075583147, 10.159572296916307 ], [ -83.425953058701324, 10.162422483683414 ], [ -83.426236730956688, 10.164085430156188 ], [ -83.427116641971949, 10.164876392147494 ], [ -83.432200003597131, 10.164490519262991 ], [ -83.43276441229699, 10.166201916733923 ], [ -83.431969532903025, 10.168526950200055 ], [ -83.430543248224382, 10.169469393404638 ], [ -83.425973048370295, 10.169778389068918 ], [ -83.42207368029996, 10.173012957005648 ], [ -83.418087850125261, 10.170607734092313 ], [ -83.41489542647092, 10.170111652895214 ], [ -83.412116838935106, 10.167786259221055 ], [ -83.410306056039403, 10.167699281728536 ], [ -83.408034017664178, 10.168963045656973 ], [ -83.406568790550168, 10.171346600809423 ], [ -83.407626183933431, 10.177358878657007 ], [ -83.405932446939119, 10.179239655552767 ], [ -83.401320990961366, 10.181526557433061 ], [ -83.401630753879104, 10.186758264386418 ], [ -83.398868403053584, 10.188550091389828 ], [ -83.391902100768007, 10.188783133806242 ], [ -83.380791357405926, 10.182439546691951 ], [ -83.378763139320938, 10.181973490341118 ], [ -83.37649041645443, 10.182758424141268 ], [ -83.370947759842338, 10.188174065470406 ], [ -83.369651174753571, 10.193087061305013 ], [ -83.366408320641881, 10.196491430935975 ], [ -83.365620253702147, 10.202402821785613 ], [ -83.363896367407179, 10.206161777524073 ], [ -83.361638633994758, 10.206516458193924 ], [ -83.35906932743525, 10.204764763785885 ], [ -83.357321145885564, 10.20477647956576 ], [ -83.353579477635549, 10.207982503032746 ], [ -83.348376772261673, 10.210313050787269 ], [ -83.343478472147865, 10.214578802822208 ], [ -83.340725397406501, 10.214801793725403 ], [ -83.338198699781387, 10.213563231713174 ], [ -83.335811236325299, 10.208047167873548 ], [ -83.335990062596764, 10.206132396513603 ], [ -83.337234368939093, 10.204534089805833 ], [ -83.339093349926586, 10.204144229292027 ], [ -83.341852136986333, 10.205167703111755 ], [ -83.342580085456689, 10.204098495649198 ], [ -83.338220833807128, 10.201405355261146 ], [ -83.33547687577007, 10.200799612886913 ], [ -83.334019744177382, 10.201392319082315 ], [ -83.332132356756276, 10.204104203098154 ], [ -83.330267131037658, 10.205123743250669 ], [ -83.328284194482578, 10.204834951747623 ], [ -83.325568342444228, 10.203112717812127 ], [ -83.324032814231543, 10.203546888761084 ], [ -83.321543239915627, 10.213167067857198 ], [ -83.317905529917581, 10.2153179542728 ], [ -83.314240779914144, 10.215331321459438 ], [ -83.309308400572434, 10.211625324581954 ], [ -83.302747890275441, 10.21276516530965 ], [ -83.300691425823587, 10.214852832240137 ], [ -83.300091366954405, 10.218778272345549 ], [ -83.303755792788067, 10.224261630616111 ], [ -83.308109638750508, 10.227757868146613 ], [ -83.307926738883552, 10.230032514146743 ], [ -83.305600255741098, 10.2319659422642 ], [ -83.303683118130351, 10.232405136045015 ], [ -83.301083606821933, 10.231865609494712 ], [ -83.298743368408196, 10.229144509004451 ], [ -83.295363303645274, 10.227623003154891 ], [ -83.293438559368823, 10.223248422877491 ], [ -83.289149406946649, 10.220074319975293 ], [ -83.283586678584143, 10.219509571668157 ], [ -83.280677984857562, 10.220077520001578 ] ] ] } },
{ "type": "Feature", "properties": { "cod_distrito": 70305, "distrito": "El Cairo", "canton": "Siquirres" }, "geometry": { "type": "Polygon", "coordinates": [ [ [ -83.410726757233078, 10.285314510192219 ], [ -83.411185578674292, 10.282359603943076 ], [ -83.414601382572556, 10.283989127375268 ], [ -83.421887315228147, 10.277611668930589 ], [ -83.425458105153837, 10.277216378490202 ], [ -83.427637703556741, 10.272648070825801 ], [ -83.428745080973528, 10.273235439851055 ], [ -83.429900615182078, 10.277358183521331 ], [ -83.431131932805826, 10.278000980055294 ], [ -83.432160029310495, 10.277375510259342 ], [ -83.433491044630301, 10.27393510283042 ], [ -83.43616593398734, 10.270587703577425 ], [ -83.437454586515088, 10.269591482177869 ], [ -83.440314743561146, 10.269192125666407 ], [ -83.439388025998298, 10.264953101458223 ], [ -83.44457920773462, 10.260991268033989 ], [ -83.443725554279695, 10.257666779108614 ], [ -83.444218382363147, 10.256190289720687 ], [ -83.445518082230166, 10.255575087523439 ], [ -83.449001574512792, 10.256555460592391 ], [ -83.450410376742795, 10.255478966609999 ], [ -83.449855233532446, 10.252463869164286 ], [ -83.451722176890129, 10.249596649722152 ], [ -83.452165244846455, 10.246557763577684 ], [ -83.4534778480092, 10.245265133102599 ], [ -83.45769474862945, 10.245089785843328 ], [ -83.461903963700891, 10.248205623929737 ], [ -83.464993543707237, 10.248428344454892 ], [ -83.468949497262116, 10.250010977848092 ], [ -83.472003546825675, 10.24928871900749 ], [ -83.473051833302804, 10.246314522542068 ], [ -83.475078831950029, 10.24397945617249 ], [ -83.473466367794472, 10.241475801807775 ], [ -83.473923360059487, 10.238887881668516 ], [ -83.477915680299731, 10.238978008541695 ], [ -83.480125412808135, 10.236832148125238 ], [ -83.479766173434854, 10.234969244475581 ], [ -83.477212708258563, 10.232431816021696 ], [ -83.473755995661179, 10.233628809339246 ], [ -83.47254345510305, 10.233017762610974 ], [ -83.472400471443095, 10.231403559317529 ], [ -83.473476923678675, 10.229998709640773 ], [ -83.479231068310455, 10.231126562734753 ], [ -83.480333950808458, 10.230389186896398 ], [ -83.479058635567299, 10.227572779479649 ], [ -83.475142449819316, 10.225344775638977 ], [ -83.475339192661536, 10.223286044480288 ], [ -83.480193020566404, 10.2193640278175 ], [ -83.480896437810188, 10.214810301733674 ], [ -83.482621900658543, 10.213902719915692 ], [ -83.487467686093368, 10.214311595673003 ], [ -83.487885578576353, 10.212905985300836 ], [ -83.48574716161535, 10.211124813991621 ], [ -83.485951531386604, 10.209667206101646 ], [ -83.488884247293711, 10.206676876815532 ], [ -83.493602069717525, 10.203427096387813 ], [ -83.495144544319785, 10.197419043336087 ], [ -83.49751707799301, 10.193595152624635 ], [ -83.497302741486223, 10.191681050468228 ], [ -83.488603343432345, 10.180352398677305 ], [ -83.48826893915745, 10.178055350231423 ], [ -83.488971555613915, 10.176573273212213 ], [ -83.492428852934879, 10.173851520175972 ], [ -83.495400311070256, 10.172947065033531 ], [ -83.496975795899644, 10.168077263451687 ], [ -83.499895158373008, 10.164559818582834 ], [ -83.500803921268755, 10.160495627613455 ], [ -83.502770962997459, 10.157378985121282 ], [ -83.504359444301215, 10.145001626576615 ], [ -83.505694628926037, 10.14027899178325 ], [ -83.513170587072111, 10.126056377308045 ], [ -83.525882694053323, 10.111689378266034 ], [ -83.529253919099986, 10.108989454763361 ], [ -83.539030416661191, 10.098177499919977 ], [ -83.541103695228955, 10.096788102208992 ], [ -83.547041137147673, 10.095599705325267 ], [ -83.563309986923485, 10.111783232934695 ], [ -83.561744841972313, 10.112970742836739 ], [ -83.562046698495806, 10.114120849566689 ], [ -83.561238572552142, 10.115333132921746 ], [ -83.556071247371406, 10.118546636933701 ], [ -83.555505344775426, 10.11988095993128 ], [ -83.554613117617492, 10.120197238859211 ], [ -83.55564749627267, 10.122022870705511 ], [ -83.55310503142455, 10.123697651916796 ], [ -83.552886740998517, 10.126803704265066 ], [ -83.550512965031814, 10.126201902111591 ], [ -83.549916107413878, 10.127909684737341 ], [ -83.551024651459883, 10.128901611058827 ], [ -83.550595496613894, 10.130875919880898 ], [ -83.549273447424284, 10.130752883117362 ], [ -83.548439779897976, 10.132452322031632 ], [ -83.544579117598872, 10.13290068129251 ], [ -83.543640614745044, 10.134721436812288 ], [ -83.542035798337025, 10.134325097684998 ], [ -83.541471477339712, 10.135588043672012 ], [ -83.540182769267162, 10.135180760095201 ], [ -83.537193609532991, 10.136331167746771 ], [ -83.535374785148264, 10.139034892984622 ], [ -83.536242100168181, 10.140214463826645 ], [ -83.536113610118548, 10.141695088312218 ], [ -83.529847960997643, 10.143954603959154 ], [ -83.529616077550131, 10.144787001813379 ], [ -83.531342033408293, 10.146818050412925 ], [ -83.531047351072345, 10.149281918899526 ], [ -83.526118038553918, 10.152334186276445 ], [ -83.526087473778972, 10.153394557421894 ], [ -83.5276209753209, 10.154797569173898 ], [ -83.527302777209684, 10.156013566969211 ], [ -83.524712185828704, 10.156056420236894 ], [ -83.523735038882108, 10.15489065777793 ], [ -83.523036845922363, 10.157023326419806 ], [ -83.523933761038748, 10.157615386681744 ], [ -83.523456726407531, 10.158561097461652 ], [ -83.555537262489281, 10.158597214788808 ], [ -83.555517659664787, 10.16598429002976 ], [ -83.556251287380448, 10.166525917555445 ], [ -83.554371157214106, 10.169760354801435 ], [ -83.555275002083761, 10.171072429832442 ], [ -83.554823376763338, 10.171687273984059 ], [ -83.556031310443672, 10.172901090115193 ], [ -83.555555208330219, 10.176007872926373 ], [ -83.553375418556428, 10.176547519360168 ], [ -83.554738963978338, 10.179434515992764 ], [ -83.55582821115766, 10.180017426640822 ], [ -83.554928421365318, 10.182579304922051 ], [ -83.553581152628084, 10.182725307907049 ], [ -83.555074253022767, 10.184557804017908 ], [ -83.554394546698276, 10.186498992901239 ], [ -83.553088561525257, 10.185642212314953 ], [ -83.550956639125971, 10.18575639025622 ], [ -83.551400802867761, 10.187977298256099 ], [ -83.550329281911061, 10.188503101072458 ], [ -83.550172944212733, 10.190266237078777 ], [ -83.548637633275845, 10.190310031191181 ], [ -83.548220688954586, 10.191373702418142 ], [ -83.548361512781739, 10.192195985448686 ], [ -83.549332614923415, 10.192466850159487 ], [ -83.549163791747048, 10.191160560380002 ], [ -83.551595797536322, 10.191081964168076 ], [ -83.552480374623144, 10.192965352004322 ], [ -83.553467850579679, 10.192530887264317 ], [ -83.55346059960101, 10.194727271039389 ], [ -83.552729667725643, 10.195258396473806 ], [ -83.553493831755063, 10.194971898820349 ], [ -83.553488542661512, 10.195757604757869 ], [ -83.55291515898503, 10.195657049162637 ], [ -83.554480103645943, 10.197424613458816 ], [ -83.554073086871611, 10.197894517263398 ], [ -83.554827644593033, 10.19949399257697 ], [ -83.555948411312684, 10.199794836012055 ], [ -83.555437532273842, 10.201123365933892 ], [ -83.556170312774242, 10.20235883258651 ], [ -83.555439527859534, 10.202635850530333 ], [ -83.556045728203642, 10.203706464354497 ], [ -83.55545624706582, 10.203968738540484 ], [ -83.556058364996559, 10.204329828299523 ], [ -83.554318698672802, 10.207338020788939 ], [ -83.554270885866529, 10.209496334334462 ], [ -83.554927138993037, 10.211083217856272 ], [ -83.557009768941157, 10.2113303841241 ], [ -83.556028789327456, 10.211627020097488 ], [ -83.555704382297208, 10.214796292933251 ], [ -83.554398098019249, 10.214601948175094 ], [ -83.553460586177593, 10.216548468229814 ], [ -83.552428584021143, 10.216608387179814 ], [ -83.553125043660714, 10.218071582775327 ], [ -83.551768995638412, 10.218210784085164 ], [ -83.552206909332511, 10.218966468450175 ], [ -83.553871594675769, 10.219255182529746 ], [ -83.551953530474933, 10.220223097841664 ], [ -83.552531343245946, 10.222625363181949 ], [ -83.549926377910325, 10.224268944447198 ], [ -83.547407430080725, 10.223105752305115 ], [ -83.546918164250869, 10.224736504281438 ], [ -83.542896403428543, 10.229017967456132 ], [ -83.540646353741565, 10.227603392793972 ], [ -83.53650276051458, 10.228281586462218 ], [ -83.534515152124953, 10.229845795178582 ], [ -83.533188771255283, 10.233315037558269 ], [ -83.530632329742332, 10.235411194156676 ], [ -83.530052097945244, 10.235152840851029 ], [ -83.529599884177557, 10.231763288755028 ], [ -83.527888691873798, 10.229408751377628 ], [ -83.523873803184514, 10.230565868352327 ], [ -83.521309802816845, 10.232509368737105 ], [ -83.517763462773985, 10.231792918038618 ], [ -83.5172946277482, 10.236639804603834 ], [ -83.515656105735204, 10.237777697335574 ], [ -83.514412488521856, 10.235372090096131 ], [ -83.513185437695356, 10.234718029013106 ], [ -83.507892394551533, 10.237238832085261 ], [ -83.507282824233769, 10.236423772424637 ], [ -83.508759802095895, 10.234275951582784 ], [ -83.50871911626524, 10.232643770215427 ], [ -83.50451262720695, 10.232267282130824 ], [ -83.503582176990307, 10.233396847982359 ], [ -83.502896228847533, 10.237596123278379 ], [ -83.500871263105296, 10.238653501362469 ], [ -83.499452591460368, 10.240969116409175 ], [ -83.500093193487714, 10.243803823172753 ], [ -83.499464433137575, 10.245147956909014 ], [ -83.495876969672409, 10.242810928182001 ], [ -83.493764051133411, 10.242617022537312 ], [ -83.491476444983903, 10.246540765477649 ], [ -83.490350513424858, 10.244077513520716 ], [ -83.489122087145901, 10.243496320993204 ], [ -83.489118550296226, 10.245417304811873 ], [ -83.490708663267242, 10.248011428474644 ], [ -83.491041260041641, 10.250507777144989 ], [ -83.489968515736408, 10.251898326247156 ], [ -83.484791553326332, 10.251603985935702 ], [ -83.485381672168259, 10.255009217124822 ], [ -83.486663435849493, 10.256909578660213 ], [ -83.482983302925945, 10.258833627607398 ], [ -83.482958183110114, 10.261675288792965 ], [ -83.481182535781656, 10.262426123040472 ], [ -83.484341254445695, 10.263252051747376 ], [ -83.48535296840835, 10.264174086869168 ], [ -83.481982853569278, 10.265894900301438 ], [ -83.483476087874607, 10.269102925474222 ], [ -83.483037531393222, 10.271493305239769 ], [ -83.481166335607426, 10.27207823881835 ], [ -83.479369023552664, 10.271095419365995 ], [ -83.479711838327944, 10.272646029791948 ], [ -83.484160608814079, 10.276445523307036 ], [ -83.484843525771794, 10.27613366502665 ], [ -83.485625667828771, 10.273597549446293 ], [ -83.486576334562358, 10.27356611441302 ], [ -83.487679728310312, 10.275023770924966 ], [ -83.488472337512562, 10.281057433426193 ], [ -83.48311256110081, 10.284558138858237 ], [ -83.481035118697065, 10.283635704780442 ], [ -83.481036511011737, 10.281039060190498 ], [ -83.479922259160531, 10.282977216394174 ], [ -83.480119586479475, 10.284993441102408 ], [ -83.478818393784834, 10.286430640973443 ], [ -83.477787035685253, 10.286126756738174 ], [ -83.477054125457698, 10.284119778017748 ], [ -83.475809461756498, 10.283970516094234 ], [ -83.471527093877427, 10.288185398569773 ], [ -83.466587366685744, 10.289444694698425 ], [ -83.462563789113901, 10.287258147141628 ], [ -83.458344739006222, 10.288473206688547 ], [ -83.457157443486352, 10.286815706361709 ], [ -83.455497943822962, 10.286470278499067 ], [ -83.453856994212543, 10.287407364399744 ], [ -83.452900081481644, 10.289478561277251 ], [ -83.449294165570862, 10.288146905034722 ], [ -83.444629807358695, 10.291202091348136 ], [ -83.438930516166735, 10.284079853274388 ], [ -83.437626011155487, 10.284754499375685 ], [ -83.437425046131423, 10.287900010714349 ], [ -83.434196243297862, 10.288180093558747 ], [ -83.432605293264075, 10.287045507654517 ], [ -83.428223900391643, 10.286448500874453 ], [ -83.428082720501095, 10.290152787122649 ], [ -83.427250954975023, 10.290852027620433 ], [ -83.424660174114464, 10.287400363543314 ], [ -83.421473564805652, 10.288512367139429 ], [ -83.419015629428898, 10.287665844728197 ], [ -83.416678587528878, 10.289797063231493 ], [ -83.413938962937806, 10.285764360709047 ], [ -83.412370502902832, 10.285017988069823 ], [ -83.410726757233078, 10.285314510192219 ] ] ] } },
{ "type": "Feature", "properties": { "cod_distrito": 70307, "distrito": "Reventazón", "canton": "Siquirres" }, "geometry": { "type": "Polygon", "coordinates": [ [ [ -83.345779373947806, 10.303612023856637 ], [ -83.306638668626931, 10.254363046919629 ], [ -83.294774932527744, 10.240423634526522 ], [ -83.278536495962939, 10.223023594383566 ], [ -83.278196060754439, 10.220514739701855 ], [ -83.283586678584143, 10.219509571668157 ], [ -83.289149406946649, 10.220074319975293 ], [ -83.293438559368823, 10.223248422877491 ], [ -83.295363303645274, 10.227623003154891 ], [ -83.298743368408196, 10.229144509004451 ], [ -83.301282376886419, 10.23199025339 ], [ -83.304470167350374, 10.232293046108529 ], [ -83.307200296628466, 10.230890072001676 ], [ -83.30823728303838, 10.228252101332078 ], [ -83.307370620940134, 10.226739241691226 ], [ -83.303755792788067, 10.224261630616111 ], [ -83.300308883293468, 10.219633515871578 ], [ -83.300473733798739, 10.215462087920983 ], [ -83.302201752159448, 10.213088790854419 ], [ -83.308341230106905, 10.211483314303262 ], [ -83.310723773430254, 10.212210877417991 ], [ -83.314240779914144, 10.215331321459438 ], [ -83.31793631914843, 10.215306586121496 ], [ -83.321543239915627, 10.213167067857198 ], [ -83.324032814231543, 10.203546888761084 ], [ -83.325568342444228, 10.203112717812127 ], [ -83.328284194482578, 10.204834951747623 ], [ -83.330267131037658, 10.205123743250669 ], [ -83.332132356756276, 10.204104203098154 ], [ -83.334019744177382, 10.201392319082315 ], [ -83.33547687577007, 10.200799612886913 ], [ -83.338220833807128, 10.201405355261146 ], [ -83.342638498871935, 10.204285699811468 ], [ -83.341719663751277, 10.205173164604329 ], [ -83.338134601187647, 10.20417526458324 ], [ -83.336366279508567, 10.205362007754157 ], [ -83.335832934017958, 10.208241295280116 ], [ -83.337232644688797, 10.212364906737507 ], [ -83.34028692611372, 10.214706124267376 ], [ -83.344079986984738, 10.214352208180111 ], [ -83.348376772261673, 10.210313050787269 ], [ -83.353579477635549, 10.207982503032746 ], [ -83.357321145885564, 10.20477647956576 ], [ -83.35906932743525, 10.204764763785885 ], [ -83.361638633994758, 10.206516458193924 ], [ -83.363896367407179, 10.206161777524073 ], [ -83.365904715946741, 10.201281333258848 ], [ -83.366188188909803, 10.197016756262181 ], [ -83.369651174753571, 10.193087061305013 ], [ -83.370806580413685, 10.188391827142715 ], [ -83.374932597542156, 10.183881328998098 ], [ -83.37781644650785, 10.182159195096363 ], [ -83.380791357405926, 10.182439546691951 ], [ -83.39095637747134, 10.188449975295569 ], [ -83.39566165365234, 10.189054165903199 ], [ -83.395635665105061, 10.190512500276171 ], [ -83.399875232045545, 10.190962242098932 ], [ -83.41080730956952, 10.181271235158322 ], [ -83.434545843568031, 10.183399820343418 ], [ -83.448041046696588, 10.193628277551031 ], [ -83.4512688432239, 10.189462849446402 ], [ -83.451835642189067, 10.186531440155798 ], [ -83.452747157753834, 10.186344667796515 ], [ -83.451750207776939, 10.181949871328888 ], [ -83.464774299076367, 10.17979207162845 ], [ -83.474456403412049, 10.179132572152627 ], [ -83.476911756221511, 10.17970954041208 ], [ -83.478725818082069, 10.177993909436349 ], [ -83.478909615336832, 10.176159812629255 ], [ -83.481969751188188, 10.17410663835771 ], [ -83.481818866734869, 10.172101260144721 ], [ -83.48507272645297, 10.170756164111193 ], [ -83.486974560653763, 10.17430398880054 ], [ -83.489485256899599, 10.174428665065387 ], [ -83.488075715931942, 10.176438465180588 ], [ -83.487999353199825, 10.179727144443365 ], [ -83.494507752624642, 10.18775351137973 ], [ -83.497662902563846, 10.1929973224312 ], [ -83.495144544319785, 10.197419043336087 ], [ -83.493602069717525, 10.203427096387813 ], [ -83.488884247293711, 10.206676876815532 ], [ -83.485951531386604, 10.209667206101646 ], [ -83.48574716161535, 10.211124813991621 ], [ -83.487885578576353, 10.212905985300836 ], [ -83.487467686093368, 10.214311595673003 ], [ -83.482621900658543, 10.213902719915692 ], [ -83.480896437810188, 10.214810301733674 ], [ -83.480193020566404, 10.2193640278175 ], [ -83.475339192661536, 10.223286044480288 ], [ -83.475142449819316, 10.225344775638977 ], [ -83.479058635567299, 10.227572779479649 ], [ -83.480333950808458, 10.230389186896398 ], [ -83.479231068310455, 10.231126562734753 ], [ -83.473476923678675, 10.229998709640773 ], [ -83.472400471443095, 10.231403559317529 ], [ -83.47254345510305, 10.233017762610974 ], [ -83.473755995661179, 10.233628809339246 ], [ -83.477212708258563, 10.232431816021696 ], [ -83.479766173434854, 10.234969244475581 ], [ -83.480125412808135, 10.236832148125238 ], [ -83.477915680299731, 10.238978008541695 ], [ -83.473923360059487, 10.238887881668516 ], [ -83.473466367794472, 10.241475801807775 ], [ -83.475078831950029, 10.24397945617249 ], [ -83.473051833302804, 10.246314522542068 ], [ -83.472003546825675, 10.24928871900749 ], [ -83.468949497262116, 10.250010977848092 ], [ -83.464993543707237, 10.248428344454892 ], [ -83.461903963700891, 10.248205623929737 ], [ -83.45769474862945, 10.245089785843328 ], [ -83.455140049415974, 10.244824174443927 ], [ -83.453181476902373, 10.245446959180775 ], [ -83.452004328211757, 10.246958797687249 ], [ -83.451635204084923, 10.24981141379102 ], [ -83.449855233532446, 10.252463869164286 ], [ -83.450410376742795, 10.255478966609999 ], [ -83.449001574512792, 10.256555460592391 ], [ -83.445518082230166, 10.255575087523439 ], [ -83.444218382363147, 10.256190289720687 ], [ -83.443725554279695, 10.257666779108614 ], [ -83.44457920773462, 10.260991268033989 ], [ -83.439388025998298, 10.264953101458223 ], [ -83.440314743561146, 10.269192125666407 ], [ -83.437454586515088, 10.269591482177869 ], [ -83.43616593398734, 10.270587703577425 ], [ -83.433491044630301, 10.27393510283042 ], [ -83.432160029310495, 10.277375510259342 ], [ -83.431131932805826, 10.278000980055294 ], [ -83.429900615182078, 10.277358183521331 ], [ -83.428745080973528, 10.273235439851055 ], [ -83.427637703556741, 10.272648070825801 ], [ -83.425458105153837, 10.277216378490202 ], [ -83.421887315228147, 10.277611668930589 ], [ -83.414601382572556, 10.283989127375268 ], [ -83.411628099293907, 10.282242314866931 ], [ -83.410642351458009, 10.283317518936791 ], [ -83.410726757233078, 10.285314510192219 ], [ -83.409674185441901, 10.286001507686413 ], [ -83.407917787965545, 10.285723719562531 ], [ -83.40585238223116, 10.284261745470523 ], [ -83.404831180382715, 10.284465259515033 ], [ -83.405211865136437, 10.285621964590952 ], [ -83.407979877929208, 10.28710301399513 ], [ -83.408318189848117, 10.288337746862373 ], [ -83.4069960094875, 10.28919398807817 ], [ -83.404383841097598, 10.288812574270519 ], [ -83.402686998751818, 10.290799524335894 ], [ -83.40296342169394, 10.292686922153239 ], [ -83.405685697051481, 10.294141981420033 ], [ -83.4050649362581, 10.296228866296021 ], [ -83.403543193103332, 10.296341334579568 ], [ -83.400648885702864, 10.294002773853654 ], [ -83.398675828658511, 10.294471005669399 ], [ -83.398707259198531, 10.295551679030252 ], [ -83.401564859920299, 10.299997183062903 ], [ -83.398735516754726, 10.303322867079515 ], [ -83.396077273411393, 10.303604984059429 ], [ -83.394897165519424, 10.302229325169352 ], [ -83.39419666666808, 10.299377998118352 ], [ -83.395689878197786, 10.295220522326526 ], [ -83.395097304071442, 10.294363682252428 ], [ -83.393631002084774, 10.295150865565615 ], [ -83.392959618426005, 10.297766326703401 ], [ -83.3910487375298, 10.299778801980683 ], [ -83.389887968973071, 10.302465890622322 ], [ -83.388076310136029, 10.30336206414159 ], [ -83.385598610826221, 10.301897803436095 ], [ -83.384812053606439, 10.299315693630756 ], [ -83.385011313150926, 10.296313949544064 ], [ -83.384347894583655, 10.295583519219001 ], [ -83.383270664169785, 10.295769615160115 ], [ -83.38157777258003, 10.302924881695583 ], [ -83.380660961208548, 10.303885272636611 ], [ -83.379492119559146, 10.303925650868349 ], [ -83.377606211388596, 10.298835284886952 ], [ -83.37946024137581, 10.294030238314505 ], [ -83.377476114440853, 10.294060564912879 ], [ -83.376327684355317, 10.297099752536614 ], [ -83.374448214295398, 10.299549682365921 ], [ -83.37064303313926, 10.300495709435454 ], [ -83.368676115936609, 10.299262166653453 ], [ -83.368183953186175, 10.297696782342078 ], [ -83.37035618051361, 10.293776461153044 ], [ -83.37008939708771, 10.292449782299023 ], [ -83.369123093300672, 10.291794992686253 ], [ -83.367690350035531, 10.292071947933605 ], [ -83.366497056291735, 10.295815003423778 ], [ -83.364732008204413, 10.296294147270178 ], [ -83.362888052453968, 10.294868446688268 ], [ -83.362416171878365, 10.292927233697739 ], [ -83.363697702427686, 10.291177479941915 ], [ -83.3665081007412, 10.290536302770379 ], [ -83.36649046321017, 10.289237330865578 ], [ -83.363868515443073, 10.288061067719745 ], [ -83.360932583062819, 10.289433984950508 ], [ -83.358563857989751, 10.287980217563764 ], [ -83.355838815569868, 10.290151763513816 ], [ -83.350545755441956, 10.288559390617479 ], [ -83.349526273813751, 10.289702952947282 ], [ -83.349773179414342, 10.2921927589899 ], [ -83.348971351540342, 10.292879146570456 ], [ -83.345727397924236, 10.291556703295248 ], [ -83.343936427329609, 10.289996226238001 ], [ -83.342274457603651, 10.291220025923382 ], [ -83.344348439917269, 10.294923865377637 ], [ -83.349404373165626, 10.298105338922369 ], [ -83.352354912343586, 10.302008654739547 ], [ -83.355325807783657, 10.30767071333865 ], [ -83.355241295381035, 10.310031590148316 ], [ -83.356702075308974, 10.315862036103145 ], [ -83.345779373947806, 10.303612023856637 ] ] ] } },
{ "type": "Feature", "properties": { "cod_distrito": 60102, "distrito": "Pitahaya", "canton": "Puntarenas" }, "geometry": { "type": "Polygon", "coordinates": [ [ [ -84.806809088073976, 10.104475305726792 ], [ -84.799964161340426, 10.103895803989809 ], [ -84.7966343872843, 10.101259712197344 ], [ -84.794398998947813, 10.101064241345579 ], [ -84.792922982462855, 10.102545931621343 ], [ -84.791397951851181, 10.100833824100635 ], [ -84.791103131129432, 10.099900321724116 ], [ -84.792488804902206, 10.097603678652984 ], [ -84.791594392532346, 10.097993402322089 ], [ -84.791042553870383, 10.097484442511538 ], [ -84.794747160044182, 10.095682430487905 ], [ -84.794644380630473, 10.093965808184453 ], [ -84.792733363600775, 10.092942542669128 ], [ -84.793365775063833, 10.091312422851477 ], [ -84.792450572303196, 10.090607401930511 ], [ -84.791340026266823, 10.08757108030289 ], [ -84.791763353361759, 10.085706904920016 ], [ -84.790505096108816, 10.083587186211322 ], [ -84.789264361427442, 10.083748464117292 ], [ -84.788706108547871, 10.082873951002428 ], [ -84.79141765256395, 10.081120667627683 ], [ -84.793411221344954, 10.078111672176597 ], [ -84.791013878819669, 10.076658481287811 ], [ -84.791082766505326, 10.075656026856445 ], [ -84.790259247744146, 10.075025670815366 ], [ -84.79032299845133, 10.073857873071038 ], [ -84.791523799538126, 10.073236320678108 ], [ -84.790737513708137, 10.072384369657156 ], [ -84.791276651968872, 10.071145643656441 ], [ -84.790545649183997, 10.070244476555413 ], [ -84.78827819688388, 10.069961290487472 ], [ -84.788527897398097, 10.068907939294569 ], [ -84.789445661092572, 10.068653974577897 ], [ -84.78685384591266, 10.066161853199583 ], [ -84.784916432150638, 10.066571588266946 ], [ -84.784129553645585, 10.065914003073697 ], [ -84.78356018193702, 10.066661059390238 ], [ -84.782305389823676, 10.065582722910175 ], [ -84.780027330206821, 10.065766487101786 ], [ -84.778395920983101, 10.06474516943593 ], [ -84.779460750049921, 10.064032847709385 ], [ -84.779115433657111, 10.063111839171187 ], [ -84.779888849366316, 10.062349301789897 ], [ -84.779587545448493, 10.060570645689653 ], [ -84.780568180946119, 10.059450138932533 ], [ -84.780230531158068, 10.057047825035678 ], [ -84.784570678992594, 10.05100909316743 ], [ -84.784608090469845, 10.049682421083938 ], [ -84.783625833301741, 10.048565252494543 ], [ -84.784606862682409, 10.045096983392204 ], [ -84.783321263899097, 10.040962846170645 ], [ -84.783462264294343, 10.037995335640659 ], [ -84.785982478606982, 10.038182031133084 ], [ -84.786851240203077, 10.037345301992564 ], [ -84.788824054403108, 10.030268444527096 ], [ -84.789051854326559, 10.026287586278684 ], [ -84.789822088530727, 10.024745161886544 ], [ -84.791694849434279, 10.024109455779312 ], [ -84.791267979131135, 10.022538688132672 ], [ -84.792260812174391, 10.02282038970622 ], [ -84.792544917613853, 10.022169298965409 ], [ -84.790234982364396, 10.020851561386008 ], [ -84.791023688064058, 10.019560794465052 ], [ -84.789972324704877, 10.019625769619871 ], [ -84.788829454624818, 10.018626919713393 ], [ -84.78886128126743, 10.015606956411149 ], [ -84.786456103913906, 10.014180740197862 ], [ -84.785566036158045, 10.010462090784339 ], [ -84.788261281604363, 10.004689327234336 ], [ -84.788096541169921, 10.000940032368943 ], [ -84.793491965600339, 9.99692544152926 ], [ -84.793453124200099, 9.995783881861819 ], [ -84.794690663866788, 9.995211268131774 ], [ -84.794946695013039, 9.992495895259722 ], [ -84.796332173286103, 9.991493433183779 ], [ -84.797043550600108, 9.989573568256182 ], [ -84.798837662806406, 9.99151517013331 ], [ -84.799550189642545, 9.991487509624815 ], [ -84.80017809443008, 9.990397005525763 ], [ -84.799931512953421, 9.987944457263126 ], [ -84.802097397262827, 9.985792585909863 ], [ -84.812559393165159, 9.987002141019781 ], [ -84.821096289533983, 9.984906024241223 ], [ -84.827015345553889, 9.986241470933134 ], [ -84.827679678576018, 9.987395528258595 ], [ -84.82653479266331, 9.988445496776412 ], [ -84.826830112691766, 9.988986319259944 ], [ -84.833600439528084, 9.986224873929768 ], [ -84.838235490117725, 9.990375153080235 ], [ -84.839863474325455, 9.989688006243867 ], [ -84.841479838952694, 9.990691809985973 ], [ -84.844655049431239, 9.995172774554574 ], [ -84.846906302108479, 9.99573744517064 ], [ -84.849414718308353, 9.99512540044106 ], [ -84.853140996092748, 9.996399949111414 ], [ -84.852850615328308, 9.997177217478535 ], [ -84.854108598052207, 9.998036946644943 ], [ -84.85456145643208, 9.9996825850227 ], [ -84.855753616751869, 10.000164926581762 ], [ -84.856522289870625, 9.999633513320807 ], [ -84.856395411681831, 10.000917829292657 ], [ -84.857520698020565, 10.000626253957485 ], [ -84.858213999710728, 10.004562139152094 ], [ -84.859808737811179, 10.004509198557523 ], [ -84.861716177885654, 10.002949588489539 ], [ -84.863828756100659, 10.003264697187843 ], [ -84.865315221374786, 10.002660879638178 ], [ -84.868672813234056, 10.004047857421334 ], [ -84.869448667260613, 10.005637203012828 ], [ -84.870682407640302, 10.005211042371677 ], [ -84.871503755946875, 10.006207545395009 ], [ -84.870547054144154, 10.006340511053045 ], [ -84.870872685405871, 10.006790616998748 ], [ -84.874673529736611, 10.009336398943413 ], [ -84.875974064506664, 10.008986799305111 ], [ -84.875832388648604, 10.007820359525448 ], [ -84.877571736324484, 10.007475564108379 ], [ -84.880903553413972, 10.009923872926111 ], [ -84.884413917907608, 10.011160104538078 ], [ -84.886976590877609, 10.014227608099455 ], [ -84.885470222915174, 10.013951179948064 ], [ -84.88898309918919, 10.015251180381563 ], [ -84.891826892934759, 10.01926066320627 ], [ -84.895667638230023, 10.019155576560472 ], [ -84.897981157099665, 10.020983886875493 ], [ -84.897535557806549, 10.02179623487458 ], [ -84.896088016911932, 10.021705305555907 ], [ -84.894907691223068, 10.024020314087581 ], [ -84.890338808499678, 10.022550269526349 ], [ -84.889860451444534, 10.024910574107388 ], [ -84.890359043043887, 10.026446139491512 ], [ -84.889445645214295, 10.027396554286364 ], [ -84.890470325671004, 10.029024044967381 ], [ -84.889701600640933, 10.030039221595366 ], [ -84.885130411852316, 10.029659530125665 ], [ -84.883610230905859, 10.028587999172107 ], [ -84.878412948176376, 10.028914341693271 ], [ -84.874556411565919, 10.031920851115311 ], [ -84.869434164916441, 10.033594313412188 ], [ -84.867596850404524, 10.037864422285512 ], [ -84.866225110839267, 10.038959966432124 ], [ -84.866725124017393, 10.041773749472947 ], [ -84.865109125137764, 10.045437043186046 ], [ -84.86724001636324, 10.049470563936984 ], [ -84.866752189937827, 10.051191412719659 ], [ -84.867179503870403, 10.057460215558882 ], [ -84.870689353372882, 10.062814475799835 ], [ -84.870282117514066, 10.064206480932762 ], [ -84.872031122553693, 10.065483678830654 ], [ -84.873507838906633, 10.068004358318777 ], [ -84.874899900506236, 10.06866088356673 ], [ -84.87704487367327, 10.071934706075524 ], [ -84.876268177473492, 10.073915955256087 ], [ -84.87676050376966, 10.07924366680297 ], [ -84.875403073129007, 10.080704030712726 ], [ -84.877581320047, 10.090878346766937 ], [ -84.876298354973244, 10.092976468386524 ], [ -84.876337226481013, 10.095708407620524 ], [ -84.874149047071128, 10.098399890380263 ], [ -84.874441093483355, 10.103005383870403 ], [ -84.868505144107729, 10.099888911229453 ], [ -84.857710216303857, 10.096467019530314 ], [ -84.852863552203061, 10.089954443290676 ], [ -84.851283238895945, 10.088783123396718 ], [ -84.836396383022503, 10.087354594976729 ], [ -84.815573181154775, 10.096352300084007 ], [ -84.808348659816033, 10.101080365255953 ], [ -84.808518960180919, 10.102050588052613 ], [ -84.806809088073976, 10.104475305726792 ] ] ] } },
{ "type": "Feature", "properties": { "cod_distrito": 21501, "distrito": "San Rafael", "canton": "Guatuso" }, "geometry": { "type": "Polygon", "coordinates": [ [ [ -84.742791752116418, 10.774911540209677 ], [ -84.741461868344572, 10.771727113227129 ], [ -84.742622007205981, 10.770920396154569 ], [ -84.740992920293593, 10.769397171018882 ], [ -84.739071512362528, 10.769059729309742 ], [ -84.738216261774497, 10.767478982741137 ], [ -84.739155496987649, 10.765543072935145 ], [ -84.735226367750585, 10.760358677660662 ], [ -84.732875013820646, 10.759123056808019 ], [ -84.73103719276223, 10.76002589151992 ], [ -84.730049084827854, 10.758461647524408 ], [ -84.728363661011244, 10.75764843847303 ], [ -84.723163217419156, 10.757141199857539 ], [ -84.722237664894166, 10.756232408945699 ], [ -84.720575037728551, 10.756112536399002 ], [ -84.719082049284992, 10.753642345071636 ], [ -84.716864717607535, 10.752835448349952 ], [ -84.71510300337475, 10.753602371484815 ], [ -84.713811903306777, 10.752110494220007 ], [ -84.711770179443377, 10.752729603576423 ], [ -84.710646854228713, 10.751958173574705 ], [ -84.710991719662914, 10.75106968176215 ], [ -84.709502735090865, 10.750028888320742 ], [ -84.708907918530656, 10.747693357521236 ], [ -84.706432241044567, 10.745755527925292 ], [ -84.706959837579333, 10.745184447264306 ], [ -84.706239374649243, 10.742984766944371 ], [ -84.704974631954045, 10.7415327397051 ], [ -84.705897588875601, 10.738955906109176 ], [ -84.705118284766954, 10.729747108131717 ], [ -84.703635827729812, 10.72854641664078 ], [ -84.700051435331403, 10.727971954016155 ], [ -84.699291261892597, 10.726797524002848 ], [ -84.698774246273075, 10.722485674228437 ], [ -84.696659252952813, 10.719739697091782 ], [ -84.691473685447335, 10.717892208628667 ], [ -84.686957045850036, 10.717381930552687 ], [ -84.685610668277263, 10.715141308744697 ], [ -84.684277702494583, 10.708561086917145 ], [ -84.679724774670817, 10.699950193468689 ], [ -84.680034264109381, 10.698765512619385 ], [ -84.682536207618682, 10.696303680145832 ], [ -84.680938067482671, 10.694307102330283 ], [ -84.680227073470519, 10.690463599150332 ], [ -84.679056170647641, 10.688556174025708 ], [ -84.677559557638901, 10.687052343747764 ], [ -84.672714621653128, 10.687056636144426 ], [ -84.672844549413341, 10.686079957014554 ], [ -84.666646751853463, 10.677280742254318 ], [ -84.662412172465395, 10.674943573469328 ], [ -84.662327462233577, 10.672629208427557 ], [ -84.659575380235495, 10.671872606198487 ], [ -84.657742570387114, 10.667345023839577 ], [ -84.654402816683117, 10.665394961833609 ], [ -84.653919549009842, 10.664272864625302 ], [ -84.651486180441069, 10.664345132191746 ], [ -84.65107724049156, 10.662120594234517 ], [ -84.650366490297898, 10.663026365465203 ], [ -84.649094472028793, 10.661871156101114 ], [ -84.649157402238288, 10.661267719565668 ], [ -84.650949285809887, 10.661265937915532 ], [ -84.649294670904865, 10.658778658132308 ], [ -84.649865476613712, 10.658250200183005 ], [ -84.649127117381141, 10.656465885089334 ], [ -84.649288487411283, 10.652682057284027 ], [ -84.648081260973186, 10.652720960057424 ], [ -84.648206459644911, 10.650860427932432 ], [ -84.64670691920476, 10.650861908000085 ], [ -84.646959825106464, 10.649617196400925 ], [ -84.648369134243325, 10.648358770023812 ], [ -84.648809650086847, 10.645193999140892 ], [ -84.64732920570853, 10.638482172071953 ], [ -84.657761051242687, 10.638471702844033 ], [ -84.660515645078902, 10.639619738007935 ], [ -84.663654532424218, 10.637429879274386 ], [ -84.668152634740395, 10.637079921902641 ], [ -84.669667785820138, 10.639610201030365 ], [ -84.672577223489299, 10.640451067688705 ], [ -84.673666008288876, 10.643135223261389 ], [ -84.675063404163097, 10.642872229426146 ], [ -84.675505639900166, 10.644066721358435 ], [ -84.67684593723942, 10.643055084270706 ], [ -84.67959568970123, 10.644874874463211 ], [ -84.681842873458635, 10.645105437103705 ], [ -84.682417429843937, 10.645773988885923 ], [ -84.681608937654445, 10.646563549681042 ], [ -84.6831487100077, 10.646149600051531 ], [ -84.684417605049617, 10.638186199464993 ], [ -84.688875018366403, 10.632477163434801 ], [ -84.689033854949329, 10.631076637727626 ], [ -84.691400028289181, 10.628833425922897 ], [ -84.690295532950316, 10.625055780754467 ], [ -84.690286555838085, 10.617073884810551 ], [ -84.691033960115078, 10.617092168124858 ], [ -84.693332870592499, 10.617560960702104 ], [ -84.692129800420943, 10.61944785269233 ], [ -84.692690765635817, 10.619779960415935 ], [ -84.694680962808022, 10.619888621996147 ], [ -84.694917682436312, 10.618571249182459 ], [ -84.696402603232571, 10.618042722591477 ], [ -84.699065715401844, 10.618344688591515 ], [ -84.699685710358423, 10.621200002249285 ], [ -84.703443074660569, 10.622415705482362 ], [ -84.703949518414205, 10.624023365151979 ], [ -84.707481697900405, 10.624407430024362 ], [ -84.70720300101965, 10.625738724110105 ], [ -84.709489944908952, 10.627829520921702 ], [ -84.708455943428163, 10.630409482623046 ], [ -84.710334294588677, 10.630684551449463 ], [ -84.711991911831007, 10.633843619235233 ], [ -84.710982922097074, 10.633928000103326 ], [ -84.711545712445371, 10.635729679971581 ], [ -84.713310826506714, 10.635062095514156 ], [ -84.713069297156352, 10.636691424986271 ], [ -84.715346787408279, 10.636688701034586 ], [ -84.716137276906323, 10.63842077532904 ], [ -84.717495605121812, 10.638895719528207 ], [ -84.719465345276561, 10.637940176851099 ], [ -84.723270944783351, 10.634079562778139 ], [ -84.725022410339733, 10.633730807904822 ], [ -84.72721304873707, 10.634334662875219 ], [ -84.729363755249267, 10.637971346381935 ], [ -84.730984225372382, 10.637926000445237 ], [ -84.732431726742817, 10.6396138861738 ], [ -84.735892351133714, 10.640042784150609 ], [ -84.737996581013505, 10.641513190718527 ], [ -84.742419378328208, 10.640857651628826 ], [ -84.743865643583121, 10.64154900029744 ], [ -84.747155367768116, 10.645184090978052 ], [ -84.750579411667346, 10.645558773229512 ], [ -84.7516994153479, 10.647119866522138 ], [ -84.754493223754892, 10.646407024553886 ], [ -84.755704067421249, 10.645584379413462 ], [ -84.755519455802144, 10.643045756723712 ], [ -84.754097977551908, 10.641345099440661 ], [ -84.753097474964804, 10.638329646890037 ], [ -84.763158464490303, 10.638369992161502 ], [ -84.763445631676575, 10.63641019210116 ], [ -84.761642544213288, 10.634790063486053 ], [ -84.763833695472343, 10.633399871895104 ], [ -84.764071767118267, 10.632149498475473 ], [ -84.765552690125773, 10.632117047263751 ], [ -84.765352779183459, 10.63074605287242 ], [ -84.763862690656396, 10.631793711359327 ], [ -84.760736160339945, 10.630250405316703 ], [ -84.76035468188789, 10.627898905152549 ], [ -84.761650335172646, 10.627015158814492 ], [ -84.759946745875638, 10.625948346221451 ], [ -84.761702570369195, 10.625705441577107 ], [ -84.762428960615495, 10.623459361070751 ], [ -84.765395744197619, 10.619740234570905 ], [ -84.769124016096754, 10.619654973166213 ], [ -84.772982998714411, 10.616469100424528 ], [ -84.770976344826934, 10.61120655524091 ], [ -84.772109009536351, 10.609761709932446 ], [ -84.774080827358887, 10.609491712969621 ], [ -84.775290463249306, 10.605186913712739 ], [ -84.781339051752369, 10.603093714161618 ], [ -84.783716950268939, 10.603437818032114 ], [ -84.784550955783544, 10.601031163818538 ], [ -84.787602593685364, 10.60025172504618 ], [ -84.788217868570953, 10.596081353716217 ], [ -84.789807070085701, 10.592871777995029 ], [ -84.788651314516855, 10.589690916362157 ], [ -84.789894433014865, 10.586247207406471 ], [ -84.791240717815342, 10.586770758338245 ], [ -84.791927749602337, 10.584440121905857 ], [ -84.796581139939065, 10.582567912566219 ], [ -84.80487950891613, 10.585253224383328 ], [ -84.804611468592597, 10.589466257045739 ], [ -84.808199889051764, 10.590995210972091 ], [ -84.814017032203608, 10.596537388762732 ], [ -84.81547036602673, 10.597286198017809 ], [ -84.817812586295489, 10.596596943113072 ], [ -84.820458103620794, 10.599923450156407 ], [ -84.824717530104124, 10.597132274237667 ], [ -84.827204846865044, 10.599065896174618 ], [ -84.827464368991244, 10.601263119586026 ], [ -84.829017014145705, 10.60287640924334 ], [ -84.829251728544691, 10.606171835429663 ], [ -84.828039762867746, 10.608981726371821 ], [ -84.828047402179607, 10.613795431563764 ], [ -84.826834014275832, 10.615736174807996 ], [ -84.825785844993618, 10.615319937981246 ], [ -84.825654567539203, 10.617777140855878 ], [ -84.822485153879157, 10.622194597340433 ], [ -84.820341362843251, 10.623451450752015 ], [ -84.819732150740933, 10.62283395532387 ], [ -84.819042947469427, 10.625091433491885 ], [ -84.815952670250141, 10.626165845536793 ], [ -84.816818299301076, 10.628705101010471 ], [ -84.814962475774976, 10.630479623165433 ], [ -84.815240099899171, 10.635192627850966 ], [ -84.816241752447283, 10.638266529403856 ], [ -84.814443938967486, 10.644821234232662 ], [ -84.816735653413261, 10.646227193843629 ], [ -84.817252739638676, 10.647340831267799 ], [ -84.820497984679534, 10.647987738086885 ], [ -84.821423996125858, 10.645863611353562 ], [ -84.825089365027139, 10.645055693961362 ], [ -84.827889157222032, 10.641842225912411 ], [ -84.832715081811131, 10.648303101139859 ], [ -84.83875403234471, 10.65242199374382 ], [ -84.840589520853882, 10.658920903379688 ], [ -84.846130376942071, 10.657959322244688 ], [ -84.854219009301289, 10.654770501022258 ], [ -84.85996901935188, 10.65765260326793 ], [ -84.863946546278569, 10.66152370365759 ], [ -84.868849458575511, 10.663003062298852 ], [ -84.870432067353022, 10.66412283206304 ], [ -84.871073475247513, 10.666050786372363 ], [ -84.876381623260201, 10.668054194065107 ], [ -84.882428908023897, 10.668768947420464 ], [ -84.882101332980568, 10.669853118235965 ], [ -84.883190501634616, 10.670910404849311 ], [ -84.886484362729973, 10.670342531166508 ], [ -84.888907459164841, 10.671112319656133 ], [ -84.89221674651418, 10.669965893203903 ], [ -84.89294551904301, 10.672139971306017 ], [ -84.892339988460904, 10.674381571523515 ], [ -84.894170707194164, 10.675518991278302 ], [ -84.894634032010302, 10.676650662622588 ], [ -84.906071979601379, 10.679123413328364 ], [ -84.906862197690458, 10.678812391674954 ], [ -84.907105581280689, 10.676783251136683 ], [ -84.908867280321431, 10.676193455307368 ], [ -84.908880644223956, 10.674506920402989 ], [ -84.910281456895603, 10.674765106192092 ], [ -84.911482037689993, 10.673654878145893 ], [ -84.913097593313836, 10.674222261775766 ], [ -84.913191723756071, 10.671688247106129 ], [ -84.915036715714578, 10.671611557406827 ], [ -84.919588302437575, 10.674088177189802 ], [ -84.922748808628199, 10.67271358046044 ], [ -84.924095320703159, 10.67039722212782 ], [ -84.92336088525262, 10.665263013528595 ], [ -84.942619617880069, 10.665282211167332 ], [ -84.942090237103216, 10.663761072769958 ], [ -84.942722262942354, 10.659851917599566 ], [ -84.945124844828129, 10.657018703400976 ], [ -84.948324584203704, 10.657756916338062 ], [ -84.949150684989746, 10.656899293657929 ], [ -84.956076819789033, 10.658300134579793 ], [ -84.959893743414838, 10.657194701348212 ], [ -84.964333320725174, 10.656999847658563 ], [ -84.972839703811118, 10.658322758191506 ], [ -84.976394483914902, 10.657850367438972 ], [ -84.977458339029283, 10.662835507459288 ], [ -84.977043603091104, 10.66987079677609 ], [ -84.981966218881851, 10.671865399486654 ], [ -84.984600248175724, 10.671915625106903 ], [ -84.986098922173866, 10.677512492731541 ], [ -84.986363979435964, 10.68397967622948 ], [ -84.987844302994787, 10.687405951439539 ], [ -84.987777028739217, 10.689591609359189 ], [ -84.984479847421909, 10.693631805299985 ], [ -84.981284947138548, 10.695059793674394 ], [ -84.976515083771559, 10.69942272415685 ], [ -84.968437414633982, 10.702850465011057 ], [ -84.952949070025369, 10.702063610207452 ], [ -84.943787392669918, 10.702578807776062 ], [ -84.939185764400236, 10.704051825065884 ], [ -84.935093589676327, 10.703739347565591 ], [ -84.93395835420408, 10.702722576413818 ], [ -84.932415436021415, 10.703999121381838 ], [ -84.928646519709147, 10.703402113439088 ], [ -84.926730847233884, 10.702168439220587 ], [ -84.924877239728474, 10.702608562076518 ], [ -84.923800543834531, 10.70139514174649 ], [ -84.916206655438089, 10.70164929797085 ], [ -84.914869543624064, 10.702830766300101 ], [ -84.912644008655818, 10.701139057182331 ], [ -84.909302391755304, 10.70076666100155 ], [ -84.903740680920734, 10.7016354648672 ], [ -84.891421025547956, 10.701140549195486 ], [ -84.89058333796541, 10.701826142313351 ], [ -84.889577531536361, 10.699025889408967 ], [ -84.886461431140646, 10.701302033962426 ], [ -84.883901729658021, 10.697807591400696 ], [ -84.882767888626645, 10.697474763243761 ], [ -84.880811046793781, 10.697812917369784 ], [ -84.876019959487394, 10.701743926328467 ], [ -84.87424025319325, 10.702401968653454 ], [ -84.873062628608594, 10.702287520975403 ], [ -84.870910964722583, 10.700624506776526 ], [ -84.868763806952302, 10.701574254772874 ], [ -84.866026499181274, 10.701688015288866 ], [ -84.863631064663878, 10.703780781667 ], [ -84.862062334408165, 10.707364130947855 ], [ -84.859783268681213, 10.708685214208366 ], [ -84.853040629675675, 10.70763370349767 ], [ -84.851389672866901, 10.70610802461489 ], [ -84.850737753647252, 10.703503582625927 ], [ -84.846377101336628, 10.70097063167149 ], [ -84.844787533823109, 10.700936800186689 ], [ -84.843891281230356, 10.701869810940167 ], [ -84.838283208575746, 10.701500294590863 ], [ -84.835664510873812, 10.702159450247708 ], [ -84.83348303904576, 10.700139616277689 ], [ -84.831983236332363, 10.701015319095861 ], [ -84.831573922242299, 10.702755387091811 ], [ -84.828957363341303, 10.704775456791555 ], [ -84.829166019083544, 10.706412671424649 ], [ -84.827812867245768, 10.706982452164372 ], [ -84.829183061343983, 10.707875508152114 ], [ -84.826062934613404, 10.707938570776319 ], [ -84.825872684059163, 10.708622992397915 ], [ -84.822543832946891, 10.706990586520089 ], [ -84.82144329069466, 10.709102876999529 ], [ -84.819751926274535, 10.709884199702595 ], [ -84.818832656091431, 10.715001988490236 ], [ -84.815725846741685, 10.714206136708677 ], [ -84.81546181471829, 10.714788771567447 ], [ -84.817111105974476, 10.715324836872728 ], [ -84.816876865242435, 10.71613303981793 ], [ -84.812889028073073, 10.71669219116151 ], [ -84.811883225701223, 10.723054609572179 ], [ -84.805822760997273, 10.725472644481979 ], [ -84.80501574552946, 10.727140484987938 ], [ -84.799988893980498, 10.731834862328977 ], [ -84.798800264098205, 10.734260144399283 ], [ -84.799538239084256, 10.735605479765942 ], [ -84.798570337293739, 10.738001326229648 ], [ -84.796380493714437, 10.740260663317741 ], [ -84.794156723584805, 10.739506987503169 ], [ -84.791952363611983, 10.741933708903126 ], [ -84.792307640592213, 10.74329416279094 ], [ -84.791676105548504, 10.744255755117555 ], [ -84.79026432726225, 10.745152963966394 ], [ -84.788320251030981, 10.744427954703781 ], [ -84.784188533133445, 10.747563322374894 ], [ -84.781566967075051, 10.746577228579778 ], [ -84.781554674562244, 10.748265719996592 ], [ -84.778833603420068, 10.749746947803056 ], [ -84.780029020657622, 10.751906802793833 ], [ -84.777657444922724, 10.750760213618049 ], [ -84.776131051864752, 10.753920941392579 ], [ -84.774720635155674, 10.753325838915851 ], [ -84.773584169517719, 10.751327943643719 ], [ -84.771630795465029, 10.755452952342486 ], [ -84.770080482168851, 10.754677600801909 ], [ -84.768762715094255, 10.755263861606275 ], [ -84.767493770018177, 10.754246682006706 ], [ -84.767256202492803, 10.755704369824979 ], [ -84.769628637847234, 10.756724621204224 ], [ -84.768057402063775, 10.759477807364693 ], [ -84.764405035797012, 10.75826008557471 ], [ -84.76409693377704, 10.759002846645787 ], [ -84.765776415829421, 10.759975805446237 ], [ -84.764806733008356, 10.761323528222896 ], [ -84.758903466934214, 10.761091300366495 ], [ -84.75531483785025, 10.763446825698679 ], [ -84.755436076213272, 10.766008479088324 ], [ -84.754323232782681, 10.767455225257789 ], [ -84.755395405747294, 10.768390595850397 ], [ -84.753472251116804, 10.769339943755154 ], [ -84.75429155988374, 10.770665889150926 ], [ -84.753734870756773, 10.772432488788088 ], [ -84.752007343005403, 10.77273899203869 ], [ -84.751188680319572, 10.773956855712431 ], [ -84.748037988770662, 10.771619299875049 ], [ -84.747007836036559, 10.774081061200024 ], [ -84.745006333963687, 10.773795425430757 ], [ -84.742791752116418, 10.774911540209677 ] ] ] } },
{ "type": "Feature", "properties": { "cod_distrito": 21502, "distrito": "Buenavista", "canton": "Guatuso" }, "geometry": { "type": "Polygon", "coordinates": [ [ [ -84.807691950422424, 10.852327263857545 ], [ -84.801936627500254, 10.85037372253576 ], [ -84.800750497754606, 10.851588802856575 ], [ -84.799624234155871, 10.85081222360906 ], [ -84.800000840275757, 10.84899108060204 ], [ -84.801806067475326, 10.849143419114711 ], [ -84.802389035959962, 10.847189539228902 ], [ -84.801798513097154, 10.846582915909268 ], [ -84.795963714768448, 10.8465586456577 ], [ -84.793884776518908, 10.847505831811493 ], [ -84.790342542797333, 10.841841623611275 ], [ -84.789458893726547, 10.842065519582468 ], [ -84.789508054215986, 10.844602460404237 ], [ -84.788854285326579, 10.845278338216126 ], [ -84.788616696150129, 10.84357185765054 ], [ -84.788369723997008, 10.84334281661868 ], [ -84.787136045729568, 10.84282841024641 ], [ -84.786933229915476, 10.842713881605542 ], [ -84.786726195095667, 10.842579275408537 ], [ -84.786670562312935, 10.84253133151879 ], [ -84.78724267160672, 10.837649987611012 ], [ -84.786462411155426, 10.837197674966101 ], [ -84.78395096446539, 10.839711759773078 ], [ -84.783900418634659, 10.836576147400459 ], [ -84.78088581458951, 10.836518529828972 ], [ -84.781563994864698, 10.834137354536095 ], [ -84.780600986674727, 10.832248033541235 ], [ -84.775138254425869, 10.833777974224198 ], [ -84.774078352154433, 10.834546077156917 ], [ -84.773778166904208, 10.836188892079416 ], [ -84.772920702111321, 10.836393409103039 ], [ -84.771935055920792, 10.835726164832581 ], [ -84.772504177100984, 10.833222646323225 ], [ -84.77041281137663, 10.832003944889895 ], [ -84.770188282840451, 10.830613396406974 ], [ -84.768338401530229, 10.831113400528707 ], [ -84.767426331967442, 10.828948218902935 ], [ -84.764797142484753, 10.829352981151857 ], [ -84.763802948952133, 10.826473775726503 ], [ -84.761092519292191, 10.826814425716762 ], [ -84.761186711952249, 10.824479369635783 ], [ -84.75949609581771, 10.822724418796904 ], [ -84.760223048405393, 10.820155824164907 ], [ -84.758696532222061, 10.819676437249887 ], [ -84.75754643024294, 10.82144321265177 ], [ -84.755547478444711, 10.81972074214873 ], [ -84.758421370159667, 10.81795647914681 ], [ -84.758701746524693, 10.816666814535617 ], [ -84.756083217998025, 10.816119651158113 ], [ -84.755174465144847, 10.813573151354952 ], [ -84.753145153018878, 10.815649419493674 ], [ -84.752746658574637, 10.813630592213388 ], [ -84.75087551480388, 10.812038496688793 ], [ -84.750100649739608, 10.807725478341556 ], [ -84.750768282984353, 10.80590854043432 ], [ -84.749820260116664, 10.805067827665431 ], [ -84.748444605860229, 10.800601252486958 ], [ -84.749899703326932, 10.799834017820096 ], [ -84.748739923299325, 10.797388916724321 ], [ -84.749790502806576, 10.795644667154724 ], [ -84.747627870311049, 10.794036592719346 ], [ -84.747895140323664, 10.792318872035006 ], [ -84.745879723747279, 10.789802463204728 ], [ -84.74621065011398, 10.787601536041755 ], [ -84.744340960772661, 10.783232848646877 ], [ -84.743146302297319, 10.782449246402457 ], [ -84.742618956822469, 10.784049442504401 ], [ -84.74163069705719, 10.783844866920052 ], [ -84.742397475897803, 10.778846245271632 ], [ -84.740519626906874, 10.777416260095405 ], [ -84.740620681438088, 10.776672459306942 ], [ -84.743881582768125, 10.774165930910335 ], [ -84.747121222367198, 10.774025457801779 ], [ -84.748037988770662, 10.771619299875049 ], [ -84.751188680319572, 10.773956855712431 ], [ -84.752007343005403, 10.77273899203869 ], [ -84.753938615035423, 10.772297256106064 ], [ -84.75429155988374, 10.770665889150926 ], [ -84.753414329209804, 10.769496650418516 ], [ -84.755395405747294, 10.768390595850397 ], [ -84.754323232782681, 10.767455225257789 ], [ -84.755436076213272, 10.766008479088324 ], [ -84.75531483785025, 10.763446825698679 ], [ -84.758903466934214, 10.761091300366495 ], [ -84.764806733008356, 10.761323528222896 ], [ -84.765776415829421, 10.759975805446237 ], [ -84.76409693377704, 10.759002846645787 ], [ -84.764405035797012, 10.75826008557471 ], [ -84.768057402063775, 10.759477807364693 ], [ -84.769628637847234, 10.756724621204224 ], [ -84.767256202492803, 10.755704369824979 ], [ -84.767603991123693, 10.754172828288738 ], [ -84.768762715094255, 10.755263861606275 ], [ -84.770080482168851, 10.754677600801909 ], [ -84.771630795465029, 10.755452952342486 ], [ -84.773584169517719, 10.751327943643719 ], [ -84.774720635155674, 10.753325838915851 ], [ -84.776131051864752, 10.753920941392579 ], [ -84.777657444922724, 10.750760213618049 ], [ -84.780029020657622, 10.751906802793833 ], [ -84.778833603420068, 10.749746947803056 ], [ -84.781554674562244, 10.748265719996592 ], [ -84.781566967075051, 10.746577228579778 ], [ -84.784188533133445, 10.747563322374894 ], [ -84.788320251030981, 10.744427954703781 ], [ -84.79026432726225, 10.745152963966394 ], [ -84.791676105548504, 10.744255755117555 ], [ -84.792307640592213, 10.74329416279094 ], [ -84.791952363611983, 10.741933708903126 ], [ -84.794156723584805, 10.739506987503169 ], [ -84.796380493714437, 10.740260663317741 ], [ -84.798570337293739, 10.738001326229648 ], [ -84.799538239084256, 10.735605479765942 ], [ -84.798800264098205, 10.734260144399283 ], [ -84.799988893980498, 10.731834862328977 ], [ -84.80501574552946, 10.727140484987938 ], [ -84.805822760997273, 10.725472644481979 ], [ -84.811883225701223, 10.723054609572179 ], [ -84.812889028073073, 10.71669219116151 ], [ -84.816876865242435, 10.71613303981793 ], [ -84.817111105974476, 10.715324836872728 ], [ -84.81546181471829, 10.714788771567447 ], [ -84.815725846741685, 10.714206136708677 ], [ -84.818832656091431, 10.715001988490236 ], [ -84.819751926274535, 10.709884199702595 ], [ -84.82144329069466, 10.709102876999529 ], [ -84.822543832946891, 10.706990586520089 ], [ -84.825872684059163, 10.708622992397915 ], [ -84.826062934613404, 10.707938570776319 ], [ -84.829183061343983, 10.707875508152114 ], [ -84.827812867245768, 10.706982452164372 ], [ -84.829166019083544, 10.706412671424649 ], [ -84.828957363341303, 10.704775456791555 ], [ -84.831573922242299, 10.702755387091811 ], [ -84.831983236332363, 10.701015319095861 ], [ -84.83348303904576, 10.700139616277689 ], [ -84.835664510873812, 10.702159450247708 ], [ -84.838283208575746, 10.701500294590863 ], [ -84.843891281230356, 10.701869810940167 ], [ -84.844787533823109, 10.700936800186689 ], [ -84.846377101336628, 10.70097063167149 ], [ -84.850737753647252, 10.703503582625927 ], [ -84.851655369248036, 10.706573379725677 ], [ -84.854336580578689, 10.708090096100547 ], [ -84.860357050778589, 10.708553262163274 ], [ -84.862062334408165, 10.707364130947855 ], [ -84.863109353092213, 10.704985449661043 ], [ -84.86785474108737, 10.711106754862737 ], [ -84.875779440562397, 10.709827793340301 ], [ -84.881258484611479, 10.712595638721654 ], [ -84.882895434992975, 10.713612305421989 ], [ -84.888650001158894, 10.731285102728963 ], [ -84.887513934709062, 10.732130790100921 ], [ -84.887057106978389, 10.735119721831948 ], [ -84.886099268381201, 10.736246330901992 ], [ -84.884759709681504, 10.742646777003158 ], [ -84.88633140629122, 10.746862594639564 ], [ -84.882421011395763, 10.746974819292824 ], [ -84.879289407313465, 10.745187321209334 ], [ -84.874635889474689, 10.747269373940814 ], [ -84.870868660002017, 10.74794368571429 ], [ -84.867886911379742, 10.750585288347423 ], [ -84.865185984438355, 10.751152279197063 ], [ -84.86406589049335, 10.761454397763845 ], [ -84.850340800078143, 10.760352018442941 ], [ -84.855295167594065, 10.767866982885709 ], [ -84.855203521987107, 10.776831493861241 ], [ -84.856418915687001, 10.780731630082727 ], [ -84.865536440429253, 10.789821494631754 ], [ -84.866998376628672, 10.792244694196318 ], [ -84.867715162663629, 10.795547991119342 ], [ -84.871059453749126, 10.796702455968003 ], [ -84.866371362066999, 10.799839054539058 ], [ -84.865449589380603, 10.801422541590723 ], [ -84.865807261411788, 10.802652341239009 ], [ -84.86430992023314, 10.807971548725783 ], [ -84.859846446980754, 10.809116078119711 ], [ -84.858657933128072, 10.807971286840715 ], [ -84.856178437674643, 10.808166492826121 ], [ -84.853982197404818, 10.810325186920762 ], [ -84.852555101483418, 10.810011167833434 ], [ -84.850756336208278, 10.810686326468153 ], [ -84.850384984761234, 10.811866629901038 ], [ -84.848280006577596, 10.812812481894289 ], [ -84.84781552255825, 10.814118155395002 ], [ -84.844645365012994, 10.815955419493436 ], [ -84.84311572306494, 10.819154921079447 ], [ -84.842455775791009, 10.818713145434511 ], [ -84.842534278721658, 10.819689459019168 ], [ -84.843342926715977, 10.819995099604828 ], [ -84.843024655774755, 10.82066962891146 ], [ -84.83949802904813, 10.819935213111542 ], [ -84.838213538076118, 10.821856031310904 ], [ -84.83594020052837, 10.822093051166767 ], [ -84.834215806556841, 10.821425304537881 ], [ -84.831654280074531, 10.82669307618473 ], [ -84.832792207325227, 10.830329874075286 ], [ -84.832034764644305, 10.833826943781325 ], [ -84.830686440829751, 10.8349938497617 ], [ -84.83185656855278, 10.836842016099668 ], [ -84.831479744297681, 10.838668454307834 ], [ -84.830649451665792, 10.839722911223545 ], [ -84.829493250180107, 10.839703086144727 ], [ -84.82813301974835, 10.84237122775658 ], [ -84.822029539767385, 10.845503098019996 ], [ -84.81733749316686, 10.849603202530272 ], [ -84.814852128829401, 10.850608280067378 ], [ -84.810716616896343, 10.850743736100563 ], [ -84.807691950422424, 10.852327263857545 ] ] ] } },
{ "type": "Feature", "properties": { "cod_distrito": 11907, "distrito": "Pejibaye", "canton": "Pérez Zeledón" }, "geometry": { "type": "Polygon", "coordinates": [ [ [ -83.481331877099578, 9.146279296770681 ], [ -83.482775008593023, 9.14423019113525 ], [ -83.481169641180259, 9.137333766045815 ], [ -83.482331533681275, 9.132992021711329 ], [ -83.481492746912721, 9.13147993285228 ], [ -83.477888844027134, 9.129574276387409 ], [ -83.472209415852248, 9.124131821430085 ], [ -83.472772056060819, 9.123171654375176 ], [ -83.472656820915361, 9.119837438795132 ], [ -83.478777723431335, 9.114140624393865 ], [ -83.48135150734845, 9.114984032171465 ], [ -83.482521145444736, 9.113876006347896 ], [ -83.483487033261113, 9.111171836550595 ], [ -83.488908937225602, 9.107740056496707 ], [ -83.490121932726581, 9.102337494567456 ], [ -83.499834760410579, 9.099628096761798 ], [ -83.501283178106178, 9.097644994816978 ], [ -83.501190176646105, 9.096604812330888 ], [ -83.503720601236211, 9.094660655905392 ], [ -83.50410834748034, 9.093083852837768 ], [ -83.506686617737202, 9.091661769841508 ], [ -83.510145090994413, 9.09190664120549 ], [ -83.510694069503131, 9.089457109331471 ], [ -83.50917811812927, 9.088823587424304 ], [ -83.507607099427702, 9.086564619774656 ], [ -83.50445873010797, 9.085451003543735 ], [ -83.502925209984667, 9.084063290608315 ], [ -83.50261179545025, 9.082660666151543 ], [ -83.504766565314867, 9.082738961911739 ], [ -83.505104793658532, 9.08023835380714 ], [ -83.507200980671783, 9.080533032809681 ], [ -83.506566391633143, 9.077765625739612 ], [ -83.510124780337947, 9.076799657156666 ], [ -83.512962859385325, 9.075091609567446 ], [ -83.514865488160453, 9.075280945244614 ], [ -83.516827451360641, 9.076815351800001 ], [ -83.518221183342192, 9.075659628964759 ], [ -83.519988434097172, 9.076277353271186 ], [ -83.526245035971954, 9.079660269898815 ], [ -83.528568216319684, 9.082178678324908 ], [ -83.531903521923311, 9.079542504403642 ], [ -83.541896476973022, 9.078621745204288 ], [ -83.544094915144541, 9.078898800043978 ], [ -83.547878667907824, 9.080762379777969 ], [ -83.54954479444757, 9.083083894338182 ], [ -83.551707894989761, 9.083907708575845 ], [ -83.555293241972777, 9.084335750364701 ], [ -83.55814071027703, 9.085705719244915 ], [ -83.562780410369299, 9.084774701384774 ], [ -83.57022498184385, 9.086582608482889 ], [ -83.580107619530921, 9.09613647242813 ], [ -83.583309155893275, 9.10227718906966 ], [ -83.591108423621563, 9.107528464925263 ], [ -83.598638029110788, 9.1096885325685 ], [ -83.601705341774121, 9.112486080416677 ], [ -83.60526554641848, 9.113947217496397 ], [ -83.60572969526234, 9.118037846025731 ], [ -83.612175673925179, 9.123898493181166 ], [ -83.615453860355927, 9.125465274900129 ], [ -83.620066918597587, 9.12354632020496 ], [ -83.626598882155321, 9.125192437749684 ], [ -83.625671502897816, 9.127318106079887 ], [ -83.622492158998597, 9.128271628997524 ], [ -83.619856104871801, 9.130763575063456 ], [ -83.618980467365191, 9.132838466341051 ], [ -83.621474147366271, 9.135712852364472 ], [ -83.623265830662319, 9.140099776405707 ], [ -83.623282554638834, 9.145678032974308 ], [ -83.622635342572735, 9.147143781514085 ], [ -83.617755076142785, 9.152040720411815 ], [ -83.618089049250969, 9.154397406111228 ], [ -83.622395032198185, 9.156204770214041 ], [ -83.624836357370796, 9.155062624956184 ], [ -83.628002945932423, 9.15584784207736 ], [ -83.629344960140941, 9.154677145087158 ], [ -83.633656543088648, 9.153606380246972 ], [ -83.635826607743709, 9.152050209151245 ], [ -83.638382149102014, 9.15196454415349 ], [ -83.639510015627437, 9.152621273569824 ], [ -83.640694985283119, 9.151707559028662 ], [ -83.641708637228845, 9.152507056001179 ], [ -83.640652156607345, 9.152692655987682 ], [ -83.641180398066822, 9.153235172414544 ], [ -83.64053794518675, 9.154191717348532 ], [ -83.636840263864514, 9.155519461722255 ], [ -83.636968757383656, 9.156675880340449 ], [ -83.635569634550819, 9.157061355027873 ], [ -83.633342465312865, 9.160980330631375 ], [ -83.634299017290914, 9.165962921255199 ], [ -83.634270466051504, 9.167419151873643 ], [ -83.633411006545828, 9.168218652341791 ], [ -83.631455089365772, 9.168661234561617 ], [ -83.625288571705084, 9.166527374941106 ], [ -83.624250519687791, 9.168775990650108 ], [ -83.622299343574269, 9.170569169617654 ], [ -83.620454058223402, 9.171123998373451 ], [ -83.616908889395788, 9.170115249483999 ], [ -83.611620460262202, 9.172441572370083 ], [ -83.608373762392048, 9.175433644375484 ], [ -83.61043090287464, 9.179872205157489 ], [ -83.608881990460517, 9.183186438331244 ], [ -83.610696980302464, 9.184617058545896 ], [ -83.61028662224183, 9.187079749188104 ], [ -83.608953898633885, 9.187381276443695 ], [ -83.610576664927649, 9.189477939426792 ], [ -83.610500677644183, 9.191136133115577 ], [ -83.612673666191583, 9.193256770288359 ], [ -83.61139040816596, 9.195960642715082 ], [ -83.611830542219849, 9.199626056016381 ], [ -83.612920113397635, 9.200232014745415 ], [ -83.613274445969481, 9.20143450217078 ], [ -83.615137503625149, 9.202244874085673 ], [ -83.615133808606316, 9.202949380344453 ], [ -83.613649103822709, 9.203533537801952 ], [ -83.614636750796379, 9.204732417452252 ], [ -83.614136758180322, 9.206728846136905 ], [ -83.615734777452786, 9.211225167309536 ], [ -83.614905645253558, 9.212656016833927 ], [ -83.61374418419345, 9.212288236400127 ], [ -83.611850209676732, 9.213198246992956 ], [ -83.610799159944605, 9.216177294466846 ], [ -83.608931269059767, 9.216971994914399 ], [ -83.608194150792215, 9.218258654262371 ], [ -83.605251891919053, 9.218472534897554 ], [ -83.603460210804371, 9.217821063995776 ], [ -83.600977038918188, 9.218942147970408 ], [ -83.596159415658406, 9.213706132584473 ], [ -83.594051273365793, 9.21460376326254 ], [ -83.594171090989477, 9.212696560876418 ], [ -83.591103218208247, 9.21333814635889 ], [ -83.590085900128713, 9.211221438372068 ], [ -83.591205990891879, 9.210502688890871 ], [ -83.590960422467205, 9.209461916901649 ], [ -83.588156177017638, 9.210147258739317 ], [ -83.587024516797527, 9.20685448099648 ], [ -83.585192733378065, 9.207492159804559 ], [ -83.584948304235468, 9.205549208070726 ], [ -83.583073769905099, 9.206490397513594 ], [ -83.584920704652134, 9.209233014179484 ], [ -83.584086800042627, 9.210508655351486 ], [ -83.582553670323449, 9.20985411654155 ], [ -83.581338030037372, 9.207605846054083 ], [ -83.581858203267956, 9.205721671496764 ], [ -83.57966872282887, 9.205588656319588 ], [ -83.580282582461706, 9.204029669188593 ], [ -83.578866806404235, 9.204129624693444 ], [ -83.578528839045902, 9.205858025925853 ], [ -83.57757079761771, 9.205359034137771 ], [ -83.577429133178853, 9.204075902973702 ], [ -83.579287123689866, 9.201919858946116 ], [ -83.580738901865601, 9.202004084488303 ], [ -83.582596482273161, 9.198682638628632 ], [ -83.58147871346911, 9.19827445760146 ], [ -83.579739207183081, 9.199769576133491 ], [ -83.578743433315083, 9.198307793133717 ], [ -83.577488719413367, 9.198280245836042 ], [ -83.576772372955546, 9.19495023269933 ], [ -83.57403474999208, 9.193450921898991 ], [ -83.574156854945358, 9.192313867122694 ], [ -83.572036475725852, 9.18876831288109 ], [ -83.571327910418262, 9.188631845043714 ], [ -83.570564797398561, 9.190201106482313 ], [ -83.569045680200688, 9.190911873507369 ], [ -83.567320362101199, 9.193684991844695 ], [ -83.566134982007767, 9.192781115966094 ], [ -83.565769710021016, 9.190093135741185 ], [ -83.561781865935814, 9.188429476891715 ], [ -83.560407372462336, 9.189780968736581 ], [ -83.55921718630897, 9.188543209388982 ], [ -83.557720626031028, 9.18883350593962 ], [ -83.556645906090793, 9.186784193534914 ], [ -83.556701861781903, 9.18494588705391 ], [ -83.541851895664806, 9.168266998051301 ], [ -83.54166266677484, 9.163974811653571 ], [ -83.542504773339033, 9.162573659397598 ], [ -83.542039043290302, 9.157133225039507 ], [ -83.540434978066827, 9.155256458456675 ], [ -83.540812409377878, 9.15199518209568 ], [ -83.535406195643205, 9.151304722948154 ], [ -83.533552666452849, 9.149785167124048 ], [ -83.524132029799915, 9.148661155745897 ], [ -83.521333571852821, 9.145865583636724 ], [ -83.517265625955176, 9.149434395248996 ], [ -83.511446944533276, 9.147696931677489 ], [ -83.510571319624262, 9.151272336286377 ], [ -83.509583094901345, 9.15214421592716 ], [ -83.505361636587494, 9.149590619576315 ], [ -83.502073659444306, 9.150961732820775 ], [ -83.500653436891866, 9.150864087490927 ], [ -83.496777992016234, 9.147973549544703 ], [ -83.495030819070536, 9.14927495958276 ], [ -83.493353133544744, 9.152502304596068 ], [ -83.489464909424768, 9.152700205648379 ], [ -83.486876439945263, 9.153904694241319 ], [ -83.482847037349288, 9.151829586943602 ], [ -83.482697694835494, 9.147160694551035 ], [ -83.481331877099578, 9.146279296770681 ] ] ] } },
{ "type": "Feature", "properties": { "cod_distrito": 11902, "distrito": "El General", "canton": "Pérez Zeledón" }, "geometry": { "type": "Polygon", "coordinates": [ [ [ -83.534521667972427, 9.426233588691144 ], [ -83.540746451309161, 9.425991451821533 ], [ -83.543832123367579, 9.422836037595406 ], [ -83.547865949054028, 9.421061602491887 ], [ -83.560331660085325, 9.412129052822257 ], [ -83.571067784666482, 9.409230851304157 ], [ -83.575165210656266, 9.405590269834212 ], [ -83.578677293175573, 9.404453832903364 ], [ -83.585146088657893, 9.397652740969184 ], [ -83.588665815405278, 9.397139478616785 ], [ -83.594756061037884, 9.394542955839253 ], [ -83.597233526713168, 9.391392691430672 ], [ -83.597134058149607, 9.389878544826599 ], [ -83.598648002284548, 9.388412000904802 ], [ -83.603177683982977, 9.378231393479224 ], [ -83.605215948448361, 9.376957488485111 ], [ -83.605091304801306, 9.37595040167708 ], [ -83.608906652831777, 9.371317035079853 ], [ -83.609401176598055, 9.369805525912044 ], [ -83.608281058550219, 9.366645906376423 ], [ -83.608914605999558, 9.363386306503401 ], [ -83.608133024099274, 9.362865025044249 ], [ -83.608165962535594, 9.361000115623948 ], [ -83.612293402341606, 9.357579866574246 ], [ -83.612830485634674, 9.355710730214724 ], [ -83.613581499598453, 9.355529501903677 ], [ -83.613766500984454, 9.352755992320422 ], [ -83.615149146504137, 9.351547043041341 ], [ -83.616918697283609, 9.351281886115625 ], [ -83.618756678153773, 9.34850633338665 ], [ -83.621503473252545, 9.347923404547467 ], [ -83.623142343458724, 9.346397253938013 ], [ -83.625396051888984, 9.342161045749281 ], [ -83.625402875272158, 9.337924218541497 ], [ -83.626225543101782, 9.336958414357873 ], [ -83.623783792332446, 9.333132998971504 ], [ -83.626442777661211, 9.330665604790019 ], [ -83.625652482517836, 9.328240785892259 ], [ -83.625399604776263, 9.322865742637706 ], [ -83.626045526205118, 9.31865442478512 ], [ -83.624111625134105, 9.315518044201355 ], [ -83.624595350833374, 9.312324158969663 ], [ -83.626073800370591, 9.311307561029961 ], [ -83.626161379790645, 9.309453222845624 ], [ -83.627180438715925, 9.309089008617791 ], [ -83.628216431720432, 9.306231124040147 ], [ -83.629727407619754, 9.304476041291457 ], [ -83.629253181788982, 9.302768511363761 ], [ -83.630486563722727, 9.301567417186318 ], [ -83.629331975393384, 9.298578143303798 ], [ -83.629281926743644, 9.29526958582691 ], [ -83.630702635177613, 9.291562009759827 ], [ -83.629583784474761, 9.287929007831234 ], [ -83.626670735932109, 9.285129616896841 ], [ -83.62657130916287, 9.283137331031034 ], [ -83.628724796640185, 9.27340102089741 ], [ -83.631413196773053, 9.27126871583423 ], [ -83.635850292442527, 9.275980004352649 ], [ -83.638748734963912, 9.276953531010559 ], [ -83.642687680520794, 9.283650594428575 ], [ -83.640488710498431, 9.288048170268786 ], [ -83.63985739646769, 9.291149041265802 ], [ -83.640269789690308, 9.295364407822547 ], [ -83.638720964155652, 9.296853492057627 ], [ -83.638479779077699, 9.298524990685976 ], [ -83.641040424188489, 9.302613267369084 ], [ -83.640787015042463, 9.304609160452721 ], [ -83.642464532574252, 9.308662104209741 ], [ -83.642152836791581, 9.310807178422305 ], [ -83.643456782007931, 9.311482942422831 ], [ -83.647421459493259, 9.316727042139661 ], [ -83.648791546911596, 9.319213010280837 ], [ -83.648780367649735, 9.321722898436606 ], [ -83.651352839188746, 9.324498444721144 ], [ -83.653998001255061, 9.330786122318667 ], [ -83.65494124466025, 9.331505067247715 ], [ -83.655374354129165, 9.335841468453037 ], [ -83.662892984261646, 9.353157984919303 ], [ -83.662677199184159, 9.36119256782402 ], [ -83.665972287140846, 9.365482857447208 ], [ -83.666914662651848, 9.368300479710545 ], [ -83.670412232797588, 9.370179932316299 ], [ -83.671518431440802, 9.371854843721852 ], [ -83.673738708566063, 9.381668687786027 ], [ -83.673219172493006, 9.385013403089269 ], [ -83.67000672575989, 9.387922298499456 ], [ -83.669076727698624, 9.391536538632723 ], [ -83.667739708591057, 9.39276027011212 ], [ -83.667784110330274, 9.400210794969112 ], [ -83.666973233525226, 9.402047844779238 ], [ -83.663023831075975, 9.404130476289559 ], [ -83.662096488126664, 9.405646561388991 ], [ -83.658834222012402, 9.407063416438156 ], [ -83.658256133270712, 9.409460184646631 ], [ -83.656410418458933, 9.410644021285675 ], [ -83.65500351688371, 9.412733317292732 ], [ -83.65257932974778, 9.413312589487585 ], [ -83.651412905653999, 9.415330053214293 ], [ -83.649301938563909, 9.415430910077657 ], [ -83.648566215215155, 9.417140643004164 ], [ -83.646870125277133, 9.417257882217697 ], [ -83.645911851056482, 9.418828752280705 ], [ -83.643433276786951, 9.419156042575738 ], [ -83.642632617772477, 9.420052131103878 ], [ -83.639272155395986, 9.419598797845802 ], [ -83.639636855675988, 9.418410433654094 ], [ -83.639108143776312, 9.417566993853386 ], [ -83.637121719931841, 9.416891240514261 ], [ -83.633998475871508, 9.414342470948698 ], [ -83.633115506403428, 9.411397881778536 ], [ -83.631551497978109, 9.410400237105534 ], [ -83.630975258861881, 9.408927943427765 ], [ -83.623817528978577, 9.405238450068847 ], [ -83.622095821750179, 9.40575409480271 ], [ -83.620820779973116, 9.404288054537922 ], [ -83.61801724158903, 9.406697957832082 ], [ -83.617506604832514, 9.409257232643343 ], [ -83.616676085990477, 9.409930022085346 ], [ -83.612370249177147, 9.411848211122615 ], [ -83.610207455417154, 9.411507174851428 ], [ -83.606792795447348, 9.413732753805627 ], [ -83.602916650502266, 9.412409779470167 ], [ -83.599475944022529, 9.409069022410275 ], [ -83.593608200158172, 9.413480552008433 ], [ -83.588282963107488, 9.411767349381508 ], [ -83.58545616354138, 9.411938675213555 ], [ -83.584728055603762, 9.416293089580327 ], [ -83.581430127747822, 9.419573897173894 ], [ -83.578446282259236, 9.418760125595218 ], [ -83.575505270092862, 9.419959378689294 ], [ -83.572578536819861, 9.422357880488546 ], [ -83.569923056234273, 9.421915305265957 ], [ -83.565996951022939, 9.425184691066471 ], [ -83.560971529807574, 9.42568438590472 ], [ -83.556588571090415, 9.430721237286894 ], [ -83.555617754965482, 9.433462377843469 ], [ -83.549036167247067, 9.434761574700174 ], [ -83.547420510887918, 9.433281552018675 ], [ -83.544051193030938, 9.432653379427958 ], [ -83.542466467980987, 9.430283438437305 ], [ -83.540353503143692, 9.428901451304656 ], [ -83.538568907385141, 9.428230446728776 ], [ -83.536377843955876, 9.428666311472282 ], [ -83.534521667972427, 9.426233588691144 ] ] ] } },
{ "type": "Feature", "properties": { "cod_distrito": 70303, "distrito": "Florida", "canton": "Siquirres" }, "geometry": { "type": "Polygon", "coordinates": [ [ [ -83.547041137147673, 10.095599705325267 ], [ -83.547519581330661, 10.094052651073516 ], [ -83.547053111214836, 10.090989936084576 ], [ -83.549583590784806, 10.089613607795307 ], [ -83.548401835335454, 10.084580558416452 ], [ -83.549190426509966, 10.083371814401472 ], [ -83.55148386842211, 10.083806687782237 ], [ -83.554241497607336, 10.086479018687831 ], [ -83.55901612049567, 10.084949597847226 ], [ -83.56078289200147, 10.085167253640865 ], [ -83.563049404022905, 10.087152238157641 ], [ -83.563664904020513, 10.088619439120569 ], [ -83.566522057741253, 10.089821780755212 ], [ -83.568043124110602, 10.089665883695366 ], [ -83.570363050945559, 10.087831657127637 ], [ -83.57666742825478, 10.073873794582385 ], [ -83.579735049182119, 10.068662578713189 ], [ -83.581061678341882, 10.062274041721929 ], [ -83.581912339157626, 10.061509591822078 ], [ -83.586180870605347, 10.060854687049343 ], [ -83.589015510611716, 10.056697601360632 ], [ -83.591069391314647, 10.050870657213567 ], [ -83.591439986986657, 10.042782701242635 ], [ -83.594453685636566, 10.041676384452952 ], [ -83.598072448220464, 10.043141664015476 ], [ -83.599994365441574, 10.042659152392847 ], [ -83.601888627146906, 10.041098479229985 ], [ -83.602702430168932, 10.038802875201325 ], [ -83.601953596646396, 10.035328401516898 ], [ -83.607579817959447, 10.032349777598343 ], [ -83.608005237575497, 10.027814529070351 ], [ -83.605939884033617, 10.023233276282106 ], [ -83.607407678999024, 10.020140091404155 ], [ -83.603094292356133, 10.012526574679967 ], [ -83.600111658025071, 10.011178141240073 ], [ -83.59691098799091, 10.007820235080425 ], [ -83.593215985834831, 10.006025971055671 ], [ -83.592689192158105, 10.004917372233558 ], [ -83.593036719561468, 10.002020069837736 ], [ -83.591134278544644, 9.998725617597767 ], [ -83.590401354952107, 9.995385105487388 ], [ -83.590600904488056, 9.990198900342916 ], [ -83.591365998518384, 9.989206792841767 ], [ -83.592997917827304, 9.987790420455795 ], [ -83.596961569921447, 9.986984249448827 ], [ -83.600037250860453, 9.9853181772997 ], [ -83.602405533720912, 9.983159532944068 ], [ -83.602210114291054, 9.981864289532263 ], [ -83.605087517122115, 9.981865245414362 ], [ -83.617667796014246, 9.987820162792026 ], [ -83.624744675866225, 9.999533610187317 ], [ -83.629038629964953, 10.000917725435135 ], [ -83.630577399778034, 9.999824960721533 ], [ -83.6327470089863, 10.00235082798058 ], [ -83.632091420540817, 10.003946438850242 ], [ -83.634400163517839, 10.00612536940033 ], [ -83.637118207740826, 10.004502650641468 ], [ -83.636947963286616, 10.006673443582853 ], [ -83.637746278826768, 10.007391409396272 ], [ -83.637725459744402, 10.008655853841683 ], [ -83.639489179436836, 10.010445605090984 ], [ -83.641867645770589, 10.009686359447883 ], [ -83.645403894811309, 10.011058074390597 ], [ -83.649492243896745, 10.015012841294928 ], [ -83.651763925932386, 10.014684991967934 ], [ -83.656627181374503, 10.01834989014619 ], [ -83.658080239058634, 10.016289763242273 ], [ -83.659374859479911, 10.016608596344419 ], [ -83.663382813665265, 10.01936206095889 ], [ -83.66481031241959, 10.019469028735157 ], [ -83.666755260106868, 10.023843385696287 ], [ -83.668292421257732, 10.024847344565103 ], [ -83.671814025089631, 10.025751534929599 ], [ -83.673586723781824, 10.025477893018556 ], [ -83.675424859017753, 10.026810388896541 ], [ -83.678127925442354, 10.025858599524589 ], [ -83.681049904994538, 10.026543879959839 ], [ -83.686253315791276, 10.029703796249846 ], [ -83.691248282548784, 10.030979178696578 ], [ -83.700392224926162, 10.038077954705548 ], [ -83.703676456085432, 10.038940288866598 ], [ -83.706775556904105, 10.040833345288927 ], [ -83.70978622816277, 10.041013563108969 ], [ -83.714026366505607, 10.03791280279156 ], [ -83.721163603068817, 10.038371482936238 ], [ -83.723260185035755, 10.039004052441181 ], [ -83.72523059369891, 10.040305360926848 ], [ -83.719472988861483, 10.039029219348505 ], [ -83.714447137437361, 10.041235420655147 ], [ -83.713069204922007, 10.043625571967574 ], [ -83.710432303324851, 10.044843354689744 ], [ -83.70754773627209, 10.047668518838895 ], [ -83.699999467543506, 10.052941951301603 ], [ -83.697551810479993, 10.056474748140525 ], [ -83.695524912256388, 10.056821635195508 ], [ -83.693260200657477, 10.055062455018478 ], [ -83.689908245663432, 10.054582127914756 ], [ -83.685900613034988, 10.056008575890584 ], [ -83.682394378282979, 10.055390608046006 ], [ -83.680821014213862, 10.054308566369034 ], [ -83.67481349882047, 10.055669817669479 ], [ -83.67343713528814, 10.055086753308338 ], [ -83.670766222518182, 10.055679885556788 ], [ -83.670178129920927, 10.055027596552906 ], [ -83.668187882000694, 10.055445658517984 ], [ -83.666072860516039, 10.054316219229229 ], [ -83.66445503138516, 10.05431833563993 ], [ -83.659570074617278, 10.056682973656713 ], [ -83.656180630992282, 10.057274034486907 ], [ -83.650571535413846, 10.060575899200446 ], [ -83.640405010435174, 10.063927232833359 ], [ -83.640521127871651, 10.065463735494953 ], [ -83.637011766842008, 10.068624849881195 ], [ -83.634855969403787, 10.06849545029335 ], [ -83.631391077692186, 10.070960521954914 ], [ -83.628684709737115, 10.071301627864994 ], [ -83.627571858016509, 10.072924425780061 ], [ -83.625978944098875, 10.072798588089002 ], [ -83.624532982970678, 10.074964496337056 ], [ -83.623137570509556, 10.075435121270193 ], [ -83.623277896707904, 10.076578068776083 ], [ -83.622229876560169, 10.077839322967415 ], [ -83.622846855792545, 10.081989346414206 ], [ -83.62054877215364, 10.083312859798248 ], [ -83.617850373135283, 10.081820165942421 ], [ -83.615717717943056, 10.081977236239444 ], [ -83.61217663375632, 10.08097467259444 ], [ -83.613348301634147, 10.079910597633114 ], [ -83.614204664745358, 10.076888300391692 ], [ -83.613344697826406, 10.073407871301271 ], [ -83.608889698752037, 10.07536213196658 ], [ -83.607406633110955, 10.074871489778616 ], [ -83.606047948256133, 10.076194781269031 ], [ -83.604670235873968, 10.075717077866026 ], [ -83.603442468586664, 10.076602604725654 ], [ -83.599558859692792, 10.0770772083685 ], [ -83.596533616248664, 10.078278741613778 ], [ -83.590043835940094, 10.082536013526145 ], [ -83.587495944964203, 10.083167104478175 ], [ -83.586270345192659, 10.084698675560313 ], [ -83.585399917594998, 10.087789394287372 ], [ -83.585845339891137, 10.090610356639237 ], [ -83.583344209703526, 10.09330688287622 ], [ -83.582189677518144, 10.093578062696876 ], [ -83.580268559634774, 10.096901126012412 ], [ -83.577850925409592, 10.098629007652988 ], [ -83.577463765209643, 10.100120408983809 ], [ -83.575903471525976, 10.100560754096758 ], [ -83.574017884540353, 10.103395976053422 ], [ -83.571041669015997, 10.105357860461414 ], [ -83.570449933839072, 10.107408512315953 ], [ -83.565495215560475, 10.108784089992948 ], [ -83.563309986923485, 10.111783232934695 ], [ -83.547041137147673, 10.095599705325267 ] ] ] } },
{ "type": "Feature", "properties": { "cod_distrito": 70603, "distrito": "Pocora", "canton": "Guácimo" }, "geometry": { "type": "Polygon", "coordinates": [ [ [ -83.54576171090072, 10.225903106390451 ], [ -83.547407430080725, 10.223105752305115 ], [ -83.549926377910325, 10.224268944447198 ], [ -83.552531343245946, 10.222625363181949 ], [ -83.551953530474933, 10.220223097841664 ], [ -83.553871594675769, 10.219255182529746 ], [ -83.552206909332511, 10.218966468450175 ], [ -83.551757282679972, 10.218248225942123 ], [ -83.553125043660714, 10.218071582775327 ], [ -83.552428584021143, 10.216608387179814 ], [ -83.553460586177593, 10.216548468229814 ], [ -83.554442233053479, 10.214564014302598 ], [ -83.556634661889063, 10.215260036539018 ], [ -83.560133345557446, 10.214341117631852 ], [ -83.559898667728703, 10.212977685958441 ], [ -83.561706170773178, 10.211810683820321 ], [ -83.562375959359258, 10.210000526299089 ], [ -83.561035964181855, 10.209320151454742 ], [ -83.561342732906866, 10.206159951897511 ], [ -83.563607898348195, 10.205387989454703 ], [ -83.563337957490816, 10.203507303811195 ], [ -83.563981072101498, 10.202783568579019 ], [ -83.568662859902446, 10.202235177771774 ], [ -83.570439037232987, 10.203114358873338 ], [ -83.572229630985646, 10.206472142339974 ], [ -83.573141073845377, 10.205635922659178 ], [ -83.573707254602212, 10.201440623100517 ], [ -83.575223667913178, 10.200687014588855 ], [ -83.57591709103346, 10.201886337564256 ], [ -83.577058411967855, 10.202099456184806 ], [ -83.577901775261353, 10.199060560831974 ], [ -83.576963528754177, 10.198075635851323 ], [ -83.57887608029165, 10.194686610224897 ], [ -83.578221391567766, 10.190720119368248 ], [ -83.579730866625738, 10.187398908281672 ], [ -83.585028130602055, 10.184338412482647 ], [ -83.586359141135802, 10.18244547820219 ], [ -83.589253451978522, 10.180599203077021 ], [ -83.589700022899649, 10.178829500103458 ], [ -83.591848564500694, 10.176616403751137 ], [ -83.592670021223753, 10.172483485004941 ], [ -83.596398254670788, 10.166706779695742 ], [ -83.596104795965871, 10.164580686402166 ], [ -83.60076929619872, 10.162710126510692 ], [ -83.60236974033883, 10.161268968846731 ], [ -83.605583478715545, 10.157669159521022 ], [ -83.607681092738389, 10.153976589127435 ], [ -83.608144652764992, 10.151658661621457 ], [ -83.61024640808462, 10.148979574948552 ], [ -83.611623497919609, 10.148587487018895 ], [ -83.612584369512476, 10.147363395797107 ], [ -83.612179782228537, 10.146388284257455 ], [ -83.610608069755642, 10.146912566409041 ], [ -83.6084659623817, 10.145016191014113 ], [ -83.60867674799789, 10.142659068975915 ], [ -83.610624979782358, 10.140213170252695 ], [ -83.609901998877888, 10.13992145958056 ], [ -83.60885960477259, 10.14075758823105 ], [ -83.606016630757324, 10.138289067224903 ], [ -83.603941185272319, 10.138640034920563 ], [ -83.603384662873651, 10.137803919117697 ], [ -83.606559811200398, 10.133638374406667 ], [ -83.606500344128179, 10.13101475281662 ], [ -83.607723780720619, 10.127553843625904 ], [ -83.610111387306119, 10.128929845151021 ], [ -83.609882099667971, 10.124505762807178 ], [ -83.610925934308398, 10.121080905607659 ], [ -83.610202201956994, 10.120256711806222 ], [ -83.610254937922093, 10.118841505494547 ], [ -83.613402560917905, 10.11551774638294 ], [ -83.614091414255668, 10.113448015619035 ], [ -83.613774454751734, 10.111781449929621 ], [ -83.614903278531969, 10.110159224548925 ], [ -83.61445707280491, 10.107826555685779 ], [ -83.616089768712769, 10.102087331957936 ], [ -83.615286761373227, 10.098351969344737 ], [ -83.616439743005046, 10.097022866596413 ], [ -83.615943600230935, 10.095304829965553 ], [ -83.617789234942734, 10.09382983652101 ], [ -83.617724118779932, 10.091544458994246 ], [ -83.622876297407913, 10.081922672661692 ], [ -83.622186791132194, 10.077981681264161 ], [ -83.623277896707904, 10.076578068776083 ], [ -83.623137570509556, 10.075435121270193 ], [ -83.624532982970678, 10.074964496337056 ], [ -83.625978944098875, 10.072798588089002 ], [ -83.627718957458015, 10.072826582684867 ], [ -83.628793449223636, 10.07124361664474 ], [ -83.631391077692186, 10.070960521954914 ], [ -83.634855969403787, 10.06849545029335 ], [ -83.637491043785815, 10.06836066547636 ], [ -83.640568087072211, 10.065395040956188 ], [ -83.640106330083611, 10.064286947106327 ], [ -83.640583674536359, 10.063829974033602 ], [ -83.650571535413846, 10.060575899200446 ], [ -83.656087254687748, 10.057317809591035 ], [ -83.659698431763175, 10.056633443186012 ], [ -83.663220427237448, 10.054463258411731 ], [ -83.666072860516039, 10.054316219229229 ], [ -83.668187882000694, 10.055445658517984 ], [ -83.673527765291439, 10.055088605735941 ], [ -83.67481349882047, 10.055669817669479 ], [ -83.680821014213862, 10.054308566369034 ], [ -83.682394378282979, 10.055390608046006 ], [ -83.685900613034988, 10.056008575890584 ], [ -83.689908245663432, 10.054582127914756 ], [ -83.693260200657477, 10.055062455018478 ], [ -83.695524912256388, 10.056821635195508 ], [ -83.697551810479993, 10.056474748140525 ], [ -83.699999467543506, 10.052941951301603 ], [ -83.70754773627209, 10.047668518838895 ], [ -83.710432303324851, 10.044843354689744 ], [ -83.713069204922007, 10.043625571967574 ], [ -83.714447137437361, 10.041235420655147 ], [ -83.719472988861483, 10.039029219348505 ], [ -83.72523059369891, 10.040305360926848 ], [ -83.722424092492943, 10.041629840262182 ], [ -83.71836923381575, 10.045485056334183 ], [ -83.71726833918315, 10.045732920338073 ], [ -83.713237962089948, 10.050515968867902 ], [ -83.712792009724851, 10.052572956143345 ], [ -83.711059643342836, 10.054985755399475 ], [ -83.704449805985661, 10.058261275334962 ], [ -83.702932353577438, 10.057690162709049 ], [ -83.699999460540653, 10.059973170002015 ], [ -83.697726717687672, 10.05950063302557 ], [ -83.694386690361711, 10.060050348659937 ], [ -83.693145111874671, 10.059068752590839 ], [ -83.687455673730796, 10.060492503612277 ], [ -83.685088507384037, 10.061852312073494 ], [ -83.682888011396258, 10.065100590790694 ], [ -83.680358871503955, 10.065849825339384 ], [ -83.677943204353056, 10.069508193799001 ], [ -83.675424584191646, 10.070175658822174 ], [ -83.673521299696773, 10.0720045086683 ], [ -83.671096241776709, 10.077690334133763 ], [ -83.667620328341457, 10.07844573807893 ], [ -83.665512986267942, 10.079735303598316 ], [ -83.664564199277763, 10.083761699328653 ], [ -83.66622440880613, 10.088873754283679 ], [ -83.664433723697243, 10.091903993774746 ], [ -83.663057105303636, 10.092788404648328 ], [ -83.662639704601801, 10.095509024968861 ], [ -83.661459927959967, 10.096255962973828 ], [ -83.660765781327456, 10.100983010147422 ], [ -83.659430739846286, 10.101528726335976 ], [ -83.659589253041915, 10.10311232958586 ], [ -83.657355036128664, 10.103767943951549 ], [ -83.658293875156161, 10.10582846157075 ], [ -83.657177070202067, 10.10766557935243 ], [ -83.658466486821737, 10.112070123927689 ], [ -83.656944844674683, 10.11249723250271 ], [ -83.655947228478283, 10.114967687384615 ], [ -83.653416454564791, 10.115825878040738 ], [ -83.654743443685732, 10.117663184933207 ], [ -83.651851791027966, 10.124783934528779 ], [ -83.649999579141181, 10.126433852392125 ], [ -83.646365152469684, 10.12701723664467 ], [ -83.645337644623666, 10.128938685724217 ], [ -83.642937573009505, 10.130931491604738 ], [ -83.642356737066777, 10.134712771480901 ], [ -83.640055905934332, 10.137721281122227 ], [ -83.63796557720282, 10.13892140414838 ], [ -83.636851443910174, 10.142498866425417 ], [ -83.634476522482728, 10.14360589655287 ], [ -83.631781090401248, 10.148869054158888 ], [ -83.62760868494837, 10.151230997185477 ], [ -83.626646106618963, 10.152773974642239 ], [ -83.623708504673047, 10.153922203254123 ], [ -83.620659334568927, 10.156926124316687 ], [ -83.619053194308421, 10.159598093125519 ], [ -83.61913485625584, 10.161806678193127 ], [ -83.61758633435872, 10.162868998410355 ], [ -83.616996434198754, 10.165555807822262 ], [ -83.614991561508432, 10.166178055679772 ], [ -83.613879373806512, 10.167559286168077 ], [ -83.612082091044712, 10.167793100653116 ], [ -83.608264393932274, 10.171048542907574 ], [ -83.605214760836901, 10.175051133459581 ], [ -83.604656003977553, 10.177421018746665 ], [ -83.601924186540373, 10.178285072818918 ], [ -83.59835531556719, 10.181618143335159 ], [ -83.597195069846634, 10.183779899752654 ], [ -83.597825324564013, 10.184776817580488 ], [ -83.597498748367286, 10.185629281053368 ], [ -83.595058202513101, 10.186440321436196 ], [ -83.594196437108991, 10.188077917247151 ], [ -83.59070376525824, 10.190040431683517 ], [ -83.591582810925715, 10.19251697372631 ], [ -83.590042559689834, 10.19640836744812 ], [ -83.590562530771351, 10.199390960694609 ], [ -83.588187247992451, 10.199911511908027 ], [ -83.58744839113028, 10.202229124905122 ], [ -83.584799562483298, 10.204032914029611 ], [ -83.584041967646272, 10.20705049738446 ], [ -83.585075446803714, 10.210190004441044 ], [ -83.587500344801271, 10.21301759762405 ], [ -83.586562407151334, 10.215254287995343 ], [ -83.588672447658951, 10.216434241053662 ], [ -83.589587138582786, 10.218156246895441 ], [ -83.586826657832688, 10.220972797178897 ], [ -83.585717524180055, 10.226843387194776 ], [ -83.581195032056911, 10.229009636526015 ], [ -83.582447569319314, 10.232140557518393 ], [ -83.577522885458137, 10.237832215373373 ], [ -83.578973854254443, 10.24080479494237 ], [ -83.581570884450912, 10.241800938813451 ], [ -83.581520224406574, 10.242693062776272 ], [ -83.579223180585842, 10.243150903318313 ], [ -83.577291154962992, 10.244530803952426 ], [ -83.573523318321335, 10.243398400834209 ], [ -83.571409500773399, 10.24376818787017 ], [ -83.568239062436732, 10.246128151365609 ], [ -83.567820637570591, 10.247920449664541 ], [ -83.563582658354065, 10.24519852703536 ], [ -83.561496548527174, 10.248099910868726 ], [ -83.560075930924683, 10.24499042462306 ], [ -83.557532175098686, 10.242622540324319 ], [ -83.558831675126967, 10.239479246601817 ], [ -83.558102776850205, 10.238916910872131 ], [ -83.556694705306342, 10.240728783574996 ], [ -83.556025793720735, 10.2442799391489 ], [ -83.554841133746947, 10.245155804557458 ], [ -83.553471678223545, 10.243646737302425 ], [ -83.552726555712198, 10.239948823980033 ], [ -83.551115347597403, 10.23934163831496 ], [ -83.550653203501028, 10.238151241315332 ], [ -83.552282402581866, 10.235682596965875 ], [ -83.550911146213309, 10.233142541405721 ], [ -83.553021123243028, 10.231762720523877 ], [ -83.552922967177679, 10.230023713120412 ], [ -83.552043828846095, 10.229771186311327 ], [ -83.548253102708529, 10.233560508144022 ], [ -83.547759170150769, 10.231602405595527 ], [ -83.548605920927344, 10.227224545027301 ], [ -83.54576171090072, 10.225903106390451 ] ] ] } },
{ "type": "Feature", "properties": { "cod_distrito": 70601, "distrito": "Guácimo", "canton": "Guácimo" }, "geometry": { "type": "Polygon", "coordinates": [ [ [ -83.630544341164921, 10.273390746483669 ], [ -83.632146125390989, 10.272168338068514 ], [ -83.634883528260985, 10.2723675898489 ], [ -83.636039497418295, 10.273266098812064 ], [ -83.638587750428982, 10.272779535403684 ], [ -83.639576837105011, 10.271296550736016 ], [ -83.640773064513155, 10.271838098792857 ], [ -83.642870189329869, 10.270252143571433 ], [ -83.644971927899718, 10.270807547910913 ], [ -83.646764298211494, 10.269807902382702 ], [ -83.647294761198069, 10.267596245363162 ], [ -83.648788415526099, 10.266416182502345 ], [ -83.649519949274904, 10.26436681970003 ], [ -83.649907648488593, 10.262079661264703 ], [ -83.649086415003964, 10.259715275147787 ], [ -83.653674490611863, 10.244137386936641 ], [ -83.655918348400419, 10.244312782463174 ], [ -83.655934800672895, 10.228714148840686 ], [ -83.653904594112817, 10.228698034973933 ], [ -83.65290760692173, 10.229381842919336 ], [ -83.649999791333542, 10.227810386235291 ], [ -83.648900818517575, 10.227896775807226 ], [ -83.64293821470622, 10.234098201966018 ], [ -83.640276985475182, 10.233573630548181 ], [ -83.632803923109662, 10.235144812723862 ], [ -83.63059115976921, 10.233987585104495 ], [ -83.627392708749241, 10.234566433134763 ], [ -83.623766769645883, 10.238021329672248 ], [ -83.621207902839302, 10.237821467623206 ], [ -83.622877165827006, 10.235542415185018 ], [ -83.624437361672079, 10.235092415098654 ], [ -83.627146833800353, 10.228387039218202 ], [ -83.628842528444324, 10.227491897274486 ], [ -83.629559883931307, 10.225024918258972 ], [ -83.631253632908567, 10.224066200163705 ], [ -83.632141365859738, 10.222229431826277 ], [ -83.632150879904032, 10.204919627556766 ], [ -83.637016100605507, 10.202769452255334 ], [ -83.639317877274195, 10.200548168886936 ], [ -83.642146883323534, 10.199173887136176 ], [ -83.645112205938148, 10.195228260014366 ], [ -83.648101085030859, 10.194246740318773 ], [ -83.650885743258144, 10.19173306409014 ], [ -83.65232833440642, 10.188643797382113 ], [ -83.654675347122705, 10.188828093111201 ], [ -83.657661415353829, 10.187568113143957 ], [ -83.659326534964208, 10.182750475202592 ], [ -83.659223838823735, 10.180699160465748 ], [ -83.661019710864011, 10.180154082805275 ], [ -83.661302897339596, 10.177119486531254 ], [ -83.663938755497554, 10.174373443576847 ], [ -83.6650185217038, 10.172150390167461 ], [ -83.663308100753198, 10.169453287872562 ], [ -83.664023649274142, 10.168581634801246 ], [ -83.6631718511005, 10.167506160375225 ], [ -83.66383152481086, 10.16560488766712 ], [ -83.66338494927875, 10.163164317669343 ], [ -83.659998792204277, 10.160803877599719 ], [ -83.658732776715226, 10.158597185708604 ], [ -83.659438805561891, 10.155844509490919 ], [ -83.658570442733037, 10.153783569830832 ], [ -83.65892794927386, 10.151358180642507 ], [ -83.660185318577604, 10.14922150249579 ], [ -83.664538345352682, 10.14613793485702 ], [ -83.664447786932556, 10.144215758850146 ], [ -83.665800989621843, 10.142072954227588 ], [ -83.66800221331529, 10.141028126140233 ], [ -83.669118658660096, 10.139538273363689 ], [ -83.669062819612137, 10.137094404755238 ], [ -83.670553530811972, 10.134846516544311 ], [ -83.670312053356611, 10.13382508388926 ], [ -83.671806353644854, 10.133495403515004 ], [ -83.67413216643773, 10.131505880020891 ], [ -83.674864900247954, 10.129527252536571 ], [ -83.673739360396922, 10.12807088723482 ], [ -83.673839306395863, 10.12524407982494 ], [ -83.67552434717193, 10.12340381407593 ], [ -83.675862624782113, 10.12059677396975 ], [ -83.680332852631651, 10.119087232573523 ], [ -83.683113691881275, 10.119240609820748 ], [ -83.685036456708261, 10.116972540629069 ], [ -83.690707750643867, 10.114806718449236 ], [ -83.691400054440223, 10.109868002980029 ], [ -83.700676005271362, 10.104990221829834 ], [ -83.701312461784141, 10.103462544597393 ], [ -83.701121865819985, 10.101091330940191 ], [ -83.702432274396173, 10.100395810485669 ], [ -83.703173732145942, 10.098677613676468 ], [ -83.705534853756774, 10.096078781975589 ], [ -83.709583835502499, 10.094448837386883 ], [ -83.711809463287395, 10.091715237569652 ], [ -83.715574833917145, 10.089999107285996 ], [ -83.71906300546604, 10.084945543535779 ], [ -83.721397416830769, 10.083275485152011 ], [ -83.724477810010129, 10.078526654967712 ], [ -83.724408643103047, 10.076033051837051 ], [ -83.722735628389913, 10.073780852169005 ], [ -83.722261157700757, 10.070418647209376 ], [ -83.723472120498727, 10.069247560001301 ], [ -83.724181747126067, 10.065838729035494 ], [ -83.729850195374723, 10.061974826268655 ], [ -83.731424508072323, 10.05538196262143 ], [ -83.731112857014878, 10.053913436681377 ], [ -83.729871088969475, 10.053337886184435 ], [ -83.728337081743362, 10.050106431419866 ], [ -83.727082049462226, 10.043840749075544 ], [ -83.72523059369891, 10.040305360926848 ], [ -83.774050054818687, 10.063506573599742 ], [ -83.775328237820688, 10.068066424803897 ], [ -83.774996040159493, 10.075239208013485 ], [ -83.7731870910347, 10.076709082405397 ], [ -83.77179120051116, 10.079778735372921 ], [ -83.772217159096968, 10.081143787117147 ], [ -83.771292496239212, 10.084036565259799 ], [ -83.771311392580429, 10.087434140223822 ], [ -83.772354132588148, 10.088443798700975 ], [ -83.772286867610788, 10.089985880752435 ], [ -83.770256617933157, 10.091521516455998 ], [ -83.769690266773353, 10.094461554303946 ], [ -83.76831540754344, 10.096707095076779 ], [ -83.770805525392589, 10.098403032488241 ], [ -83.771176846521797, 10.102508649737116 ], [ -83.773372597756861, 10.105432752884386 ], [ -83.772639588181164, 10.111879686228711 ], [ -83.772006889648736, 10.113633722405099 ], [ -83.769490375252502, 10.114728312890009 ], [ -83.766918272671973, 10.118637442550687 ], [ -83.766257503051079, 10.120008307593016 ], [ -83.767168789110357, 10.122046188142555 ], [ -83.764878183174758, 10.124008508121731 ], [ -83.76410033714356, 10.126909352221336 ], [ -83.76077301447944, 10.131844722071836 ], [ -83.760527138815121, 10.134115141860081 ], [ -83.761802991006974, 10.137712500760147 ], [ -83.761364940883425, 10.141921674640889 ], [ -83.762420184833928, 10.143683251287722 ], [ -83.762299005221507, 10.145241096222394 ], [ -83.760809152477435, 10.146455345556117 ], [ -83.760819572622637, 10.148317009721682 ], [ -83.759206758463748, 10.150642021685327 ], [ -83.758463083045157, 10.150715044436149 ], [ -83.758586556594366, 10.151631218829962 ], [ -83.757300341046047, 10.153243219162347 ], [ -83.757413919413679, 10.155533370464289 ], [ -83.754268305939107, 10.160879477643348 ], [ -83.754877162758433, 10.162409916121218 ], [ -83.753732610194504, 10.163076388507507 ], [ -83.753419270576615, 10.164554936459906 ], [ -83.752433684773493, 10.164453246396743 ], [ -83.752792272875553, 10.166955803021661 ], [ -83.751285295265461, 10.16842598160585 ], [ -83.750891592850166, 10.170558234470255 ], [ -83.752309656914605, 10.172231030079935 ], [ -83.75140462957765, 10.175773855776402 ], [ -83.752348978928211, 10.176014509086444 ], [ -83.752544627202695, 10.177462185430482 ], [ -83.751502584243283, 10.177643813666053 ], [ -83.750699459014896, 10.179446883649767 ], [ -83.749472319439619, 10.187562797627118 ], [ -83.748226532843105, 10.188034137364696 ], [ -83.747913612066597, 10.19210298009801 ], [ -83.746476348393543, 10.193406057584959 ], [ -83.746920180425221, 10.194064942353354 ], [ -83.744910037188774, 10.198020313039811 ], [ -83.742865803431656, 10.199884427314409 ], [ -83.741999935611148, 10.202009247971878 ], [ -83.742130253140431, 10.204491778385956 ], [ -83.740314603894618, 10.206914004919375 ], [ -83.740463164146021, 10.208013652110804 ], [ -83.739103446238531, 10.208910423870609 ], [ -83.739164437494253, 10.210953739856198 ], [ -83.737525857640492, 10.212014387700124 ], [ -83.737424346559337, 10.213751083243348 ], [ -83.73613550277328, 10.21485338907261 ], [ -83.735496798633989, 10.219391927681832 ], [ -83.733345226029286, 10.22447661773441 ], [ -83.729491380522418, 10.229166618037146 ], [ -83.730071360419998, 10.236150607486554 ], [ -83.729536546743859, 10.237778019263493 ], [ -83.727774585588975, 10.23831959315876 ], [ -83.728045461706429, 10.241008252431744 ], [ -83.726263895501688, 10.241732689852117 ], [ -83.727242709531893, 10.243729809327673 ], [ -83.725049034150786, 10.243933687519286 ], [ -83.721079744558921, 10.246524577910272 ], [ -83.721196010262645, 10.247941818352688 ], [ -83.719756860669321, 10.249471148210134 ], [ -83.715924830971133, 10.249995084796588 ], [ -83.713932848099958, 10.253021480196976 ], [ -83.710751909242518, 10.256035456562907 ], [ -83.705885078276964, 10.257636580706665 ], [ -83.705024990122865, 10.256909411521399 ], [ -83.703304435162991, 10.25793597346741 ], [ -83.702423276291867, 10.259620734771321 ], [ -83.700874285234264, 10.258334496871347 ], [ -83.700092642489878, 10.259019801131199 ], [ -83.700334919751583, 10.260969400228507 ], [ -83.69711844701537, 10.263405705569969 ], [ -83.693003670135099, 10.263573215986682 ], [ -83.689601751123433, 10.2667934513882 ], [ -83.686645556687708, 10.267682973602041 ], [ -83.685599344925166, 10.268984822561295 ], [ -83.686237026478963, 10.26934413791532 ], [ -83.686053272933123, 10.270272127865722 ], [ -83.681107726283969, 10.272368457468664 ], [ -83.680272615134072, 10.27339836255535 ], [ -83.680234986898839, 10.274876406472004 ], [ -83.681680003257895, 10.27770410010277 ], [ -83.679109654011953, 10.278109303885921 ], [ -83.676428044812553, 10.277241542454655 ], [ -83.674247651244926, 10.278638101169344 ], [ -83.674115858883383, 10.279624397784385 ], [ -83.675097411568601, 10.279996303566996 ], [ -83.67491754584762, 10.281936971353007 ], [ -83.673795823897024, 10.282224254111718 ], [ -83.672170415380393, 10.284324311190144 ], [ -83.67432300851641, 10.285330869701786 ], [ -83.673354694240587, 10.287185423888989 ], [ -83.671835547438349, 10.28651900578595 ], [ -83.671987774283835, 10.288296955439211 ], [ -83.669648148306877, 10.288522906308298 ], [ -83.669315688753812, 10.287237426090893 ], [ -83.668866723639027, 10.289476848972605 ], [ -83.66757922963366, 10.290384134562045 ], [ -83.660395771995837, 10.291657764149825 ], [ -83.660260023517196, 10.292669621846363 ], [ -83.661128884262325, 10.293581374748072 ], [ -83.660334547967949, 10.294371855851947 ], [ -83.656279727450553, 10.294416505152032 ], [ -83.654475095582441, 10.295895603155241 ], [ -83.651051288904412, 10.296507975805165 ], [ -83.650190865503987, 10.298608960495208 ], [ -83.647339830802068, 10.298498855572875 ], [ -83.644698826813837, 10.296405083534623 ], [ -83.643312408820279, 10.296430927665467 ], [ -83.640852150201709, 10.298751789303605 ], [ -83.639059323740355, 10.298050066829518 ], [ -83.636845658001349, 10.298997635966824 ], [ -83.636254661798617, 10.300241813416804 ], [ -83.633955094708909, 10.301378351594192 ], [ -83.633764623027815, 10.303260318622245 ], [ -83.632374824522955, 10.30256986810932 ], [ -83.631588667408948, 10.303484007701222 ], [ -83.629150780058993, 10.301806658251826 ], [ -83.626807900825582, 10.301528859890697 ], [ -83.625752009599537, 10.300708299978105 ], [ -83.624262158580407, 10.3018043831434 ], [ -83.621543804799117, 10.299989241309333 ], [ -83.624350079378416, 10.297334817606901 ], [ -83.622212049308246, 10.296928402114121 ], [ -83.622988436542116, 10.288603300430331 ], [ -83.621174751374397, 10.287726854939793 ], [ -83.630544341164921, 10.273390746483669 ] ] ] } },
{ "type": "Feature", "properties": { "cod_distrito": 70604, "distrito": "Río Jiménez", "canton": "Guácimo" }, "geometry": { "type": "Polygon", "coordinates": [ [ [ -83.5766778778668, 10.403772123315543 ], [ -83.573255820274113, 10.403785492443379 ], [ -83.571615826698149, 10.402633421446154 ], [ -83.57070950183649, 10.401608271923342 ], [ -83.571192133829769, 10.400433172795802 ], [ -83.569384601645083, 10.398263076678438 ], [ -83.566927195239955, 10.398357238088316 ], [ -83.565984292928988, 10.39685554407936 ], [ -83.565263459699707, 10.397570739144523 ], [ -83.563474918583495, 10.395576944506431 ], [ -83.561835326481344, 10.395242711023814 ], [ -83.561807273016882, 10.394466830688811 ], [ -83.560256380117522, 10.394058029493111 ], [ -83.556444160055236, 10.394874016749807 ], [ -83.555864461912847, 10.392511874839593 ], [ -83.556212845690013, 10.390068017845808 ], [ -83.554692105400335, 10.388701386791702 ], [ -83.555637981962775, 10.387780474309661 ], [ -83.555584408985482, 10.386396071839917 ], [ -83.55462882404116, 10.385983456252683 ], [ -83.555290102018787, 10.385079509985571 ], [ -83.554086315632063, 10.38452866711371 ], [ -83.553999807406854, 10.383449096220268 ], [ -83.552618691255944, 10.383146279402631 ], [ -83.552705524988212, 10.381742272338014 ], [ -83.551823598095453, 10.380470999353186 ], [ -83.548965104438011, 10.379127973324104 ], [ -83.548881614420409, 10.377356377796346 ], [ -83.547942497129057, 10.376439257188334 ], [ -83.54658024926205, 10.376822230574481 ], [ -83.545062100798361, 10.376073087363084 ], [ -83.544078812795462, 10.377736394873821 ], [ -83.544498134360381, 10.37611198138562 ], [ -83.543448524312737, 10.375391522613128 ], [ -83.542401238434465, 10.376910795101617 ], [ -83.541597037538864, 10.376171963964172 ], [ -83.540559405888303, 10.376511162833266 ], [ -83.540015862195318, 10.375131936854 ], [ -83.53900622234741, 10.375127869705604 ], [ -83.538445761689729, 10.374332148556199 ], [ -83.537244447860417, 10.375318645250729 ], [ -83.535086756415936, 10.372748416732614 ], [ -83.535906044600694, 10.37029197216078 ], [ -83.531714268566446, 10.368582956957026 ], [ -83.529830507524892, 10.369521508309255 ], [ -83.529342860658133, 10.367930870184543 ], [ -83.52858093818007, 10.368268806926112 ], [ -83.527957925145245, 10.367070454437339 ], [ -83.52450516191756, 10.369801470819619 ], [ -83.523887007974622, 10.370899082952924 ], [ -83.525052524850096, 10.371260832354261 ], [ -83.52454149753423, 10.372412218176164 ], [ -83.523264527660302, 10.372709683528701 ], [ -83.521599967702869, 10.377177807505186 ], [ -83.521062316988704, 10.376243397385494 ], [ -83.515224037453052, 10.377683436580107 ], [ -83.513210517932336, 10.376066786308243 ], [ -83.511863761019455, 10.375918817788165 ], [ -83.512758853275997, 10.375233756654977 ], [ -83.511966416769766, 10.374423376003328 ], [ -83.510601526241359, 10.374511620786587 ], [ -83.509945437731091, 10.375515946455996 ], [ -83.508147466487983, 10.374329835739605 ], [ -83.507461622485025, 10.374639175947978 ], [ -83.508265109608885, 10.3752525940984 ], [ -83.50658614726882, 10.377996131842075 ], [ -83.504976827503171, 10.377217855614154 ], [ -83.502112910643746, 10.377795286341145 ], [ -83.501569821174968, 10.3770043353899 ], [ -83.499999987918159, 10.379445603860823 ], [ -83.499091105926723, 10.379087695333274 ], [ -83.497795441512039, 10.379735575462943 ], [ -83.495192930697044, 10.378891380106007 ], [ -83.49191579894196, 10.379377694713966 ], [ -83.488928687360882, 10.380489563075008 ], [ -83.483774237783834, 10.385369598990293 ], [ -83.477923661254707, 10.385556434426496 ], [ -83.476387463840766, 10.387397453203681 ], [ -83.473476713869999, 10.388643920403066 ], [ -83.464976475868809, 10.390236691800135 ], [ -83.456643828631854, 10.388693285036895 ], [ -83.456476159701964, 10.387850845504596 ], [ -83.455887436782547, 10.388208340873918 ], [ -83.455215774245673, 10.387366997507749 ], [ -83.454250947353501, 10.388017177184143 ], [ -83.454233564647851, 10.387239385821077 ], [ -83.451678356167392, 10.386046669013473 ], [ -83.452113912983748, 10.385457881576619 ], [ -83.450735853565817, 10.383938364113421 ], [ -83.451166064611257, 10.382044490924732 ], [ -83.449443359069321, 10.382260952146741 ], [ -83.447858355060518, 10.380374734205061 ], [ -83.445122353544093, 10.381063177841764 ], [ -83.442694179411049, 10.377575665943937 ], [ -83.441171057637462, 10.376671460598095 ], [ -83.439818917928463, 10.37675391840415 ], [ -83.439675409820822, 10.378666058081214 ], [ -83.437977486595301, 10.37736048156326 ], [ -83.438796611636178, 10.374638010756726 ], [ -83.43666336730017, 10.374833637455904 ], [ -83.434131574349664, 10.373790916827064 ], [ -83.428587914678999, 10.379843486482581 ], [ -83.427460361732244, 10.384174940545297 ], [ -83.425222662165126, 10.388128672958411 ], [ -83.416360641039418, 10.392900103836288 ], [ -83.4056903559582, 10.376944360614775 ], [ -83.391853614746978, 10.358524278532764 ], [ -83.390319443559875, 10.356014853902133 ], [ -83.390032309500981, 10.353263183924321 ], [ -83.386893044623577, 10.352808339397725 ], [ -83.371343842746541, 10.332234701254201 ], [ -83.360463263697184, 10.319968768007437 ], [ -83.358977405711428, 10.31746585441816 ], [ -83.356702075308974, 10.315862036103145 ], [ -83.355241295381035, 10.310031590148316 ], [ -83.355325807783657, 10.30767071333865 ], [ -83.352354912343586, 10.302008654739547 ], [ -83.349404373165626, 10.298105338922369 ], [ -83.344348439917269, 10.294923865377637 ], [ -83.342332919270874, 10.290983322805204 ], [ -83.343936427329609, 10.289996226238001 ], [ -83.348842416533401, 10.292904339138934 ], [ -83.349743538926418, 10.292276128526794 ], [ -83.3494976643576, 10.289802321065464 ], [ -83.350621524382433, 10.288535725352132 ], [ -83.355838815569868, 10.290151763513816 ], [ -83.358288407574832, 10.288022730792404 ], [ -83.361388291915418, 10.289449382764273 ], [ -83.364688528941855, 10.288185432077412 ], [ -83.36649046321017, 10.289237330865578 ], [ -83.36667514151226, 10.290350041068866 ], [ -83.363026344312885, 10.291794617635857 ], [ -83.362416171878365, 10.292927233697739 ], [ -83.362799230354355, 10.294737315080912 ], [ -83.364577871039302, 10.296232347677563 ], [ -83.366044015773667, 10.296192712484173 ], [ -83.36752700100827, 10.29224527578263 ], [ -83.369718604821614, 10.292071065380158 ], [ -83.37035618051361, 10.293776461153044 ], [ -83.368183953186175, 10.297696782342078 ], [ -83.368676115936609, 10.299262166653453 ], [ -83.370338908662447, 10.300375510374877 ], [ -83.371867334359521, 10.300559667981778 ], [ -83.374448214295398, 10.299549682365921 ], [ -83.376327684355317, 10.297099752536614 ], [ -83.377476114440853, 10.294060564912879 ], [ -83.37946024137581, 10.294030238314505 ], [ -83.37949333700881, 10.295111113830803 ], [ -83.37794489399927, 10.296996545368351 ], [ -83.377627236981311, 10.299471028832654 ], [ -83.37856399316378, 10.302607872561691 ], [ -83.37996180617391, 10.304028155242579 ], [ -83.38157777258003, 10.302924881695583 ], [ -83.383270664169785, 10.295769615160115 ], [ -83.384347894583655, 10.295583519219001 ], [ -83.385011313150926, 10.296313949544064 ], [ -83.384812053606439, 10.299315693630756 ], [ -83.385598610826221, 10.301897803436095 ], [ -83.388076310136029, 10.30336206414159 ], [ -83.389887968973071, 10.302465890622322 ], [ -83.3910487375298, 10.299778801980683 ], [ -83.392959618426005, 10.297766326703401 ], [ -83.393631002084774, 10.295150865565615 ], [ -83.395295642825758, 10.294387922363791 ], [ -83.395689878197786, 10.295220522326526 ], [ -83.394278425845727, 10.298684724752135 ], [ -83.394426462732909, 10.300773148391119 ], [ -83.395475166894556, 10.30326293258323 ], [ -83.397411677788511, 10.30366937419498 ], [ -83.399497560048829, 10.302889242647133 ], [ -83.401521865008618, 10.30037984963452 ], [ -83.398675828658511, 10.294471005669399 ], [ -83.400648885702864, 10.294002773853654 ], [ -83.404138934466772, 10.296552242302116 ], [ -83.405608691164176, 10.295387780016794 ], [ -83.405518384068017, 10.293854393460714 ], [ -83.403490522579133, 10.293160425406008 ], [ -83.402540721239944, 10.29156532773912 ], [ -83.404383841097598, 10.288812574270519 ], [ -83.4069960094875, 10.28919398807817 ], [ -83.408318189848117, 10.288337746862373 ], [ -83.407847407058412, 10.286965155149421 ], [ -83.404889950706718, 10.285273733359764 ], [ -83.405361179499607, 10.28421407810197 ], [ -83.409136907165689, 10.286064709854866 ], [ -83.411802355001342, 10.285037663039539 ], [ -83.413227190113616, 10.285331152263671 ], [ -83.416678587528878, 10.289797063231493 ], [ -83.419015629428898, 10.287665844728197 ], [ -83.421473564805652, 10.288512367139429 ], [ -83.424660174114464, 10.287400363543314 ], [ -83.427250954975023, 10.290852027620433 ], [ -83.428082720501095, 10.290152787122649 ], [ -83.428223900391643, 10.286448500874453 ], [ -83.432605293264075, 10.287045507654517 ], [ -83.434196243297862, 10.288180093558747 ], [ -83.437425046131423, 10.287900010714349 ], [ -83.437626011155487, 10.284754499375685 ], [ -83.43879432356961, 10.284060712197071 ], [ -83.444629807358695, 10.291202091348136 ], [ -83.449294165570862, 10.288146905034722 ], [ -83.452900081481644, 10.289478561277251 ], [ -83.453856994212543, 10.287407364399744 ], [ -83.455497943822962, 10.286470278499067 ], [ -83.457157443486352, 10.286815706361709 ], [ -83.458344739006222, 10.288473206688547 ], [ -83.462563789113901, 10.287258147141628 ], [ -83.466587366685744, 10.289444694698425 ], [ -83.471527093877427, 10.288185398569773 ], [ -83.475809461756498, 10.283970516094234 ], [ -83.477054125457698, 10.284119778017748 ], [ -83.477787035685253, 10.286126756738174 ], [ -83.478818393784834, 10.286430640973443 ], [ -83.480119586479475, 10.284993441102408 ], [ -83.479922259160531, 10.282977216394174 ], [ -83.480918613005016, 10.281076587525986 ], [ -83.481420478043802, 10.281442003053694 ], [ -83.481035118697065, 10.283635704780442 ], [ -83.482677030797049, 10.284636100372948 ], [ -83.487310688186653, 10.282348114677635 ], [ -83.488638102510507, 10.280545195780554 ], [ -83.487679728310312, 10.275023770924966 ], [ -83.486842887152733, 10.273766219153238 ], [ -83.485166344838575, 10.273971562248716 ], [ -83.484843525771794, 10.27613366502665 ], [ -83.484160608814079, 10.276445523307036 ], [ -83.479711838327944, 10.272646029791948 ], [ -83.479365361820015, 10.271298684067562 ], [ -83.479682737610787, 10.270849524497672 ], [ -83.481166335607426, 10.27207823881835 ], [ -83.483037531393222, 10.271493305239769 ], [ -83.483476087874607, 10.269102925474222 ], [ -83.481982853569278, 10.265894900301438 ], [ -83.48535296840835, 10.264174086869168 ], [ -83.484341254445695, 10.263252051747376 ], [ -83.481182535781656, 10.262426123040472 ], [ -83.482958183110114, 10.261675288792965 ], [ -83.482983302925945, 10.258833627607398 ], [ -83.486663435849493, 10.256909578660213 ], [ -83.485381672168259, 10.255009217124822 ], [ -83.484791553326332, 10.251603985935702 ], [ -83.489095881717461, 10.251977250251477 ], [ -83.49069084094468, 10.251286180208977 ], [ -83.490923623550998, 10.248628652535066 ], [ -83.489118550296226, 10.245417304811873 ], [ -83.489122087145901, 10.243496320993204 ], [ -83.490350513424858, 10.244077513520716 ], [ -83.491476444983903, 10.246540765477649 ], [ -83.493764051133411, 10.242617022537312 ], [ -83.495572353959517, 10.242685313329748 ], [ -83.499039168724863, 10.245121575176489 ], [ -83.499725158787371, 10.244913921543858 ], [ -83.499452591460368, 10.240969116409175 ], [ -83.500871263105296, 10.238653501362469 ], [ -83.502896228847533, 10.237596123278379 ], [ -83.504336355672436, 10.232353022263933 ], [ -83.50871911626524, 10.232643770215427 ], [ -83.508759802095895, 10.234275951582784 ], [ -83.507282824233769, 10.236423772424637 ], [ -83.507892394551533, 10.237238832085261 ], [ -83.513185437695356, 10.234718029013106 ], [ -83.514412488521856, 10.235372090096131 ], [ -83.515656105735204, 10.237777697335574 ], [ -83.5172946277482, 10.236639804603834 ], [ -83.517226715977955, 10.232618353544492 ], [ -83.517966871546832, 10.231673446282462 ], [ -83.521309802816845, 10.232509368737105 ], [ -83.523873803184514, 10.230565868352327 ], [ -83.527888691873798, 10.229408751377628 ], [ -83.529599884177557, 10.231763288755028 ], [ -83.530052097945244, 10.235152840851029 ], [ -83.530632329742332, 10.235411194156676 ], [ -83.533188771255283, 10.233315037558269 ], [ -83.534515152124953, 10.229845795178582 ], [ -83.53650276051458, 10.228281586462218 ], [ -83.540646353741565, 10.227603392793972 ], [ -83.542896403428543, 10.229017967456132 ], [ -83.54576171090072, 10.225903106390451 ], [ -83.548605920927344, 10.227224545027301 ], [ -83.547759170150769, 10.231602405595527 ], [ -83.548253102708529, 10.233560508144022 ], [ -83.552043828846095, 10.229771186311327 ], [ -83.552922967177679, 10.230023713120412 ], [ -83.553021123243028, 10.231762720523877 ], [ -83.550911146213309, 10.233142541405721 ], [ -83.552282402581866, 10.235682596965875 ], [ -83.550653203501028, 10.238151241315332 ], [ -83.551115347597403, 10.23934163831496 ], [ -83.552726555712198, 10.239948823980033 ], [ -83.553870409000368, 10.244221594584912 ], [ -83.554953841445624, 10.245169284032906 ], [ -83.556025793720735, 10.2442799391489 ], [ -83.556910225055717, 10.240203993352837 ], [ -83.558274774394633, 10.23892611158438 ], [ -83.558831675126967, 10.239479246601817 ], [ -83.557532175098686, 10.242622540324319 ], [ -83.560075930924683, 10.24499042462306 ], [ -83.561447547089145, 10.248083118089404 ], [ -83.563846268645079, 10.245160880012644 ], [ -83.567959244294414, 10.247901025492707 ], [ -83.568239062436732, 10.246128151365609 ], [ -83.571409500773399, 10.24376818787017 ], [ -83.573523318321335, 10.243398400834209 ], [ -83.577291154962992, 10.244530803952426 ], [ -83.579223180585842, 10.243150903318313 ], [ -83.5813617478872, 10.242840800548805 ], [ -83.581679599977889, 10.241928533862657 ], [ -83.578973854254443, 10.24080479494237 ], [ -83.57763740612026, 10.23760848012947 ], [ -83.580479529402538, 10.234089993671587 ], [ -83.581130019862513, 10.233998800842967 ], [ -83.583112972520269, 10.23655057634863 ], [ -83.583962868571319, 10.236614492516253 ], [ -83.58619641238792, 10.232159656384624 ], [ -83.585504549181024, 10.230030244296788 ], [ -83.59228614744579, 10.229051338394193 ], [ -83.592196116767695, 10.22671448283509 ], [ -83.594749617282076, 10.223391292004605 ], [ -83.596517198635993, 10.223628426049261 ], [ -83.600208657467491, 10.226334570050657 ], [ -83.603555304593172, 10.227618473068858 ], [ -83.605815655804548, 10.225170076566545 ], [ -83.608081004805811, 10.227259855546039 ], [ -83.609729658580392, 10.22542506732673 ], [ -83.6105318781444, 10.227546934045444 ], [ -83.614016335398389, 10.226372604554275 ], [ -83.614487301431637, 10.225053747302788 ], [ -83.613071110843876, 10.223233226778582 ], [ -83.614301267130756, 10.221522522575375 ], [ -83.616243261258603, 10.220620068802015 ], [ -83.615880233186559, 10.217401476488762 ], [ -83.616674295038976, 10.215851563575844 ], [ -83.621767981963671, 10.212965747136588 ], [ -83.625234069703566, 10.212626051432563 ], [ -83.628525601402217, 10.210889594141371 ], [ -83.631467907300888, 10.207996331239547 ], [ -83.632150879904032, 10.204919627556766 ], [ -83.632141365859738, 10.222229431826277 ], [ -83.631253632908567, 10.224066200163705 ], [ -83.629559883931307, 10.225024918258972 ], [ -83.628842528444324, 10.227491897274486 ], [ -83.627146833800353, 10.228387039218202 ], [ -83.624437361672079, 10.235092415098654 ], [ -83.622877165827006, 10.235542415185018 ], [ -83.621207902839302, 10.237821467623206 ], [ -83.623766769645883, 10.238021329672248 ], [ -83.627392708749241, 10.234566433134763 ], [ -83.63059115976921, 10.233987585104495 ], [ -83.632803923109662, 10.235144812723862 ], [ -83.640276985475182, 10.233573630548181 ], [ -83.64293821470622, 10.234098201966018 ], [ -83.648900818517575, 10.227896775807226 ], [ -83.649999791333542, 10.227810386235291 ], [ -83.65290760692173, 10.229381842919336 ], [ -83.653904594112817, 10.228698034973933 ], [ -83.655934800672895, 10.228714148840686 ], [ -83.655918348400419, 10.244312782463174 ], [ -83.653674490611863, 10.244137386936641 ], [ -83.649086415003964, 10.259715275147787 ], [ -83.649907648488593, 10.262079661264703 ], [ -83.649519949274904, 10.26436681970003 ], [ -83.648788415526099, 10.266416182502345 ], [ -83.647294761198069, 10.267596245363162 ], [ -83.646808817238821, 10.269753094812691 ], [ -83.644971927899718, 10.270807547910913 ], [ -83.642870189329869, 10.270252143571433 ], [ -83.640773064513155, 10.271838098792857 ], [ -83.639576837105011, 10.271296550736016 ], [ -83.638587750428982, 10.272779535403684 ], [ -83.636347123700077, 10.273248852358943 ], [ -83.634883528260985, 10.2723675898489 ], [ -83.632146125390989, 10.272168338068514 ], [ -83.630544341164921, 10.273390746483669 ], [ -83.627824270123043, 10.272757109937769 ], [ -83.626292298830705, 10.273549354496083 ], [ -83.626061939263167, 10.275619512499995 ], [ -83.624808018176637, 10.27517335506387 ], [ -83.623234587500306, 10.276243757764453 ], [ -83.621783247195609, 10.27614570856476 ], [ -83.621349494944752, 10.277692316720705 ], [ -83.619454108930469, 10.278718993588518 ], [ -83.619589617240891, 10.279315174925225 ], [ -83.617948166505897, 10.27936580709965 ], [ -83.617870275858309, 10.280241618734516 ], [ -83.614065446204989, 10.277754068568205 ], [ -83.613922635753468, 10.275159979114143 ], [ -83.61309364627364, 10.274626924905665 ], [ -83.613373958649817, 10.273172256494009 ], [ -83.610679457580673, 10.273736310512163 ], [ -83.610369087823969, 10.273065030638836 ], [ -83.609241322214359, 10.273662461839695 ], [ -83.606921379409272, 10.27177174527902 ], [ -83.607494134794123, 10.2708461471037 ], [ -83.606138642406663, 10.271058317414596 ], [ -83.606608888768747, 10.270277860076204 ], [ -83.605833067633213, 10.268795075118346 ], [ -83.604377593790034, 10.267881065575262 ], [ -83.599557697821623, 10.267176972172757 ], [ -83.59629906017625, 10.271428788206885 ], [ -83.592140084828102, 10.279691410268398 ], [ -83.588696949344381, 10.283531469692246 ], [ -83.587622197290926, 10.286480188990675 ], [ -83.584570423632627, 10.288165920897688 ], [ -83.584355965873598, 10.289716909541022 ], [ -83.585204720149875, 10.290614703653397 ], [ -83.584387179667871, 10.291964762036029 ], [ -83.582886959004455, 10.292533263617969 ], [ -83.582102412558896, 10.291836773452333 ], [ -83.582268846793824, 10.290845203407569 ], [ -83.583845481014833, 10.290263873192874 ], [ -83.583577830512823, 10.289544783518203 ], [ -83.57806461936822, 10.288733768330918 ], [ -83.577136578190036, 10.289419844416292 ], [ -83.576767701245629, 10.291152575465231 ], [ -83.578862582022069, 10.292281725587877 ], [ -83.57847452776339, 10.293925712359135 ], [ -83.57547287532249, 10.292726888011707 ], [ -83.574242889539377, 10.293706871493098 ], [ -83.574054066869323, 10.291604399541724 ], [ -83.576016118123107, 10.291605373358026 ], [ -83.576224749743403, 10.290764235516434 ], [ -83.573777735600444, 10.289683547510814 ], [ -83.571919672477748, 10.290087600943753 ], [ -83.57129318887398, 10.29255589130311 ], [ -83.569196421135828, 10.293577273253632 ], [ -83.568509763142302, 10.29169992493239 ], [ -83.56745560207122, 10.294058157136503 ], [ -83.565622852933018, 10.293586615163472 ], [ -83.565086194124731, 10.294190603876588 ], [ -83.567975643584774, 10.295514060004598 ], [ -83.567494365061521, 10.296462438738414 ], [ -83.565458828482235, 10.296585779060242 ], [ -83.565675167977602, 10.297436566187292 ], [ -83.569289171590228, 10.297411426804889 ], [ -83.570130410869865, 10.29827641240667 ], [ -83.569345615156521, 10.299484572184106 ], [ -83.569482766844274, 10.303555538489944 ], [ -83.566930102541122, 10.312225326847571 ], [ -83.568599778306876, 10.316043518201299 ], [ -83.569542585547353, 10.31650843476722 ], [ -83.571554130532917, 10.320445303966189 ], [ -83.573354899926073, 10.322133473458504 ], [ -83.575588628282134, 10.327738407242927 ], [ -83.575862781076538, 10.331767773266021 ], [ -83.575049949152799, 10.333357683763024 ], [ -83.5759850670606, 10.33439142294074 ], [ -83.576094570715213, 10.336121644263104 ], [ -83.575430555194032, 10.337217641046312 ], [ -83.573305355421454, 10.337643899103009 ], [ -83.572052045130846, 10.339341174940543 ], [ -83.574277596906683, 10.342256874133872 ], [ -83.573045864746149, 10.343491212832742 ], [ -83.572861038787252, 10.34579542992727 ], [ -83.577697310807267, 10.351688735317524 ], [ -83.580952322191024, 10.351278888649187 ], [ -83.585631130638475, 10.354765993459843 ], [ -83.585731372484645, 10.356091398056096 ], [ -83.587561922807211, 10.35800291493435 ], [ -83.587604366805564, 10.359812006456528 ], [ -83.588462015835802, 10.360603494035363 ], [ -83.587410376431507, 10.360278396701588 ], [ -83.587617556576078, 10.361428708176364 ], [ -83.589332464925548, 10.361720378325574 ], [ -83.589884720441333, 10.362751295102987 ], [ -83.589424836747, 10.364347262982257 ], [ -83.591906826845232, 10.364937187546509 ], [ -83.59295467664532, 10.364105235018853 ], [ -83.593007586856572, 10.365495393375145 ], [ -83.594000148008647, 10.366435116565745 ], [ -83.593911853766528, 10.367420703479722 ], [ -83.593041021096084, 10.367639763327379 ], [ -83.593346027418704, 10.368774577067201 ], [ -83.594883341226179, 10.368890256971355 ], [ -83.592677820815169, 10.370345225745371 ], [ -83.593745422137744, 10.370862390099854 ], [ -83.595065251786465, 10.370454655893138 ], [ -83.59522681348767, 10.371724188449605 ], [ -83.597425310102594, 10.373052873819519 ], [ -83.596197057046012, 10.37453801943729 ], [ -83.597313808202131, 10.375555224288147 ], [ -83.595143073409446, 10.37691649191566 ], [ -83.59663469452444, 10.377517994408352 ], [ -83.596893501518693, 10.378375358220111 ], [ -83.595543283448521, 10.381445762424319 ], [ -83.598300033857214, 10.38233274805043 ], [ -83.599106565454093, 10.383370988552432 ], [ -83.598070704021538, 10.386355269872061 ], [ -83.595892647299337, 10.387884609280007 ], [ -83.594678906681082, 10.387549995166324 ], [ -83.594710011474376, 10.389069085710169 ], [ -83.593470353576635, 10.389210735054965 ], [ -83.593183994206299, 10.390454111702697 ], [ -83.591200580375329, 10.391432409487843 ], [ -83.589047441616614, 10.390822259487875 ], [ -83.589675231870117, 10.392143381036474 ], [ -83.588449039934986, 10.393990783677681 ], [ -83.591959773765325, 10.394042912331702 ], [ -83.592125745991396, 10.394582806097336 ], [ -83.591387456885428, 10.395285380450703 ], [ -83.589586317721128, 10.395126667421758 ], [ -83.590310795285376, 10.397319865475763 ], [ -83.589434158044, 10.39702327312347 ], [ -83.588827698431288, 10.397893004766384 ], [ -83.587706568269525, 10.397114276963308 ], [ -83.586859977125542, 10.397655763739323 ], [ -83.586270402887635, 10.398944310471485 ], [ -83.586992228243219, 10.400501991143265 ], [ -83.586656299003167, 10.401282014588553 ], [ -83.584260428823981, 10.401235792525464 ], [ -83.583249632648375, 10.403069346277483 ], [ -83.579610242399156, 10.400739329251595 ], [ -83.576183462764419, 10.400687897829485 ], [ -83.575012204365578, 10.402283965406939 ], [ -83.5766778778668, 10.403772123315543 ] ] ] } },
{ "type": "Feature", "properties": { "cod_distrito": 70605, "distrito": "Duacarí", "canton": "Guácimo" }, "geometry": { "type": "Polygon", "coordinates": [ [ [ -83.59389852640976, 10.366175970823431 ], [ -83.593007586856572, 10.365495393375145 ], [ -83.592893274691974, 10.364077127072864 ], [ -83.591906826845232, 10.364937187546509 ], [ -83.589391186106468, 10.364302151180693 ], [ -83.589884720441333, 10.362751295102987 ], [ -83.589332464925548, 10.361720378325574 ], [ -83.587617556576078, 10.361428708176364 ], [ -83.587410376431507, 10.360278396701588 ], [ -83.588462015835802, 10.360603494035363 ], [ -83.587604366805564, 10.359812006456528 ], [ -83.587561922807211, 10.35800291493435 ], [ -83.585731372484645, 10.356091398056096 ], [ -83.585631130638475, 10.354765993459843 ], [ -83.580952322191024, 10.351278888649187 ], [ -83.577697310807267, 10.351688735317524 ], [ -83.572861038787252, 10.34579542992727 ], [ -83.573045864746149, 10.343491212832742 ], [ -83.574277596906683, 10.342256874133872 ], [ -83.572052045130846, 10.339341174940543 ], [ -83.573305355421454, 10.337643899103009 ], [ -83.575430555194032, 10.337217641046312 ], [ -83.576094570715213, 10.336121644263104 ], [ -83.5759850670606, 10.33439142294074 ], [ -83.575049949152799, 10.333357683763024 ], [ -83.575862781076538, 10.331767773266021 ], [ -83.575588628282134, 10.327738407242927 ], [ -83.573354899926073, 10.322133473458504 ], [ -83.571554130532917, 10.320445303966189 ], [ -83.569542585547353, 10.31650843476722 ], [ -83.568599778306876, 10.316043518201299 ], [ -83.566930102541122, 10.312225326847571 ], [ -83.569482766844274, 10.303555538489944 ], [ -83.569345615156521, 10.299484572184106 ], [ -83.570130410869865, 10.29827641240667 ], [ -83.569289171590228, 10.297411426804889 ], [ -83.565615473568016, 10.297383432686765 ], [ -83.565458828482235, 10.296585779060242 ], [ -83.567494365061521, 10.296462438738414 ], [ -83.567999660417982, 10.295702817069184 ], [ -83.565164175695344, 10.294419903090175 ], [ -83.56537339078379, 10.293733912164301 ], [ -83.56745560207122, 10.294058157136503 ], [ -83.568550451115271, 10.291692254994373 ], [ -83.569332204088198, 10.293563751456237 ], [ -83.571645156507373, 10.29218306197699 ], [ -83.57199366797478, 10.290023040458268 ], [ -83.574009877775779, 10.289678963106459 ], [ -83.575462839777472, 10.290087556714333 ], [ -83.576272002099174, 10.291267795871589 ], [ -83.574209282174422, 10.291411170426546 ], [ -83.573755501599919, 10.292808309230491 ], [ -83.574242889539377, 10.293706871493098 ], [ -83.57547287532249, 10.292726888011707 ], [ -83.57847452776339, 10.293925712359135 ], [ -83.578862582022069, 10.292281725587877 ], [ -83.576767701245629, 10.291152575465231 ], [ -83.577136578190036, 10.289419844416292 ], [ -83.57806461936822, 10.288733768330918 ], [ -83.583577830512823, 10.289544783518203 ], [ -83.583845481014833, 10.290263873192874 ], [ -83.582268846793824, 10.290845203407569 ], [ -83.582102412558896, 10.291836773452333 ], [ -83.582886959004455, 10.292533263617969 ], [ -83.584387179667871, 10.291964762036029 ], [ -83.585204720149875, 10.290614703653397 ], [ -83.584355965873598, 10.289716909541022 ], [ -83.584570423632627, 10.288165920897688 ], [ -83.587622197290926, 10.286480188990675 ], [ -83.588696949344381, 10.283531469692246 ], [ -83.592140084828102, 10.279691410268398 ], [ -83.59629906017625, 10.271428788206885 ], [ -83.599557697821623, 10.267176972172757 ], [ -83.604377593790034, 10.267881065575262 ], [ -83.605833067633213, 10.268795075118346 ], [ -83.606608888768747, 10.270277860076204 ], [ -83.606138642406663, 10.271058317414596 ], [ -83.607494134794123, 10.2708461471037 ], [ -83.606921379409272, 10.27177174527902 ], [ -83.609241322214359, 10.273662461839695 ], [ -83.610369087823969, 10.273065030638836 ], [ -83.610679457580673, 10.273736310512163 ], [ -83.613373958649817, 10.273172256494009 ], [ -83.61309364627364, 10.274626924905665 ], [ -83.613922635753468, 10.275159979114143 ], [ -83.614065446204989, 10.277754068568205 ], [ -83.617870275858309, 10.280241618734516 ], [ -83.617948166505897, 10.27936580709965 ], [ -83.619589617240891, 10.279315174925225 ], [ -83.619454108930469, 10.278718993588518 ], [ -83.621349494944752, 10.277692316720705 ], [ -83.621783247195609, 10.27614570856476 ], [ -83.623234587500306, 10.276243757764453 ], [ -83.624808018176637, 10.27517335506387 ], [ -83.626061939263167, 10.275619512499995 ], [ -83.626514731740897, 10.273310581386291 ], [ -83.628603856322158, 10.272580666683909 ], [ -83.630544341164921, 10.273390746483669 ], [ -83.621159140905164, 10.287774810984617 ], [ -83.622988436542116, 10.288603300430331 ], [ -83.622212049308246, 10.296928402114121 ], [ -83.624350079378416, 10.297334817606901 ], [ -83.621555361477078, 10.300050630396621 ], [ -83.624262158580407, 10.3018043831434 ], [ -83.625752009599537, 10.300708299978105 ], [ -83.626807900825582, 10.301528859890697 ], [ -83.629150780058993, 10.301806658251826 ], [ -83.631498079135625, 10.303483904588262 ], [ -83.632374824522955, 10.30256986810932 ], [ -83.633647345402068, 10.303311784063975 ], [ -83.633955094708909, 10.301378351594192 ], [ -83.638890160208618, 10.298109684350285 ], [ -83.640852150201709, 10.298751789303605 ], [ -83.643070984318939, 10.296562761236391 ], [ -83.644437052753645, 10.29634717369639 ], [ -83.646828820316571, 10.298317199482966 ], [ -83.650190865503987, 10.298608960495208 ], [ -83.651051288904412, 10.296507975805165 ], [ -83.654475095582441, 10.295895603155241 ], [ -83.656279727450553, 10.294416505152032 ], [ -83.660334547967949, 10.294371855851947 ], [ -83.661128884262325, 10.293581374748072 ], [ -83.660260023517196, 10.292669621846363 ], [ -83.660395771995837, 10.291657764149825 ], [ -83.667378920303122, 10.290481523638062 ], [ -83.667290034622198, 10.352796943531903 ], [ -83.664665867569994, 10.352522377528153 ], [ -83.663740031740247, 10.353787174936068 ], [ -83.662938422931504, 10.352567494514791 ], [ -83.661611246784048, 10.353956124887512 ], [ -83.659533588765683, 10.35324745839544 ], [ -83.658852302698548, 10.35397687003231 ], [ -83.658522266989024, 10.353104617301074 ], [ -83.657983543977849, 10.354107872872715 ], [ -83.657366886163416, 10.353865127563086 ], [ -83.657578439247558, 10.35457538795694 ], [ -83.655690945675659, 10.353899508000989 ], [ -83.654602378885727, 10.354017865385776 ], [ -83.654509084431012, 10.354728599913638 ], [ -83.653355538045133, 10.354226382548255 ], [ -83.652398345536767, 10.354688966439582 ], [ -83.65170858573687, 10.353781536338543 ], [ -83.650050014007547, 10.354415449420246 ], [ -83.650321477754602, 10.35511373131755 ], [ -83.648001116067078, 10.355890998970644 ], [ -83.64812946374748, 10.356812845484626 ], [ -83.646045279906119, 10.356492964825048 ], [ -83.643498201680387, 10.358184384687503 ], [ -83.642318606910891, 10.357701617079993 ], [ -83.639081102904484, 10.358871067120702 ], [ -83.63645808512554, 10.357878206365699 ], [ -83.635281874715602, 10.358585058609432 ], [ -83.634924464275315, 10.357478274445988 ], [ -83.633924395338298, 10.358176900956076 ], [ -83.631148047489816, 10.356508056165486 ], [ -83.627377251039562, 10.357919902820885 ], [ -83.626585969397397, 10.359354827144687 ], [ -83.623822687648072, 10.357358137413087 ], [ -83.619540555025523, 10.356093624519273 ], [ -83.618970308930898, 10.357019161129633 ], [ -83.617649969258125, 10.357241212950024 ], [ -83.617033676350061, 10.358495607272509 ], [ -83.61532644604921, 10.357922105452133 ], [ -83.615659293407248, 10.359291392518685 ], [ -83.608612570793539, 10.35972748824722 ], [ -83.608401180100387, 10.361498352658169 ], [ -83.606650158661097, 10.362218133539745 ], [ -83.604898450947431, 10.362412086851775 ], [ -83.602794387850409, 10.36129229452075 ], [ -83.60173506330392, 10.363468910675039 ], [ -83.601091904178503, 10.36310729966476 ], [ -83.598003144544521, 10.36458496310143 ], [ -83.596979875333034, 10.364283696258356 ], [ -83.597593387100304, 10.365117753745846 ], [ -83.596384878965225, 10.364866598812778 ], [ -83.596132506045919, 10.366353635675747 ], [ -83.594349970982833, 10.365612099007961 ], [ -83.59389852640976, 10.366175970823431 ] ] ] } },
{ "type": "Feature", "properties": { "cod_distrito": 70204, "distrito": "Roxana", "canton": "Pococí" }, "geometry": { "type": "Polygon", "coordinates": [ [ [ -83.580934083425035, 10.461610597203981 ], [ -83.57674187181388, 10.400704348186235 ], [ -83.579633155069885, 10.400747497452418 ], [ -83.583249632648375, 10.403069346277483 ], [ -83.584260428823981, 10.401235792525464 ], [ -83.586631068226922, 10.401300879542335 ], [ -83.586996938306058, 10.400531021065758 ], [ -83.586270402887635, 10.398944310471485 ], [ -83.586875709941324, 10.397636525770665 ], [ -83.590310795285376, 10.397319865475763 ], [ -83.589586317721128, 10.395126667421758 ], [ -83.591387456885428, 10.395285380450703 ], [ -83.592125745991396, 10.394582806097336 ], [ -83.591959773765325, 10.394042912331702 ], [ -83.588449039934986, 10.393990783677681 ], [ -83.589675231870117, 10.392143381036474 ], [ -83.589047441616614, 10.390822259487875 ], [ -83.591200580375329, 10.391432409487843 ], [ -83.593168821316866, 10.390464671856749 ], [ -83.593470353576635, 10.389210735054965 ], [ -83.594710011474376, 10.389069085710169 ], [ -83.594678906681082, 10.387549995166324 ], [ -83.595935410061898, 10.387867846013926 ], [ -83.598490198111321, 10.385608609080863 ], [ -83.59904769296098, 10.383130232831128 ], [ -83.595571246386925, 10.381502940412746 ], [ -83.596893501518693, 10.378375358220111 ], [ -83.59663469452444, 10.377517994408352 ], [ -83.595123850569223, 10.3770234279493 ], [ -83.597313808202131, 10.375555224288147 ], [ -83.596197057046012, 10.37453801943729 ], [ -83.597425310102594, 10.373052873819519 ], [ -83.59522681348767, 10.371724188449605 ], [ -83.595065251786465, 10.370454655893138 ], [ -83.593745422137744, 10.370862390099854 ], [ -83.592672812568253, 10.370334098430495 ], [ -83.594865305237263, 10.368997828357029 ], [ -83.593497322220955, 10.369005145143742 ], [ -83.593011066831906, 10.367853193017206 ], [ -83.593309456733635, 10.367178084034681 ], [ -83.593911853766528, 10.367420703479722 ], [ -83.594108754230319, 10.365731577752831 ], [ -83.596208302664792, 10.366322392231076 ], [ -83.596384878965225, 10.364866598812778 ], [ -83.597593387100304, 10.365117753745846 ], [ -83.596979875333034, 10.364283696258356 ], [ -83.598003144544521, 10.36458496310143 ], [ -83.601091904178503, 10.36310729966476 ], [ -83.60173506330392, 10.363468910675039 ], [ -83.602794387850409, 10.36129229452075 ], [ -83.604898450947431, 10.362412086851775 ], [ -83.606650158661097, 10.362218133539745 ], [ -83.608401180100387, 10.361498352658169 ], [ -83.608612570793539, 10.35972748824722 ], [ -83.615659293407248, 10.359291392518685 ], [ -83.61532644604921, 10.357922105452133 ], [ -83.617033676350061, 10.358495607272509 ], [ -83.617649969258125, 10.357241212950024 ], [ -83.618970308930898, 10.357019161129633 ], [ -83.619540555025523, 10.356093624519273 ], [ -83.623822687648072, 10.357358137413087 ], [ -83.626585969397397, 10.359354827144687 ], [ -83.627377251039562, 10.357919902820885 ], [ -83.631148047489816, 10.356508056165486 ], [ -83.633924395338298, 10.358176900956076 ], [ -83.634924464275315, 10.357478274445988 ], [ -83.635281874715602, 10.358585058609432 ], [ -83.63645808512554, 10.357878206365699 ], [ -83.639081102904484, 10.358871067120702 ], [ -83.642318606910891, 10.357701617079993 ], [ -83.643498201680387, 10.358184384687503 ], [ -83.646045279906119, 10.356492964825048 ], [ -83.64812946374748, 10.356812845484626 ], [ -83.648001116067078, 10.355890998970644 ], [ -83.650321477754602, 10.35511373131755 ], [ -83.650050014007547, 10.354415449420246 ], [ -83.65170858573687, 10.353781536338543 ], [ -83.652398345536767, 10.354688966439582 ], [ -83.653355538045133, 10.354226382548255 ], [ -83.654509084431012, 10.354728599913638 ], [ -83.654602378885727, 10.354017865385776 ], [ -83.655690945675659, 10.353899508000989 ], [ -83.657578439247558, 10.35457538795694 ], [ -83.657366886163416, 10.353865127563086 ], [ -83.657983543977849, 10.354107872872715 ], [ -83.658522266989024, 10.353104617301074 ], [ -83.658852302698548, 10.35397687003231 ], [ -83.659533588765683, 10.35324745839544 ], [ -83.661611246784048, 10.353956124887512 ], [ -83.662938422931504, 10.352567494514791 ], [ -83.663740031740247, 10.353787174936068 ], [ -83.664665867569994, 10.352522377528153 ], [ -83.667290034622198, 10.352796943531903 ], [ -83.667378920303122, 10.290481523638062 ], [ -83.66892106179175, 10.290852707029991 ], [ -83.667964321024499, 10.292170606775903 ], [ -83.668239045688196, 10.292797657041408 ], [ -83.66976020930943, 10.29259124232154 ], [ -83.67172694015612, 10.293824041051542 ], [ -83.672590900060058, 10.292769724365188 ], [ -83.675319242882964, 10.2927922035758 ], [ -83.67683864278024, 10.295596813285377 ], [ -83.67869522613347, 10.294789268955547 ], [ -83.679980551848644, 10.295065605375138 ], [ -83.687288145052378, 10.300028471875191 ], [ -83.692355059596423, 10.298080516715181 ], [ -83.694818293292087, 10.29918522656785 ], [ -83.695897816267831, 10.297790114883506 ], [ -83.697705902416459, 10.298983049709744 ], [ -83.700278903934375, 10.299286669305683 ], [ -83.701678216592228, 10.297109746531234 ], [ -83.705407606545592, 10.296524609160928 ], [ -83.707029757522307, 10.295049030200284 ], [ -83.708683938733117, 10.295850037685581 ], [ -83.71110797959328, 10.293595189304291 ], [ -83.71339335444469, 10.294743432136324 ], [ -83.714543978357327, 10.293109930191287 ], [ -83.714747119641203, 10.290147476675269 ], [ -83.717351769355119, 10.283686602921698 ], [ -83.717834211888473, 10.280465319944426 ], [ -83.721934349534948, 10.277382742852495 ], [ -83.724335929211577, 10.276707249356702 ], [ -83.726060546415724, 10.274109335372435 ], [ -83.728650656131649, 10.274740438829559 ], [ -83.730738932305229, 10.27409000211307 ], [ -83.731427607379601, 10.272050332426483 ], [ -83.734693759370643, 10.272494056616743 ], [ -83.737303618401498, 10.270966073692408 ], [ -83.738459113421385, 10.271556993879297 ], [ -83.739367207612062, 10.271203117764113 ], [ -83.742832279221588, 10.267753571506582 ], [ -83.744342906419391, 10.267265084481968 ], [ -83.744937411035181, 10.264467369571211 ], [ -83.748002771736111, 10.262462492852595 ], [ -83.748478317623537, 10.261256207933114 ], [ -83.747946185752483, 10.259677137948417 ], [ -83.749875540822117, 10.259130910825956 ], [ -83.750721831314877, 10.256709760465752 ], [ -83.752233495702598, 10.256887449105818 ], [ -83.753154247975118, 10.255372499804913 ], [ -83.779077734844222, 10.25538768753345 ], [ -83.778662493887097, 10.258267464941619 ], [ -83.777277938613821, 10.259996762359782 ], [ -83.776528083951732, 10.264398294789803 ], [ -83.776728846174748, 10.269684944343954 ], [ -83.773502109557271, 10.273251755598114 ], [ -83.773892039606238, 10.275279581649425 ], [ -83.773267699060185, 10.27563816009469 ], [ -83.774036787311985, 10.276796081715887 ], [ -83.77279389039056, 10.276494159228386 ], [ -83.771753849240824, 10.277548526873565 ], [ -83.770768193156485, 10.277467992868504 ], [ -83.765332126627399, 10.287363411848954 ], [ -83.765527583370258, 10.289050398844727 ], [ -83.764781343921328, 10.290833321716526 ], [ -83.762216511954307, 10.292950597547897 ], [ -83.759799502632092, 10.29316504053925 ], [ -83.757652142332674, 10.296695627112646 ], [ -83.75680601508067, 10.296780026906342 ], [ -83.756675029479666, 10.299268702404914 ], [ -83.754282768769073, 10.300532022466991 ], [ -83.754280305801075, 10.301531246789777 ], [ -83.75299072946035, 10.302200803838685 ], [ -83.753286631939517, 10.30478069082465 ], [ -83.75199893714985, 10.30827901642791 ], [ -83.752470974197777, 10.309440400273424 ], [ -83.751623917881858, 10.308947351502438 ], [ -83.751508212987133, 10.309769352164146 ], [ -83.750779718699363, 10.309803867098838 ], [ -83.750733587370476, 10.311331052567958 ], [ -83.751848709984856, 10.312450348643415 ], [ -83.751166132115017, 10.312765688487088 ], [ -83.75165106649014, 10.313654202043297 ], [ -83.751034790930788, 10.31528175481167 ], [ -83.749952431947975, 10.314830848628937 ], [ -83.749660815905557, 10.31010183411899 ], [ -83.748275209579347, 10.309380507461595 ], [ -83.747560506675924, 10.314950784833655 ], [ -83.748050689478646, 10.317248503170577 ], [ -83.747414677009502, 10.31952683280686 ], [ -83.745976050386147, 10.319991350024344 ], [ -83.746408421298142, 10.320957497925258 ], [ -83.745702966169276, 10.321983315502115 ], [ -83.746882308379526, 10.323168084986449 ], [ -83.746432397867906, 10.324117638268831 ], [ -83.74462085714282, 10.32338432253793 ], [ -83.743211185781647, 10.32562227754436 ], [ -83.73918725688192, 10.327125578602841 ], [ -83.738277802400262, 10.329427271790099 ], [ -83.736332561063264, 10.329846241273499 ], [ -83.735931856637606, 10.330577716623766 ], [ -83.734728449389294, 10.330109010043738 ], [ -83.732807239806874, 10.330557172158704 ], [ -83.73296618155905, 10.331609582409358 ], [ -83.731839451050007, 10.332718267354068 ], [ -83.728427357978816, 10.332354155732041 ], [ -83.72625667927997, 10.334463696469371 ], [ -83.723635509715507, 10.333050692359279 ], [ -83.72240236120075, 10.334317427355762 ], [ -83.72237790896385, 10.335395012184751 ], [ -83.721043011090472, 10.336142761547922 ], [ -83.718640272977723, 10.335644202493613 ], [ -83.718742098753779, 10.334491455285695 ], [ -83.717842421876696, 10.333954805102648 ], [ -83.716191575710852, 10.334558197767382 ], [ -83.715386226822048, 10.334091251989394 ], [ -83.715215644185875, 10.335000624001355 ], [ -83.716136705319926, 10.33507103722985 ], [ -83.716585015308851, 10.33653855365951 ], [ -83.715850672855439, 10.337460908657143 ], [ -83.715078728923899, 10.337222384197595 ], [ -83.714816184314628, 10.338836439555758 ], [ -83.713785883929333, 10.338999169860227 ], [ -83.713508552710849, 10.337975467978865 ], [ -83.712794827542538, 10.338089753754785 ], [ -83.713071807154421, 10.336888586349087 ], [ -83.711983362918517, 10.337954541803029 ], [ -83.705133130448289, 10.338782198404319 ], [ -83.704261372897292, 10.341634587970322 ], [ -83.703495490253715, 10.3421094990056 ], [ -83.703286261822853, 10.341032568200108 ], [ -83.701251583370166, 10.341335730110313 ], [ -83.701036209484059, 10.342699203509225 ], [ -83.698892666315231, 10.344582015784773 ], [ -83.698993805638423, 10.346543471721404 ], [ -83.696435833025035, 10.347378218317894 ], [ -83.697278648838349, 10.3478651052567 ], [ -83.69673441733471, 10.349091541171658 ], [ -83.697628528020147, 10.349212015182308 ], [ -83.697585250791676, 10.350757227859171 ], [ -83.695814555877234, 10.35149057356136 ], [ -83.695076651188927, 10.355329315365479 ], [ -83.695848173868541, 10.358654562578165 ], [ -83.695060496828987, 10.358947165261723 ], [ -83.694557664729075, 10.360404046116097 ], [ -83.690929125204292, 10.361000882698763 ], [ -83.6910698946281, 10.362482653681408 ], [ -83.689623989539953, 10.362621974768112 ], [ -83.688695728662083, 10.363694173220892 ], [ -83.689501961311663, 10.366226385341729 ], [ -83.688836624868017, 10.367830300311496 ], [ -83.690763954466121, 10.368719867585286 ], [ -83.685958315576357, 10.373378064627454 ], [ -83.686134090092196, 10.375442499944347 ], [ -83.683548350886866, 10.376395151404557 ], [ -83.681659514838302, 10.378467530513154 ], [ -83.681643220180263, 10.379975091165676 ], [ -83.680313020669033, 10.381726176440196 ], [ -83.677768648092353, 10.38270641124905 ], [ -83.674109197282263, 10.382414492225692 ], [ -83.674399788009509, 10.385447019571689 ], [ -83.671315380442991, 10.385029058169811 ], [ -83.671056105958627, 10.386950551741522 ], [ -83.674805487394238, 10.38945667383499 ], [ -83.673999646197188, 10.39088073885897 ], [ -83.670818886263888, 10.391331858616482 ], [ -83.671350855267704, 10.395181271375423 ], [ -83.670821847810956, 10.400345566492321 ], [ -83.668765379875694, 10.40360998189011 ], [ -83.669025822507152, 10.408351857451468 ], [ -83.666610941443693, 10.410877857993126 ], [ -83.665152881961887, 10.411071364850416 ], [ -83.66580738559432, 10.415688722959262 ], [ -83.663343885366842, 10.416543154495976 ], [ -83.665614983174606, 10.419340947772826 ], [ -83.664143437275314, 10.422102414521186 ], [ -83.666925692660385, 10.424752173332319 ], [ -83.66815728876611, 10.427060625425732 ], [ -83.668318584455164, 10.428827597631516 ], [ -83.667227304963575, 10.429660874854072 ], [ -83.667563970057131, 10.431256882333789 ], [ -83.66698649731056, 10.432813579687419 ], [ -83.66615681150806, 10.433156825366302 ], [ -83.664889089678695, 10.432353989193889 ], [ -83.662325911106109, 10.434682851193612 ], [ -83.658096911401103, 10.4348886709783 ], [ -83.657433985233524, 10.436931722114899 ], [ -83.658361474056704, 10.439419807810063 ], [ -83.65582413438905, 10.439804741675221 ], [ -83.657012413446935, 10.438367074972907 ], [ -83.655648320244197, 10.437415530624349 ], [ -83.652301143918265, 10.438325575206417 ], [ -83.651741910379826, 10.440636492835248 ], [ -83.6489072907695, 10.441436942405216 ], [ -83.649346468691363, 10.443633452447859 ], [ -83.647826726421087, 10.444585168241778 ], [ -83.645127699317683, 10.444614507072105 ], [ -83.645651281264236, 10.445981219886352 ], [ -83.643618087654403, 10.447858700059069 ], [ -83.642310901767587, 10.44757196052249 ], [ -83.641354385308802, 10.445838989787145 ], [ -83.639472688236154, 10.446223941643364 ], [ -83.639523210012911, 10.445264957102538 ], [ -83.638253588935299, 10.443737332466766 ], [ -83.63725180657994, 10.444536562694729 ], [ -83.636371349177452, 10.444191918337571 ], [ -83.635085342204761, 10.441822460275374 ], [ -83.633361592381533, 10.442722593761218 ], [ -83.631815178640792, 10.442190634828235 ], [ -83.63027642169358, 10.446705038590064 ], [ -83.630700848163784, 10.448246698463183 ], [ -83.629382552202514, 10.449263492064704 ], [ -83.631159546031896, 10.452651399395648 ], [ -83.632910501656696, 10.453520360802228 ], [ -83.632287225344257, 10.454781575535243 ], [ -83.630119670804461, 10.455819525869883 ], [ -83.631349438849597, 10.457614744286914 ], [ -83.628550381031189, 10.458613958054219 ], [ -83.627797485179087, 10.459712857393418 ], [ -83.624608699798827, 10.459092662955014 ], [ -83.623459640804626, 10.457135131062156 ], [ -83.619071085889402, 10.456627865714424 ], [ -83.618082728103275, 10.457181563666923 ], [ -83.618305308949871, 10.459874894186587 ], [ -83.616220266684024, 10.459247029060506 ], [ -83.615933457949637, 10.460943473700468 ], [ -83.614572975047125, 10.46148583944445 ], [ -83.613834246903053, 10.462750873041815 ], [ -83.614504009188764, 10.460357625522732 ], [ -83.614023743518771, 10.459730153054029 ], [ -83.610951502597445, 10.458916060907507 ], [ -83.6099709767782, 10.459726883744809 ], [ -83.606936974980897, 10.460132788642161 ], [ -83.605260474334102, 10.458924759080361 ], [ -83.60370777485673, 10.460042930499737 ], [ -83.602399793309004, 10.45737455242778 ], [ -83.600108785008629, 10.457397384603013 ], [ -83.59910506544837, 10.458431141277728 ], [ -83.594261253305305, 10.457173461264713 ], [ -83.593542110955767, 10.458548350585293 ], [ -83.591442809959133, 10.458517453202255 ], [ -83.590638274577046, 10.460069267183824 ], [ -83.588106956076189, 10.46038142522592 ], [ -83.587610104951963, 10.461983301117693 ], [ -83.585966295516485, 10.460269324081004 ], [ -83.584776094762773, 10.461242937382 ], [ -83.583145527598887, 10.461173359428825 ], [ -83.582095681487885, 10.462218641209464 ], [ -83.580934083425035, 10.461610597203981 ] ] ] } },
{ "type": "Feature", "properties": { "cod_distrito": 70205, "distrito": "Cariari", "canton": "Pococí" }, "geometry": { "type": "Polygon", "coordinates": [ [ [ -83.580934083425035, 10.461610597203981 ], [ -83.582095681487885, 10.462218641209464 ], [ -83.583145527598887, 10.461173359428825 ], [ -83.584776094762773, 10.461242937382 ], [ -83.585966295516485, 10.460269324081004 ], [ -83.587610104951963, 10.461983301117693 ], [ -83.588106956076189, 10.46038142522592 ], [ -83.590638274577046, 10.460069267183824 ], [ -83.591442809959133, 10.458517453202255 ], [ -83.593542110955767, 10.458548350585293 ], [ -83.594261253305305, 10.457173461264713 ], [ -83.59910506544837, 10.458431141277728 ], [ -83.600108785008629, 10.457397384603013 ], [ -83.602399793309004, 10.45737455242778 ], [ -83.60370777485673, 10.460042930499737 ], [ -83.605260474334102, 10.458924759080361 ], [ -83.606936974980897, 10.460132788642161 ], [ -83.6099709767782, 10.459726883744809 ], [ -83.610951502597445, 10.458916060907507 ], [ -83.614023743518771, 10.459730153054029 ], [ -83.614504009188764, 10.460357625522732 ], [ -83.613834246903053, 10.462750873041815 ], [ -83.614572975047125, 10.46148583944445 ], [ -83.615933457949637, 10.460943473700468 ], [ -83.616220266684024, 10.459247029060506 ], [ -83.618305308949871, 10.459874894186587 ], [ -83.618082728103275, 10.457181563666923 ], [ -83.619071085889402, 10.456627865714424 ], [ -83.623459640804626, 10.457135131062156 ], [ -83.624608699798827, 10.459092662955014 ], [ -83.627797485179087, 10.459712857393418 ], [ -83.628550381031189, 10.458613958054219 ], [ -83.631349438849597, 10.457614744286914 ], [ -83.630119670804461, 10.455819525869883 ], [ -83.632287225344257, 10.454781575535243 ], [ -83.632910501656696, 10.453520360802228 ], [ -83.631159546031896, 10.452651399395648 ], [ -83.629382552202514, 10.449263492064704 ], [ -83.630700848163784, 10.448246698463183 ], [ -83.63027642169358, 10.446705038590064 ], [ -83.631815178640792, 10.442190634828235 ], [ -83.633361592381533, 10.442722593761218 ], [ -83.635085342204761, 10.441822460275374 ], [ -83.636371349177452, 10.444191918337571 ], [ -83.63725180657994, 10.444536562694729 ], [ -83.638253588935299, 10.443737332466766 ], [ -83.639523210012911, 10.445264957102538 ], [ -83.639472688236154, 10.446223941643364 ], [ -83.641354385308802, 10.445838989787145 ], [ -83.642310901767587, 10.44757196052249 ], [ -83.643618087654403, 10.447858700059069 ], [ -83.645651281264236, 10.445981219886352 ], [ -83.645127699317683, 10.444614507072105 ], [ -83.647826726421087, 10.444585168241778 ], [ -83.649346468691363, 10.443633452447859 ], [ -83.6489072907695, 10.441436942405216 ], [ -83.651741910379826, 10.440636492835248 ], [ -83.652301143918265, 10.438325575206417 ], [ -83.655648320244197, 10.437415530624349 ], [ -83.657012413446935, 10.438367074972907 ], [ -83.65582413438905, 10.439804741675221 ], [ -83.658361474056704, 10.439419807810063 ], [ -83.657433985233524, 10.436931722114899 ], [ -83.658096911401103, 10.4348886709783 ], [ -83.662325911106109, 10.434682851193612 ], [ -83.664889089678695, 10.432353989193889 ], [ -83.66615681150806, 10.433156825366302 ], [ -83.66698649731056, 10.432813579687419 ], [ -83.667563970057131, 10.431256882333789 ], [ -83.667227304963575, 10.429660874854072 ], [ -83.668318584455164, 10.428827597631516 ], [ -83.66815728876611, 10.427060625425732 ], [ -83.666925692660385, 10.424752173332319 ], [ -83.664143437275314, 10.422102414521186 ], [ -83.665614983174606, 10.419340947772826 ], [ -83.663343885366842, 10.416543154495976 ], [ -83.66580738559432, 10.415688722959262 ], [ -83.665152881961887, 10.411071364850416 ], [ -83.666610941443693, 10.410877857993126 ], [ -83.669025822507152, 10.408351857451468 ], [ -83.668765379875694, 10.40360998189011 ], [ -83.670821847810956, 10.400345566492321 ], [ -83.671350855267704, 10.395181271375423 ], [ -83.670818886263888, 10.391331858616482 ], [ -83.673999646197188, 10.39088073885897 ], [ -83.674805487394238, 10.38945667383499 ], [ -83.671056105958627, 10.386950551741522 ], [ -83.671246221527497, 10.385161181499942 ], [ -83.674399788009509, 10.385447019571689 ], [ -83.674109197282263, 10.382414492225692 ], [ -83.677768648092353, 10.38270641124905 ], [ -83.680169987843612, 10.381821904969247 ], [ -83.681643220180263, 10.379975091165676 ], [ -83.681550027964178, 10.378641002103189 ], [ -83.683431934341058, 10.376506821693189 ], [ -83.686236973450377, 10.375311215206745 ], [ -83.685958315576357, 10.373378064627454 ], [ -83.690789217921932, 10.368656975444623 ], [ -83.688836624868017, 10.367830300311496 ], [ -83.689501961311663, 10.366226385341729 ], [ -83.68873530235318, 10.363609457039765 ], [ -83.689623989539953, 10.362621974768112 ], [ -83.6910698946281, 10.362482653681408 ], [ -83.690929125204292, 10.361000882698763 ], [ -83.694557664729075, 10.360404046116097 ], [ -83.695884774652384, 10.358559174495777 ], [ -83.695076651188927, 10.355329315365479 ], [ -83.695814555877234, 10.35149057356136 ], [ -83.697585250791676, 10.350757227859171 ], [ -83.697628528020147, 10.349212015182308 ], [ -83.69673441733471, 10.349091541171658 ], [ -83.697278648838349, 10.3478651052567 ], [ -83.696435833025035, 10.347378218317894 ], [ -83.698993805638423, 10.346543471721404 ], [ -83.698892666315231, 10.344582015784773 ], [ -83.701036209484059, 10.342699203509225 ], [ -83.701331241315373, 10.341274644056902 ], [ -83.703286261822853, 10.341032568200108 ], [ -83.703184874774877, 10.342202756427158 ], [ -83.704221350865623, 10.341695576381321 ], [ -83.705133130448289, 10.338782198404319 ], [ -83.711983362918517, 10.337954541803029 ], [ -83.713168458885605, 10.336871428174101 ], [ -83.712794827542538, 10.338089753754785 ], [ -83.713508552710849, 10.337975467978865 ], [ -83.713785883929333, 10.338999169860227 ], [ -83.714816184314628, 10.338836439555758 ], [ -83.715078728923899, 10.337222384197595 ], [ -83.715850672855439, 10.337460908657143 ], [ -83.716585015308851, 10.33653855365951 ], [ -83.716136705319926, 10.33507103722985 ], [ -83.715215644185875, 10.335000624001355 ], [ -83.715451516997234, 10.334072887336539 ], [ -83.716191575710852, 10.334558197767382 ], [ -83.717842421876696, 10.333954805102648 ], [ -83.718742098753779, 10.334491455285695 ], [ -83.718640272977723, 10.335644202493613 ], [ -83.721043011090472, 10.336142761547922 ], [ -83.72237790896385, 10.335395012184751 ], [ -83.72240236120075, 10.334317427355762 ], [ -83.723635509715507, 10.333050692359279 ], [ -83.72625667927997, 10.334463696469371 ], [ -83.728427357978816, 10.332354155732041 ], [ -83.731839451050007, 10.332718267354068 ], [ -83.73296618155905, 10.331609582409358 ], [ -83.732807239806874, 10.330557172158704 ], [ -83.734728449389294, 10.330109010043738 ], [ -83.735931856637606, 10.330577716623766 ], [ -83.736332561063264, 10.329846241273499 ], [ -83.738277802400262, 10.329427271790099 ], [ -83.73918725688192, 10.327125578602841 ], [ -83.743211185781647, 10.32562227754436 ], [ -83.74462085714282, 10.32338432253793 ], [ -83.746359556116118, 10.324190165260749 ], [ -83.746882308379526, 10.323168084986449 ], [ -83.745811957803781, 10.322477019236173 ], [ -83.745834055365108, 10.321633069252334 ], [ -83.762030708809263, 10.321638934764572 ], [ -83.761686860491494, 10.323211505696197 ], [ -83.759518419550687, 10.32477912315912 ], [ -83.759874764587735, 10.32541967677329 ], [ -83.761109770709865, 10.325252872039767 ], [ -83.762183982019522, 10.327969095152508 ], [ -83.7609758575868, 10.329087939658681 ], [ -83.759427837128925, 10.329016510213961 ], [ -83.758975084773823, 10.330840203353112 ], [ -83.756632392198568, 10.330417671374853 ], [ -83.757113556301505, 10.331674543199989 ], [ -83.791336366439651, 10.331698348656888 ], [ -83.791104293690708, 10.335441290441137 ], [ -83.789515319556145, 10.33577721806815 ], [ -83.788858677540347, 10.336864814292211 ], [ -83.788228684488672, 10.336406837082263 ], [ -83.787182280454616, 10.336902329514311 ], [ -83.785407826018371, 10.33882491870599 ], [ -83.783787737481262, 10.339080321121667 ], [ -83.780256950444866, 10.341901194334829 ], [ -83.779465949655773, 10.341701610038394 ], [ -83.777330574808659, 10.349116210395174 ], [ -83.777956835986814, 10.35095273524416 ], [ -83.776984024255697, 10.354251746870142 ], [ -83.777880287607047, 10.354359307078523 ], [ -83.778102651508291, 10.355638936365141 ], [ -83.776399699179251, 10.359948950227416 ], [ -83.777114891674529, 10.360563065621221 ], [ -83.776145925517497, 10.361054772923888 ], [ -83.776490926239276, 10.361643774161754 ], [ -83.775700978536591, 10.362751269957927 ], [ -83.775116494742576, 10.362692802687281 ], [ -83.774563459027462, 10.366047280635376 ], [ -83.773232329076592, 10.366164559279916 ], [ -83.773500156042246, 10.368032637655419 ], [ -83.772926004987781, 10.367612614728522 ], [ -83.771674105539034, 10.368614508556206 ], [ -83.772356722227542, 10.369636645608793 ], [ -83.770893590934662, 10.371948411458675 ], [ -83.77111543539695, 10.373291637489958 ], [ -83.770271074522995, 10.37329443990043 ], [ -83.770018766957278, 10.37688486497114 ], [ -83.76918418454342, 10.377016204666473 ], [ -83.769868981091406, 10.377412012404299 ], [ -83.770014676755764, 10.379432037156926 ], [ -83.769380583786926, 10.378770004990587 ], [ -83.768660875114719, 10.379056495933712 ], [ -83.769509983279619, 10.379941116556305 ], [ -83.768750590231448, 10.381060677748808 ], [ -83.769615384582181, 10.381604118068845 ], [ -83.768360279276607, 10.385382470049592 ], [ -83.767443506207911, 10.38708027199946 ], [ -83.766853019099216, 10.387042964434853 ], [ -83.767314363609216, 10.387581283511038 ], [ -83.765893827346133, 10.387934380406092 ], [ -83.766632187641534, 10.388344373428746 ], [ -83.766297132677536, 10.388998739078302 ], [ -83.765408227478176, 10.388896756904915 ], [ -83.765957769250093, 10.389967717247524 ], [ -83.764762896922662, 10.389882983032633 ], [ -83.76540752054477, 10.39065591497137 ], [ -83.764290225441314, 10.390481556744714 ], [ -83.76482129175352, 10.392143587335319 ], [ -83.763892527166533, 10.392366815959077 ], [ -83.76329999939685, 10.394308159434498 ], [ -83.761305175532925, 10.394623795107947 ], [ -83.760716335432562, 10.394084598691746 ], [ -83.760276057252838, 10.394632498615726 ], [ -83.760617645690587, 10.396483454894705 ], [ -83.759987915804132, 10.397251093911468 ], [ -83.760519274287319, 10.397624105467486 ], [ -83.759682529981049, 10.398131980582891 ], [ -83.760993853198116, 10.399262024359874 ], [ -83.759413453021338, 10.399660630942888 ], [ -83.75947692027475, 10.401298092349975 ], [ -83.757208464599643, 10.401840434855213 ], [ -83.755267665659687, 10.405205582001026 ], [ -83.753035366088952, 10.40389245371672 ], [ -83.753964676521861, 10.404940863825598 ], [ -83.753136284564704, 10.405386084742148 ], [ -83.753495853051632, 10.406488854482072 ], [ -83.75245263075881, 10.407851324305783 ], [ -83.752544091321496, 10.409613207148837 ], [ -83.751754435246724, 10.410449924312912 ], [ -83.749470129401445, 10.41086869279837 ], [ -83.748877516393208, 10.412412732388853 ], [ -83.745867148555647, 10.412453078646074 ], [ -83.744399294398704, 10.41440858938881 ], [ -83.741607637402424, 10.411720889597447 ], [ -83.740644161639494, 10.414171646218781 ], [ -83.737509289502171, 10.414686685381023 ], [ -83.736828492960797, 10.41597169054158 ], [ -83.73526366142589, 10.416590359205598 ], [ -83.734310888564366, 10.41609515934781 ], [ -83.734118882258443, 10.416628310768555 ], [ -83.735996203280664, 10.418014556783795 ], [ -83.734376312229571, 10.418134104155145 ], [ -83.733892462907747, 10.42065048149982 ], [ -83.732951512056715, 10.419588124369103 ], [ -83.731590418199104, 10.420551220458174 ], [ -83.733404897223167, 10.421501167621837 ], [ -83.732418999197876, 10.421481087904317 ], [ -83.733153373913453, 10.422834255520225 ], [ -83.731426704593446, 10.424244886238355 ], [ -83.731854263378438, 10.42582346402828 ], [ -83.731246455703015, 10.426766856842271 ], [ -83.732010279564491, 10.427644845827981 ], [ -83.731029445783903, 10.427600876983666 ], [ -83.729743816007101, 10.429353375261714 ], [ -83.728497389853416, 10.428729225211811 ], [ -83.729734380547839, 10.430854245661351 ], [ -83.728996568181344, 10.431828688918369 ], [ -83.725411799895596, 10.431963378517061 ], [ -83.725931695180876, 10.434004752150727 ], [ -83.727537188031249, 10.434674005609848 ], [ -83.725650754794515, 10.434972435333686 ], [ -83.727395412925674, 10.436177232564217 ], [ -83.727328273583637, 10.436863053533033 ], [ -83.725428162978062, 10.435334181924205 ], [ -83.724774628907014, 10.436349835784005 ], [ -83.724163985272767, 10.434858129566365 ], [ -83.722904646124363, 10.436701462506498 ], [ -83.722352623781887, 10.435133678759403 ], [ -83.720397419096571, 10.435149248584977 ], [ -83.720207502739783, 10.437092730488919 ], [ -83.718666851857293, 10.437452720409286 ], [ -83.719488084349862, 10.438958706050304 ], [ -83.718318653521692, 10.439227654940716 ], [ -83.718066043386429, 10.441360593192337 ], [ -83.716895325791469, 10.44175854697675 ], [ -83.714401191825146, 10.441019031146256 ], [ -83.714982495035414, 10.442026114280674 ], [ -83.71598067450563, 10.442029613004216 ], [ -83.715306561956993, 10.443171800678506 ], [ -83.714374155937392, 10.442753374014139 ], [ -83.712589246859153, 10.443343782218806 ], [ -83.712409491488316, 10.444359537959908 ], [ -83.711533295781123, 10.444649005993778 ], [ -83.709231009235594, 10.44389964454229 ], [ -83.708941025759671, 10.445215567881206 ], [ -83.707050022205763, 10.445195049893078 ], [ -83.705097474534611, 10.446135948970763 ], [ -83.704390383428048, 10.447482041571716 ], [ -83.70355789479288, 10.447264109680415 ], [ -83.702912511080299, 10.448152190101725 ], [ -83.703106853840865, 10.451078252861315 ], [ -83.702087337851722, 10.450772445953236 ], [ -83.701323372411125, 10.451784591539313 ], [ -83.699247729068858, 10.451194644500099 ], [ -83.697635282169841, 10.452659379035859 ], [ -83.698068422319452, 10.453868129120272 ], [ -83.696533462628111, 10.454706249562905 ], [ -83.697678975707205, 10.4561069292001 ], [ -83.695270755161687, 10.456404565523604 ], [ -83.696819660646426, 10.457282178714317 ], [ -83.694441519903421, 10.459208262981553 ], [ -83.697014605888711, 10.459900445165255 ], [ -83.695450489769513, 10.460956289366862 ], [ -83.698108788907945, 10.462879111592446 ], [ -83.696599283823375, 10.464145838332289 ], [ -83.69697280868958, 10.46536270524671 ], [ -83.694053715338612, 10.466817494069161 ], [ -83.693632566569164, 10.467852049066989 ], [ -83.694645897781584, 10.468974659187211 ], [ -83.694160879799625, 10.469772706192664 ], [ -83.691369209597653, 10.469826795628764 ], [ -83.692749679419947, 10.470999654074003 ], [ -83.692142197691084, 10.473310592951592 ], [ -83.690852023930418, 10.473966772399645 ], [ -83.688343629244983, 10.47298956364849 ], [ -83.685769312059705, 10.474824082975617 ], [ -83.684812375530768, 10.474064225940303 ], [ -83.683824541540957, 10.475246226872773 ], [ -83.683750897512823, 10.476638229707046 ], [ -83.682064101353149, 10.47649355841774 ], [ -83.681646395531558, 10.47770343732215 ], [ -83.682200120163699, 10.479261017232256 ], [ -83.681061975523733, 10.479064449383483 ], [ -83.680569549612358, 10.480734000973223 ], [ -83.681114765941018, 10.481251335622721 ], [ -83.679657487651696, 10.481568413812774 ], [ -83.68018629736072, 10.482471821998377 ], [ -83.680794881624735, 10.481869921344581 ], [ -83.681201773550256, 10.482368987255063 ], [ -83.680078192074262, 10.483268842050778 ], [ -83.677643338025121, 10.48235243330249 ], [ -83.678645334681889, 10.485391465760184 ], [ -83.676276991928532, 10.484386392341468 ], [ -83.675980820593168, 10.485945594874851 ], [ -83.674688781981544, 10.487378463390815 ], [ -83.676877619099542, 10.48863889094306 ], [ -83.674401172013077, 10.491117324371277 ], [ -83.674475702794282, 10.492582776628122 ], [ -83.676116661305144, 10.491568211118436 ], [ -83.676742391779385, 10.493089686690221 ], [ -83.674908238304482, 10.49386970339433 ], [ -83.673666954706121, 10.496246301793601 ], [ -83.669880855217627, 10.499277526712563 ], [ -83.667715695041409, 10.4963956381002 ], [ -83.665609672424821, 10.497009429539348 ], [ -83.664166493939447, 10.4959971969942 ], [ -83.663296116963622, 10.49617569416092 ], [ -83.66428431848388, 10.498814159161416 ], [ -83.663601914190735, 10.500603502369126 ], [ -83.661906809740131, 10.501567860171114 ], [ -83.662010079935826, 10.50298463618773 ], [ -83.660210006913204, 10.503216628712449 ], [ -83.659915168292557, 10.503895209174134 ], [ -83.655901224201656, 10.503263352892358 ], [ -83.655397568075188, 10.504187378189913 ], [ -83.65595597123189, 10.505296901640909 ], [ -83.654405371643961, 10.505429693087384 ], [ -83.65577224766696, 10.506727163990755 ], [ -83.653726323635112, 10.507584065128619 ], [ -83.653794319003822, 10.508735265286179 ], [ -83.65111462090114, 10.509771684674197 ], [ -83.651768714474699, 10.510363473578218 ], [ -83.654136023407759, 10.510077140620798 ], [ -83.653262173243306, 10.510972634945567 ], [ -83.652988578464814, 10.514232561196451 ], [ -83.651870425233241, 10.512176102337451 ], [ -83.648935412467665, 10.513614411298242 ], [ -83.649013719420907, 10.512572647279329 ], [ -83.648258622157314, 10.512306380218716 ], [ -83.648624820046678, 10.510870765347049 ], [ -83.647956311794132, 10.510511653116003 ], [ -83.64488916911985, 10.514321368869734 ], [ -83.642385117522593, 10.513410688637059 ], [ -83.643427474009329, 10.514940281570004 ], [ -83.642716035137383, 10.515689982941334 ], [ -83.639890659528987, 10.514948090438608 ], [ -83.640209467295307, 10.516738597148448 ], [ -83.63791765598269, 10.516092765807121 ], [ -83.63493902060101, 10.51682373771416 ], [ -83.633248829985249, 10.518866739633008 ], [ -83.62980331463595, 10.520377084302588 ], [ -83.630227935924992, 10.524410490452823 ], [ -83.625617765921561, 10.530202360219745 ], [ -83.625822861719485, 10.531695891033026 ], [ -83.62812775517321, 10.532591910411421 ], [ -83.628493714320356, 10.535905446791363 ], [ -83.629663352073067, 10.538287059105489 ], [ -83.628550087656379, 10.539302443013948 ], [ -83.628630849835346, 10.542520051789555 ], [ -83.62799193980581, 10.543681896796803 ], [ -83.624922652817631, 10.544423015106752 ], [ -83.624053777986461, 10.542978806543589 ], [ -83.621353371996875, 10.542931756515571 ], [ -83.620202567955104, 10.541451214271538 ], [ -83.6170699934125, 10.541602109270764 ], [ -83.61413269547424, 10.544151483349118 ], [ -83.610380077839224, 10.544249612183574 ], [ -83.608595930358831, 10.542807448400264 ], [ -83.606103237176669, 10.543012133377253 ], [ -83.60193866628093, 10.545268507093056 ], [ -83.599686849194114, 10.544417630644963 ], [ -83.598864121640389, 10.546071217819559 ], [ -83.591561686549824, 10.54522340784591 ], [ -83.586886168802423, 10.54805550979442 ], [ -83.580934083425035, 10.461610597203981 ] ] ] } },
{ "type": "Feature", "properties": { "cod_distrito": 70203, "distrito": "Rita", "canton": "Pococí" }, "geometry": { "type": "Polygon", "coordinates": [ [ [ -83.628368621618677, 10.543314875720196 ], [ -83.628465102874884, 10.539613330744107 ], [ -83.629663352073067, 10.538287059105489 ], [ -83.628493714320356, 10.535905446791363 ], [ -83.62812775517321, 10.532591910411421 ], [ -83.625822861719485, 10.531695891033026 ], [ -83.625617765921561, 10.530202360219745 ], [ -83.630227935924992, 10.524410490452823 ], [ -83.62980331463595, 10.520377084302588 ], [ -83.633248829985249, 10.518866739633008 ], [ -83.63493902060101, 10.51682373771416 ], [ -83.63791765598269, 10.516092765807121 ], [ -83.640209467295307, 10.516738597148448 ], [ -83.639890659528987, 10.514948090438608 ], [ -83.642716035137383, 10.515689982941334 ], [ -83.643427474009329, 10.514940281570004 ], [ -83.642385117522593, 10.513410688637059 ], [ -83.64488916911985, 10.514321368869734 ], [ -83.647956311794132, 10.510511653116003 ], [ -83.648624820046678, 10.510870765347049 ], [ -83.648258622157314, 10.512306380218716 ], [ -83.649013719420907, 10.512572647279329 ], [ -83.648935412467665, 10.513614411298242 ], [ -83.651870425233241, 10.512176102337451 ], [ -83.652988578464814, 10.514232561196451 ], [ -83.653262173243306, 10.510972634945567 ], [ -83.654136023407759, 10.510077140620798 ], [ -83.651768714474699, 10.510363473578218 ], [ -83.65111462090114, 10.509771684674197 ], [ -83.653794319003822, 10.508735265286179 ], [ -83.653726323635112, 10.507584065128619 ], [ -83.65577224766696, 10.506727163990755 ], [ -83.654405371643961, 10.505429693087384 ], [ -83.65595597123189, 10.505296901640909 ], [ -83.655397568075188, 10.504187378189913 ], [ -83.655901224201656, 10.503263352892358 ], [ -83.659915168292557, 10.503895209174134 ], [ -83.660210006913204, 10.503216628712449 ], [ -83.662010079935826, 10.50298463618773 ], [ -83.661906809740131, 10.501567860171114 ], [ -83.663601914190735, 10.500603502369126 ], [ -83.66428431848388, 10.498814159161416 ], [ -83.663296116963622, 10.49617569416092 ], [ -83.664166493939447, 10.4959971969942 ], [ -83.665609672424821, 10.497009429539348 ], [ -83.667715695041409, 10.4963956381002 ], [ -83.669880855217627, 10.499277526712563 ], [ -83.673666954706121, 10.496246301793601 ], [ -83.674908238304482, 10.49386970339433 ], [ -83.676742391779385, 10.493089686690221 ], [ -83.676116661305144, 10.491568211118436 ], [ -83.674475702794282, 10.492582776628122 ], [ -83.674401172013077, 10.491117324371277 ], [ -83.676877619099542, 10.48863889094306 ], [ -83.674688781981544, 10.487378463390815 ], [ -83.675980820593168, 10.485945594874851 ], [ -83.676276991928532, 10.484386392341468 ], [ -83.678645334681889, 10.485391465760184 ], [ -83.677643338025121, 10.48235243330249 ], [ -83.680078192074262, 10.483268842050778 ], [ -83.681201773550256, 10.482368987255063 ], [ -83.680794881624735, 10.481869921344581 ], [ -83.68018629736072, 10.482471821998377 ], [ -83.679657487651696, 10.481568413812774 ], [ -83.681114765941018, 10.481251335622721 ], [ -83.680569549612358, 10.480734000973223 ], [ -83.681061975523733, 10.479064449383483 ], [ -83.682200120163699, 10.479261017232256 ], [ -83.681646395531558, 10.47770343732215 ], [ -83.682064101353149, 10.47649355841774 ], [ -83.683750897512823, 10.476638229707046 ], [ -83.683824541540957, 10.475246226872773 ], [ -83.684812375530768, 10.474064225940303 ], [ -83.685769312059705, 10.474824082975617 ], [ -83.688343629244983, 10.47298956364849 ], [ -83.690852023930418, 10.473966772399645 ], [ -83.692142197691084, 10.473310592951592 ], [ -83.692749679419947, 10.470999654074003 ], [ -83.691369209597653, 10.469826795628764 ], [ -83.694160879799625, 10.469772706192664 ], [ -83.694645897781584, 10.468974659187211 ], [ -83.693632566569164, 10.467852049066989 ], [ -83.694053715338612, 10.466817494069161 ], [ -83.69697280868958, 10.46536270524671 ], [ -83.696599283823375, 10.464145838332289 ], [ -83.698108788907945, 10.462879111592446 ], [ -83.695450489769513, 10.460956289366862 ], [ -83.697014605888711, 10.459900445165255 ], [ -83.694441519903421, 10.459208262981553 ], [ -83.696819660646426, 10.457282178714317 ], [ -83.695270755161687, 10.456404565523604 ], [ -83.697678975707205, 10.4561069292001 ], [ -83.696533462628111, 10.454706249562905 ], [ -83.698068422319452, 10.453868129120272 ], [ -83.697635282169841, 10.452659379035859 ], [ -83.699247729068858, 10.451194644500099 ], [ -83.701323372411125, 10.451784591539313 ], [ -83.702087337851722, 10.450772445953236 ], [ -83.703106853840865, 10.451078252861315 ], [ -83.702912511080299, 10.448152190101725 ], [ -83.70355789479288, 10.447264109680415 ], [ -83.704390383428048, 10.447482041571716 ], [ -83.705097474534611, 10.446135948970763 ], [ -83.707050022205763, 10.445195049893078 ], [ -83.708941025759671, 10.445215567881206 ], [ -83.709231009235594, 10.44389964454229 ], [ -83.711533295781123, 10.444649005993778 ], [ -83.712409491488316, 10.444359537959908 ], [ -83.712589246859153, 10.443343782218806 ], [ -83.714374155937392, 10.442753374014139 ], [ -83.715306561956993, 10.443171800678506 ], [ -83.71598067450563, 10.442029613004216 ], [ -83.714982495035414, 10.442026114280674 ], [ -83.714401191825146, 10.441019031146256 ], [ -83.716895325791469, 10.44175854697675 ], [ -83.718066043386429, 10.441360593192337 ], [ -83.718318653521692, 10.439227654940716 ], [ -83.719488084349862, 10.438958706050304 ], [ -83.718666851857293, 10.437452720409286 ], [ -83.720207502739783, 10.437092730488919 ], [ -83.720397419096571, 10.435149248584977 ], [ -83.722352623781887, 10.435133678759403 ], [ -83.722904646124363, 10.436701462506498 ], [ -83.724163985272767, 10.434858129566365 ], [ -83.724774628907014, 10.436349835784005 ], [ -83.725428162978062, 10.435334181924205 ], [ -83.727328273583637, 10.436863053533033 ], [ -83.727395412925674, 10.436177232564217 ], [ -83.725650754794515, 10.434972435333686 ], [ -83.727537188031249, 10.434674005609848 ], [ -83.725931695180876, 10.434004752150727 ], [ -83.725411799895596, 10.431963378517061 ], [ -83.728996568181344, 10.431828688918369 ], [ -83.729734380547839, 10.430854245661351 ], [ -83.728497389853416, 10.428729225211811 ], [ -83.729743816007101, 10.429353375261714 ], [ -83.731029445783903, 10.427600876983666 ], [ -83.732010279564491, 10.427644845827981 ], [ -83.731246455703015, 10.426766856842271 ], [ -83.731854263378438, 10.42582346402828 ], [ -83.731426704593446, 10.424244886238355 ], [ -83.733153373913453, 10.422834255520225 ], [ -83.732418999197876, 10.421481087904317 ], [ -83.733404897223167, 10.421501167621837 ], [ -83.731590418199104, 10.420551220458174 ], [ -83.732951512056715, 10.419588124369103 ], [ -83.733892462907747, 10.42065048149982 ], [ -83.734376312229571, 10.418134104155145 ], [ -83.735996203280664, 10.418014556783795 ], [ -83.734118882258443, 10.416628310768555 ], [ -83.734310888564366, 10.41609515934781 ], [ -83.73526366142589, 10.416590359205598 ], [ -83.736828492960797, 10.41597169054158 ], [ -83.737509289502171, 10.414686685381023 ], [ -83.740644161639494, 10.414171646218781 ], [ -83.741607637402424, 10.411720889597447 ], [ -83.744399294398704, 10.41440858938881 ], [ -83.745867148555647, 10.412453078646074 ], [ -83.748877516393208, 10.412412732388853 ], [ -83.749470129401445, 10.41086869279837 ], [ -83.751754435246724, 10.410449924312912 ], [ -83.752544091321496, 10.409613207148837 ], [ -83.75245263075881, 10.407851324305783 ], [ -83.753495853051632, 10.406488854482072 ], [ -83.753136284564704, 10.405386084742148 ], [ -83.753964676521861, 10.404940863825598 ], [ -83.753035366088952, 10.40389245371672 ], [ -83.755560577099004, 10.405049293216461 ], [ -83.757208464599643, 10.401840434855213 ], [ -83.759202774674435, 10.401546016216281 ], [ -83.759413453021338, 10.399660630942888 ], [ -83.760993853198116, 10.399262024359874 ], [ -83.759682529981049, 10.398131980582891 ], [ -83.760519274287319, 10.397624105467486 ], [ -83.759987915804132, 10.397251093911468 ], [ -83.760617645690587, 10.396483454894705 ], [ -83.760276057252838, 10.394632498615726 ], [ -83.760716335432562, 10.394084598691746 ], [ -83.761305175532925, 10.394623795107947 ], [ -83.76329999939685, 10.394308159434498 ], [ -83.763892527166533, 10.392366815959077 ], [ -83.76482129175352, 10.392143587335319 ], [ -83.764290225441314, 10.390481556744714 ], [ -83.76540752054477, 10.39065591497137 ], [ -83.764762896922662, 10.389882983032633 ], [ -83.765957769250093, 10.389967717247524 ], [ -83.765408227478176, 10.388896756904915 ], [ -83.766297132677536, 10.388998739078302 ], [ -83.766632187641534, 10.388344373428746 ], [ -83.765893827346133, 10.387934380406092 ], [ -83.767314363609216, 10.387581283511038 ], [ -83.766853019099216, 10.387042964434853 ], [ -83.767443506207911, 10.38708027199946 ], [ -83.768360279276607, 10.385382470049592 ], [ -83.769615384582181, 10.381604118068845 ], [ -83.768750590231448, 10.381060677748808 ], [ -83.769509983279619, 10.379941116556305 ], [ -83.768660875114719, 10.379056495933712 ], [ -83.769380583786926, 10.378770004990587 ], [ -83.770014676755764, 10.379432037156926 ], [ -83.769868981091406, 10.377412012404299 ], [ -83.76918418454342, 10.377016204666473 ], [ -83.770018766957278, 10.37688486497114 ], [ -83.770271074522995, 10.37329443990043 ], [ -83.77111543539695, 10.373291637489958 ], [ -83.770893590934662, 10.371948411458675 ], [ -83.772356722227542, 10.369636645608793 ], [ -83.771674105539034, 10.368614508556206 ], [ -83.772926004987781, 10.367612614728522 ], [ -83.773500156042246, 10.368032637655419 ], [ -83.773232329076592, 10.366164559279916 ], [ -83.774563459027462, 10.366047280635376 ], [ -83.775116494742576, 10.362692802687281 ], [ -83.775700978536591, 10.362751269957927 ], [ -83.776490926239276, 10.361643774161754 ], [ -83.776145925517497, 10.361054772923888 ], [ -83.777114891674529, 10.360563065621221 ], [ -83.776399699179251, 10.359948950227416 ], [ -83.778102651508291, 10.355638936365141 ], [ -83.777880287607047, 10.354359307078523 ], [ -83.776984024255697, 10.354251746870142 ], [ -83.777956835986814, 10.35095273524416 ], [ -83.777330574808659, 10.349116210395174 ], [ -83.779465949655773, 10.341701610038394 ], [ -83.780256950444866, 10.341901194334829 ], [ -83.783787737481262, 10.339080321121667 ], [ -83.785407826018371, 10.33882491870599 ], [ -83.787182280454616, 10.336902329514311 ], [ -83.788228684488672, 10.336406837082263 ], [ -83.788858677540347, 10.336864814292211 ], [ -83.789515319556145, 10.33577721806815 ], [ -83.791104293690708, 10.335441290441137 ], [ -83.791336366439651, 10.331698348656888 ], [ -83.757113556301505, 10.331674543199989 ], [ -83.756632392198568, 10.330417671374853 ], [ -83.758975084773823, 10.330840203353112 ], [ -83.759427837128925, 10.329016510213961 ], [ -83.7609758575868, 10.329087939658681 ], [ -83.762183982019522, 10.327969095152508 ], [ -83.761109770709865, 10.325252872039767 ], [ -83.759874764587735, 10.32541967677329 ], [ -83.759518419550687, 10.32477912315912 ], [ -83.761686860491494, 10.323211505696197 ], [ -83.762030708809263, 10.321638934764572 ], [ -83.745834055365108, 10.321633069252334 ], [ -83.746408421298142, 10.320957497925258 ], [ -83.745976050386147, 10.319991350024344 ], [ -83.747414677009502, 10.31952683280686 ], [ -83.748050689478646, 10.317248503170577 ], [ -83.747560506675924, 10.314950784833655 ], [ -83.747971649217291, 10.310104558283028 ], [ -83.748455857072003, 10.309303851206836 ], [ -83.749660815905557, 10.31010183411899 ], [ -83.749952431947975, 10.314830848628937 ], [ -83.751201409160231, 10.315198310532594 ], [ -83.75165106649014, 10.313654202043297 ], [ -83.751166132115017, 10.312765688487088 ], [ -83.751848709984856, 10.312450348643415 ], [ -83.750733587370476, 10.311331052567958 ], [ -83.750779718699363, 10.309803867098838 ], [ -83.751508212987133, 10.309769352164146 ], [ -83.751623917881858, 10.308947351502438 ], [ -83.752470974197777, 10.309440400273424 ], [ -83.75199893714985, 10.30827901642791 ], [ -83.753286631939517, 10.30478069082465 ], [ -83.75299072946035, 10.302200803838685 ], [ -83.754280305801075, 10.301531246789777 ], [ -83.754282768769073, 10.300532022466991 ], [ -83.756675029479666, 10.299268702404914 ], [ -83.75680601508067, 10.296780026906342 ], [ -83.757652142332674, 10.296695627112646 ], [ -83.759799502632092, 10.29316504053925 ], [ -83.762216511954307, 10.292950597547897 ], [ -83.764781343921328, 10.290833321716526 ], [ -83.765527583370258, 10.289050398844727 ], [ -83.765332126627399, 10.287363411848954 ], [ -83.770768193156485, 10.277467992868504 ], [ -83.771753849240824, 10.277548526873565 ], [ -83.77279389039056, 10.276494159228386 ], [ -83.774036787311985, 10.276796081715887 ], [ -83.773267699060185, 10.27563816009469 ], [ -83.773892039606238, 10.275279581649425 ], [ -83.773557331273736, 10.273102951458339 ], [ -83.776728846174748, 10.269684944343954 ], [ -83.776521402167575, 10.264445425227301 ], [ -83.777319570674621, 10.259910276709752 ], [ -83.802678163080557, 10.259909288848155 ], [ -83.802180362435848, 10.260930480564351 ], [ -83.803772718256326, 10.263918706338972 ], [ -83.803243291907023, 10.264453382626206 ], [ -83.804201741708553, 10.265455101573423 ], [ -83.803929249647368, 10.267108345015805 ], [ -83.80557101577665, 10.26752243143437 ], [ -83.804682515364078, 10.268666392556787 ], [ -83.80547197981366, 10.270130023445986 ], [ -83.805746664516889, 10.275154027466426 ], [ -83.806257704794604, 10.276768250202824 ], [ -83.807350485611011, 10.276415309933402 ], [ -83.808460312740621, 10.27758761566413 ], [ -83.808204915450887, 10.278987567843876 ], [ -83.809466821729231, 10.281581900202163 ], [ -83.809295356038106, 10.282805617871421 ], [ -83.818244777972936, 10.283110614373735 ], [ -83.821131035436096, 10.286645338111466 ], [ -83.826110577353845, 10.290308866193516 ], [ -83.825907008939609, 10.291509680475929 ], [ -83.824295600724724, 10.293149916243035 ], [ -83.824688842145434, 10.294075461589657 ], [ -83.823545290975744, 10.297235279657553 ], [ -83.823751276460243, 10.298675541424899 ], [ -83.82633052630753, 10.30272652901315 ], [ -83.82580332047759, 10.305783324276959 ], [ -83.829226269781572, 10.308495190393137 ], [ -83.83227556761581, 10.309653785885693 ], [ -83.835173106757566, 10.312394381632989 ], [ -83.835535596943231, 10.315604470443445 ], [ -83.838394351485547, 10.318662574200403 ], [ -83.84158430595734, 10.329059498960669 ], [ -83.848884795105448, 10.336068614353387 ], [ -83.849999947768694, 10.338465415312974 ], [ -83.851085397223926, 10.349424391420591 ], [ -83.853812049565718, 10.354814263602252 ], [ -83.856855762249509, 10.365086728495269 ], [ -83.86214735845661, 10.372157743784552 ], [ -83.869093975138568, 10.379544260117529 ], [ -83.874991150368032, 10.389182617223415 ], [ -83.880430426820254, 10.402164531711218 ], [ -83.879415493821142, 10.408666770255765 ], [ -83.875315003269449, 10.4163591553597 ], [ -83.874962157948517, 10.424852004111816 ], [ -83.87401747453022, 10.429009475671 ], [ -83.866476923543416, 10.435369493257976 ], [ -83.859733633368236, 10.43782476361795 ], [ -83.859356322627718, 10.444605738165409 ], [ -83.85602337263461, 10.446591694887628 ], [ -83.85351952184206, 10.447118852309989 ], [ -83.846371563794321, 10.444807391609551 ], [ -83.844695013625042, 10.445070286908727 ], [ -83.842187331835774, 10.448030700810545 ], [ -83.839315517371517, 10.455105111373317 ], [ -83.832871736533249, 10.459607828340442 ], [ -83.830990185372784, 10.462215196890785 ], [ -83.830895311778491, 10.46562173605545 ], [ -83.831942775286578, 10.467481579753722 ], [ -83.838036970844698, 10.47213659069225 ], [ -83.838614365495459, 10.474482352083655 ], [ -83.836461962406531, 10.47872630802955 ], [ -83.830958462649875, 10.481947400965757 ], [ -83.829880410687053, 10.485175419405898 ], [ -83.830366228347714, 10.488848328628448 ], [ -83.82830452075207, 10.492163275015958 ], [ -83.828122057370905, 10.494419359540792 ], [ -83.832187204824208, 10.496239719042128 ], [ -83.830862086414101, 10.50144274270372 ], [ -83.831115968538612, 10.503393237456773 ], [ -83.83915636726411, 10.511545307739802 ], [ -83.839326378013567, 10.51239343443374 ], [ -83.837564710526024, 10.515739770083707 ], [ -83.838382295894874, 10.526954058060522 ], [ -83.8378381579125, 10.532400741604091 ], [ -83.840397822155694, 10.539230014279013 ], [ -83.84176748076726, 10.540037601126997 ], [ -83.845366238817888, 10.540000727789781 ], [ -83.846148993888022, 10.546297311608528 ], [ -83.84310338509205, 10.548709057289571 ], [ -83.844257489432138, 10.550406553533458 ], [ -83.846486047891787, 10.549943639394849 ], [ -83.847341128097284, 10.551089556828936 ], [ -83.845041569069835, 10.555855275313688 ], [ -83.845700979503846, 10.558844999687972 ], [ -83.844022553481523, 10.563632852095148 ], [ -83.840376531488374, 10.566298002507292 ], [ -83.840289366020286, 10.56723051638747 ], [ -83.842622341155732, 10.568569497968575 ], [ -83.843815966294116, 10.572429097413684 ], [ -83.841585303644422, 10.574121394373522 ], [ -83.841154103481429, 10.575858843732121 ], [ -83.839437765412868, 10.577424732930931 ], [ -83.83789190676579, 10.580623609119954 ], [ -83.836706582930205, 10.583970218759561 ], [ -83.838669989370771, 10.588763679914214 ], [ -83.836741009047358, 10.589269396269783 ], [ -83.836268055808432, 10.590286093737669 ], [ -83.83887543744072, 10.594317479684189 ], [ -83.841359479943861, 10.595084392375366 ], [ -83.841992749141582, 10.601105165272944 ], [ -83.845652083530581, 10.603887516652819 ], [ -83.845605527315684, 10.606261449908821 ], [ -83.843420611368416, 10.605961350890722 ], [ -83.843410480276376, 10.608719895609671 ], [ -83.799282360033175, 10.608709738601211 ], [ -83.628368621618677, 10.543314875720196 ] ] ] } },
{ "type": "Feature", "properties": { "cod_distrito": 41004, "distrito": "Llanuras del Gaspar", "canton": "Sarapiquí" }, "geometry": { "type": "Polygon", "coordinates": [ [ [ -83.783163632817775, 10.771951301010315 ], [ -83.77646042167946, 10.771537249696829 ], [ -83.76527900965182, 10.768782329822008 ], [ -83.764415791979104, 10.768784811530752 ], [ -83.762746547461035, 10.77180773366989 ], [ -83.752330410087481, 10.769136676845354 ], [ -83.748062655838865, 10.766007620558197 ], [ -83.741314482774328, 10.757939706881018 ], [ -83.737733925517006, 10.7524312132071 ], [ -83.732558206043194, 10.738845842040297 ], [ -83.733072048086527, 10.736610007013807 ], [ -83.740428973128189, 10.730355744595954 ], [ -83.741009114623566, 10.725883212331917 ], [ -83.739390160644476, 10.721087063403569 ], [ -83.730718172171748, 10.713328079300723 ], [ -83.71652087889241, 10.703395190448312 ], [ -83.712720341343612, 10.696062901878406 ], [ -83.709956201826955, 10.692542542194845 ], [ -83.712422869242587, 10.692829329231481 ], [ -83.719440031904639, 10.691828575985641 ], [ -83.724808582015172, 10.694043768329712 ], [ -83.728776331637391, 10.694359975961019 ], [ -83.730257238449155, 10.693289688141205 ], [ -83.735312339264823, 10.692358386640095 ], [ -83.738112553730659, 10.693098584068732 ], [ -83.742111527371989, 10.692620900536102 ], [ -83.74839600330283, 10.693836299922989 ], [ -83.750118946323781, 10.695956320808728 ], [ -83.75610288545073, 10.69563038354903 ], [ -83.759003067277362, 10.69909957770777 ], [ -83.760926445791284, 10.698068634016273 ], [ -83.765083256815316, 10.699375027205708 ], [ -83.770914157499533, 10.696258104651752 ], [ -83.772863952448745, 10.694024363378317 ], [ -83.775197055936715, 10.688231064111193 ], [ -83.779813094463535, 10.684245863263998 ], [ -83.780673549742872, 10.67902730407322 ], [ -83.782051712208286, 10.676744403140985 ], [ -83.783608885341792, 10.676386242416672 ], [ -83.786390530995604, 10.671195009550161 ], [ -83.785733946534862, 10.665212207065991 ], [ -83.787470700101636, 10.657666372825599 ], [ -83.79260395220382, 10.656006872327531 ], [ -83.796548966554752, 10.653013540098311 ], [ -83.800714677398574, 10.653539176435771 ], [ -83.807435107739181, 10.651854027584351 ], [ -83.809120734871541, 10.652361459144727 ], [ -83.811734737834954, 10.64855268314445 ], [ -83.812484448969272, 10.64939501053783 ], [ -83.815657967471196, 10.650002948181182 ], [ -83.817770764173872, 10.649291410652602 ], [ -83.818977422830542, 10.648045699835754 ], [ -83.822009676531891, 10.648372976863264 ], [ -83.824705041521753, 10.646709055802379 ], [ -83.827794743661983, 10.646559740665879 ], [ -83.830461916470639, 10.644769565645486 ], [ -83.835581263090049, 10.645259986981557 ], [ -83.838771165649774, 10.643913878148684 ], [ -83.840773828042629, 10.640401463354259 ], [ -83.840264649740874, 10.637178829048484 ], [ -83.842047961454341, 10.634108100286964 ], [ -83.842395463779155, 10.631141139029632 ], [ -83.840858665936523, 10.627365812388977 ], [ -83.841311732740351, 10.625395243004112 ], [ -83.840070462626102, 10.624460683923532 ], [ -83.840466310736574, 10.61801758070875 ], [ -83.841883034920301, 10.61636644787726 ], [ -83.841842653937206, 10.614797845632777 ], [ -83.843750389495867, 10.614270867341698 ], [ -83.844995146497226, 10.612958595130234 ], [ -83.844097121797489, 10.611770220647529 ], [ -83.844314630350681, 10.609693302886361 ], [ -83.843288334604026, 10.608335151134442 ], [ -83.843377092203554, 10.60638521607877 ], [ -83.843892165036465, 10.605834899041263 ], [ -83.845605527315684, 10.606261449908821 ], [ -83.845652083530581, 10.603887516652819 ], [ -83.841992749141582, 10.601105165272944 ], [ -83.841359479943861, 10.595084392375366 ], [ -83.83887543744072, 10.594317479684189 ], [ -83.836268055808432, 10.590286093737669 ], [ -83.836741009047358, 10.589269396269783 ], [ -83.838669989370771, 10.588763679914214 ], [ -83.836706582930205, 10.583970218759561 ], [ -83.83789190676579, 10.580623609119954 ], [ -83.944754411684499, 10.580464023751729 ], [ -83.944362738079789, 10.58268354218891 ], [ -83.941994745746769, 10.586321454815645 ], [ -83.936741949275117, 10.588105802534541 ], [ -83.935364159635157, 10.589347292023634 ], [ -83.934823385553543, 10.591122615036745 ], [ -83.938957953080745, 10.593427740561982 ], [ -83.940570960028253, 10.596537544712598 ], [ -83.939019090260857, 10.597702759531629 ], [ -83.934424943794397, 10.598610894590356 ], [ -83.932916344265166, 10.601286209035322 ], [ -83.933060125179324, 10.603108538791657 ], [ -83.934449036765898, 10.604389598208304 ], [ -83.937860311072271, 10.604985360481342 ], [ -83.938192257910842, 10.606755479992731 ], [ -83.93714055129972, 10.610115649783411 ], [ -83.935250347221881, 10.612402818121351 ], [ -83.935225878164701, 10.62039714506416 ], [ -83.934153395795121, 10.623191797965514 ], [ -83.9338222717641, 10.628319411796122 ], [ -83.930327405076113, 10.63112114946378 ], [ -83.927814356694896, 10.631122405610167 ], [ -83.924481384686942, 10.629848615210207 ], [ -83.922443345477106, 10.630468958386784 ], [ -83.921699878015417, 10.631454779059657 ], [ -83.922285077372734, 10.632259862557957 ], [ -83.92133400366609, 10.632306796848489 ], [ -83.921142742914867, 10.633843497428257 ], [ -83.922121677460183, 10.634591690924506 ], [ -83.921391944395751, 10.63529171307664 ], [ -83.923519284679799, 10.637325768470774 ], [ -83.922470991743822, 10.639441612886628 ], [ -83.920215655575461, 10.640225218150018 ], [ -83.920433584226913, 10.641118701420504 ], [ -83.922072103870079, 10.641987129302914 ], [ -83.9215476392543, 10.646284616920832 ], [ -83.923401480582186, 10.649123919526273 ], [ -83.923356262465958, 10.650758294401021 ], [ -83.925406951303657, 10.650566236341323 ], [ -83.925311383493323, 10.651761525753116 ], [ -83.926486698244489, 10.653566095198345 ], [ -83.92618847752081, 10.6541200244572 ], [ -83.92492570685188, 10.653142586469844 ], [ -83.925345489579925, 10.654480682954238 ], [ -83.92382109788052, 10.656591665423603 ], [ -83.925557750375617, 10.656585827555549 ], [ -83.925233687932817, 10.658105998811655 ], [ -83.926172772477642, 10.657256462151395 ], [ -83.928108360360966, 10.657124899693004 ], [ -83.929186479082006, 10.65836662012901 ], [ -83.933111571776692, 10.659803902651094 ], [ -83.933226413988606, 10.662811727322259 ], [ -83.932007749125262, 10.664424884471194 ], [ -83.933179957307189, 10.665516494532358 ], [ -83.932793512941885, 10.66624633643899 ], [ -83.934420716491431, 10.666882124760718 ], [ -83.934006297599311, 10.669232455256644 ], [ -83.934682988810266, 10.670088459676878 ], [ -83.933752007257652, 10.6704885988333 ], [ -83.933959378961504, 10.672483407236262 ], [ -83.93323475832733, 10.673819710225212 ], [ -83.932224638001969, 10.673169004619524 ], [ -83.93119994712761, 10.674836964234675 ], [ -83.927920034635534, 10.674592116376317 ], [ -83.926993395457416, 10.675204077956188 ], [ -83.927128198881277, 10.674138589338057 ], [ -83.925929406959142, 10.674074756146867 ], [ -83.926412084637278, 10.676167404572215 ], [ -83.925396730187614, 10.675706364179433 ], [ -83.92508357328893, 10.676579659932505 ], [ -83.926272329545611, 10.677366329263927 ], [ -83.924493604200066, 10.677926264246722 ], [ -83.926230180733754, 10.679641187758079 ], [ -83.926882749460461, 10.679374283438717 ], [ -83.926734378227238, 10.681169455069554 ], [ -83.927661126858681, 10.68190560177378 ], [ -83.927172404353001, 10.682472794045387 ], [ -83.928702073900979, 10.684164131360765 ], [ -83.926867666049063, 10.685456976470617 ], [ -83.926311985735907, 10.686689048629418 ], [ -83.926730414843178, 10.687643057901672 ], [ -83.925868198560238, 10.688689041705768 ], [ -83.92702419816834, 10.689482774180277 ], [ -83.926493530519096, 10.690979579959064 ], [ -83.927675329129229, 10.690746748735091 ], [ -83.927887720096166, 10.691903119970318 ], [ -83.930008568129495, 10.69326720052635 ], [ -83.926615856651836, 10.695624631891622 ], [ -83.92600493604931, 10.695228989190495 ], [ -83.923537791370535, 10.696226108601273 ], [ -83.924057581132743, 10.697001092115357 ], [ -83.923017048744455, 10.696532213581326 ], [ -83.9233605557217, 10.69818044169944 ], [ -83.922507208198184, 10.697324016914992 ], [ -83.921746844303584, 10.697778017541843 ], [ -83.92230544623375, 10.698288830198095 ], [ -83.920863711979464, 10.699344410546718 ], [ -83.921900528434264, 10.702409706172455 ], [ -83.920798299927355, 10.703728274263554 ], [ -83.920720287260536, 10.705138846773488 ], [ -83.918233697490237, 10.707741232208166 ], [ -83.919145868727725, 10.709865226745055 ], [ -83.913769180408906, 10.71129933345496 ], [ -83.90859011370236, 10.71421762214394 ], [ -83.897358085322082, 10.717951967442179 ], [ -83.890363982015131, 10.721792208447889 ], [ -83.877060051449902, 10.719238481012308 ], [ -83.869714101860708, 10.715855999089658 ], [ -83.862790983945473, 10.717532394535688 ], [ -83.858498164339835, 10.72103050922537 ], [ -83.85302526673027, 10.729523759890512 ], [ -83.848151853742038, 10.73469565372163 ], [ -83.844675890496731, 10.739876481902717 ], [ -83.840875210886878, 10.74349791262051 ], [ -83.823734095982687, 10.749210364318362 ], [ -83.821447051887034, 10.749063404987474 ], [ -83.813571118260143, 10.746062653276399 ], [ -83.811275266351615, 10.746305840882629 ], [ -83.808419784745325, 10.748236786090969 ], [ -83.806368120940689, 10.751661932967304 ], [ -83.799521457661712, 10.755462488449391 ], [ -83.797605760686821, 10.758935761128745 ], [ -83.795690334775315, 10.765206513424129 ], [ -83.792982360729425, 10.769124792825167 ], [ -83.78617374674775, 10.770424763167096 ], [ -83.783163632817775, 10.771951301010315 ] ] ] } },
{ "type": "Feature", "properties": { "cod_distrito": 41001, "distrito": "Puerto Viejo", "canton": "Sarapiquí" }, "geometry": { "type": "Polygon", "coordinates": [ [ [ -83.931691214779448, 10.707511217341777 ], [ -83.929499891737649, 10.70844896527286 ], [ -83.919503883195389, 10.709857932232749 ], [ -83.91820632027661, 10.708113961775499 ], [ -83.91965671062087, 10.705628174910755 ], [ -83.920720287260536, 10.705138846773488 ], [ -83.920798299927355, 10.703728274263554 ], [ -83.921900528434264, 10.702409706172455 ], [ -83.920863711979464, 10.699344410546718 ], [ -83.92230544623375, 10.698288830198095 ], [ -83.921746844303584, 10.697778017541843 ], [ -83.922507208198184, 10.697324016914992 ], [ -83.9233605557217, 10.69818044169944 ], [ -83.923017048744455, 10.696532213581326 ], [ -83.924057581132743, 10.697001092115357 ], [ -83.923537791370535, 10.696226108601273 ], [ -83.92600493604931, 10.695228989190495 ], [ -83.926615856651836, 10.695624631891622 ], [ -83.930008568129495, 10.69326720052635 ], [ -83.927887720096166, 10.691903119970318 ], [ -83.927675329129229, 10.690746748735091 ], [ -83.926493530519096, 10.690979579959064 ], [ -83.92702419816834, 10.689482774180277 ], [ -83.925868198560238, 10.688689041705768 ], [ -83.926730414843178, 10.687643057901672 ], [ -83.926311985735907, 10.686689048629418 ], [ -83.926867666049063, 10.685456976470617 ], [ -83.928702073900979, 10.684164131360765 ], [ -83.927172404353001, 10.682472794045387 ], [ -83.927661126858681, 10.68190560177378 ], [ -83.926734378227238, 10.681169455069554 ], [ -83.926882749460461, 10.679374283438717 ], [ -83.926230180733754, 10.679641187758079 ], [ -83.924493604200066, 10.677926264246722 ], [ -83.926272329545611, 10.677366329263927 ], [ -83.92508357328893, 10.676579659932505 ], [ -83.925396730187614, 10.675706364179433 ], [ -83.926412084637278, 10.676167404572215 ], [ -83.925929406959142, 10.674074756146867 ], [ -83.927128198881277, 10.674138589338057 ], [ -83.926993395457416, 10.675204077956188 ], [ -83.927920034635534, 10.674592116376317 ], [ -83.93119994712761, 10.674836964234675 ], [ -83.932224638001969, 10.673169004619524 ], [ -83.93323475832733, 10.673819710225212 ], [ -83.933959378961504, 10.672483407236262 ], [ -83.933752007257652, 10.6704885988333 ], [ -83.934682988810266, 10.670088459676878 ], [ -83.934006297599311, 10.669232455256644 ], [ -83.934420716491431, 10.666882124760718 ], [ -83.932793512941885, 10.66624633643899 ], [ -83.933179957307189, 10.665516494532358 ], [ -83.932007749125262, 10.664424884471194 ], [ -83.933226413988606, 10.662811727322259 ], [ -83.933111571776692, 10.659803902651094 ], [ -83.929186479082006, 10.65836662012901 ], [ -83.928108360360966, 10.657124899693004 ], [ -83.926172772477642, 10.657256462151395 ], [ -83.925233687932817, 10.658105998811655 ], [ -83.925557750375617, 10.656585827555549 ], [ -83.92382109788052, 10.656591665423603 ], [ -83.925345489579925, 10.654480682954238 ], [ -83.92492570685188, 10.653142586469844 ], [ -83.92618847752081, 10.6541200244572 ], [ -83.9264795463003, 10.653521703432657 ], [ -83.925311383493323, 10.651761525753116 ], [ -83.925406951303657, 10.650566236341323 ], [ -83.923327676230343, 10.650711694826764 ], [ -83.923401480582186, 10.649123919526273 ], [ -83.921531138133474, 10.646187963775731 ], [ -83.922072103870079, 10.641987129302914 ], [ -83.920433584226913, 10.641118701420504 ], [ -83.920204312344396, 10.640289767933133 ], [ -83.922470991743822, 10.639441612886628 ], [ -83.923365629253837, 10.638176407610217 ], [ -83.923466778571196, 10.637075393025526 ], [ -83.921453809133922, 10.635397473359072 ], [ -83.922110061589848, 10.634507874261061 ], [ -83.921142742914867, 10.633843497428257 ], [ -83.92137979680318, 10.632191307641147 ], [ -83.922285077372734, 10.632259862557957 ], [ -83.921699878015417, 10.631454779059657 ], [ -83.922443345477106, 10.630468958386784 ], [ -83.924667329309372, 10.629850591895561 ], [ -83.927814356694896, 10.631122405610167 ], [ -83.930199309407811, 10.631157002316675 ], [ -83.9338222717641, 10.628319411796122 ], [ -83.934153395795121, 10.623191797965514 ], [ -83.935225878164701, 10.62039714506416 ], [ -83.935250347221881, 10.612402818121351 ], [ -83.93714055129972, 10.610115649783411 ], [ -83.938192257910842, 10.606755479992731 ], [ -83.937860311072271, 10.604985360481342 ], [ -83.934449036765898, 10.604389598208304 ], [ -83.933060125179324, 10.603108538791657 ], [ -83.932916344265166, 10.601286209035322 ], [ -83.934424943794397, 10.598610894590356 ], [ -83.939019090260857, 10.597702759531629 ], [ -83.940570960028253, 10.596537544712598 ], [ -83.938957953080745, 10.593427740561982 ], [ -83.934823385553543, 10.591122615036745 ], [ -83.935364159635157, 10.589347292023634 ], [ -83.936741949275117, 10.588105802534541 ], [ -83.941994745746769, 10.586321454815645 ], [ -83.944362738079789, 10.58268354218891 ], [ -83.944754411684499, 10.580464023751729 ], [ -83.83789190676579, 10.580623609119954 ], [ -83.839437765412868, 10.577424732930931 ], [ -83.841154103481429, 10.575858843732121 ], [ -83.841585303644422, 10.574121394373522 ], [ -83.843729612538567, 10.572852899057377 ], [ -83.842622341155732, 10.568569497968575 ], [ -83.840309151835513, 10.566668361298614 ], [ -83.840720229019738, 10.565705031712126 ], [ -83.844022553481523, 10.563632852095148 ], [ -83.845700979503846, 10.558844999687972 ], [ -83.845041569069835, 10.555855275313688 ], [ -83.847341128097284, 10.551089556828936 ], [ -83.846486047891787, 10.549943639394849 ], [ -83.844257489432138, 10.550406553533458 ], [ -83.84310338509205, 10.548709057289571 ], [ -83.846148993888022, 10.546297311608528 ], [ -83.845366238817888, 10.540000727789781 ], [ -83.84176748076726, 10.540037601126997 ], [ -83.840397822155694, 10.539230014279013 ], [ -83.8378381579125, 10.532400741604091 ], [ -83.838382295894874, 10.526954058060522 ], [ -83.837564710526024, 10.515739770083707 ], [ -83.839326378013567, 10.51239343443374 ], [ -83.83915636726411, 10.511545307739802 ], [ -83.831115968538612, 10.503393237456773 ], [ -83.830862086414101, 10.50144274270372 ], [ -83.832187204824208, 10.496239719042128 ], [ -83.828122057370905, 10.494419359540792 ], [ -83.82830452075207, 10.492163275015958 ], [ -83.830366228347714, 10.488848328628448 ], [ -83.829880410687053, 10.485175419405898 ], [ -83.830958462649875, 10.481947400965757 ], [ -83.836461962406531, 10.47872630802955 ], [ -83.838614365495459, 10.474482352083655 ], [ -83.838036970844698, 10.47213659069225 ], [ -83.831942775286578, 10.467481579753722 ], [ -83.830895311778491, 10.46562173605545 ], [ -83.830990185372784, 10.462215196890785 ], [ -83.832082762046639, 10.460656952645923 ], [ -83.945272050455969, 10.460750386481449 ], [ -83.942315769350657, 10.458768912374588 ], [ -83.935909084175364, 10.449493820244259 ], [ -83.935017423562627, 10.446362201017433 ], [ -83.935392293962437, 10.442359106807672 ], [ -83.940051763110716, 10.442708448229645 ], [ -83.940935038452153, 10.444518039186857 ], [ -83.942363825619637, 10.445167930709655 ], [ -83.957662090151686, 10.44080995816846 ], [ -83.971143090423169, 10.443882638575628 ], [ -83.974849366804733, 10.443041884418234 ], [ -83.978401026450271, 10.440794140813365 ], [ -83.987931779997552, 10.441647431604782 ], [ -83.993571976299762, 10.440082408669211 ], [ -83.996087563129976, 10.441890743618561 ], [ -84.006192939842066, 10.443671100200568 ], [ -84.006073703240986, 10.438617839650503 ], [ -84.01109028059247, 10.439117180590177 ], [ -84.010150532221346, 10.440248048617866 ], [ -84.011082080792974, 10.444057548184231 ], [ -84.013252394557, 10.444265595370094 ], [ -84.014793597655213, 10.443387614535181 ], [ -84.01310596488328, 10.440936904419678 ], [ -84.013450927915869, 10.440175304449182 ], [ -84.018642291371947, 10.44031666371011 ], [ -84.019133744024629, 10.437597242951277 ], [ -84.019741394857249, 10.437272683717282 ], [ -84.021199100615235, 10.437655656293778 ], [ -84.022488434351999, 10.439736981841952 ], [ -84.024485836066148, 10.438598559745287 ], [ -84.02531109827477, 10.435178758430551 ], [ -84.02463739197448, 10.432782224405791 ], [ -84.025206565301303, 10.432268697772425 ], [ -84.028215431479936, 10.432883261455228 ], [ -84.030230723090298, 10.43615098087272 ], [ -84.034465306333303, 10.436546648484242 ], [ -84.034721508324367, 10.438199482469839 ], [ -84.034002270623262, 10.439212956579006 ], [ -84.034748340975938, 10.439824284251541 ], [ -84.040914842342602, 10.437796971042966 ], [ -84.041463758264882, 10.44035917351882 ], [ -84.043591187516341, 10.441484010792799 ], [ -84.044059696721405, 10.443314365668513 ], [ -84.049183142382958, 10.445018407659587 ], [ -84.055454933539934, 10.450234690827974 ], [ -84.061433473467886, 10.449512858370108 ], [ -84.065579386564949, 10.450744506757649 ], [ -84.068432684601035, 10.44908875075371 ], [ -84.071129794174141, 10.448575822599853 ], [ -84.07495667698069, 10.44933780294798 ], [ -84.074846338665012, 10.453918259286269 ], [ -84.074059624974822, 10.455818148318517 ], [ -84.066568115523523, 10.459780382753141 ], [ -84.064893030545434, 10.461393610809381 ], [ -84.064420991981507, 10.466981371422706 ], [ -84.063187093402348, 10.467857884955615 ], [ -84.06316434170661, 10.470776002155768 ], [ -84.065839704754126, 10.47389034783585 ], [ -84.068764500560761, 10.475104044759581 ], [ -84.068864260837046, 10.478813641241841 ], [ -84.068097227573944, 10.480227783955222 ], [ -84.072576283414534, 10.484967275328851 ], [ -84.071876255618932, 10.488169077999281 ], [ -84.073828731228403, 10.491139100912363 ], [ -84.074612135395014, 10.495709795106389 ], [ -84.077031096817379, 10.495937537593855 ], [ -84.076537236042171, 10.497607539999782 ], [ -84.07798021927951, 10.498965384704631 ], [ -84.077197974656329, 10.501837605753559 ], [ -84.079234129414203, 10.506404799669863 ], [ -84.079101181507525, 10.509488590912197 ], [ -84.080480430432473, 10.509995245484134 ], [ -84.082287081795158, 10.50898517381756 ], [ -84.082057855613797, 10.511413014897419 ], [ -84.079443386677454, 10.511958667339721 ], [ -84.081180997630256, 10.513413955677011 ], [ -84.081037386067237, 10.514221437913148 ], [ -84.079153087032807, 10.515725589196412 ], [ -84.077504660493389, 10.514112613942814 ], [ -84.075770525091244, 10.514280562724561 ], [ -84.076229098683598, 10.51737808073171 ], [ -84.078057175116143, 10.516784253843028 ], [ -84.078661796147301, 10.518196809746325 ], [ -84.076180898339899, 10.518534288013587 ], [ -84.075603377264727, 10.520202242835545 ], [ -84.073330246393368, 10.519032930109853 ], [ -84.074204934568741, 10.520292453784142 ], [ -84.073551468204954, 10.520894885991243 ], [ -84.070822084927855, 10.518851045174017 ], [ -84.069065157887053, 10.520654967039674 ], [ -84.07028921450366, 10.52205970836606 ], [ -84.068500827702039, 10.5237108585646 ], [ -84.068169076624045, 10.525492423077464 ], [ -84.06504083541445, 10.52517345647734 ], [ -84.063780942756424, 10.526809882100883 ], [ -84.062040203477423, 10.526734058415023 ], [ -84.06244179696867, 10.527847547163432 ], [ -84.061695377427384, 10.527773939230062 ], [ -84.060971224764387, 10.526051876417522 ], [ -84.057983112188978, 10.525805997291391 ], [ -84.055644282938061, 10.526481522236331 ], [ -84.055383599502903, 10.526964767396933 ], [ -84.056778816590509, 10.526905633465434 ], [ -84.057189075096233, 10.527870860222817 ], [ -84.054385397432597, 10.528473438333535 ], [ -84.053410773670734, 10.529998732182554 ], [ -84.052288997088922, 10.530354514941477 ], [ -84.051966830296507, 10.528863534863158 ], [ -84.051089985109542, 10.530146538591598 ], [ -84.051705310020907, 10.530964581253604 ], [ -84.050338860423437, 10.530788133918593 ], [ -84.04962522453603, 10.531505016971858 ], [ -84.050204475733253, 10.53371726339285 ], [ -84.048668927022192, 10.53247544600517 ], [ -84.04811517558835, 10.533432539690191 ], [ -84.048580096714403, 10.534537920358767 ], [ -84.047679992228694, 10.535181971625962 ], [ -84.045739068495337, 10.532660960361527 ], [ -84.045406198731683, 10.534566680424069 ], [ -84.043733864723222, 10.536513786720613 ], [ -84.044393652560487, 10.538087112034216 ], [ -84.043025217448346, 10.538833062545679 ], [ -84.044287106699429, 10.53957967052704 ], [ -84.043197673625698, 10.542223202784564 ], [ -84.043688241730408, 10.543122398343336 ], [ -84.044955462718704, 10.543394496351208 ], [ -84.044843638627256, 10.544293137193556 ], [ -84.043727779759465, 10.544538431650984 ], [ -84.041781359549361, 10.546549114118095 ], [ -84.039734118242578, 10.547048875722711 ], [ -84.039358203030517, 10.546463410908883 ], [ -84.037749700617567, 10.54697125359168 ], [ -84.03538792364651, 10.546372428741225 ], [ -84.0353355569857, 10.547483724962721 ], [ -84.033779174946403, 10.547663075465509 ], [ -84.033097307981762, 10.549153769537167 ], [ -84.031499820684459, 10.548756984415851 ], [ -84.029993582112368, 10.549854947648528 ], [ -84.030184377514729, 10.551395423818683 ], [ -84.028440402060454, 10.555541612319466 ], [ -84.026532078349476, 10.55485895462574 ], [ -84.027377944123458, 10.553536726654418 ], [ -84.026776051540025, 10.553077314128624 ], [ -84.025606326077167, 10.554788537457858 ], [ -84.025809322557095, 10.55619836262035 ], [ -84.023108727435087, 10.554903440291534 ], [ -84.024733258092496, 10.556911609066777 ], [ -84.024533842816808, 10.558596381977933 ], [ -84.020166480830767, 10.560286575336145 ], [ -84.019104074510381, 10.558337039157177 ], [ -84.018418526554058, 10.560126034150716 ], [ -84.018930559593201, 10.561844405803011 ], [ -84.016570396502672, 10.562487839228021 ], [ -84.01517592267497, 10.561883397060159 ], [ -84.014128496516918, 10.563003725001828 ], [ -84.014189436417681, 10.56392762639104 ], [ -84.012624528724203, 10.563715864202942 ], [ -84.012739430644061, 10.565237077117979 ], [ -84.010602279904887, 10.565113163873741 ], [ -84.0112009581471, 10.567101273756185 ], [ -84.009984755264242, 10.567900958826547 ], [ -84.010017764400402, 10.569352083130115 ], [ -84.009082952539472, 10.569987542825457 ], [ -84.010820031931544, 10.572815136929526 ], [ -84.008999424023429, 10.573377213294963 ], [ -84.00908736080369, 10.576213429053759 ], [ -84.008046171677506, 10.577755385161371 ], [ -84.006788783289636, 10.578193088626985 ], [ -84.00268247480372, 10.584797771347958 ], [ -84.004763658008883, 10.589583220990768 ], [ -84.004595131421013, 10.591487182192267 ], [ -84.003477458571879, 10.592464917853114 ], [ -84.00091704425904, 10.592856992126428 ], [ -83.997670276643078, 10.591223811202479 ], [ -83.996299721952141, 10.591272321484386 ], [ -83.99476053841569, 10.593448140785606 ], [ -83.993830303174633, 10.596841565242766 ], [ -83.995404786754492, 10.600656623506174 ], [ -83.996157454370831, 10.605443667368634 ], [ -83.995776672351241, 10.607593905087469 ], [ -83.993556940760001, 10.610346092989872 ], [ -83.993190902789934, 10.612281673380942 ], [ -83.994600145555026, 10.613407526046 ], [ -84.000409838681506, 10.61407088668525 ], [ -84.001759241333431, 10.616945290603708 ], [ -84.000726884393259, 10.620287929472296 ], [ -83.994614008976171, 10.621415233981883 ], [ -83.993552919150943, 10.622578270001043 ], [ -83.994500607215898, 10.62468722827909 ], [ -83.99786211529954, 10.626302810087278 ], [ -83.998761390442766, 10.627574338168271 ], [ -83.995302186241545, 10.63152012703152 ], [ -83.995293876217204, 10.633728224958123 ], [ -83.996642591353094, 10.635357843475187 ], [ -83.998971122906354, 10.63575790110267 ], [ -84.000160781213879, 10.636702108938596 ], [ -83.999623420184207, 10.639761016556939 ], [ -83.996238885260382, 10.647017519015197 ], [ -83.999253829062724, 10.650129171803741 ], [ -84.000089699246345, 10.652546086221209 ], [ -84.000283969052219, 10.669311002166362 ], [ -83.99745432330451, 10.672945710340841 ], [ -83.992076387037159, 10.676285565002418 ], [ -83.988903469800931, 10.681006755318997 ], [ -83.987290137945791, 10.680963281618812 ], [ -83.982832854811662, 10.676260229977961 ], [ -83.980777897351558, 10.675936379087075 ], [ -83.977052134778717, 10.67927875202796 ], [ -83.973806590162283, 10.684619673428541 ], [ -83.970173879154444, 10.684615588567707 ], [ -83.961879168149011, 10.678709953878467 ], [ -83.956851535970713, 10.676884582023979 ], [ -83.95500023689857, 10.676928473016286 ], [ -83.95390365357504, 10.678700632116042 ], [ -83.951573917488872, 10.689200387469475 ], [ -83.94888762899015, 10.693053160647036 ], [ -83.943337708907947, 10.697021915192071 ], [ -83.936360471339469, 10.698246126877216 ], [ -83.934420506801374, 10.700163972833595 ], [ -83.933812545556307, 10.70296634930083 ], [ -83.934443344580714, 10.704908647518989 ], [ -83.935950962201431, 10.706296219746662 ], [ -83.940088796796644, 10.707129392010856 ], [ -83.942122438816057, 10.708690441667413 ], [ -83.943138970063288, 10.711083651654727 ], [ -83.942360016391305, 10.713414108567711 ], [ -83.940409996045204, 10.714481935402238 ], [ -83.935894610594431, 10.714683716164444 ], [ -83.93609300723476, 10.713615127236467 ], [ -83.934683188649586, 10.710047259046585 ], [ -83.931691214779448, 10.707511217341777 ] ] ] } },
{ "type": "Feature", "properties": { "cod_distrito": 41005, "distrito": "Cureña", "canton": "Sarapiquí" }, "geometry": { "type": "Polygon", "coordinates": [ [ [ -84.024282542682002, 10.792412635862313 ], [ -84.020855184504441, 10.791537450866031 ], [ -84.017540044360445, 10.788347624176481 ], [ -84.014234499263296, 10.778070165278026 ], [ -84.009398666356347, 10.772796342084339 ], [ -84.008012141617911, 10.768538182443605 ], [ -84.005233127790731, 10.764385236594091 ], [ -83.998732144548299, 10.760345608314756 ], [ -83.997286791147602, 10.759841360342415 ], [ -83.995979958292381, 10.76038392459218 ], [ -83.993827527808392, 10.759476765714552 ], [ -83.992141727081432, 10.758108761704275 ], [ -83.990268293975603, 10.754375773272088 ], [ -83.981209460256778, 10.748177917607446 ], [ -83.971570047170502, 10.74485465232733 ], [ -83.969767541086071, 10.740104561503657 ], [ -83.968889957013417, 10.732162017619158 ], [ -83.96642340758315, 10.728516885311276 ], [ -83.953204163491051, 10.723730464172457 ], [ -83.939941265673866, 10.722239444702611 ], [ -83.936213005664555, 10.720410256377114 ], [ -83.935384985464978, 10.717697199437122 ], [ -83.935894610594431, 10.714683716164444 ], [ -83.938361905654745, 10.714869973183948 ], [ -83.941981207255964, 10.713774726706561 ], [ -83.94306161370308, 10.712193447639764 ], [ -83.943104016194255, 10.710459377799255 ], [ -83.9407550130842, 10.707511015033637 ], [ -83.935950962201431, 10.706296219746662 ], [ -83.934723789643257, 10.70535956667743 ], [ -83.933812545556307, 10.70296634930083 ], [ -83.934690015340962, 10.699577899090393 ], [ -83.936360471339469, 10.698246126877216 ], [ -83.943337708907947, 10.697021915192071 ], [ -83.94888762899015, 10.693053160647036 ], [ -83.951573917488872, 10.689200387469475 ], [ -83.95390365357504, 10.678700632116042 ], [ -83.95500023689857, 10.676928473016286 ], [ -83.956851535970713, 10.676884582023979 ], [ -83.961879168149011, 10.678709953878467 ], [ -83.965323176593103, 10.680717684310824 ], [ -83.96905671007795, 10.684107620181255 ], [ -83.971407802916985, 10.684847294918304 ], [ -83.973806590162283, 10.684619673428541 ], [ -83.977918276422031, 10.678230169223685 ], [ -83.981176786058796, 10.675841007252185 ], [ -83.983134745819285, 10.676511582188933 ], [ -83.987290137945791, 10.680963281618812 ], [ -83.988903469800931, 10.681006755318997 ], [ -83.992076387037159, 10.676285565002418 ], [ -83.99745432330451, 10.672945710340841 ], [ -84.000283969052219, 10.669311002166362 ], [ -84.001417821329738, 10.668817912540085 ], [ -84.002159907198248, 10.665706042758586 ], [ -84.00380600239302, 10.664650659731162 ], [ -84.003910826252849, 10.662600895621111 ], [ -84.00675135388974, 10.660374635432273 ], [ -84.006333845862756, 10.658716936615772 ], [ -84.01562455791769, 10.654882028171407 ], [ -84.01669189966357, 10.653192623137308 ], [ -84.015988877891942, 10.648714114896951 ], [ -84.017398367956446, 10.648494768793006 ], [ -84.019522202782113, 10.649507569139192 ], [ -84.019240605690058, 10.64564429722649 ], [ -84.020935441553391, 10.645848488992385 ], [ -84.02225257374333, 10.643960787859593 ], [ -84.024597600335355, 10.642778105434555 ], [ -84.022709101855469, 10.640670798266484 ], [ -84.022777642754306, 10.638812308672321 ], [ -84.02406500282207, 10.638219442402319 ], [ -84.028390853725682, 10.638827479128727 ], [ -84.030180408918454, 10.638300082492405 ], [ -84.031572057192335, 10.636557518244114 ], [ -84.031142991714788, 10.634382127463516 ], [ -84.031945600756842, 10.633382212929263 ], [ -84.034509340412555, 10.633185067896727 ], [ -84.035477903425829, 10.634475197336769 ], [ -84.038596719210716, 10.63365396840752 ], [ -84.038144225666926, 10.63139237454806 ], [ -84.039748326025801, 10.630163462402056 ], [ -84.03901242586582, 10.628369372058009 ], [ -84.03985229828011, 10.627395090389667 ], [ -84.039727638048277, 10.6260759835521 ], [ -84.042533592621311, 10.621576713704377 ], [ -84.045142081376909, 10.620142154109638 ], [ -84.047661363240238, 10.620064193962472 ], [ -84.048115561414832, 10.616869691850329 ], [ -84.048865065805217, 10.615998806398006 ], [ -84.051659058358339, 10.615627825335469 ], [ -84.052989594356532, 10.617014631567329 ], [ -84.055154474708473, 10.616540321201784 ], [ -84.057048909297833, 10.614551510464539 ], [ -84.056994376231046, 10.612124469538919 ], [ -84.058242261268632, 10.610730077067533 ], [ -84.058820618258579, 10.607701119615184 ], [ -84.060859722441066, 10.606655206988997 ], [ -84.060771740807084, 10.604632171636023 ], [ -84.062633213722819, 10.603094671829203 ], [ -84.065449122632032, 10.604081327379312 ], [ -84.066302915905354, 10.603658315925342 ], [ -84.068155403504619, 10.600511572145066 ], [ -84.068220383048029, 10.598810514338098 ], [ -84.06994259383066, 10.59668447789705 ], [ -84.070867422161697, 10.592072629690117 ], [ -84.07665912845809, 10.591309749358407 ], [ -84.077596967483089, 10.587799520454485 ], [ -84.080450449362402, 10.588846057194162 ], [ -84.080010225201477, 10.591606599302214 ], [ -84.080659541368803, 10.5928717933951 ], [ -84.083364503030339, 10.59044769140074 ], [ -84.084226783667148, 10.593159688357217 ], [ -84.086219094163937, 10.593595972560504 ], [ -84.088208819555277, 10.59298179468778 ], [ -84.090441506106714, 10.591360661655093 ], [ -84.092753668738183, 10.587346541178286 ], [ -84.096615199207875, 10.591269403381096 ], [ -84.098423291113548, 10.591322442224131 ], [ -84.099952803804186, 10.589989998165469 ], [ -84.102564621552645, 10.593244133891051 ], [ -84.106428337607468, 10.593048619265419 ], [ -84.106879216614132, 10.594425885964601 ], [ -84.108711544854017, 10.594956348731879 ], [ -84.108679200614674, 10.592873754588451 ], [ -84.106110860611537, 10.591647343118407 ], [ -84.106187516453573, 10.590689429079085 ], [ -84.109468630846862, 10.589918111937413 ], [ -84.114523409585331, 10.590968946181356 ], [ -84.118004358309776, 10.588157748783589 ], [ -84.120381348802042, 10.589929787542067 ], [ -84.121504110768427, 10.589840773290319 ], [ -84.123682456027595, 10.588033810386323 ], [ -84.122876318906279, 10.585157714934542 ], [ -84.126408707154653, 10.584000189613407 ], [ -84.130157901265221, 10.584107911504432 ], [ -84.131832645186478, 10.582486472354361 ], [ -84.129442142354762, 10.578763649402623 ], [ -84.129974516960715, 10.577736075912274 ], [ -84.132632022176452, 10.576181615119072 ], [ -84.136979646557563, 10.57637332198491 ], [ -84.141290094824583, 10.578202135148144 ], [ -84.141184775878912, 10.575229313564449 ], [ -84.14335951221787, 10.573768774892487 ], [ -84.146611283848586, 10.575850938386838 ], [ -84.149589702126661, 10.574635243897676 ], [ -84.153038847320914, 10.577922650628395 ], [ -84.155024555874576, 10.578248299383811 ], [ -84.157675514577349, 10.575364807421426 ], [ -84.161231917107145, 10.575295123653353 ], [ -84.161214219518271, 10.785316721771002 ], [ -84.156957255472719, 10.786114123843557 ], [ -84.151527988445736, 10.78583136615682 ], [ -84.146376116250238, 10.787289030546489 ], [ -84.139414335346032, 10.787491790928025 ], [ -84.135783833866654, 10.786763800254429 ], [ -84.133655451195537, 10.785462658513815 ], [ -84.132675805152303, 10.783937073577786 ], [ -84.132815530156748, 10.775228715896628 ], [ -84.132171254898296, 10.772087435858653 ], [ -84.128091949847018, 10.766142531633388 ], [ -84.126099018818209, 10.764741247641718 ], [ -84.121038966390145, 10.763696343919376 ], [ -84.119691331737002, 10.764856710250074 ], [ -84.116427631292723, 10.765047714284918 ], [ -84.110341691655179, 10.768748991455421 ], [ -84.105630356702122, 10.774378143255863 ], [ -84.102466023396772, 10.774413200085119 ], [ -84.10068969064848, 10.773775338725438 ], [ -84.092642771209512, 10.767620050241019 ], [ -84.090153639892691, 10.764861725909277 ], [ -84.08520781869467, 10.761399336903295 ], [ -84.085508877951128, 10.760624465281674 ], [ -84.080475064337975, 10.758601251221979 ], [ -84.074697757941493, 10.759900623988157 ], [ -84.070134056065314, 10.759788065259736 ], [ -84.0624014988109, 10.763584443372279 ], [ -84.061288232323449, 10.765424028713817 ], [ -84.062618889243836, 10.767295841462285 ], [ -84.061640723773152, 10.773385200778021 ], [ -84.059639724029907, 10.775951418923626 ], [ -84.055170896698925, 10.778427129300606 ], [ -84.049507669169245, 10.778604073589706 ], [ -84.047675151413173, 10.777952488682409 ], [ -84.04158586052769, 10.770997664296225 ], [ -84.035713351215719, 10.771338464474201 ], [ -84.033244944525379, 10.774006043735353 ], [ -84.033765879312313, 10.776411173921842 ], [ -84.032074331790724, 10.780546594033016 ], [ -84.03237784321766, 10.784060063390728 ], [ -84.031288609984685, 10.787663507643224 ], [ -84.027845616445106, 10.791714367336294 ], [ -84.024282542682002, 10.792412635862313 ] ] ] } },
{ "type": "Feature", "properties": { "cod_distrito": 21006, "distrito": "Pital", "canton": "San Carlos" }, "geometry": { "type": "Polygon", "coordinates": [ [ [ -84.189120928818269, 10.789878378534485 ], [ -84.175427543729469, 10.785924260505556 ], [ -84.173458712746623, 10.786305268328213 ], [ -84.165056613242527, 10.785149559929344 ], [ -84.161214219518271, 10.785316721771002 ], [ -84.161231917107145, 10.575295123653353 ], [ -84.162751143044773, 10.575011619973091 ], [ -84.166185083875774, 10.572363790826424 ], [ -84.172105730288663, 10.573586784656451 ], [ -84.172413636966908, 10.575164090036797 ], [ -84.171192994990406, 10.577046392644885 ], [ -84.174359462862824, 10.577079085052063 ], [ -84.17574406276637, 10.576130662469199 ], [ -84.17701157212457, 10.57375456445871 ], [ -84.179877446146804, 10.572450464679036 ], [ -84.181833820897666, 10.567216085043604 ], [ -84.185208122866726, 10.566551101538399 ], [ -84.186540348660401, 10.565475941841058 ], [ -84.187388168021968, 10.562228459616986 ], [ -84.192125264552359, 10.561889128128257 ], [ -84.193597607832373, 10.559405691508793 ], [ -84.195628605672056, 10.557917276662016 ], [ -84.201927928630667, 10.557489559608232 ], [ -84.203584364595571, 10.556400857654994 ], [ -84.204662772255531, 10.553166510068053 ], [ -84.203475976738417, 10.549016106972257 ], [ -84.205037422619029, 10.54746227181775 ], [ -84.205621468168687, 10.544609341526458 ], [ -84.208389112088355, 10.542963150512444 ], [ -84.209989673951796, 10.540529564350066 ], [ -84.210351173118681, 10.539386244692086 ], [ -84.209558787075053, 10.538518635447607 ], [ -84.210160562246003, 10.536365247518457 ], [ -84.212527359241065, 10.535537154795616 ], [ -84.211683490897187, 10.532893562973957 ], [ -84.211995540675403, 10.530899019021385 ], [ -84.214872907825622, 10.527333282136972 ], [ -84.213962653058942, 10.526309674801114 ], [ -84.210669611122157, 10.52657775187993 ], [ -84.209923906109964, 10.522636112552133 ], [ -84.212528619650357, 10.521046734223377 ], [ -84.213887936579184, 10.518926473978642 ], [ -84.216484962862467, 10.516864037768523 ], [ -84.217574445562605, 10.514306955417261 ], [ -84.220977954986751, 10.512366267326598 ], [ -84.222384223586587, 10.507436255433081 ], [ -84.226046845367094, 10.507548256061442 ], [ -84.228016600279432, 10.5038945347683 ], [ -84.230209525340271, 10.504787633895941 ], [ -84.230337962843038, 10.49944630529394 ], [ -84.231569690484022, 10.499034941307217 ], [ -84.232847650399265, 10.500554796963103 ], [ -84.233594492670449, 10.499578033191728 ], [ -84.233080674082814, 10.498084550352962 ], [ -84.231130366471575, 10.496731552994332 ], [ -84.23299417589746, 10.49392187747244 ], [ -84.230866446421189, 10.487707924797862 ], [ -84.232293938218078, 10.485718367978444 ], [ -84.232060233064161, 10.483715429204718 ], [ -84.233727681435738, 10.481543051041983 ], [ -84.233680771117335, 10.478717539603897 ], [ -84.236203621665624, 10.475133638615318 ], [ -84.235988728094071, 10.473033669495324 ], [ -84.237531664884443, 10.47176762702431 ], [ -84.236444789245567, 10.468665203334101 ], [ -84.238137040934248, 10.467481455233186 ], [ -84.239719933546994, 10.464951767424795 ], [ -84.239308669681975, 10.46325992379162 ], [ -84.242089725003595, 10.456176623141049 ], [ -84.24089278663287, 10.454532640273994 ], [ -84.241094676142836, 10.453061706597845 ], [ -84.243477996105938, 10.450685539085532 ], [ -84.246222882048087, 10.449844485898074 ], [ -84.246411223872727, 10.447570838512112 ], [ -84.247623316674066, 10.446393875340277 ], [ -84.248642171665779, 10.442599490513606 ], [ -84.253051382473473, 10.440649592035028 ], [ -84.254400310452723, 10.438273894304547 ], [ -84.254428528297623, 10.432733976966311 ], [ -84.258347505976644, 10.425551623717308 ], [ -84.256900970454922, 10.421929774795499 ], [ -84.258066035599796, 10.420669492350735 ], [ -84.260341777439564, 10.420046929948835 ], [ -84.260988413022844, 10.418293407024619 ], [ -84.258066511222722, 10.41568327234296 ], [ -84.298750656306922, 10.415675124326686 ], [ -84.299116273408913, 10.420295524357094 ], [ -84.300787509593533, 10.422687656703225 ], [ -84.299054694510517, 10.424281959159719 ], [ -84.2985683195147, 10.4285372968455 ], [ -84.300000132461207, 10.437296342103158 ], [ -84.300841643097385, 10.438258685289938 ], [ -84.300525473168705, 10.440474348859187 ], [ -84.301691152182372, 10.442422768894428 ], [ -84.301286799855646, 10.446026808906433 ], [ -84.303117506022161, 10.446468146626351 ], [ -84.305340930848914, 10.452164210822126 ], [ -84.307835340412623, 10.454249191261621 ], [ -84.308606107577546, 10.458612285210238 ], [ -84.309495632263534, 10.459361765111709 ], [ -84.31160501982869, 10.458780628369327 ], [ -84.314457315111753, 10.461808388486178 ], [ -84.315143487468205, 10.465263120042845 ], [ -84.314490608402451, 10.468857633071437 ], [ -84.315246058151772, 10.469512200898995 ], [ -84.318622863184487, 10.469635204968551 ], [ -84.318651857649627, 10.472084196065827 ], [ -84.320357032728836, 10.475562206048879 ], [ -84.318832120162753, 10.480718774087876 ], [ -84.323069711428133, 10.484185108753941 ], [ -84.323441768088983, 10.488217253250992 ], [ -84.325108877752655, 10.490920415627436 ], [ -84.324303179618965, 10.494359389426972 ], [ -84.321368657148099, 10.497348602220278 ], [ -84.320389710436586, 10.501674877069382 ], [ -84.317766044562916, 10.507806388378709 ], [ -84.316234620270194, 10.508913127520756 ], [ -84.315358984243886, 10.513100387193806 ], [ -84.315862545109468, 10.513846258259003 ], [ -84.317854788584782, 10.513366354380002 ], [ -84.318956924230179, 10.514048889186949 ], [ -84.31892483801893, 10.515756966781593 ], [ -84.317622256404448, 10.518507132957936 ], [ -84.320092508485004, 10.526304409625405 ], [ -84.322585222272679, 10.5292880747984 ], [ -84.325455229751228, 10.528463151195046 ], [ -84.327845927128195, 10.532110279478587 ], [ -84.326993312405691, 10.536640875073203 ], [ -84.328742436331893, 10.535921969105424 ], [ -84.329263715516518, 10.536303349428261 ], [ -84.329329416676771, 10.539591472528238 ], [ -84.328744329589028, 10.540343773168804 ], [ -84.326384585246842, 10.540853280002034 ], [ -84.325305045824052, 10.543194330556938 ], [ -84.325350516532509, 10.544898868414322 ], [ -84.32632324906649, 10.549189066218409 ], [ -84.330206874229575, 10.550000815486442 ], [ -84.329157343320901, 10.552942779590817 ], [ -84.325139203383912, 10.555387189834711 ], [ -84.325404644585163, 10.556399291827669 ], [ -84.328226064062378, 10.558979051338012 ], [ -84.325190759017389, 10.562373523619829 ], [ -84.328617943603234, 10.563310719177197 ], [ -84.329162856625089, 10.565381321575025 ], [ -84.328525505520403, 10.568743307386272 ], [ -84.330955419384736, 10.569786346072048 ], [ -84.32974135600611, 10.579316533978458 ], [ -84.330053341952109, 10.580092402331529 ], [ -84.331263679193583, 10.580072020719015 ], [ -84.332715600424436, 10.581249668976184 ], [ -84.33230082701111, 10.585444259822843 ], [ -84.332814812486731, 10.586565233971006 ], [ -84.331695664093488, 10.591319610147552 ], [ -84.333700108407015, 10.596019918730725 ], [ -84.332742858016616, 10.59655282347793 ], [ -84.3316053675305, 10.594611703729216 ], [ -84.32853836706181, 10.595301482645683 ], [ -84.327540523022819, 10.596594527452426 ], [ -84.328164680082125, 10.599224796457703 ], [ -84.327147092534545, 10.601028899833553 ], [ -84.322825302954584, 10.600971043608517 ], [ -84.322989266803063, 10.597767011898705 ], [ -84.32068396917181, 10.596644012779151 ], [ -84.318302366499793, 10.60007961912725 ], [ -84.315424726406604, 10.597005216187389 ], [ -84.313946781834929, 10.59681432581027 ], [ -84.311518335589213, 10.60114556902959 ], [ -84.312499031085466, 10.604898202461376 ], [ -84.309796506702028, 10.606154159386785 ], [ -84.311363077714446, 10.609644337753799 ], [ -84.310960958070666, 10.610879310417584 ], [ -84.30937678214066, 10.608686076598005 ], [ -84.308368019664442, 10.608344131235206 ], [ -84.306214087215665, 10.609911280696489 ], [ -84.306801732826514, 10.611413396206972 ], [ -84.301229387793995, 10.610620682714465 ], [ -84.300764313951717, 10.612982224518756 ], [ -84.301366092430314, 10.615053799596147 ], [ -84.297488677044157, 10.61868508338865 ], [ -84.294318815862241, 10.617228161075911 ], [ -84.294312206983165, 10.614667726231275 ], [ -84.291220860533798, 10.614657017122804 ], [ -84.289896775201797, 10.616515830048211 ], [ -84.289156320656005, 10.6218295935616 ], [ -84.285536696248741, 10.619116793124284 ], [ -84.283376365607012, 10.619855500436746 ], [ -84.283621156405587, 10.620816043246267 ], [ -84.28550460376664, 10.622050630365948 ], [ -84.284890632515868, 10.623356377879226 ], [ -84.279033757329572, 10.624385511251617 ], [ -84.276794526325276, 10.626012286652722 ], [ -84.276699099256902, 10.62751661407669 ], [ -84.278395184112483, 10.628462885020204 ], [ -84.276329816303061, 10.633492075823861 ], [ -84.273748950418764, 10.636326310543765 ], [ -84.276171275751963, 10.639896360658813 ], [ -84.278661399541946, 10.639774241314591 ], [ -84.279095842816133, 10.640564985636132 ], [ -84.2755329458017, 10.644971685402208 ], [ -84.271939162407335, 10.647828421285633 ], [ -84.271537162770969, 10.650863299089634 ], [ -84.269891544962263, 10.651595257353375 ], [ -84.266400424665775, 10.651395929734541 ], [ -84.255497036886666, 10.660129600665 ], [ -84.251748946744598, 10.660802460569471 ], [ -84.244670932461844, 10.660569690289043 ], [ -84.242316178961872, 10.662131460435393 ], [ -84.240940200268966, 10.667689340546167 ], [ -84.24575829543015, 10.674175527644483 ], [ -84.246174808900079, 10.676546523360015 ], [ -84.243290677710164, 10.676637932289911 ], [ -84.236728090315182, 10.675323596409678 ], [ -84.225759885787298, 10.681222995002006 ], [ -84.222566413070652, 10.680508973681171 ], [ -84.218517011140321, 10.677998817780571 ], [ -84.215607672854219, 10.67838120365187 ], [ -84.214171838551778, 10.679566339561513 ], [ -84.214391174888007, 10.681927303617471 ], [ -84.213541733380922, 10.684330973200092 ], [ -84.211846660737834, 10.685641580065912 ], [ -84.210494689822326, 10.68504114107642 ], [ -84.2071739235991, 10.680355684527369 ], [ -84.205693015587315, 10.679323227883286 ], [ -84.200662355187816, 10.679489176904058 ], [ -84.197609268841234, 10.682609570322532 ], [ -84.192348973609811, 10.696616636761252 ], [ -84.192336761067921, 10.701913603661726 ], [ -84.193483193735105, 10.703243214785457 ], [ -84.205558858295788, 10.707836700452409 ], [ -84.207015194486161, 10.709954257137685 ], [ -84.207433704919509, 10.712305744405054 ], [ -84.206920140345076, 10.71334871584876 ], [ -84.203399555924435, 10.714017499244179 ], [ -84.201513940164332, 10.715733943259359 ], [ -84.202421395166681, 10.723186117415418 ], [ -84.202256031716672, 10.729475306864673 ], [ -84.198169152271092, 10.731714205105083 ], [ -84.192360772009209, 10.737873906273899 ], [ -84.187092940517886, 10.74730242954635 ], [ -84.18573613802603, 10.752427583085861 ], [ -84.186185275511932, 10.754998935540037 ], [ -84.192793459141527, 10.760736184820047 ], [ -84.194040686560214, 10.762606247097304 ], [ -84.194698318174289, 10.770380557464639 ], [ -84.197339560556003, 10.779189134527561 ], [ -84.196904819165823, 10.785180200565792 ], [ -84.191844008351367, 10.789553441867831 ], [ -84.189120928818269, 10.789878378534485 ] ] ] } },
{ "type": "Feature", "properties": { "cod_distrito": 21011, "distrito": "Cutris", "canton": "San Carlos" }, "geometry": { "type": "Polygon", "coordinates": [ [ [ -84.298607099142046, 10.915820133564468 ], [ -84.297080048954129, 10.913983891898019 ], [ -84.291842532111062, 10.911436511756735 ], [ -84.28630520266158, 10.897095454395551 ], [ -84.28330560727187, 10.893623564057535 ], [ -84.279980431822139, 10.892549327142259 ], [ -84.269346887993834, 10.892106169373355 ], [ -84.264942308018675, 10.890780627551113 ], [ -84.259181949903592, 10.891511460585512 ], [ -84.250175052643741, 10.888109634348783 ], [ -84.242759867348624, 10.883745900216105 ], [ -84.240896701344013, 10.881713174532363 ], [ -84.239474316534412, 10.877796222510741 ], [ -84.237441935602078, 10.876417160297629 ], [ -84.229000915978176, 10.87559347019492 ], [ -84.226107412397312, 10.87438064744107 ], [ -84.223657116568944, 10.869752408051333 ], [ -84.219273222962656, 10.863850296461582 ], [ -84.219395333466053, 10.854408661312011 ], [ -84.214966051306433, 10.843168530048628 ], [ -84.214724333735234, 10.841063507211469 ], [ -84.215674665769598, 10.837270649403283 ], [ -84.218912684152599, 10.83110223475615 ], [ -84.220097575334108, 10.825585503572086 ], [ -84.22241417640852, 10.823800064354607 ], [ -84.237263487388233, 10.81964142211652 ], [ -84.237926306156425, 10.818576080082625 ], [ -84.237735609209906, 10.816072910357656 ], [ -84.236338988495234, 10.813603067439894 ], [ -84.229234788173812, 10.811793393217348 ], [ -84.226716363653352, 10.805144615923417 ], [ -84.223496494913547, 10.801536562656729 ], [ -84.221624261391725, 10.800645179017536 ], [ -84.217391015233673, 10.801432774698135 ], [ -84.211940529129336, 10.800723747084428 ], [ -84.208216695291142, 10.799232671409143 ], [ -84.20552214166625, 10.796890719073847 ], [ -84.20469718451686, 10.794387119363977 ], [ -84.207083747889371, 10.793600545056897 ], [ -84.208424947117962, 10.79203550286992 ], [ -84.206834008224916, 10.786676570945117 ], [ -84.204778248720302, 10.783529225618434 ], [ -84.202018125350776, 10.781547240363752 ], [ -84.19993681224399, 10.782100444141857 ], [ -84.196904819165823, 10.785180200565792 ], [ -84.197239030895645, 10.778378471354179 ], [ -84.194698318174289, 10.770380557464639 ], [ -84.194040686560214, 10.762606247097304 ], [ -84.185676705687683, 10.754138046911613 ], [ -84.187092940517886, 10.74730242954635 ], [ -84.192360772009209, 10.737873906273899 ], [ -84.198169152271092, 10.731714205105083 ], [ -84.202256031716672, 10.729475306864673 ], [ -84.202421395166681, 10.723186117415418 ], [ -84.201513940164332, 10.715733943259359 ], [ -84.203399555924435, 10.714017499244179 ], [ -84.206920140345076, 10.71334871584876 ], [ -84.207433704919509, 10.712305744405054 ], [ -84.207015194486161, 10.709954257137685 ], [ -84.205558858295788, 10.707836700452409 ], [ -84.193483193735105, 10.703243214785457 ], [ -84.192336761067921, 10.701913603661726 ], [ -84.192348973609811, 10.696616636761252 ], [ -84.197183105138123, 10.683334243636855 ], [ -84.200662355187816, 10.679489176904058 ], [ -84.205693015587315, 10.679323227883286 ], [ -84.2071739235991, 10.680355684527369 ], [ -84.210494689822326, 10.68504114107642 ], [ -84.211846660737834, 10.685641580065912 ], [ -84.213541733380922, 10.684330973200092 ], [ -84.214391174888007, 10.681927303617471 ], [ -84.214171838551778, 10.679566339561513 ], [ -84.215607672854219, 10.67838120365187 ], [ -84.218517011140321, 10.677998817780571 ], [ -84.222566413070652, 10.680508973681171 ], [ -84.225759885787298, 10.681222995002006 ], [ -84.236728090315182, 10.675323596409678 ], [ -84.243290677710164, 10.676637932289911 ], [ -84.246174808900079, 10.676546523360015 ], [ -84.24575829543015, 10.674175527644483 ], [ -84.240940200268966, 10.667689340546167 ], [ -84.241427819942629, 10.664218157409673 ], [ -84.243052895516215, 10.66110339978246 ], [ -84.255497036886666, 10.660129600665 ], [ -84.266400424665775, 10.651395929734541 ], [ -84.269891544962263, 10.651595257353375 ], [ -84.271537162770969, 10.650863299089634 ], [ -84.271939162407335, 10.647828421285633 ], [ -84.2755329458017, 10.644971685402208 ], [ -84.279095842816133, 10.640564985636132 ], [ -84.278661399541946, 10.639774241314591 ], [ -84.276171275751963, 10.639896360658813 ], [ -84.273748950418764, 10.636326310543765 ], [ -84.276329816303061, 10.633492075823861 ], [ -84.278395184112483, 10.628462885020204 ], [ -84.276699099256902, 10.62751661407669 ], [ -84.276794526325276, 10.626012286652722 ], [ -84.279033757329572, 10.624385511251617 ], [ -84.284890632515868, 10.623356377879226 ], [ -84.28550460376664, 10.622050630365948 ], [ -84.283301273149831, 10.620073790801207 ], [ -84.284321786954536, 10.619270354521069 ], [ -84.285730215668409, 10.619189339864349 ], [ -84.289156320656005, 10.6218295935616 ], [ -84.289896775201797, 10.616515830048211 ], [ -84.291220860533798, 10.614657017122804 ], [ -84.294312206983165, 10.614667726231275 ], [ -84.294318815862241, 10.617228161075911 ], [ -84.297488677044157, 10.61868508338865 ], [ -84.301366092430314, 10.615053799596147 ], [ -84.300764313951717, 10.612982224518756 ], [ -84.301229387793995, 10.610620682714465 ], [ -84.306801732826514, 10.611413396206972 ], [ -84.306214087215665, 10.609911280696489 ], [ -84.308368019664442, 10.608344131235206 ], [ -84.30937678214066, 10.608686076598005 ], [ -84.310960958070666, 10.610879310417584 ], [ -84.311363077714446, 10.609644337753799 ], [ -84.309796506702028, 10.606154159386785 ], [ -84.312499031085466, 10.604898202461376 ], [ -84.311518335589213, 10.60114556902959 ], [ -84.31366985176679, 10.596958879245093 ], [ -84.315322570778577, 10.596933179959608 ], [ -84.318302366499793, 10.60007961912725 ], [ -84.32068396917181, 10.596644012779151 ], [ -84.322989266803063, 10.597767011898705 ], [ -84.322825302954584, 10.600971043608517 ], [ -84.327444661947098, 10.600985290099601 ], [ -84.328164680082125, 10.599224796457703 ], [ -84.327540523022819, 10.596594527452426 ], [ -84.328477744436185, 10.595348528603045 ], [ -84.3316053675305, 10.594611703729216 ], [ -84.332670868009984, 10.596502447756341 ], [ -84.333656071699821, 10.596154121492354 ], [ -84.333084852866563, 10.593714951988821 ], [ -84.331778497132987, 10.591916297038102 ], [ -84.331833289191692, 10.590201659149233 ], [ -84.334466494440065, 10.590836561150446 ], [ -84.340072348159651, 10.590133141796338 ], [ -84.341831483882345, 10.588344934784159 ], [ -84.340896002356104, 10.586572317794209 ], [ -84.343474120453536, 10.582184976910902 ], [ -84.349519517296571, 10.581918117327975 ], [ -84.349309476813474, 10.579255185563639 ], [ -84.347303353831535, 10.579665339743224 ], [ -84.346585070503821, 10.578260078705428 ], [ -84.351088933414403, 10.576135447673304 ], [ -84.354791389197132, 10.57788033194352 ], [ -84.355707151447973, 10.575495445210462 ], [ -84.357105915572447, 10.576689921384268 ], [ -84.360260421769979, 10.576310502457904 ], [ -84.361366398112551, 10.577538308939875 ], [ -84.363692542354386, 10.577347312996704 ], [ -84.36823650503797, 10.579530377098481 ], [ -84.36919997044123, 10.577475809174659 ], [ -84.370395585254016, 10.577010224035204 ], [ -84.369219403418541, 10.576021286882396 ], [ -84.370728599770928, 10.575322940397871 ], [ -84.369846506754669, 10.57491577951401 ], [ -84.370845986039868, 10.573499933305101 ], [ -84.371924054636267, 10.573654951807493 ], [ -84.372002589978322, 10.574682801502899 ], [ -84.374001958829908, 10.575225567161061 ], [ -84.374700416779149, 10.576711105663222 ], [ -84.375859405006338, 10.577321419084281 ], [ -84.377199845900464, 10.57662051263509 ], [ -84.377907540162113, 10.575242604289956 ], [ -84.379041179112065, 10.57507929211182 ], [ -84.380744322284656, 10.5726153581352 ], [ -84.382735519855444, 10.573265709297035 ], [ -84.381812090059242, 10.574348411324818 ], [ -84.382332327669431, 10.575315675807383 ], [ -84.385309820191637, 10.575690958972487 ], [ -84.387536027086128, 10.572741158346682 ], [ -84.387908614819381, 10.573710771778291 ], [ -84.388673049560381, 10.573710638864871 ], [ -84.38908446193777, 10.57256634429498 ], [ -84.391603110897393, 10.572236197211142 ], [ -84.392641683286854, 10.570820274823411 ], [ -84.393386581480243, 10.571169216899751 ], [ -84.390794151572493, 10.56807743451794 ], [ -84.394132124379851, 10.566747315223392 ], [ -84.394137625870144, 10.565135335061457 ], [ -84.396334393346621, 10.562696534055847 ], [ -84.397072441746715, 10.559994947857247 ], [ -84.39931948560691, 10.557977376372158 ], [ -84.398972388955301, 10.556902305470063 ], [ -84.400281651830639, 10.556049022105245 ], [ -84.40131096288296, 10.552954381049489 ], [ -84.402161985302129, 10.554125469456324 ], [ -84.402150761585602, 10.548572310318887 ], [ -84.403944356679034, 10.547281049312907 ], [ -84.409597465380031, 10.546427365683282 ], [ -84.412313463969369, 10.542036374733172 ], [ -84.406472980303661, 10.53847444803124 ], [ -84.396656166969279, 10.529698525716679 ], [ -84.398336683828788, 10.528812574035316 ], [ -84.398846361675481, 10.529413676645897 ], [ -84.39996339489285, 10.529141930040272 ], [ -84.400727525484982, 10.528230267549318 ], [ -84.403275270540178, 10.528210320314406 ], [ -84.405975038429332, 10.524433021607072 ], [ -84.406281740308842, 10.520723261524527 ], [ -84.404103459346544, 10.516390941713601 ], [ -84.40476374676787, 10.512279729148572 ], [ -84.402234782730844, 10.509860100786181 ], [ -84.402105343581724, 10.508349852642487 ], [ -84.40124351790277, 10.507906983616341 ], [ -84.399626664020346, 10.504576602928726 ], [ -84.396183531069511, 10.502446962203859 ], [ -84.395463611352582, 10.499625970957018 ], [ -84.393599995457819, 10.497463722543941 ], [ -84.393900104723201, 10.49613672071543 ], [ -84.391352072126892, 10.491213512701883 ], [ -84.390545166279679, 10.487782432888393 ], [ -84.388838240291349, 10.485920829278305 ], [ -84.389684271701427, 10.48296822778538 ], [ -84.389361522443608, 10.481585151936244 ], [ -84.38764099043658, 10.478526602416963 ], [ -84.385020317353678, 10.476186360817891 ], [ -84.390435260853351, 10.474775696647173 ], [ -84.391442683703517, 10.472833808315398 ], [ -84.393270253301907, 10.473471837275731 ], [ -84.395097528147829, 10.472620324612624 ], [ -84.397812260043523, 10.474747678496053 ], [ -84.402553889317602, 10.471993836579021 ], [ -84.403663108539305, 10.473021603053326 ], [ -84.405471657679314, 10.472567269114037 ], [ -84.407585416464315, 10.474495125238548 ], [ -84.408835880980604, 10.473323732685424 ], [ -84.411255669695805, 10.474549614213817 ], [ -84.411695198097263, 10.473343965689743 ], [ -84.413520824328884, 10.476707847917016 ], [ -84.414766371213375, 10.474550431058557 ], [ -84.415614650240457, 10.474487125966444 ], [ -84.415675728234078, 10.476357246231943 ], [ -84.417284667500311, 10.478003866728155 ], [ -84.419931037976852, 10.479600763442161 ], [ -84.420533657415277, 10.48082979285925 ], [ -84.421672470644268, 10.480466827546431 ], [ -84.42244184235048, 10.481023187664285 ], [ -84.423204642109908, 10.482077132343163 ], [ -84.422448476482131, 10.484049680008404 ], [ -84.423870303315326, 10.482791513277542 ], [ -84.426138438401821, 10.48375445327668 ], [ -84.428349959784981, 10.483155199743033 ], [ -84.429196722708497, 10.481569212360018 ], [ -84.430776700724252, 10.482689043926294 ], [ -84.432015253248778, 10.482146705302094 ], [ -84.432505606434262, 10.480621013143809 ], [ -84.433785747064931, 10.48085191005854 ], [ -84.435152482003929, 10.479917086059183 ], [ -84.43851135651154, 10.480942686558448 ], [ -84.440396712363011, 10.483832133938517 ], [ -84.440526266995803, 10.485198375075585 ], [ -84.441305633707728, 10.485613534886433 ], [ -84.441888185274394, 10.485299826647406 ], [ -84.441866242542218, 10.483815319812246 ], [ -84.442585106134715, 10.483826222941264 ], [ -84.442818788229857, 10.484982762177371 ], [ -84.443990785240246, 10.485126092828237 ], [ -84.445327275272788, 10.483149698911109 ], [ -84.448773186461011, 10.485407382569566 ], [ -84.450373204180408, 10.485738123896292 ], [ -84.451373972753188, 10.48475416445153 ], [ -84.452439591563945, 10.485269096768221 ], [ -84.454323904881875, 10.482633516881709 ], [ -84.455804490380402, 10.483818864886143 ], [ -84.45941783410926, 10.483523582105647 ], [ -84.46050109715415, 10.485152917031023 ], [ -84.488373811142552, 10.485114008939499 ], [ -84.487541655095072, 10.484465808112121 ], [ -84.487881048484496, 10.483565827994498 ], [ -84.490520812644831, 10.483793805989162 ], [ -84.491937613884247, 10.482667883837443 ], [ -84.494259929335243, 10.484439180528142 ], [ -84.497711441230123, 10.48223419699494 ], [ -84.499276926594618, 10.47962651249834 ], [ -84.501178022095914, 10.479474973120634 ], [ -84.505913277442673, 10.48105582324593 ], [ -84.506466529415164, 10.477934848060126 ], [ -84.507576707952992, 10.477076682307656 ], [ -84.509815820661231, 10.47833823785575 ], [ -84.510364212899646, 10.477524293565768 ], [ -84.511842964292313, 10.477708481753336 ], [ -84.513566767660649, 10.479148946725919 ], [ -84.517846800190284, 10.480029239665475 ], [ -84.520238495676537, 10.481435697096005 ], [ -84.525000272731319, 10.481886916309083 ], [ -84.525559240386116, 10.482355342688797 ], [ -84.5250002687728, 10.489012854329982 ], [ -84.529217248836673, 10.493239717007995 ], [ -84.534083639596801, 10.491039844188691 ], [ -84.53782505314814, 10.491282182055357 ], [ -84.537629782103764, 10.494301742568767 ], [ -84.538765628813223, 10.495798051839692 ], [ -84.536741993892164, 10.497459803347574 ], [ -84.534880138644894, 10.49697851973221 ], [ -84.531955801499052, 10.498897340351821 ], [ -84.53181747183902, 10.500622051410192 ], [ -84.530547887973412, 10.502407532219699 ], [ -84.527385690111984, 10.502089862388479 ], [ -84.525892051088292, 10.499511867812043 ], [ -84.5230896599098, 10.500739790340377 ], [ -84.52320330145271, 10.502616628102748 ], [ -84.525243303721723, 10.504921344676804 ], [ -84.524492978006279, 10.50558739761442 ], [ -84.523006348365072, 10.50449509137378 ], [ -84.520208424597698, 10.504128371572433 ], [ -84.518013326485715, 10.506098753578707 ], [ -84.518304341061608, 10.506805342560003 ], [ -84.520104659150334, 10.506852209566047 ], [ -84.520430107504481, 10.507906098451519 ], [ -84.519638386115517, 10.508653330933537 ], [ -84.514468112521939, 10.507738118579985 ], [ -84.512429161495874, 10.50626470053839 ], [ -84.509060602463862, 10.507697870176418 ], [ -84.508894194072468, 10.508714675795886 ], [ -84.512540933023431, 10.512560886300358 ], [ -84.512735066369785, 10.514231781661312 ], [ -84.511309367621607, 10.51631400387117 ], [ -84.511138329785183, 10.518673279971985 ], [ -84.507006848843034, 10.521306046235043 ], [ -84.50266844039092, 10.521978733857297 ], [ -84.497275040569775, 10.51687315110361 ], [ -84.495454070714217, 10.516455910100843 ], [ -84.49410605527477, 10.517467896136182 ], [ -84.492830456029452, 10.521180319250741 ], [ -84.49032871019493, 10.522623356061802 ], [ -84.489406722355696, 10.525684252501872 ], [ -84.487800516598739, 10.526361795711383 ], [ -84.487097763063872, 10.529497670326244 ], [ -84.487350560701245, 10.530997408890787 ], [ -84.490484231824098, 10.533972900895296 ], [ -84.488719528093881, 10.536977818751776 ], [ -84.491393571606508, 10.545555453811454 ], [ -84.492662828188358, 10.553995917824491 ], [ -84.491697881729095, 10.555308328363857 ], [ -84.486827847357929, 10.557746317030654 ], [ -84.486240311977468, 10.565392588260242 ], [ -84.485244997769186, 10.565882122798261 ], [ -84.479838094753362, 10.565258861549532 ], [ -84.475000402758724, 10.570425593410961 ], [ -84.465390165138402, 10.574499276545456 ], [ -84.462742234829051, 10.578356710292583 ], [ -84.456184356022561, 10.583145483214352 ], [ -84.456421512003089, 10.588505654502066 ], [ -84.455611408133706, 10.590546372022219 ], [ -84.454089524054609, 10.591779046569973 ], [ -84.450366895154076, 10.591655813509238 ], [ -84.447180109316562, 10.589480916632271 ], [ -84.44651102903785, 10.588276210084222 ], [ -84.444679243317481, 10.58780286322561 ], [ -84.438931089795588, 10.594848109326161 ], [ -84.433690182694193, 10.595649167714585 ], [ -84.427915223144609, 10.600000533288716 ], [ -84.417023051639632, 10.604009936102294 ], [ -84.416293836691011, 10.605282402739947 ], [ -84.41775791710927, 10.609603964151805 ], [ -84.41160272871123, 10.615738595333992 ], [ -84.410535177178758, 10.618313190079224 ], [ -84.408938256580868, 10.618615183016026 ], [ -84.406007956764114, 10.616625838094844 ], [ -84.402974130226966, 10.61939506762603 ], [ -84.403534757922245, 10.620510089117904 ], [ -84.408349423507033, 10.622664462957983 ], [ -84.417224498402618, 10.624840206586537 ], [ -84.421382772762016, 10.624638559806055 ], [ -84.420749062396467, 10.628803236789095 ], [ -84.422376232623122, 10.632061962593387 ], [ -84.422285345198773, 10.633963260302371 ], [ -84.420733878903548, 10.634208351176413 ], [ -84.414229124179315, 10.631679407355776 ], [ -84.412503995233422, 10.63391892530268 ], [ -84.418916388411461, 10.638125355629251 ], [ -84.42173132131947, 10.637735972748702 ], [ -84.422413930212727, 10.639530381498728 ], [ -84.422025465922189, 10.640832623791573 ], [ -84.423716047374214, 10.640850515277355 ], [ -84.423810765735411, 10.641510028415341 ], [ -84.426383869757544, 10.642315980156576 ], [ -84.428798537247772, 10.64445635539178 ], [ -84.428583382557193, 10.64636559851389 ], [ -84.430161564138317, 10.646782544403854 ], [ -84.429343813060143, 10.648599132272217 ], [ -84.430457641744965, 10.648617657270515 ], [ -84.432063752150157, 10.647065711323251 ], [ -84.434196179135398, 10.646923670923162 ], [ -84.438011513458235, 10.648421913269663 ], [ -84.440609423717092, 10.645658708397171 ], [ -84.442282658923318, 10.644922384500841 ], [ -84.443937861301478, 10.644871462741106 ], [ -84.445580098755926, 10.647144623179992 ], [ -84.445901356153954, 10.64610085643252 ], [ -84.446788987358076, 10.646554781513675 ], [ -84.445853418338316, 10.648133495461062 ], [ -84.444382572785031, 10.648337106420223 ], [ -84.445920988278289, 10.651136143768257 ], [ -84.448083140400627, 10.651728220941962 ], [ -84.447276478050043, 10.652855197114919 ], [ -84.448185836194995, 10.65282269837631 ], [ -84.447929376921564, 10.653679295752536 ], [ -84.449314714194117, 10.65547293451592 ], [ -84.448796554811537, 10.655972163457307 ], [ -84.449361160721892, 10.656332583391244 ], [ -84.449518624337017, 10.661007864932014 ], [ -84.448662295632616, 10.661788745460818 ], [ -84.449109046908916, 10.662226678379938 ], [ -84.448175055229214, 10.662330112971619 ], [ -84.448294406148349, 10.662983358991658 ], [ -84.449490551068465, 10.663002533497687 ], [ -84.449572620892937, 10.664121530768782 ], [ -84.447588590936917, 10.665567917509239 ], [ -84.4488244798533, 10.666325156855851 ], [ -84.448430463386458, 10.667278668386789 ], [ -84.449813751927508, 10.667400871332738 ], [ -84.449889889752242, 10.670681671558631 ], [ -84.451201594338997, 10.671049534844268 ], [ -84.451114555592483, 10.673213177922401 ], [ -84.448841246595336, 10.674850764627848 ], [ -84.448955742563925, 10.677004576536341 ], [ -84.450134757255015, 10.677915233539817 ], [ -84.45121873148284, 10.677523988998439 ], [ -84.452453640296739, 10.678676087749547 ], [ -84.453753233416691, 10.678026517484904 ], [ -84.454458917813312, 10.680037185597401 ], [ -84.457418666120105, 10.679805819440245 ], [ -84.456079603741813, 10.681704922636357 ], [ -84.459313973136773, 10.684362243538695 ], [ -84.459259629346064, 10.686526583629757 ], [ -84.460135403578434, 10.686167602475638 ], [ -84.460067273652143, 10.685110383789063 ], [ -84.461885859137894, 10.685149457692614 ], [ -84.46174216611017, 10.686681161197178 ], [ -84.463217086753104, 10.687219953895724 ], [ -84.46329907376429, 10.689424901924761 ], [ -84.46418730275812, 10.690553150524696 ], [ -84.463224399049366, 10.692619359928409 ], [ -84.465378113238472, 10.693874489730907 ], [ -84.463541116315739, 10.694507692966145 ], [ -84.464252221795974, 10.697480842808718 ], [ -84.461839024512543, 10.697356573691385 ], [ -84.462046236487637, 10.70020846248762 ], [ -84.460271680041359, 10.702129679830295 ], [ -84.461515432283221, 10.703068413719807 ], [ -84.460866470685119, 10.704913025683121 ], [ -84.462572809591251, 10.705300095708836 ], [ -84.462881107676495, 10.70623772288176 ], [ -84.4592828479215, 10.707378859455057 ], [ -84.461164534765217, 10.709882305598651 ], [ -84.458566322255137, 10.710492256495831 ], [ -84.458592080075377, 10.713307005241788 ], [ -84.455805579990113, 10.7129704639084 ], [ -84.455095331417454, 10.714505902401058 ], [ -84.452733724664796, 10.715282329520443 ], [ -84.45307648031968, 10.716811077715123 ], [ -84.450645916726756, 10.717549118036416 ], [ -84.449951130886078, 10.71850551251196 ], [ -84.451719629690061, 10.719025222511007 ], [ -84.452180509619836, 10.72038846271265 ], [ -84.450000624625915, 10.720958165624493 ], [ -84.449939873332156, 10.72341933812397 ], [ -84.44861595573316, 10.722957790559176 ], [ -84.446137480682992, 10.723792905090027 ], [ -84.448564780472068, 10.724947113578589 ], [ -84.446572927678403, 10.725672965263714 ], [ -84.448566245794353, 10.728900052475131 ], [ -84.446710905631321, 10.73035098631453 ], [ -84.446095276995194, 10.732654946872001 ], [ -84.447062730533048, 10.733442745855866 ], [ -84.445907749445468, 10.735288085327529 ], [ -84.444113325066084, 10.734203071634749 ], [ -84.443351699453672, 10.735158575286528 ], [ -84.443272423907516, 10.736395933344566 ], [ -84.444517822612156, 10.736723437777995 ], [ -84.444622932513241, 10.737452514762484 ], [ -84.442223708968811, 10.73858356726684 ], [ -84.442288682133778, 10.740243992206834 ], [ -84.443247154685608, 10.741644779673734 ], [ -84.440384673399464, 10.742482717821982 ], [ -84.439776483420502, 10.743594819027319 ], [ -84.438881690712734, 10.743254021752801 ], [ -84.438559096039299, 10.741960269901087 ], [ -84.437927301782935, 10.744021516018114 ], [ -84.436898409225336, 10.744633167030141 ], [ -84.439439101296685, 10.745657493387894 ], [ -84.438894861230224, 10.746829372396165 ], [ -84.437388640933094, 10.746372070062339 ], [ -84.436172079693733, 10.746828583106824 ], [ -84.434884208608409, 10.748399321854505 ], [ -84.435150835456525, 10.749592192738229 ], [ -84.432693425555428, 10.748418945996541 ], [ -84.431524826173671, 10.749565454972691 ], [ -84.432369557166112, 10.750764299040542 ], [ -84.433785503369563, 10.751212769683026 ], [ -84.43315133999738, 10.753213825601355 ], [ -84.435294445172474, 10.754569915730837 ], [ -84.433853944720639, 10.75594818261602 ], [ -84.434546848135483, 10.756709668559459 ], [ -84.43574237111774, 10.756262840695058 ], [ -84.434418126494762, 10.757906488591315 ], [ -84.434729687761475, 10.759008008839277 ], [ -84.436036382707599, 10.758964192112986 ], [ -84.436164783242134, 10.758250340780998 ], [ -84.437685111513076, 10.758703889008743 ], [ -84.437608040742447, 10.760123159493142 ], [ -84.43586090729751, 10.76116619158417 ], [ -84.435507713220929, 10.763269920377521 ], [ -84.438779092897775, 10.764046988617599 ], [ -84.436940708914605, 10.764947983721081 ], [ -84.4356484654637, 10.764702790603859 ], [ -84.43581982473232, 10.765575127325835 ], [ -84.437792836708354, 10.766667339711848 ], [ -84.434379051106959, 10.767456426058578 ], [ -84.432828800722191, 10.771152053361179 ], [ -84.429537828621449, 10.770680491056 ], [ -84.428447987157213, 10.772395551348668 ], [ -84.426118707456297, 10.77291078797527 ], [ -84.427176180444832, 10.774212204463744 ], [ -84.428668445588272, 10.773095169224897 ], [ -84.429054726531106, 10.774757546007496 ], [ -84.42760915784973, 10.775535822263711 ], [ -84.426325057611734, 10.774242646881097 ], [ -84.425541334981801, 10.775075040353304 ], [ -84.425628222165955, 10.776376886903165 ], [ -84.427364394766073, 10.777367947464562 ], [ -84.424312371592677, 10.778026329338388 ], [ -84.42431419289781, 10.778684485792335 ], [ -84.426888563172952, 10.780444537991173 ], [ -84.424925250233287, 10.780122947497734 ], [ -84.424617643690638, 10.781170185563502 ], [ -84.422739525783001, 10.780505428989851 ], [ -84.42397017103697, 10.78433887413737 ], [ -84.423236272489063, 10.784780508139969 ], [ -84.423355102515487, 10.785654257851 ], [ -84.422257329642676, 10.786070870274107 ], [ -84.42253427653695, 10.787248005800848 ], [ -84.421244447376964, 10.786210684859036 ], [ -84.421151539505217, 10.784502342704299 ], [ -84.41936960393069, 10.784573697775926 ], [ -84.420268528841575, 10.786820259701651 ], [ -84.417757973532559, 10.787302110141908 ], [ -84.417743295625129, 10.787952766763082 ], [ -84.41922806914873, 10.788752727591714 ], [ -84.418828921590389, 10.789594929839286 ], [ -84.416444941160449, 10.789086723103598 ], [ -84.415437269903137, 10.792364333443981 ], [ -84.416377555289188, 10.792684314321079 ], [ -84.413197098011565, 10.792637013294744 ], [ -84.410094403782594, 10.795589924967446 ], [ -84.411487425056151, 10.797565497432236 ], [ -84.410993407020356, 10.798673335628717 ], [ -84.409182020050565, 10.799718539348952 ], [ -84.409164543024559, 10.800685085213729 ], [ -84.410074002772532, 10.800200960746517 ], [ -84.410370970502413, 10.801252287029076 ], [ -84.409466671002264, 10.803090059393934 ], [ -84.409306802655664, 10.802036078897043 ], [ -84.408310988629609, 10.801800273752992 ], [ -84.408006444705578, 10.803122722899875 ], [ -84.40581875687549, 10.804444848231661 ], [ -84.406659189581433, 10.806954653734026 ], [ -84.405037947533813, 10.80700373481473 ], [ -84.403937772275185, 10.810589762671919 ], [ -84.401794688431664, 10.812225710636531 ], [ -84.402076745384178, 10.813766372626871 ], [ -84.401119891558679, 10.814570158218856 ], [ -84.402281152345338, 10.814879702950996 ], [ -84.40067164874182, 10.81499953714507 ], [ -84.399273060468246, 10.813242856482074 ], [ -84.398049972190435, 10.814763581503829 ], [ -84.398037323325184, 10.815915462682268 ], [ -84.399186596167155, 10.816426748922298 ], [ -84.397647893034829, 10.817482040184203 ], [ -84.398166762781955, 10.818410376655237 ], [ -84.397629481950773, 10.819262098271771 ], [ -84.398732757076587, 10.819816511780155 ], [ -84.39745366016723, 10.821407021131025 ], [ -84.398472814515046, 10.821970045041754 ], [ -84.397555684259444, 10.823287539426108 ], [ -84.399702070763269, 10.822749425640367 ], [ -84.400049052427462, 10.823201669171343 ], [ -84.398383420056305, 10.827536151510554 ], [ -84.399468683925775, 10.829246688290278 ], [ -84.397978791567525, 10.830240257466253 ], [ -84.399156312778871, 10.833699360447367 ], [ -84.401136477849292, 10.83574859623908 ], [ -84.399408796754074, 10.837159663359497 ], [ -84.399093721297476, 10.840078811523911 ], [ -84.396606457956878, 10.84376406738445 ], [ -84.396825431121187, 10.844953230493633 ], [ -84.395859354656551, 10.844845313725029 ], [ -84.395065325661406, 10.847399583637724 ], [ -84.391768132142943, 10.849341663112167 ], [ -84.390692967988542, 10.850801341492485 ], [ -84.39103585382, 10.854572476145488 ], [ -84.383849566354485, 10.857838652248436 ], [ -84.379301440721378, 10.856623109414437 ], [ -84.378571956681114, 10.854154711756989 ], [ -84.377196149691699, 10.852635566019098 ], [ -84.375153868050035, 10.852848355248458 ], [ -84.374497626796256, 10.851425495874544 ], [ -84.371781770856117, 10.852200626270941 ], [ -84.370924840171483, 10.850380878865781 ], [ -84.369430203613561, 10.850759437608099 ], [ -84.367953552198259, 10.848993811953774 ], [ -84.366759652821173, 10.84914709965599 ], [ -84.365766024618495, 10.847120139895091 ], [ -84.362731257335142, 10.848444782936467 ], [ -84.359978853115962, 10.848174754949735 ], [ -84.358228869658362, 10.846661361368687 ], [ -84.354674698780073, 10.852383045489969 ], [ -84.35391440522514, 10.851992559283561 ], [ -84.354120470585102, 10.849751477575229 ], [ -84.353217801944325, 10.851518225684815 ], [ -84.351049798913579, 10.852250386169267 ], [ -84.351731229574725, 10.855726667528375 ], [ -84.353839027406565, 10.855415964933199 ], [ -84.353031508858777, 10.856228788855766 ], [ -84.353636781781731, 10.859906632341787 ], [ -84.355548171194059, 10.857335652535154 ], [ -84.35556737300125, 10.85951923356599 ], [ -84.356603217406388, 10.859937494536565 ], [ -84.358077543289355, 10.858980398811379 ], [ -84.358800021180485, 10.859731488683428 ], [ -84.358430996381443, 10.860838572303093 ], [ -84.361338642530242, 10.863032834250655 ], [ -84.35857596072826, 10.864296418739505 ], [ -84.358517094537845, 10.866371143381386 ], [ -84.359225976137068, 10.866189151354611 ], [ -84.359480032143153, 10.864362130038383 ], [ -84.363175138817994, 10.863361439409577 ], [ -84.363520459094332, 10.863878370633474 ], [ -84.362138557360069, 10.865081529323408 ], [ -84.365373687690195, 10.863823102024226 ], [ -84.367484865982632, 10.865725801495968 ], [ -84.365536010062783, 10.865998672172381 ], [ -84.366609897539504, 10.867191255060318 ], [ -84.36521057469686, 10.867137592164338 ], [ -84.364819836114506, 10.86788935658865 ], [ -84.366435880595063, 10.869602943625473 ], [ -84.362821039919922, 10.869219545182768 ], [ -84.362169365751825, 10.869849464270004 ], [ -84.366017041816917, 10.870686183318401 ], [ -84.365746413313332, 10.871789722493229 ], [ -84.363784127886163, 10.872248221357683 ], [ -84.36605584136683, 10.872988744428872 ], [ -84.366142081971304, 10.871772765318074 ], [ -84.367161794409185, 10.872341996716946 ], [ -84.366531283510696, 10.874999782534106 ], [ -84.364161556464694, 10.876333380491847 ], [ -84.36865589291547, 10.876900378899396 ], [ -84.366768239977816, 10.879370418866612 ], [ -84.368416602031417, 10.881198299018934 ], [ -84.367273370126057, 10.881662773624196 ], [ -84.365887061494831, 10.880533806232911 ], [ -84.364250413377135, 10.881455237066488 ], [ -84.363217421742988, 10.881236817489281 ], [ -84.36224824043839, 10.883624766832359 ], [ -84.36252116566564, 10.885160207592882 ], [ -84.364453654021759, 10.886086070885053 ], [ -84.363569664774388, 10.88758939320523 ], [ -84.363910386786031, 10.889139103608267 ], [ -84.3645233384497, 10.887660024715363 ], [ -84.365225764495335, 10.888108913073829 ], [ -84.363923529028312, 10.891985749240257 ], [ -84.366391781080324, 10.891609631744696 ], [ -84.36701205927524, 10.892163868433933 ], [ -84.363720674641513, 10.895802377472089 ], [ -84.363182683457936, 10.898364229271277 ], [ -84.36591497610361, 10.897416051192957 ], [ -84.36690278784485, 10.897958969173162 ], [ -84.366676573749984, 10.898992023906828 ], [ -84.364532003223516, 10.900850602763942 ], [ -84.365753515534266, 10.901336969032643 ], [ -84.367506739865021, 10.904084515858548 ], [ -84.367382190264976, 10.906255614275649 ], [ -84.360601742038838, 10.911810321688129 ], [ -84.353940655387191, 10.911518197205705 ], [ -84.348653475090515, 10.909896874626138 ], [ -84.347851215985656, 10.908221230492082 ], [ -84.349200226651632, 10.90632926027887 ], [ -84.348024238475162, 10.904572553684739 ], [ -84.341789311190865, 10.906879108257437 ], [ -84.341442903180038, 10.906302535226374 ], [ -84.342646101616069, 10.904644837296159 ], [ -84.339191290149614, 10.902581848482782 ], [ -84.339537620136966, 10.899897138754771 ], [ -84.334159564147242, 10.900401713807021 ], [ -84.333758489455946, 10.899446757464744 ], [ -84.334378320157271, 10.897717009982438 ], [ -84.332172421696669, 10.897428726254011 ], [ -84.331324688571712, 10.899978285733463 ], [ -84.332710219534988, 10.903437771456 ], [ -84.329093696404541, 10.906349645076947 ], [ -84.329255411181677, 10.907951289469889 ], [ -84.327550730244312, 10.911978306639734 ], [ -84.324363152288541, 10.912512206646047 ], [ -84.322428025528907, 10.910546478158622 ], [ -84.318416816176423, 10.91150955465503 ], [ -84.316031179254153, 10.910546204094997 ], [ -84.314296436640191, 10.913022859442851 ], [ -84.311616387721102, 10.913328996801301 ], [ -84.310431232340193, 10.914878472473738 ], [ -84.308571619643871, 10.914806262809972 ], [ -84.30647508236018, 10.913706992903027 ], [ -84.304935113115903, 10.915677949778262 ], [ -84.301320952635166, 10.916600901788859 ], [ -84.298607099142046, 10.915820133564468 ] ] ] } },
{ "type": "Feature", "properties": { "cod_distrito": 21013, "distrito": "Pocosol", "canton": "San Carlos" }, "geometry": { "type": "Polygon", "coordinates": [ [ [ -84.358808762173979, 10.995737217414511 ], [ -84.35663925169689, 10.992184358826703 ], [ -84.351043635170996, 10.987852157776057 ], [ -84.341836845942282, 10.973692711916408 ], [ -84.342138363255216, 10.971245752366331 ], [ -84.347727751618692, 10.966460400432418 ], [ -84.348813310704912, 10.959448730665258 ], [ -84.351270598060381, 10.954376492919119 ], [ -84.350769368386551, 10.950624471036662 ], [ -84.348713619127068, 10.949281458437634 ], [ -84.339476433469088, 10.947932352266532 ], [ -84.336436191042139, 10.946015419030356 ], [ -84.33362553873414, 10.934766030471993 ], [ -84.331161198748532, 10.929862683170532 ], [ -84.32608609896748, 10.924432195502037 ], [ -84.324809670615068, 10.920004061848193 ], [ -84.322888663186433, 10.917893856004394 ], [ -84.31674127365828, 10.916076761684867 ], [ -84.312611603815327, 10.920649361633309 ], [ -84.310429096368708, 10.921914876242727 ], [ -84.306334883675106, 10.915812202119374 ], [ -84.304935113115903, 10.915677949778262 ], [ -84.30647508236018, 10.913706992903027 ], [ -84.308571619643871, 10.914806262809972 ], [ -84.310431232340193, 10.914878472473738 ], [ -84.311616387721102, 10.913328996801301 ], [ -84.314296436640191, 10.913022859442851 ], [ -84.316031179254153, 10.910546204094997 ], [ -84.318416816176423, 10.91150955465503 ], [ -84.322428025528907, 10.910546478158622 ], [ -84.324363152288541, 10.912512206646047 ], [ -84.327550730244312, 10.911978306639734 ], [ -84.329255411181677, 10.907951289469889 ], [ -84.329093696404541, 10.906349645076947 ], [ -84.332710219534988, 10.903437771456 ], [ -84.331324688571712, 10.899978285733463 ], [ -84.332172421696669, 10.897428726254011 ], [ -84.334378320157271, 10.897717009982438 ], [ -84.333758489455946, 10.899446757464744 ], [ -84.334159564147242, 10.900401713807021 ], [ -84.339537620136966, 10.899897138754771 ], [ -84.339191290149614, 10.902581848482782 ], [ -84.342646101616069, 10.904644837296159 ], [ -84.341442903180038, 10.906302535226374 ], [ -84.341789311190865, 10.906879108257437 ], [ -84.348024238475162, 10.904572553684739 ], [ -84.349200226651632, 10.90632926027887 ], [ -84.347851215985656, 10.908221230492082 ], [ -84.348653475090515, 10.909896874626138 ], [ -84.353940655387191, 10.911518197205705 ], [ -84.360601742038838, 10.911810321688129 ], [ -84.367154741661849, 10.906598298990636 ], [ -84.367506739865021, 10.904084515858548 ], [ -84.365753515534266, 10.901336969032643 ], [ -84.364532003223516, 10.900850602763942 ], [ -84.366676573749984, 10.898992023906828 ], [ -84.36690278784485, 10.897958969173162 ], [ -84.36591497610361, 10.897416051192957 ], [ -84.363182683457936, 10.898364229271277 ], [ -84.363720674641513, 10.895802377472089 ], [ -84.36701205927524, 10.892163868433933 ], [ -84.366391781080324, 10.891609631744696 ], [ -84.363923529028312, 10.891985749240257 ], [ -84.365225764495335, 10.888108913073829 ], [ -84.3645233384497, 10.887660024715363 ], [ -84.363910386786031, 10.889139103608267 ], [ -84.363569664774388, 10.88758939320523 ], [ -84.364453654021759, 10.886086070885053 ], [ -84.36252116566564, 10.885160207592882 ], [ -84.36224824043839, 10.883624766832359 ], [ -84.363217421742988, 10.881236817489281 ], [ -84.364250413377135, 10.881455237066488 ], [ -84.365887061494831, 10.880533806232911 ], [ -84.367273370126057, 10.881662773624196 ], [ -84.368416602031417, 10.881198299018934 ], [ -84.366768239977816, 10.879370418866612 ], [ -84.36865589291547, 10.876900378899396 ], [ -84.364161556464694, 10.876333380491847 ], [ -84.366531283510696, 10.874999782534106 ], [ -84.367161794409185, 10.872341996716946 ], [ -84.366142081971304, 10.871772765318074 ], [ -84.36605584136683, 10.872988744428872 ], [ -84.363784127886163, 10.872248221357683 ], [ -84.365746413313332, 10.871789722493229 ], [ -84.366017041816917, 10.870686183318401 ], [ -84.362169365751825, 10.869849464270004 ], [ -84.362821039919922, 10.869219545182768 ], [ -84.366435880595063, 10.869602943625473 ], [ -84.364819836114506, 10.86788935658865 ], [ -84.36521057469686, 10.867137592164338 ], [ -84.366609897539504, 10.867191255060318 ], [ -84.365536010062783, 10.865998672172381 ], [ -84.367484865982632, 10.865725801495968 ], [ -84.365373687690195, 10.863823102024226 ], [ -84.362138557360069, 10.865081529323408 ], [ -84.363520459094332, 10.863878370633474 ], [ -84.363175138817994, 10.863361439409577 ], [ -84.359480032143153, 10.864362130038383 ], [ -84.359225976137068, 10.866189151354611 ], [ -84.358517094537845, 10.866371143381386 ], [ -84.35857596072826, 10.864296418739505 ], [ -84.361338642530242, 10.863032834250655 ], [ -84.358430996381443, 10.860838572303093 ], [ -84.358800021180485, 10.859731488683428 ], [ -84.358077543289355, 10.858980398811379 ], [ -84.356603217406388, 10.859937494536565 ], [ -84.35556737300125, 10.85951923356599 ], [ -84.355548171194059, 10.857335652535154 ], [ -84.353636781781731, 10.859906632341787 ], [ -84.353031508858777, 10.856228788855766 ], [ -84.353839027406565, 10.855415964933199 ], [ -84.351731229574725, 10.855726667528375 ], [ -84.351049798913579, 10.852250386169267 ], [ -84.353217801944325, 10.851518225684815 ], [ -84.354120470585102, 10.849751477575229 ], [ -84.35391440522514, 10.851992559283561 ], [ -84.354674698780073, 10.852383045489969 ], [ -84.358228869658362, 10.846661361368687 ], [ -84.359978853115962, 10.848174754949735 ], [ -84.362731257335142, 10.848444782936467 ], [ -84.365766024618495, 10.847120139895091 ], [ -84.366759652821173, 10.84914709965599 ], [ -84.367953552198259, 10.848993811953774 ], [ -84.369430203613561, 10.850759437608099 ], [ -84.370924840171483, 10.850380878865781 ], [ -84.371781770856117, 10.852200626270941 ], [ -84.374497626796256, 10.851425495874544 ], [ -84.375153868050035, 10.852848355248458 ], [ -84.377196149691699, 10.852635566019098 ], [ -84.378571956681114, 10.854154711756989 ], [ -84.379301440721378, 10.856623109414437 ], [ -84.383849566354485, 10.857838652248436 ], [ -84.39103585382, 10.854572476145488 ], [ -84.390692967988542, 10.850801341492485 ], [ -84.391768132142943, 10.849341663112167 ], [ -84.395065325661406, 10.847399583637724 ], [ -84.395859354656551, 10.844845313725029 ], [ -84.396825431121187, 10.844953230493633 ], [ -84.396606457956878, 10.84376406738445 ], [ -84.399093721297476, 10.840078811523911 ], [ -84.399408796754074, 10.837159663359497 ], [ -84.401136477849292, 10.83574859623908 ], [ -84.399156312778871, 10.833699360447367 ], [ -84.397978791567525, 10.830240257466253 ], [ -84.399468683925775, 10.829246688290278 ], [ -84.398383420056305, 10.827536151510554 ], [ -84.400049052427462, 10.823201669171343 ], [ -84.399702070763269, 10.822749425640367 ], [ -84.397555684259444, 10.823287539426108 ], [ -84.398472814515046, 10.821970045041754 ], [ -84.39745366016723, 10.821407021131025 ], [ -84.398732757076587, 10.819816511780155 ], [ -84.397629481950773, 10.819262098271771 ], [ -84.398166762781955, 10.818410376655237 ], [ -84.397647893034829, 10.817482040184203 ], [ -84.399186596167155, 10.816426748922298 ], [ -84.398037323325184, 10.815915462682268 ], [ -84.398049972190435, 10.814763581503829 ], [ -84.399273060468246, 10.813242856482074 ], [ -84.40067164874182, 10.81499953714507 ], [ -84.402281152345338, 10.814879702950996 ], [ -84.401119891558679, 10.814570158218856 ], [ -84.402076745384178, 10.813766372626871 ], [ -84.401794688431664, 10.812225710636531 ], [ -84.403937772275185, 10.810589762671919 ], [ -84.405037947533813, 10.80700373481473 ], [ -84.406659189581433, 10.806954653734026 ], [ -84.40581875687549, 10.804444848231661 ], [ -84.408006444705578, 10.803122722899875 ], [ -84.408310988629609, 10.801800273752992 ], [ -84.409306802655664, 10.802036078897043 ], [ -84.409466671002264, 10.803090059393934 ], [ -84.410370970502413, 10.801252287029076 ], [ -84.410074002772532, 10.800200960746517 ], [ -84.409164543024559, 10.800685085213729 ], [ -84.409182020050565, 10.799718539348952 ], [ -84.410993407020356, 10.798673335628717 ], [ -84.411487425056151, 10.797565497432236 ], [ -84.410094403782594, 10.795589924967446 ], [ -84.413197098011565, 10.792637013294744 ], [ -84.416377555289188, 10.792684314321079 ], [ -84.415437269903137, 10.792364333443981 ], [ -84.416444941160449, 10.789086723103598 ], [ -84.418828921590389, 10.789594929839286 ], [ -84.41922806914873, 10.788752727591714 ], [ -84.417743295625129, 10.787952766763082 ], [ -84.417757973532559, 10.787302110141908 ], [ -84.420268528841575, 10.786820259701651 ], [ -84.41936960393069, 10.784573697775926 ], [ -84.421151539505217, 10.784502342704299 ], [ -84.421244447376964, 10.786210684859036 ], [ -84.42253427653695, 10.787248005800848 ], [ -84.422257329642676, 10.786070870274107 ], [ -84.423355102515487, 10.785654257851 ], [ -84.423236272489063, 10.784780508139969 ], [ -84.42397017103697, 10.78433887413737 ], [ -84.422739525783001, 10.780505428989851 ], [ -84.424617643690638, 10.781170185563502 ], [ -84.424925250233287, 10.780122947497734 ], [ -84.426888563172952, 10.780444537991173 ], [ -84.42431419289781, 10.778684485792335 ], [ -84.424312371592677, 10.778026329338388 ], [ -84.427364394766073, 10.777367947464562 ], [ -84.425628222165955, 10.776376886903165 ], [ -84.425541334981801, 10.775075040353304 ], [ -84.426325057611734, 10.774242646881097 ], [ -84.42760915784973, 10.775535822263711 ], [ -84.429054726531106, 10.774757546007496 ], [ -84.428668445588272, 10.773095169224897 ], [ -84.427176180444832, 10.774212204463744 ], [ -84.426118707456297, 10.77291078797527 ], [ -84.428447987157213, 10.772395551348668 ], [ -84.429537828621449, 10.770680491056 ], [ -84.432828800722191, 10.771152053361179 ], [ -84.434379051106959, 10.767456426058578 ], [ -84.437792836708354, 10.766667339711848 ], [ -84.43581982473232, 10.765575127325835 ], [ -84.4356484654637, 10.764702790603859 ], [ -84.436940708914605, 10.764947983721081 ], [ -84.438779092897775, 10.764046988617599 ], [ -84.435507713220929, 10.763269920377521 ], [ -84.43586090729751, 10.76116619158417 ], [ -84.437608040742447, 10.760123159493142 ], [ -84.437685111513076, 10.758703889008743 ], [ -84.436164783242134, 10.758250340780998 ], [ -84.436036382707599, 10.758964192112986 ], [ -84.434729687761475, 10.759008008839277 ], [ -84.434418126494762, 10.757906488591315 ], [ -84.43574237111774, 10.756262840695058 ], [ -84.434546848135483, 10.756709668559459 ], [ -84.433853944720639, 10.75594818261602 ], [ -84.435294445172474, 10.754569915730837 ], [ -84.43315133999738, 10.753213825601355 ], [ -84.433785503369563, 10.751212769683026 ], [ -84.432369557166112, 10.750764299040542 ], [ -84.431524826173671, 10.749565454972691 ], [ -84.432693425555428, 10.748418945996541 ], [ -84.435150835456525, 10.749592192738229 ], [ -84.434884208608409, 10.748399321854505 ], [ -84.436172079693733, 10.746828583106824 ], [ -84.437388640933094, 10.746372070062339 ], [ -84.438894861230224, 10.746829372396165 ], [ -84.439439101296685, 10.745657493387894 ], [ -84.436898409225336, 10.744633167030141 ], [ -84.437927301782935, 10.744021516018114 ], [ -84.438559096039299, 10.741960269901087 ], [ -84.438881690712734, 10.743254021752801 ], [ -84.439776483420502, 10.743594819027319 ], [ -84.440384673399464, 10.742482717821982 ], [ -84.443247154685608, 10.741644779673734 ], [ -84.442288682133778, 10.740243992206834 ], [ -84.442223708968811, 10.73858356726684 ], [ -84.444622932513241, 10.737452514762484 ], [ -84.444517822612156, 10.736723437777995 ], [ -84.443272423907516, 10.736395933344566 ], [ -84.443351699453672, 10.735158575286528 ], [ -84.444113325066084, 10.734203071634749 ], [ -84.445907749445468, 10.735288085327529 ], [ -84.447062730533048, 10.733442745855866 ], [ -84.446095276995194, 10.732654946872001 ], [ -84.446710905631321, 10.73035098631453 ], [ -84.448566245794353, 10.728900052475131 ], [ -84.446572927678403, 10.725672965263714 ], [ -84.448564780472068, 10.724947113578589 ], [ -84.446137480682992, 10.723792905090027 ], [ -84.44861595573316, 10.722957790559176 ], [ -84.449939873332156, 10.72341933812397 ], [ -84.450000624625915, 10.720958165624493 ], [ -84.452180509619836, 10.72038846271265 ], [ -84.451719629690061, 10.719025222511007 ], [ -84.449951130886078, 10.71850551251196 ], [ -84.450645916726756, 10.717549118036416 ], [ -84.45307648031968, 10.716811077715123 ], [ -84.452733724664796, 10.715282329520443 ], [ -84.455095331417454, 10.714505902401058 ], [ -84.455805579990113, 10.7129704639084 ], [ -84.458592080075377, 10.713307005241788 ], [ -84.458566322255137, 10.710492256495831 ], [ -84.461164534765217, 10.709882305598651 ], [ -84.4592828479215, 10.707378859455057 ], [ -84.462881107676495, 10.70623772288176 ], [ -84.462572809591251, 10.705300095708836 ], [ -84.460866470685119, 10.704913025683121 ], [ -84.461515432283221, 10.703068413719807 ], [ -84.460271680041359, 10.702129679830295 ], [ -84.462046236487637, 10.70020846248762 ], [ -84.461839024512543, 10.697356573691385 ], [ -84.464252221795974, 10.697480842808718 ], [ -84.463541116315739, 10.694507692966145 ], [ -84.465378113238472, 10.693874489730907 ], [ -84.463224399049366, 10.692619359928409 ], [ -84.46418730275812, 10.690553150524696 ], [ -84.46329907376429, 10.689424901924761 ], [ -84.463217086753104, 10.687219953895724 ], [ -84.46174216611017, 10.686681161197178 ], [ -84.461885859137894, 10.685149457692614 ], [ -84.460067273652143, 10.685110383789063 ], [ -84.460135403578434, 10.686167602475638 ], [ -84.459259629346064, 10.686526583629757 ], [ -84.459313973136773, 10.684362243538695 ], [ -84.456079603741813, 10.681704922636357 ], [ -84.457418666120105, 10.679805819440245 ], [ -84.454458917813312, 10.680037185597401 ], [ -84.453753233416691, 10.678026517484904 ], [ -84.452453640296739, 10.678676087749547 ], [ -84.45121873148284, 10.677523988998439 ], [ -84.450134757255015, 10.677915233539817 ], [ -84.448955742563925, 10.677004576536341 ], [ -84.448841246595336, 10.674850764627848 ], [ -84.451114555592483, 10.673213177922401 ], [ -84.451201594338997, 10.671049534844268 ], [ -84.449889889752242, 10.670681671558631 ], [ -84.449813751927508, 10.667400871332738 ], [ -84.448430463386458, 10.667278668386789 ], [ -84.4488244798533, 10.666325156855851 ], [ -84.447588590936917, 10.665567917509239 ], [ -84.449572620892937, 10.664121530768782 ], [ -84.449490551068465, 10.663002533497687 ], [ -84.448294406148349, 10.662983358991658 ], [ -84.448175055229214, 10.662330112971619 ], [ -84.449109046908916, 10.662226678379938 ], [ -84.448662295632616, 10.661788745460818 ], [ -84.449518624337017, 10.661007864932014 ], [ -84.449361160721892, 10.656332583391244 ], [ -84.448796554811537, 10.655972163457307 ], [ -84.449314714194117, 10.65547293451592 ], [ -84.447929376921564, 10.653679295752536 ], [ -84.448185836194995, 10.65282269837631 ], [ -84.447276478050043, 10.652855197114919 ], [ -84.448083140400627, 10.651728220941962 ], [ -84.445920988278289, 10.651136143768257 ], [ -84.444382572785031, 10.648337106420223 ], [ -84.445853418338316, 10.648133495461062 ], [ -84.446788987358076, 10.646554781513675 ], [ -84.445901356153954, 10.64610085643252 ], [ -84.445580098755926, 10.647144623179992 ], [ -84.443937861301478, 10.644871462741106 ], [ -84.442282658923318, 10.644922384500841 ], [ -84.440609423717092, 10.645658708397171 ], [ -84.438011513458235, 10.648421913269663 ], [ -84.434196179135398, 10.646923670923162 ], [ -84.432063752150157, 10.647065711323251 ], [ -84.430457641744965, 10.648617657270515 ], [ -84.429343813060143, 10.648599132272217 ], [ -84.430161564138317, 10.646782544403854 ], [ -84.428583382557193, 10.64636559851389 ], [ -84.428798537247772, 10.64445635539178 ], [ -84.426383869757544, 10.642315980156576 ], [ -84.423810765735411, 10.641510028415341 ], [ -84.423716047374214, 10.640850515277355 ], [ -84.422025465922189, 10.640832623791573 ], [ -84.422413930212727, 10.639530381498728 ], [ -84.42173132131947, 10.637735972748702 ], [ -84.418916388411461, 10.638125355629251 ], [ -84.412503995233422, 10.63391892530268 ], [ -84.414229124179315, 10.631679407355776 ], [ -84.420733878903548, 10.634208351176413 ], [ -84.422285345198773, 10.633963260302371 ], [ -84.422376232623122, 10.632061962593387 ], [ -84.420749062396467, 10.628803236789095 ], [ -84.421382772762016, 10.624638559806055 ], [ -84.417224498402618, 10.624840206586537 ], [ -84.408349423507033, 10.622664462957983 ], [ -84.403534757922245, 10.620510089117904 ], [ -84.402974130226966, 10.61939506762603 ], [ -84.406007956764114, 10.616625838094844 ], [ -84.408938256580868, 10.618615183016026 ], [ -84.410535177178758, 10.618313190079224 ], [ -84.41160272871123, 10.615738595333992 ], [ -84.41775791710927, 10.609603964151805 ], [ -84.416293836691011, 10.605282402739947 ], [ -84.417023051639632, 10.604009936102294 ], [ -84.427915223144609, 10.600000533288716 ], [ -84.433690182694193, 10.595649167714585 ], [ -84.438931089795588, 10.594848109326161 ], [ -84.444679243317481, 10.58780286322561 ], [ -84.44651102903785, 10.588276210084222 ], [ -84.447180109316562, 10.589480916632271 ], [ -84.450366895154076, 10.591655813509238 ], [ -84.454089524054609, 10.591779046569973 ], [ -84.455611408133706, 10.590546372022219 ], [ -84.456421512003089, 10.588505654502066 ], [ -84.456184356022561, 10.583145483214352 ], [ -84.462742234829051, 10.578356710292583 ], [ -84.465390165138402, 10.574499276545456 ], [ -84.475000402758724, 10.570425593410961 ], [ -84.479838094753362, 10.565258861549532 ], [ -84.485244997769186, 10.565882122798261 ], [ -84.486240311977468, 10.565392588260242 ], [ -84.486827847357929, 10.557746317030654 ], [ -84.491697881729095, 10.555308328363857 ], [ -84.492662828188358, 10.553995917824491 ], [ -84.491393571606508, 10.545555453811454 ], [ -84.488719528093881, 10.536977818751776 ], [ -84.490484231824098, 10.533972900895296 ], [ -84.487350560701245, 10.530997408890787 ], [ -84.487097763063872, 10.529497670326244 ], [ -84.487800516598739, 10.526361795711383 ], [ -84.489406722355696, 10.525684252501872 ], [ -84.49032871019493, 10.522623356061802 ], [ -84.492830456029452, 10.521180319250741 ], [ -84.493135582728669, 10.518910265628177 ], [ -84.494827972187011, 10.516749837306245 ], [ -84.497417565262666, 10.516965997278845 ], [ -84.50266844039092, 10.521978733857297 ], [ -84.505840910457451, 10.521697010964006 ], [ -84.511138329785183, 10.518673279971985 ], [ -84.511309367621607, 10.51631400387117 ], [ -84.512720741407662, 10.51430676660906 ], [ -84.512540933023431, 10.512560886300358 ], [ -84.508894194072468, 10.508714675795886 ], [ -84.509466821430848, 10.507448877842078 ], [ -84.512651726353099, 10.506287574345444 ], [ -84.515111850611319, 10.507948857884703 ], [ -84.526069054199482, 10.510237918449796 ], [ -84.525704461996867, 10.514387446017343 ], [ -84.528300792738165, 10.517510637900857 ], [ -84.527799830459713, 10.518770502811382 ], [ -84.529915309221309, 10.523135866046355 ], [ -84.537369861536746, 10.52658275143696 ], [ -84.542480678702148, 10.531128077500469 ], [ -84.547001434218956, 10.530312903670437 ], [ -84.550445167291585, 10.531390414207959 ], [ -84.552170755510545, 10.53432629996728 ], [ -84.553464040769725, 10.534552074977015 ], [ -84.55444631238322, 10.533665974368018 ], [ -84.555071375012076, 10.535349952401772 ], [ -84.557989418196783, 10.53605660052664 ], [ -84.558411708090759, 10.537639745688246 ], [ -84.564019847207319, 10.538443913856785 ], [ -84.564809934448633, 10.539501650743164 ], [ -84.565528277993181, 10.53894290219336 ], [ -84.567274197983153, 10.540866297446168 ], [ -84.570799636336872, 10.539426646359692 ], [ -84.570871631752183, 10.540390268469151 ], [ -84.573334835349158, 10.542151485505073 ], [ -84.573526456956657, 10.545656757947489 ], [ -84.571510429030425, 10.546792416774922 ], [ -84.571651450334144, 10.549994594581392 ], [ -84.570006203724404, 10.551757257911111 ], [ -84.570793923904318, 10.554836154400945 ], [ -84.569048566149206, 10.556467083596871 ], [ -84.56954319844337, 10.559499803636802 ], [ -84.57130286428945, 10.561238315441091 ], [ -84.570598366968213, 10.563561501626189 ], [ -84.570919255217589, 10.565466365802411 ], [ -84.569960324099185, 10.56851176555293 ], [ -84.567289864563577, 10.571564223090395 ], [ -84.567114313199369, 10.573530141974091 ], [ -84.561713133779264, 10.577707410701755 ], [ -84.561334906389163, 10.584348566448574 ], [ -84.563407529621614, 10.585116601743161 ], [ -84.566419122358951, 10.584770579214968 ], [ -84.56954780514711, 10.586086291579127 ], [ -84.574730946887328, 10.585136862908776 ], [ -84.576034823109893, 10.585995452940413 ], [ -84.577833272819447, 10.589718922797461 ], [ -84.579108418117798, 10.590835392426193 ], [ -84.581583425331928, 10.591512179403715 ], [ -84.594688930946432, 10.590464819542833 ], [ -84.599756674057645, 10.587874037565248 ], [ -84.601370112550526, 10.588002436915813 ], [ -84.602290587511476, 10.589009285072708 ], [ -84.605084188114006, 10.589513878556447 ], [ -84.605527696971052, 10.591143750154894 ], [ -84.604303162513233, 10.592581203972847 ], [ -84.60366228487463, 10.595066888200851 ], [ -84.605078562102278, 10.594578592316976 ], [ -84.606104224458093, 10.596361140944802 ], [ -84.603202922051111, 10.598327773522389 ], [ -84.60425612452093, 10.599570815933777 ], [ -84.604173027340408, 10.600553407223089 ], [ -84.603023012625911, 10.601071742660505 ], [ -84.603991258513304, 10.602002171946607 ], [ -84.603940986193436, 10.604330332443945 ], [ -84.600061420747409, 10.605365305897854 ], [ -84.598637564877947, 10.607536460299606 ], [ -84.599399123330471, 10.608376685102964 ], [ -84.599222345573111, 10.61006194418845 ], [ -84.598133334121414, 10.611059679775277 ], [ -84.599197215094861, 10.612743902912221 ], [ -84.596738504940703, 10.615176981503891 ], [ -84.596239501326792, 10.616811650554325 ], [ -84.597534684853386, 10.61908567533448 ], [ -84.596318288546428, 10.620193341647687 ], [ -84.595988821481313, 10.622184860684881 ], [ -84.596925358560995, 10.62374532352775 ], [ -84.596528816926991, 10.624844297387348 ], [ -84.598424193323424, 10.626658380032499 ], [ -84.596063926852693, 10.628071231163837 ], [ -84.595096664695845, 10.631691777292566 ], [ -84.595402477796227, 10.633900384904933 ], [ -84.593228963353283, 10.635035503612325 ], [ -84.59408495740378, 10.638111013039671 ], [ -84.593336969466137, 10.638377611227002 ], [ -84.592120323867178, 10.637418731238832 ], [ -84.590717669565549, 10.637708987578389 ], [ -84.588673873951379, 10.640266428999617 ], [ -84.586157547884511, 10.640488303142421 ], [ -84.584805666258944, 10.641533413790931 ], [ -84.583846211911464, 10.64392380080357 ], [ -84.584621944126056, 10.646890748834965 ], [ -84.584296987234481, 10.650174649377544 ], [ -84.585660278775535, 10.650908879974159 ], [ -84.585304496310897, 10.651782610663801 ], [ -84.584300553128699, 10.651738314207833 ], [ -84.580038054610057, 10.654619337690194 ], [ -84.578150542326512, 10.653749075456037 ], [ -84.576449265177445, 10.659889978916347 ], [ -84.573072138958864, 10.658957085574931 ], [ -84.572649608743518, 10.659963516830574 ], [ -84.571970519785211, 10.659139977919386 ], [ -84.571666215863658, 10.660404808140767 ], [ -84.57011988615065, 10.660416896742056 ], [ -84.57125773357626, 10.661764529866808 ], [ -84.568673717310716, 10.665562919858244 ], [ -84.569839267100519, 10.666511228689016 ], [ -84.569462436473671, 10.670216966491216 ], [ -84.570794652979657, 10.670473753959984 ], [ -84.571357351864549, 10.671346783853487 ], [ -84.570466093820826, 10.671767774683692 ], [ -84.570632201626793, 10.673651736951919 ], [ -84.569247294673175, 10.674610208085024 ], [ -84.566241245712575, 10.674241762796356 ], [ -84.566714372086253, 10.675037664967888 ], [ -84.565386398710814, 10.676529456901735 ], [ -84.565582197156942, 10.677283782378383 ], [ -84.564018146420636, 10.678262796167084 ], [ -84.564395302454926, 10.681212979193132 ], [ -84.562242149567297, 10.682745889567633 ], [ -84.561228313977765, 10.682095340697098 ], [ -84.55999489370069, 10.684931563823207 ], [ -84.559373954827095, 10.684559218828765 ], [ -84.559461182796682, 10.683348144505944 ], [ -84.558073220354004, 10.682995309631304 ], [ -84.557071482311542, 10.68366705437807 ], [ -84.555744159444103, 10.681716798813422 ], [ -84.554094205897925, 10.68346975522755 ], [ -84.553115045597451, 10.683480077094041 ], [ -84.552656535758331, 10.685042084097363 ], [ -84.550768906343976, 10.684756473057258 ], [ -84.550759709686943, 10.682681064414494 ], [ -84.5478496972747, 10.682608559678501 ], [ -84.54630656300931, 10.683835824272023 ], [ -84.544516441095652, 10.683574734329561 ], [ -84.544521722754524, 10.684999460691913 ], [ -84.543113381121401, 10.683261345536135 ], [ -84.542178804829177, 10.685463217311609 ], [ -84.540370479623974, 10.685175420883562 ], [ -84.537470878208964, 10.687158940308523 ], [ -84.536828683359943, 10.686883087174126 ], [ -84.538459322771359, 10.689223187676683 ], [ -84.5365193177077, 10.689420738102624 ], [ -84.536265846710165, 10.69111288704018 ], [ -84.53395681982397, 10.691935819897713 ], [ -84.533711037265803, 10.691251937069609 ], [ -84.535184719940631, 10.690642874822153 ], [ -84.535625683437161, 10.688456843647817 ], [ -84.534345943355376, 10.688500234300212 ], [ -84.533569722613748, 10.687177766444821 ], [ -84.53315429327273, 10.688959878343709 ], [ -84.531256619276547, 10.688699904218016 ], [ -84.528650048186677, 10.689450131530842 ], [ -84.528890616181215, 10.687374423884158 ], [ -84.530283527805608, 10.687164480867795 ], [ -84.530705725515205, 10.685612756927672 ], [ -84.529054814465539, 10.68514880438549 ], [ -84.527416140282938, 10.686245390642043 ], [ -84.525391355381373, 10.685254614450587 ], [ -84.524598266871138, 10.686330900107746 ], [ -84.524845166212373, 10.688753391588854 ], [ -84.523445088744438, 10.691809753381737 ], [ -84.52203009277919, 10.692234083423507 ], [ -84.521221212844367, 10.691613358246258 ], [ -84.520245030000936, 10.69371464516021 ], [ -84.518855129099521, 10.693779806941649 ], [ -84.519037950408688, 10.69539080212779 ], [ -84.522647986385735, 10.700591983646305 ], [ -84.522008378643676, 10.701825927823956 ], [ -84.522459691596481, 10.704458035005773 ], [ -84.520813675673949, 10.705015921952418 ], [ -84.520408311366211, 10.707210494432534 ], [ -84.521466551484195, 10.70935921859113 ], [ -84.522635223243725, 10.709804109416943 ], [ -84.522192575803146, 10.713426742052626 ], [ -84.521021758494825, 10.714002278833311 ], [ -84.520142661279422, 10.712863290473688 ], [ -84.519616355181213, 10.714377897007559 ], [ -84.520165204983272, 10.7169114392933 ], [ -84.522202695844726, 10.718917136643851 ], [ -84.522722842865221, 10.720413487948381 ], [ -84.5222779446526, 10.721013485454485 ], [ -84.52041307700712, 10.72103708960922 ], [ -84.520823284355927, 10.721878345734448 ], [ -84.52389518271859, 10.722899428729217 ], [ -84.522496578303574, 10.725313793274481 ], [ -84.523457450976778, 10.726257898232488 ], [ -84.524870903221995, 10.726287661761601 ], [ -84.523604217880518, 10.727766322387517 ], [ -84.524784419736378, 10.729372344415768 ], [ -84.523654961484169, 10.73131039262308 ], [ -84.52563191706389, 10.731163956945167 ], [ -84.526439926031955, 10.732131700514474 ], [ -84.525412205865678, 10.732936511963221 ], [ -84.523994042945915, 10.732514808860314 ], [ -84.523459261613212, 10.734496582034811 ], [ -84.524176180857793, 10.735484288164336 ], [ -84.525842330317644, 10.735588209044989 ], [ -84.526992338734473, 10.736684576026502 ], [ -84.52414058697272, 10.738268740877512 ], [ -84.524422675062453, 10.739439806082414 ], [ -84.525915879547441, 10.738677963245069 ], [ -84.526637012736472, 10.739190356439313 ], [ -84.526012577899294, 10.740059185814415 ], [ -84.525095305175213, 10.739641076820796 ], [ -84.524150759786323, 10.741499338953934 ], [ -84.523790135143287, 10.740394934956333 ], [ -84.522358822051814, 10.740602134054944 ], [ -84.521974284096473, 10.742503906089251 ], [ -84.524230402178986, 10.743350636266374 ], [ -84.522524288395331, 10.744896428802461 ], [ -84.520367339645688, 10.744231008734012 ], [ -84.520612209698783, 10.745882539989225 ], [ -84.521910250831183, 10.747173047643814 ], [ -84.520169540523909, 10.747216909777769 ], [ -84.51910788773047, 10.748484273826115 ], [ -84.520483934537324, 10.749634669761539 ], [ -84.521958786572384, 10.74760229851031 ], [ -84.522803227477326, 10.74750013230655 ], [ -84.524215776747425, 10.74922046234656 ], [ -84.524471141919847, 10.747344811298211 ], [ -84.525739992095211, 10.747878526446032 ], [ -84.525461338891247, 10.747116777623855 ], [ -84.526139748732007, 10.747028315672488 ], [ -84.527502396732402, 10.747525193097657 ], [ -84.527027822511656, 10.749931075045987 ], [ -84.52929450323731, 10.750546854097943 ], [ -84.527763776308788, 10.7519472398267 ], [ -84.526553025567381, 10.751687956169233 ], [ -84.528261614437284, 10.752841976992579 ], [ -84.52835031809748, 10.755860649000722 ], [ -84.53007569234579, 10.75591385079813 ], [ -84.530084853715991, 10.756839013663251 ], [ -84.528872192866203, 10.757625701740322 ], [ -84.530329527083921, 10.758045841920167 ], [ -84.531156933416526, 10.759900804324818 ], [ -84.529418635640639, 10.760379525191411 ], [ -84.528944465335755, 10.762440794523235 ], [ -84.529786015052565, 10.76255039333509 ], [ -84.528506657674669, 10.763815451139315 ], [ -84.528374406668874, 10.765034727579982 ], [ -84.529153537909508, 10.76374256822924 ], [ -84.531839269627412, 10.763458594884529 ], [ -84.53239641301515, 10.76486259347144 ], [ -84.534065327113453, 10.765052134512588 ], [ -84.533193335008392, 10.766428214181492 ], [ -84.53369189871718, 10.768450895337301 ], [ -84.536496486528236, 10.768524874862855 ], [ -84.536795753926157, 10.76730818709305 ], [ -84.537093631054944, 10.768681232024536 ], [ -84.538582595981694, 10.76885114642783 ], [ -84.537297939184555, 10.769429797495643 ], [ -84.537860534453102, 10.769842603730114 ], [ -84.539577247932868, 10.768335637925835 ], [ -84.53851539370406, 10.767277983006217 ], [ -84.540950489352795, 10.767327425674194 ], [ -84.541459647764626, 10.769460660680311 ], [ -84.543532377096085, 10.770236856703955 ], [ -84.541376085104758, 10.770572020451725 ], [ -84.541833379703831, 10.771779974316958 ], [ -84.543543957203298, 10.772445132825025 ], [ -84.544565971144621, 10.770708034614215 ], [ -84.54549367418214, 10.770996506750683 ], [ -84.545573732690059, 10.771693092164421 ], [ -84.543007499651836, 10.774680121263131 ], [ -84.547289202244443, 10.77744839576812 ], [ -84.547675927874792, 10.778829321870832 ], [ -84.545779243106153, 10.779308522664314 ], [ -84.54544244117038, 10.778376888124027 ], [ -84.544674676606078, 10.778288814368752 ], [ -84.54430632060398, 10.778944013457474 ], [ -84.545171764214118, 10.780089726786651 ], [ -84.546691035199743, 10.780239161993446 ], [ -84.546260920825873, 10.782090022822878 ], [ -84.54480395836886, 10.781781668664234 ], [ -84.544092250803274, 10.783254558174299 ], [ -84.545509183942244, 10.784241455115128 ], [ -84.546415748772333, 10.783068569249236 ], [ -84.548036282069702, 10.782950406274447 ], [ -84.547140629145161, 10.784534348701518 ], [ -84.547585947692667, 10.786004158481314 ], [ -84.546372737632353, 10.78684030448977 ], [ -84.547833756139454, 10.787526563298231 ], [ -84.546426342093568, 10.78861585790154 ], [ -84.547027948706258, 10.789127760470668 ], [ -84.549027967788419, 10.788033866425424 ], [ -84.549809643231484, 10.789005238028551 ], [ -84.549699722107036, 10.790698827676078 ], [ -84.548501001422977, 10.791119670578626 ], [ -84.547467072940194, 10.790364702701407 ], [ -84.546414304264985, 10.791561420182379 ], [ -84.548709773446447, 10.792347260858055 ], [ -84.549086590673497, 10.794653583582933 ], [ -84.546390714770581, 10.795892828406149 ], [ -84.546002851139804, 10.795160128704211 ], [ -84.545325999091418, 10.795460486150585 ], [ -84.546224159012596, 10.799360580076153 ], [ -84.547673921245789, 10.800756883923114 ], [ -84.545769726181021, 10.8013260086475 ], [ -84.547676605452011, 10.802698615210229 ], [ -84.54547306890214, 10.803968589497391 ], [ -84.543835249189939, 10.803021823883373 ], [ -84.544818547694561, 10.805534824344678 ], [ -84.543586945097431, 10.805234523348162 ], [ -84.54330155824313, 10.806025872873418 ], [ -84.544176855686842, 10.806760564826924 ], [ -84.545685948958933, 10.806219507307187 ], [ -84.545404301465766, 10.809082329240125 ], [ -84.546649992913601, 10.809247443854838 ], [ -84.545747627681294, 10.810735216199525 ], [ -84.547011166861552, 10.811765190244284 ], [ -84.55053920630624, 10.812149444400813 ], [ -84.551283101916098, 10.814705315764627 ], [ -84.550000755496939, 10.81459624210815 ], [ -84.550028362990545, 10.813407937128844 ], [ -84.548726763985528, 10.814045263223585 ], [ -84.547153793767876, 10.813705956347912 ], [ -84.545749872154076, 10.815905997173191 ], [ -84.544509193344766, 10.815387256348931 ], [ -84.541236861360673, 10.817691346763111 ], [ -84.543237588152124, 10.81762018956884 ], [ -84.542403328192819, 10.819793602041262 ], [ -84.543546908059994, 10.819257710438304 ], [ -84.543931931805062, 10.819808878613483 ], [ -84.54223158510969, 10.821269137051218 ], [ -84.540588133473591, 10.821100387914081 ], [ -84.540555685600538, 10.822863100399061 ], [ -84.538747269551592, 10.822363765536309 ], [ -84.538946702857018, 10.823496202264234 ], [ -84.540324031776805, 10.823707656411285 ], [ -84.538412828938789, 10.825237767449309 ], [ -84.540424903947368, 10.826558310368009 ], [ -84.540424627295423, 10.825468028109023 ], [ -84.541370035554735, 10.825237525680469 ], [ -84.540906350014396, 10.827878644753449 ], [ -84.539373419620333, 10.827325948169461 ], [ -84.538572272635093, 10.828973074534687 ], [ -84.538813138903549, 10.830905191486261 ], [ -84.537725616106485, 10.831565915799777 ], [ -84.539602676207096, 10.832691963691735 ], [ -84.539110156866641, 10.831149608771286 ], [ -84.540285800940794, 10.831307259220511 ], [ -84.541025731502685, 10.83270616610911 ], [ -84.54078657027226, 10.834837125248223 ], [ -84.54155142270379, 10.834450410773885 ], [ -84.542310396216422, 10.83539494045594 ], [ -84.540752339821097, 10.837014338130917 ], [ -84.539352674880604, 10.836066513847166 ], [ -84.539394525981763, 10.83749422744402 ], [ -84.540730648231047, 10.838194894615954 ], [ -84.539926819559682, 10.840109692734897 ], [ -84.541770941667579, 10.839736544609631 ], [ -84.541446924628744, 10.841337821422192 ], [ -84.540402903693433, 10.84126334433595 ], [ -84.540213981360253, 10.842015833586055 ], [ -84.541455474601648, 10.844282773767445 ], [ -84.542598691261375, 10.843789279646309 ], [ -84.543127839777156, 10.845447245509627 ], [ -84.542630941011282, 10.845955897036955 ], [ -84.544198816893754, 10.846260988453194 ], [ -84.543271875462082, 10.846936958743608 ], [ -84.543506107254515, 10.847792690278576 ], [ -84.545100790984989, 10.846733820196114 ], [ -84.546374653877976, 10.84761888088534 ], [ -84.545821001498325, 10.849604117277405 ], [ -84.544872244482221, 10.849843595636065 ], [ -84.54601552829628, 10.851172925936821 ], [ -84.544638546875674, 10.851808971883484 ], [ -84.546719229967479, 10.851445236294367 ], [ -84.546582309492436, 10.852348941702862 ], [ -84.545502393335923, 10.853126515038179 ], [ -84.543926039783855, 10.852481954886844 ], [ -84.546206945087903, 10.855036712264107 ], [ -84.544007554265519, 10.854779699848583 ], [ -84.54477478494141, 10.85632536690887 ], [ -84.546571325995799, 10.856591087025546 ], [ -84.545425283883006, 10.859282162450626 ], [ -84.54678337984798, 10.858421635825493 ], [ -84.54816977986944, 10.860246146467276 ], [ -84.545159960831839, 10.860038803514943 ], [ -84.544367320510403, 10.860785254372532 ], [ -84.544580078246526, 10.862132254096151 ], [ -84.546510880198383, 10.862286644739225 ], [ -84.544874038737134, 10.863351976932318 ], [ -84.545515889472483, 10.865094587907173 ], [ -84.542644384539599, 10.862790594705588 ], [ -84.5426241912227, 10.865901078568815 ], [ -84.543800214632952, 10.865173301273309 ], [ -84.543915508792239, 10.867036970834759 ], [ -84.540950169591682, 10.868120785695734 ], [ -84.539905659009833, 10.867203839666987 ], [ -84.539969671464462, 10.869775315359837 ], [ -84.541014853760529, 10.870110190354621 ], [ -84.539173653924323, 10.870878351400805 ], [ -84.537235159640403, 10.870518010118278 ], [ -84.538751337665019, 10.87152001210244 ], [ -84.538319498837325, 10.872270336419527 ], [ -84.535448344549209, 10.870309598214766 ], [ -84.534088232898625, 10.870511308988318 ], [ -84.534652485991472, 10.871688876265361 ], [ -84.53364583350691, 10.873202362670764 ], [ -84.534654118116762, 10.874362713024361 ], [ -84.531112026703966, 10.874056059368854 ], [ -84.529921429493399, 10.873038426135288 ], [ -84.530938617643827, 10.871044007403016 ], [ -84.528955908679961, 10.871238919972242 ], [ -84.526366777542023, 10.873968726020603 ], [ -84.525992971582184, 10.875777483631278 ], [ -84.524172095636501, 10.874153750151072 ], [ -84.522982146189662, 10.874199488518917 ], [ -84.523067799447489, 10.876454930201156 ], [ -84.522176850922833, 10.876889201170519 ], [ -84.523516890493681, 10.877863123504314 ], [ -84.524138692630629, 10.87748788765345 ], [ -84.523878296256825, 10.878428255566465 ], [ -84.520461827351454, 10.878892929838026 ], [ -84.518723649536724, 10.877214625689586 ], [ -84.518438725751054, 10.875989314600877 ], [ -84.517510234925609, 10.87949413345636 ], [ -84.515394719341614, 10.879808796966655 ], [ -84.514238529024169, 10.878533029630669 ], [ -84.513014807296457, 10.88052556727885 ], [ -84.51181478178988, 10.879632882399532 ], [ -84.512332487074588, 10.878188399152769 ], [ -84.511308693946077, 10.877813256022536 ], [ -84.511221622224127, 10.880382734625115 ], [ -84.507938371236378, 10.880791846701173 ], [ -84.509360939377288, 10.881874144183653 ], [ -84.508664638310307, 10.882793515039165 ], [ -84.506982500470443, 10.881359295361856 ], [ -84.506713281243378, 10.879892666890147 ], [ -84.50464980028778, 10.879860363261731 ], [ -84.505915916497344, 10.878180338017801 ], [ -84.503873264763641, 10.877959576379746 ], [ -84.505559300933783, 10.877235653503583 ], [ -84.505408401407124, 10.876573467878611 ], [ -84.502653880293067, 10.875127388926392 ], [ -84.502312224418816, 10.874100440761053 ], [ -84.501059127563195, 10.875005324639869 ], [ -84.502363456005256, 10.873260618578795 ], [ -84.502002225655858, 10.872629559415165 ], [ -84.499371370703898, 10.872272624735881 ], [ -84.500528190325355, 10.873842345850841 ], [ -84.497196063222034, 10.875626946409319 ], [ -84.494173817247301, 10.873387956965061 ], [ -84.492843748254444, 10.874867130417332 ], [ -84.493671755063801, 10.875662427494571 ], [ -84.49499728481976, 10.874305992865345 ], [ -84.495622306269283, 10.876362302050023 ], [ -84.493032710333708, 10.877761156633266 ], [ -84.49199859413261, 10.876355638832894 ], [ -84.491157516391993, 10.876931075238113 ], [ -84.490704216692592, 10.875313390405275 ], [ -84.489614747538113, 10.876473814243074 ], [ -84.489094800116717, 10.875383381749465 ], [ -84.487674404099494, 10.876502013780261 ], [ -84.487810108757884, 10.875065292194726 ], [ -84.486499965744315, 10.874545787229613 ], [ -84.486516042207413, 10.876491545648857 ], [ -84.485920870656798, 10.876868992321706 ], [ -84.484377952491272, 10.875074179784887 ], [ -84.484149153814613, 10.87368910761445 ], [ -84.481180404165926, 10.87482097409241 ], [ -84.479418429684898, 10.87368162564127 ], [ -84.478524448672673, 10.874304584598963 ], [ -84.477956954074529, 10.87298882585112 ], [ -84.475982760510178, 10.872082138834262 ], [ -84.476019750763854, 10.873385444909943 ], [ -84.475531066046472, 10.873386024753119 ], [ -84.474079712614, 10.871295919627894 ], [ -84.472610063594971, 10.872382729802304 ], [ -84.472910779592169, 10.873028876866908 ], [ -84.473879791749454, 10.8729212563722 ], [ -84.473597667452168, 10.873635762300186 ], [ -84.470375643631144, 10.872706972725249 ], [ -84.471991028009711, 10.875220261136098 ], [ -84.47164661015978, 10.876314857773128 ], [ -84.472661900305894, 10.876461148870291 ], [ -84.472673300275744, 10.877136843426143 ], [ -84.4712000952658, 10.878828878482221 ], [ -84.470499270714754, 10.878334633364821 ], [ -84.471381735708917, 10.876782824889538 ], [ -84.469639603752654, 10.876801910557067 ], [ -84.468919124995352, 10.878638594689916 ], [ -84.467275661235419, 10.878707028335249 ], [ -84.46788092148735, 10.87993732826933 ], [ -84.466722621975308, 10.878960853676837 ], [ -84.466214190223923, 10.879266976270635 ], [ -84.466177915323044, 10.881185486120437 ], [ -84.468869982379431, 10.882308196687077 ], [ -84.468427643324162, 10.880823413621513 ], [ -84.469197240097074, 10.880316437550464 ], [ -84.470522779687357, 10.883064425837013 ], [ -84.468219060294146, 10.883676515547474 ], [ -84.46940978864356, 10.884483173866766 ], [ -84.469482389767279, 10.885560181475102 ], [ -84.468333301666647, 10.885675563335271 ], [ -84.466955509738881, 10.887438697657643 ], [ -84.465690591427617, 10.886989216682762 ], [ -84.465109099473864, 10.887664476781485 ], [ -84.465868270643909, 10.888439184054585 ], [ -84.468448238533128, 10.888238090293376 ], [ -84.468829120544243, 10.891588027757996 ], [ -84.469512291891945, 10.892062747228238 ], [ -84.47092845744119, 10.891262114994252 ], [ -84.471662708520114, 10.892836841453649 ], [ -84.469274314096722, 10.897375498926419 ], [ -84.468136225290635, 10.897850997936532 ], [ -84.470311922435513, 10.898500085608022 ], [ -84.46935108476309, 10.899400524011234 ], [ -84.469933776202751, 10.901425326472614 ], [ -84.471755377750569, 10.902124556556592 ], [ -84.470377494035347, 10.903787697191069 ], [ -84.470909317354582, 10.905162505075491 ], [ -84.469948713092279, 10.906637957078832 ], [ -84.470531111899021, 10.90796273935903 ], [ -84.468355836745545, 10.908438684344686 ], [ -84.467016541980755, 10.911714328196773 ], [ -84.467876780187737, 10.912063975915798 ], [ -84.469014360542133, 10.910313450191497 ], [ -84.47163315366663, 10.911674857332812 ], [ -84.470116479477937, 10.914225573337399 ], [ -84.472141727521191, 10.917599772671135 ], [ -84.469104343362531, 10.919413630462023 ], [ -84.472403988290878, 10.921392248933067 ], [ -84.470826465363771, 10.923732986469044 ], [ -84.472507226082143, 10.925972304891719 ], [ -84.473732111748959, 10.927021790017612 ], [ -84.475432023998067, 10.926801029327583 ], [ -84.476181510209244, 10.928260726451818 ], [ -84.478770846871271, 10.925759499783519 ], [ -84.480147912627643, 10.927598905045961 ], [ -84.481948869038533, 10.927078060967778 ], [ -84.482900298280043, 10.927557625755487 ], [ -84.482394733280771, 10.928377880956695 ], [ -84.479359197845, 10.928839293410189 ], [ -84.47713385956969, 10.930740350031176 ], [ -84.476247420292466, 10.933062731834079 ], [ -84.474680027981577, 10.933994424761181 ], [ -84.474781234947585, 10.935894678175359 ], [ -84.473476585278206, 10.936687238481436 ], [ -84.474029784339265, 10.938437266612009 ], [ -84.476215430532022, 10.939436058818256 ], [ -84.472738995761702, 10.941095281341081 ], [ -84.473770862973012, 10.944095083314767 ], [ -84.475427503855471, 10.942807014992667 ], [ -84.476167282872822, 10.943164433030301 ], [ -84.47342592215378, 10.946488443852445 ], [ -84.479738673586596, 10.947361855798217 ], [ -84.479528638762645, 10.948328816510385 ], [ -84.477069481831663, 10.949877728372158 ], [ -84.478191898447477, 10.951778781179435 ], [ -84.475976118500782, 10.952212959648108 ], [ -84.474707341101293, 10.95060635648465 ], [ -84.474163522196463, 10.953110599946614 ], [ -84.471873242036153, 10.952563028572197 ], [ -84.471902696479361, 10.956795408164943 ], [ -84.47128610319578, 10.957390948115028 ], [ -84.46986954913173, 10.956746828950088 ], [ -84.467268417605894, 10.953145341408549 ], [ -84.466158091309367, 10.953269891965784 ], [ -84.465601973935961, 10.954383740700862 ], [ -84.466593449519252, 10.957038920290438 ], [ -84.466488389240951, 10.95906518222187 ], [ -84.463546405875377, 10.960053441165757 ], [ -84.459932974323308, 10.95852315605182 ], [ -84.459678793683167, 10.962131806900834 ], [ -84.461543752443845, 10.963924420473038 ], [ -84.461295506282909, 10.964491985181859 ], [ -84.457595338491458, 10.9630190292349 ], [ -84.451474425943189, 10.961982110337269 ], [ -84.450597821940192, 10.960993855222382 ], [ -84.420304117733963, 10.955434710493522 ], [ -84.399820838159144, 10.975237315722692 ], [ -84.376479122189977, 10.977685744439755 ], [ -84.358808762173979, 10.995737217414511 ] ] ] } },
{ "type": "Feature", "properties": { "cod_distrito": 21402, "distrito": "Caño Negro", "canton": "Los Chiles" }, "geometry": { "type": "Polygon", "coordinates": [ [ [ -84.735187427308645, 11.034747254844548 ], [ -84.733206668038889, 11.034630761258073 ], [ -84.731254312396885, 11.035796593977558 ], [ -84.727875568389877, 11.036071809980148 ], [ -84.718404070451911, 11.027966083930989 ], [ -84.71798760562362, 11.026657768349816 ], [ -84.718942588175892, 11.02516932096022 ], [ -84.71894592914731, 11.022465747906704 ], [ -84.721143365657994, 11.01933646105625 ], [ -84.72033951888092, 11.018583870466777 ], [ -84.716686338901738, 11.018627945445811 ], [ -84.718489902291864, 11.01621965761939 ], [ -84.715576780421642, 11.014101285920463 ], [ -84.714285337973919, 11.009468987743197 ], [ -84.720121197291533, 11.005711064737287 ], [ -84.719506690287801, 11.004802166685964 ], [ -84.715982884854441, 11.004794102742103 ], [ -84.715759144996611, 11.001314976468262 ], [ -84.716215040637024, 11.000657846670812 ], [ -84.717339090357328, 11.000728804230027 ], [ -84.719095999997677, 11.002968340750041 ], [ -84.721593680535193, 11.001566675096624 ], [ -84.721860281495566, 10.999957676876223 ], [ -84.719880076650156, 10.997119511191208 ], [ -84.722220615127142, 10.991301371972629 ], [ -84.723894598450187, 10.991365549949514 ], [ -84.725672876136287, 10.990373220477846 ], [ -84.727993221331275, 10.991510160130547 ], [ -84.728167121929488, 10.990391052316873 ], [ -84.725786388824631, 10.989306720282565 ], [ -84.726787498345672, 10.988304758397524 ], [ -84.731859200905532, 10.988942761843223 ], [ -84.729358644808499, 10.985285858774464 ], [ -84.732129117958308, 10.985585917051507 ], [ -84.733867542681594, 10.984525186245005 ], [ -84.733102763108263, 10.98376164750457 ], [ -84.731052303388012, 10.983586745624191 ], [ -84.731271052181512, 10.981969167446687 ], [ -84.734118281569778, 10.981483636369658 ], [ -84.736054325236836, 10.97949546717027 ], [ -84.738664879363213, 10.979414495925324 ], [ -84.741311620398818, 10.975955998928512 ], [ -84.739060034950526, 10.972949107172646 ], [ -84.742678610601942, 10.973027912281808 ], [ -84.745995689816453, 10.968869098129939 ], [ -84.746361701611676, 10.965966097905534 ], [ -84.743010040962417, 10.964716407718647 ], [ -84.745163720720342, 10.964096932404829 ], [ -84.744858895969003, 10.959244393858333 ], [ -84.746695460446787, 10.956271853046367 ], [ -84.744621986818345, 10.954869556372694 ], [ -84.745129378304725, 10.951858342132628 ], [ -84.742496062347286, 10.949739361354469 ], [ -84.740084980711032, 10.94949773737698 ], [ -84.739174714614521, 10.95133842252897 ], [ -84.737402935958769, 10.952250612778322 ], [ -84.738593869945703, 10.949667514209937 ], [ -84.738396650607243, 10.948636056064117 ], [ -84.735611960375266, 10.948900918528954 ], [ -84.735758108056174, 10.946372925976616 ], [ -84.732871300671761, 10.943777243345489 ], [ -84.730900873956543, 10.944723170018682 ], [ -84.729736036702164, 10.944057170862513 ], [ -84.729460951226642, 10.942813400178599 ], [ -84.73044576153535, 10.940985338798345 ], [ -84.728351681699252, 10.940377412135067 ], [ -84.728074655037389, 10.939654587753866 ], [ -84.730538586819989, 10.937034114494789 ], [ -84.730873084303866, 10.935727402417003 ], [ -84.729334845369024, 10.933936482055586 ], [ -84.728526184098442, 10.931057703860104 ], [ -84.727076269644456, 10.930595359527358 ], [ -84.725000991558375, 10.931158848296695 ], [ -84.723283311339713, 10.928331541160569 ], [ -84.723843928828359, 10.927570096179851 ], [ -84.726268333157421, 10.926989463576149 ], [ -84.727300046149765, 10.925323461545753 ], [ -84.726537018528418, 10.924625641528799 ], [ -84.726279124748103, 10.926131717273922 ], [ -84.725589080160901, 10.926385420030211 ], [ -84.723697571216974, 10.923241902320385 ], [ -84.727894507246205, 10.92054078346899 ], [ -84.726964672179975, 10.918944658226083 ], [ -84.728039682128639, 10.916666807524775 ], [ -84.727289625662266, 10.914393496654448 ], [ -84.729970237243478, 10.915765023493815 ], [ -84.730881385172069, 10.914838292572592 ], [ -84.730276872192647, 10.911770157323954 ], [ -84.727217927413562, 10.910806636111888 ], [ -84.727148444924879, 10.909496406358107 ], [ -84.732346100925383, 10.911056488400607 ], [ -84.732474891141578, 10.909505546015987 ], [ -84.734244777642303, 10.907639311273632 ], [ -84.734108512209019, 10.905832530408693 ], [ -84.73613680234773, 10.90690509470258 ], [ -84.739821180518803, 10.907380924690623 ], [ -84.741287949262073, 10.904861558170099 ], [ -84.742450940415054, 10.907494084284842 ], [ -84.744004342798291, 10.904199775927397 ], [ -84.746773097725153, 10.904167562516159 ], [ -84.745542903508962, 10.901720410266327 ], [ -84.749155263217887, 10.901328142123896 ], [ -84.748868737380462, 10.897958038860056 ], [ -84.751100677248473, 10.898589189649215 ], [ -84.752195628832212, 10.896012134710125 ], [ -84.755312856407045, 10.897646933002282 ], [ -84.756634396922436, 10.895516633363851 ], [ -84.757478357041393, 10.895384882440492 ], [ -84.759269251013109, 10.898023633532654 ], [ -84.761640547059187, 10.898527151401932 ], [ -84.761710053358627, 10.89787791284807 ], [ -84.759822783918892, 10.896983972127614 ], [ -84.759952092378569, 10.894988666230102 ], [ -84.761080390592056, 10.89437822813742 ], [ -84.763669662798833, 10.896848657795696 ], [ -84.764115285970433, 10.894061290312175 ], [ -84.762677657182351, 10.891953195280196 ], [ -84.764870277766548, 10.891833615848427 ], [ -84.767404750371512, 10.890243246420305 ], [ -84.767155681157931, 10.88944924770783 ], [ -84.765751495840064, 10.889762196346982 ], [ -84.765179660105062, 10.889012846380931 ], [ -84.766290238584801, 10.887101090092578 ], [ -84.765987869881613, 10.885600311884961 ], [ -84.768070902091779, 10.884690448880525 ], [ -84.76715210311346, 10.880327484840382 ], [ -84.769500056691669, 10.879790469348904 ], [ -84.769747491183765, 10.877108644245213 ], [ -84.772115399313662, 10.875157124544064 ], [ -84.77122954619594, 10.873199210495972 ], [ -84.773405680868393, 10.871663823991003 ], [ -84.772383117025171, 10.870171638030676 ], [ -84.772695213066811, 10.868832790981511 ], [ -84.776033127568695, 10.870108396246277 ], [ -84.776971360817512, 10.867488450653736 ], [ -84.778029920803419, 10.86669168318771 ], [ -84.77744042530324, 10.866149375035686 ], [ -84.77606730133941, 10.866539235690993 ], [ -84.775954756854247, 10.861358736422199 ], [ -84.775114044569406, 10.85856823381909 ], [ -84.774179122960987, 10.857972087830799 ], [ -84.775991587476184, 10.854687535796577 ], [ -84.773260125930364, 10.851975677289618 ], [ -84.774905021306239, 10.849548725666777 ], [ -84.773275582325738, 10.849027245639112 ], [ -84.773881530795165, 10.847358231839912 ], [ -84.772987748568013, 10.845295577439524 ], [ -84.774870107692237, 10.844299827246109 ], [ -84.775480701411411, 10.843150648935005 ], [ -84.773515735248409, 10.841229142739952 ], [ -84.775208289081121, 10.839240499503349 ], [ -84.773275905861183, 10.838141399481263 ], [ -84.7698385608998, 10.838472001413997 ], [ -84.770307513667404, 10.837059220826834 ], [ -84.771935055920792, 10.835726164832581 ], [ -84.773531754704152, 10.836399851533571 ], [ -84.774322479279405, 10.834226741462416 ], [ -84.778294972620287, 10.832628669702665 ], [ -84.778617460530356, 10.83325554131399 ], [ -84.780312087305646, 10.832131140301689 ], [ -84.781519855076837, 10.833650063980205 ], [ -84.78088581458951, 10.836518529828972 ], [ -84.784120859792992, 10.836843953984511 ], [ -84.78395096446539, 10.839711759773078 ], [ -84.786462411155426, 10.837197674966101 ], [ -84.78724267160672, 10.837649987611012 ], [ -84.786670562312935, 10.84253133151879 ], [ -84.788616696150129, 10.84357185765054 ], [ -84.788854285326579, 10.845278338216126 ], [ -84.790018899601833, 10.841759028279197 ], [ -84.791548992725254, 10.843080711137453 ], [ -84.794110418094434, 10.84760579729708 ], [ -84.795963714768448, 10.8465586456577 ], [ -84.802225005776478, 10.846851778526188 ], [ -84.801674182715189, 10.849320411427748 ], [ -84.800115358887695, 10.848944581193679 ], [ -84.799406722289746, 10.849980575416023 ], [ -84.800361313345164, 10.851555894153961 ], [ -84.802577904348411, 10.850276742838869 ], [ -84.807691950422424, 10.852327263857545 ], [ -84.810716616896343, 10.850743736100563 ], [ -84.814852128829401, 10.850608280067378 ], [ -84.81733749316686, 10.849603202530272 ], [ -84.822029539767385, 10.845503098019996 ], [ -84.82813301974835, 10.84237122775658 ], [ -84.829493250180107, 10.839703086144727 ], [ -84.830649451665792, 10.839722911223545 ], [ -84.831479744297681, 10.838668454307834 ], [ -84.83185656855278, 10.836842016099668 ], [ -84.830686440829751, 10.8349938497617 ], [ -84.832034764644305, 10.833826943781325 ], [ -84.832792207325227, 10.830329874075286 ], [ -84.831654280074531, 10.82669307618473 ], [ -84.834215806556841, 10.821425304537881 ], [ -84.83594020052837, 10.822093051166767 ], [ -84.838213538076118, 10.821856031310904 ], [ -84.83949802904813, 10.819935213111542 ], [ -84.843024655774755, 10.82066962891146 ], [ -84.843342926715977, 10.819995099604828 ], [ -84.842534278721658, 10.819689459019168 ], [ -84.842455775791009, 10.818713145434511 ], [ -84.84311572306494, 10.819154921079447 ], [ -84.844645365012994, 10.815955419493436 ], [ -84.84781552255825, 10.814118155395002 ], [ -84.848280006577596, 10.812812481894289 ], [ -84.850384984761234, 10.811866629901038 ], [ -84.850756336208278, 10.810686326468153 ], [ -84.852555101483418, 10.810011167833434 ], [ -84.853982197404818, 10.810325186920762 ], [ -84.856178437674643, 10.808166492826121 ], [ -84.858391175432089, 10.80790582216096 ], [ -84.859513025608862, 10.809050725019652 ], [ -84.860472916080383, 10.809022777459978 ], [ -84.863218412285178, 10.808444848264045 ], [ -84.868826401802906, 10.805562006254087 ], [ -84.87524804956152, 10.810632444752892 ], [ -84.877087720899681, 10.810510683521825 ], [ -84.878804734549348, 10.808866708962062 ], [ -84.879607543875125, 10.810499785113175 ], [ -84.881382116126943, 10.811267830083189 ], [ -84.881383739351108, 10.812190498008764 ], [ -84.88231671205709, 10.812017538107085 ], [ -84.883438635798612, 10.813142582392194 ], [ -84.884224116502054, 10.812495358065624 ], [ -84.885051876915171, 10.813139794530402 ], [ -84.884679987349898, 10.813944480708965 ], [ -84.887921488919361, 10.814881302745601 ], [ -84.888392064215139, 10.817088302582345 ], [ -84.89120833926269, 10.818796922569728 ], [ -84.897610225088073, 10.827326947483003 ], [ -84.895017787312696, 10.831509897264972 ], [ -84.895308801492504, 10.832438362385147 ], [ -84.894349677588252, 10.834066505641092 ], [ -84.891167635195842, 10.837536952924108 ], [ -84.890604950726853, 10.839158186724493 ], [ -84.892981221735255, 10.840669195033795 ], [ -84.892815553705063, 10.841546261971098 ], [ -84.891253154904575, 10.84273202836542 ], [ -84.890378890447124, 10.844522844938199 ], [ -84.886664981752375, 10.84365129879248 ], [ -84.88594743625427, 10.846906963391437 ], [ -84.884736637632372, 10.847950055634355 ], [ -84.885865164443459, 10.852665172382013 ], [ -84.884196294794705, 10.858273394032222 ], [ -84.885670965361626, 10.859921817923198 ], [ -84.886309013445484, 10.863090177494964 ], [ -84.890194925400152, 10.86411986524139 ], [ -84.89003154505717, 10.870222844023301 ], [ -84.893318778004655, 10.872299852347741 ], [ -84.892723569985577, 10.875780654875063 ], [ -84.891713298221163, 10.878291067966282 ], [ -84.890531808200464, 10.879225074675242 ], [ -84.888170184092758, 10.886847542524754 ], [ -84.884987202426785, 10.890456095183653 ], [ -84.885565093271509, 10.892248467072523 ], [ -84.888208434602731, 10.893824142431967 ], [ -84.888890256000892, 10.895539136625292 ], [ -84.888661122455161, 10.898299721909648 ], [ -84.887116410825186, 10.900132011368415 ], [ -84.890953714996684, 10.90374188029547 ], [ -84.891281273799322, 10.905892217077923 ], [ -84.887407888892568, 10.911477156224764 ], [ -84.886534863482993, 10.914138951040806 ], [ -84.887219858054692, 10.916424761985848 ], [ -84.886421687854437, 10.917632301185852 ], [ -84.887732246802031, 10.919692103891528 ], [ -84.88656950379125, 10.926705565887339 ], [ -84.88687696488509, 10.929199017962306 ], [ -84.884940509536804, 10.930045544088117 ], [ -84.885446264780612, 10.931231559631023 ], [ -84.884723626297998, 10.932707785134252 ], [ -84.884991479549981, 10.934792936109378 ], [ -84.883245141905803, 10.937046144379293 ], [ -84.882384365225491, 10.940680522174519 ], [ -84.88121023332576, 10.94160785224104 ], [ -84.881736050157329, 10.944542952516294 ], [ -84.880956078968083, 10.945213366786914 ], [ -84.881704111528123, 10.947137827840475 ], [ -84.880937521675605, 10.951100059114852 ], [ -84.881371251059051, 10.954504064337556 ], [ -84.880576749739873, 10.956809702095395 ], [ -84.881439762391636, 10.960636551216584 ], [ -84.882288368704621, 10.961334948639511 ], [ -84.741717965943536, 11.047004952684546 ], [ -84.739430571251205, 11.04568832359565 ], [ -84.737928934485339, 11.043574978480773 ], [ -84.73773023236636, 11.039999131234685 ], [ -84.736192258427607, 11.035631749013985 ], [ -84.735187427308645, 11.034747254844548 ] ] ] } },
{ "type": "Feature", "properties": { "cod_distrito": 21401, "distrito": "Los Chiles", "canton": "Los Chiles" }, "geometry": { "type": "Polygon", "coordinates": [ [ [ -84.666396335301656, 11.072468864033167 ], [ -84.606039852375233, 11.038436291379838 ], [ -84.574706941006539, 11.051186543607894 ], [ -84.564542387136925, 11.033043858967973 ], [ -84.486115353679978, 11.001027645190289 ], [ -84.451474425943189, 10.961982110337269 ], [ -84.461651254734633, 10.964440764113752 ], [ -84.459678793683167, 10.962131806900834 ], [ -84.460061737257703, 10.958346543833262 ], [ -84.463546405875377, 10.960053441165757 ], [ -84.466488389240951, 10.95906518222187 ], [ -84.466593449519252, 10.957038920290438 ], [ -84.465601973935961, 10.954383740700862 ], [ -84.466720021170545, 10.952943834467909 ], [ -84.469906228565307, 10.956779950307402 ], [ -84.471603721994271, 10.957293820089582 ], [ -84.471825012359517, 10.952607012777991 ], [ -84.474163522196463, 10.953110599946614 ], [ -84.474707341101293, 10.95060635648465 ], [ -84.475976118500782, 10.952212959648108 ], [ -84.478111384567313, 10.951855738946451 ], [ -84.478271692247205, 10.951150254023252 ], [ -84.477069481831663, 10.949877728372158 ], [ -84.479784770941393, 10.947804605646581 ], [ -84.478480510238796, 10.946870301290115 ], [ -84.473493530437366, 10.946610919140648 ], [ -84.476167282872822, 10.943164433030301 ], [ -84.475427503855471, 10.942807014992667 ], [ -84.473770862973012, 10.944095083314767 ], [ -84.472738995761702, 10.941095281341081 ], [ -84.476206830321814, 10.939537326423114 ], [ -84.473667316873588, 10.937776070027676 ], [ -84.473563576576154, 10.93645064148517 ], [ -84.474844359256338, 10.935762598933234 ], [ -84.474703535988724, 10.933945135347813 ], [ -84.476118866568839, 10.933218504099926 ], [ -84.476701592797454, 10.931290318558556 ], [ -84.479359197845, 10.928839293410189 ], [ -84.482394733280771, 10.928377880956695 ], [ -84.482900298280043, 10.927557625755487 ], [ -84.481948869038533, 10.927078060967778 ], [ -84.480147912627643, 10.927598905045961 ], [ -84.478770846871271, 10.925759499783519 ], [ -84.476181510209244, 10.928260726451818 ], [ -84.475432023998067, 10.926801029327583 ], [ -84.473732111748959, 10.927021790017612 ], [ -84.472507226082143, 10.925972304891719 ], [ -84.470826465363771, 10.923732986469044 ], [ -84.472403988290878, 10.921392248933067 ], [ -84.469104343362531, 10.919413630462023 ], [ -84.472141727521191, 10.917599772671135 ], [ -84.470116479477937, 10.914225573337399 ], [ -84.47163315366663, 10.911674857332812 ], [ -84.469014360542133, 10.910313450191497 ], [ -84.467876780187737, 10.912063975915798 ], [ -84.467016541980755, 10.911714328196773 ], [ -84.468355836745545, 10.908438684344686 ], [ -84.470531111899021, 10.90796273935903 ], [ -84.469948713092279, 10.906637957078832 ], [ -84.470909317354582, 10.905162505075491 ], [ -84.470377494035347, 10.903787697191069 ], [ -84.471755377750569, 10.902124556556592 ], [ -84.469933776202751, 10.901425326472614 ], [ -84.46935108476309, 10.899400524011234 ], [ -84.470311922435513, 10.898500085608022 ], [ -84.468136225290635, 10.897850997936532 ], [ -84.469274314096722, 10.897375498926419 ], [ -84.471662708520114, 10.892836841453649 ], [ -84.47092845744119, 10.891262114994252 ], [ -84.469512291891945, 10.892062747228238 ], [ -84.468829120544243, 10.891588027757996 ], [ -84.468448238533128, 10.888238090293376 ], [ -84.465868270643909, 10.888439184054585 ], [ -84.465109099473864, 10.887664476781485 ], [ -84.465690591427617, 10.886989216682762 ], [ -84.466955509738881, 10.887438697657643 ], [ -84.468333301666647, 10.885675563335271 ], [ -84.469482389767279, 10.885560181475102 ], [ -84.46940978864356, 10.884483173866766 ], [ -84.468219060294146, 10.883676515547474 ], [ -84.470522779687357, 10.883064425837013 ], [ -84.469197240097074, 10.880316437550464 ], [ -84.468427643324162, 10.880823413621513 ], [ -84.468869982379431, 10.882308196687077 ], [ -84.466177915323044, 10.881185486120437 ], [ -84.466214190223923, 10.879266976270635 ], [ -84.466722621975308, 10.878960853676837 ], [ -84.46788092148735, 10.87993732826933 ], [ -84.467275661235419, 10.878707028335249 ], [ -84.468919124995352, 10.878638594689916 ], [ -84.469639603752654, 10.876801910557067 ], [ -84.471381735708917, 10.876782824889538 ], [ -84.470499270714754, 10.878334633364821 ], [ -84.4712000952658, 10.878828878482221 ], [ -84.472673300275744, 10.877136843426143 ], [ -84.472661900305894, 10.876461148870291 ], [ -84.47164661015978, 10.876314857773128 ], [ -84.471991028009711, 10.875220261136098 ], [ -84.470375643631144, 10.872706972725249 ], [ -84.473597667452168, 10.873635762300186 ], [ -84.473879791749454, 10.8729212563722 ], [ -84.472910779592169, 10.873028876866908 ], [ -84.472610063594971, 10.872382729802304 ], [ -84.474079712614, 10.871295919627894 ], [ -84.475531066046472, 10.873386024753119 ], [ -84.476019750763854, 10.873385444909943 ], [ -84.475982760510178, 10.872082138834262 ], [ -84.477956954074529, 10.87298882585112 ], [ -84.478524448672673, 10.874304584598963 ], [ -84.479418429684898, 10.87368162564127 ], [ -84.481180404165926, 10.87482097409241 ], [ -84.484149153814613, 10.87368910761445 ], [ -84.484377952491272, 10.875074179784887 ], [ -84.485920870656798, 10.876868992321706 ], [ -84.486516042207413, 10.876491545648857 ], [ -84.486499965744315, 10.874545787229613 ], [ -84.487810108757884, 10.875065292194726 ], [ -84.487674404099494, 10.876502013780261 ], [ -84.489094800116717, 10.875383381749465 ], [ -84.489614747538113, 10.876473814243074 ], [ -84.490704216692592, 10.875313390405275 ], [ -84.491157516391993, 10.876931075238113 ], [ -84.49199859413261, 10.876355638832894 ], [ -84.493032710333708, 10.877761156633266 ], [ -84.495622306269283, 10.876362302050023 ], [ -84.49499728481976, 10.874305992865345 ], [ -84.493671755063801, 10.875662427494571 ], [ -84.492843748254444, 10.874867130417332 ], [ -84.494173817247301, 10.873387956965061 ], [ -84.497196063222034, 10.875626946409319 ], [ -84.500528190325355, 10.873842345850841 ], [ -84.499371370703898, 10.872272624735881 ], [ -84.502002225655858, 10.872629559415165 ], [ -84.502363456005256, 10.873260618578795 ], [ -84.501059127563195, 10.875005324639869 ], [ -84.502312224418816, 10.874100440761053 ], [ -84.502653880293067, 10.875127388926392 ], [ -84.505408401407124, 10.876573467878611 ], [ -84.505559300933783, 10.877235653503583 ], [ -84.503873264763641, 10.877959576379746 ], [ -84.505915916497344, 10.878180338017801 ], [ -84.50464980028778, 10.879860363261731 ], [ -84.506713281243378, 10.879892666890147 ], [ -84.506949416260753, 10.881307892975181 ], [ -84.508538189128714, 10.882795245310833 ], [ -84.509360939377288, 10.881874144183653 ], [ -84.507938371236378, 10.880791846701173 ], [ -84.511221622224127, 10.880382734625115 ], [ -84.511308693946077, 10.877813256022536 ], [ -84.512332487074588, 10.878188399152769 ], [ -84.51181478178988, 10.879632882399532 ], [ -84.513014807296457, 10.88052556727885 ], [ -84.514238529024169, 10.878533029630669 ], [ -84.515394719341614, 10.879808796966655 ], [ -84.517510234925609, 10.87949413345636 ], [ -84.518438725751054, 10.875989314600877 ], [ -84.518723649536724, 10.877214625689586 ], [ -84.520461827351454, 10.878892929838026 ], [ -84.523510152574318, 10.878576736662513 ], [ -84.524150181768036, 10.877498664815617 ], [ -84.523516890493681, 10.877863123504314 ], [ -84.522168024235171, 10.876838829702264 ], [ -84.523067799447489, 10.876454930201156 ], [ -84.523120193826642, 10.874054837654107 ], [ -84.524455996401969, 10.874307692299395 ], [ -84.525992971582184, 10.875777483631278 ], [ -84.526366777542023, 10.873968726020603 ], [ -84.528883593439119, 10.871284647333304 ], [ -84.530878296838409, 10.870988844883446 ], [ -84.530106029903195, 10.873395170369996 ], [ -84.532435821095049, 10.874572920552527 ], [ -84.534654118116762, 10.874362713024361 ], [ -84.53364583350691, 10.873202362670764 ], [ -84.534652485991472, 10.871688876265361 ], [ -84.534130376404178, 10.870476283204315 ], [ -84.535498467931447, 10.870331737246465 ], [ -84.538179031622676, 10.872332626393597 ], [ -84.538773909356166, 10.871563434386978 ], [ -84.537274514524157, 10.870486899932136 ], [ -84.539067855433643, 10.870889640315951 ], [ -84.541014853760529, 10.870110190354621 ], [ -84.539969671464462, 10.869775315359837 ], [ -84.539905659009833, 10.867203839666987 ], [ -84.540950169591682, 10.868120785695734 ], [ -84.543829482592244, 10.867203429396023 ], [ -84.543832863395863, 10.865208194173308 ], [ -84.5426241912227, 10.865901078568815 ], [ -84.542671649594396, 10.862763396469933 ], [ -84.54557513933068, 10.865051921380321 ], [ -84.544874038737134, 10.863351976932318 ], [ -84.546510880198383, 10.862286644739225 ], [ -84.544580078246526, 10.862132254096151 ], [ -84.544367320510403, 10.860785254372532 ], [ -84.545159960831839, 10.860038803514943 ], [ -84.548174277345751, 10.860219177317317 ], [ -84.546725239241866, 10.858401565120626 ], [ -84.545425283883006, 10.859282162450626 ], [ -84.546571325995799, 10.856591087025546 ], [ -84.54477478494141, 10.85632536690887 ], [ -84.544007554265519, 10.854779699848583 ], [ -84.546206945087903, 10.855036712264107 ], [ -84.543926039783855, 10.852481954886844 ], [ -84.545502393335923, 10.853126515038179 ], [ -84.546582309492436, 10.852348941702862 ], [ -84.546719229967479, 10.851445236294367 ], [ -84.544638546875674, 10.851808971883484 ], [ -84.54601552829628, 10.851172925936821 ], [ -84.544872244482221, 10.849843595636065 ], [ -84.545821001498325, 10.849604117277405 ], [ -84.546417056218516, 10.847718296384757 ], [ -84.545273674090879, 10.846725622144231 ], [ -84.543506107254515, 10.847792690278576 ], [ -84.543271875462082, 10.846936958743608 ], [ -84.544223623783353, 10.846329861450704 ], [ -84.542630941011282, 10.845955897036955 ], [ -84.543127839777156, 10.845447245509627 ], [ -84.542627196752932, 10.843838188272036 ], [ -84.568208117886115, 10.843839889705777 ], [ -84.569221154980298, 10.845879726858117 ], [ -84.569586314786932, 10.851031927627906 ], [ -84.571570068699586, 10.853662797867772 ], [ -84.572966184786907, 10.85716134644578 ], [ -84.580771902303724, 10.860257056681254 ], [ -84.585989421970865, 10.866384893773887 ], [ -84.589181093837595, 10.86900448584095 ], [ -84.590069858314237, 10.870289335153075 ], [ -84.590174847292815, 10.872431854275742 ], [ -84.593481590062964, 10.876755184887902 ], [ -84.59754809863918, 10.876139667015787 ], [ -84.596522430001571, 10.871702266379303 ], [ -84.600587815609373, 10.869862364854203 ], [ -84.600564855786573, 10.867168823584157 ], [ -84.612012044932172, 10.867148813093765 ], [ -84.61265474524707, 10.870188709809314 ], [ -84.614183088860358, 10.870921974164654 ], [ -84.614979681375388, 10.872890423998811 ], [ -84.619152241661098, 10.875457826442169 ], [ -84.618506581743944, 10.880529229909291 ], [ -84.619294146641622, 10.883854654655238 ], [ -84.622734993668601, 10.887514364659259 ], [ -84.624469789960699, 10.888124953812019 ], [ -84.62913931621128, 10.891936517178747 ], [ -84.633063063668189, 10.893014347406385 ], [ -84.634652126281324, 10.892319059589571 ], [ -84.63729646389973, 10.894030622172474 ], [ -84.6409922949709, 10.894231128953297 ], [ -84.646943594602305, 10.899449175563126 ], [ -84.650506799462676, 10.901129109448089 ], [ -84.657487164490291, 10.902917787005151 ], [ -84.658020121555666, 10.89922382365304 ], [ -84.660257165673386, 10.896293325947822 ], [ -84.660066169499231, 10.891355351242506 ], [ -84.676025357256137, 10.891338589685297 ], [ -84.680839148667587, 10.894312604653638 ], [ -84.683437482126379, 10.900768148289966 ], [ -84.685936272337912, 10.901275536878559 ], [ -84.689417963013298, 10.903689730674927 ], [ -84.691498381441093, 10.908411298463907 ], [ -84.692676453851959, 10.909450659573588 ], [ -84.696929085419541, 10.908894883270388 ], [ -84.704145872240332, 10.913073416030636 ], [ -84.706738554265812, 10.912612908789123 ], [ -84.707998588732039, 10.914970414230838 ], [ -84.709339071789714, 10.913640588124284 ], [ -84.710404856928875, 10.91374117667354 ], [ -84.710266419654687, 10.9145446271592 ], [ -84.711892081601178, 10.915557590782877 ], [ -84.711691772528226, 10.916610709525694 ], [ -84.710751265826275, 10.916906988264291 ], [ -84.712383993506549, 10.91765694542854 ], [ -84.711047500418019, 10.918745084416795 ], [ -84.711214647150527, 10.919317487822106 ], [ -84.712449444824216, 10.919616049378511 ], [ -84.712950925784455, 10.918089692792057 ], [ -84.714932870622533, 10.918632407420601 ], [ -84.714922006465542, 10.917388087535086 ], [ -84.716157999761649, 10.918620267335191 ], [ -84.716712437225993, 10.918008623664329 ], [ -84.717211940983091, 10.919761117150705 ], [ -84.718982953576699, 10.91883666356089 ], [ -84.718822146861115, 10.920773664446777 ], [ -84.717520220254954, 10.920480938101127 ], [ -84.717081846160568, 10.921076108553967 ], [ -84.718228607296226, 10.922680619690851 ], [ -84.718389672870714, 10.924909672571316 ], [ -84.717547571313489, 10.925863480944953 ], [ -84.718549174976317, 10.926381132000904 ], [ -84.719624203782246, 10.925068475749333 ], [ -84.720203615363587, 10.927587578820479 ], [ -84.722536568446117, 10.927649366351949 ], [ -84.722248471684523, 10.928601452292456 ], [ -84.723283311339713, 10.928331541160569 ], [ -84.725000991558375, 10.931158848296695 ], [ -84.727076269644456, 10.930595359527358 ], [ -84.728526184098442, 10.931057703860104 ], [ -84.729334845369024, 10.933936482055586 ], [ -84.730793985902636, 10.935491991547897 ], [ -84.730538586819989, 10.937034114494789 ], [ -84.728074655037389, 10.939654587753866 ], [ -84.728351681699252, 10.940377412135067 ], [ -84.73044576153535, 10.940985338798345 ], [ -84.729460951226642, 10.942813400178599 ], [ -84.729736036702164, 10.944057170862513 ], [ -84.730900873956543, 10.944723170018682 ], [ -84.732871300671761, 10.943777243345489 ], [ -84.735758108056174, 10.946372925976616 ], [ -84.735611960375266, 10.948900918528954 ], [ -84.738396650607243, 10.948636056064117 ], [ -84.738593869945703, 10.949667514209937 ], [ -84.737402935958769, 10.952250612778322 ], [ -84.739174714614521, 10.95133842252897 ], [ -84.740084980711032, 10.94949773737698 ], [ -84.742496062347286, 10.949739361354469 ], [ -84.745129378304725, 10.951858342132628 ], [ -84.744621986818345, 10.954869556372694 ], [ -84.746695460446787, 10.956271853046367 ], [ -84.744858895969003, 10.959244393858333 ], [ -84.745163720720342, 10.964096932404829 ], [ -84.743010040962417, 10.964716407718647 ], [ -84.746361701611676, 10.965966097905534 ], [ -84.745995689816453, 10.968869098129939 ], [ -84.742678610601942, 10.973027912281808 ], [ -84.739060034950526, 10.972949107172646 ], [ -84.741311620398818, 10.975955998928512 ], [ -84.738664879363213, 10.979414495925324 ], [ -84.736054325236836, 10.97949546717027 ], [ -84.734118281569778, 10.981483636369658 ], [ -84.731271052181512, 10.981969167446687 ], [ -84.731052303388012, 10.983586745624191 ], [ -84.733102763108263, 10.98376164750457 ], [ -84.733867542681594, 10.984525186245005 ], [ -84.732129117958308, 10.985585917051507 ], [ -84.729358644808499, 10.985285858774464 ], [ -84.731859200905532, 10.988942761843223 ], [ -84.726787498345672, 10.988304758397524 ], [ -84.725786388824631, 10.989306720282565 ], [ -84.728167121929488, 10.990391052316873 ], [ -84.727993221331275, 10.991510160130547 ], [ -84.725672876136287, 10.990373220477846 ], [ -84.723894598450187, 10.991365549949514 ], [ -84.722220615127142, 10.991301371972629 ], [ -84.719880076650156, 10.997119511191208 ], [ -84.721860281495566, 10.999957676876223 ], [ -84.721593680535193, 11.001566675096624 ], [ -84.719095999997677, 11.002968340750041 ], [ -84.717339090357328, 11.000728804230027 ], [ -84.716215040637024, 11.000657846670812 ], [ -84.715759144996611, 11.001314976468262 ], [ -84.715982884854441, 11.004794102742103 ], [ -84.719506690287801, 11.004802166685964 ], [ -84.720121197291533, 11.005711064737287 ], [ -84.714271130956718, 11.009636167085736 ], [ -84.715576780421642, 11.014101285920463 ], [ -84.718489902291864, 11.01621965761939 ], [ -84.716686338901738, 11.018627945445811 ], [ -84.72033951888092, 11.018583870466777 ], [ -84.721143365657994, 11.01933646105625 ], [ -84.71894592914731, 11.022465747906704 ], [ -84.718942588175892, 11.02516932096022 ], [ -84.71798760562362, 11.026657768349816 ], [ -84.718404070451911, 11.027966083930989 ], [ -84.727875568389877, 11.036071809980148 ], [ -84.731254312396885, 11.035796593977558 ], [ -84.733206668038889, 11.034630761258073 ], [ -84.735749899755831, 11.035063836246154 ], [ -84.737864630328531, 11.040435229092573 ], [ -84.737928934485339, 11.043574978480773 ], [ -84.739430571251205, 11.04568832359565 ], [ -84.741717965943536, 11.047004952684546 ], [ -84.680455844560029, 11.084305993941188 ], [ -84.666396335301656, 11.072468864033167 ] ] ] } },
{ "type": "Feature", "properties": { "cod_distrito": 21307, "distrito": "Yolillal", "canton": "Upala" }, "geometry": { "type": "Polygon", "coordinates": [ [ [ -84.991200424408419, 10.974208382398928 ], [ -84.910667538223038, 10.944025958728389 ], [ -84.882288368704621, 10.961334948639511 ], [ -84.881586947656388, 10.96092697068798 ], [ -84.880576749739873, 10.956809702095395 ], [ -84.881371251059051, 10.954504064337556 ], [ -84.880937521675605, 10.951100059114852 ], [ -84.881704111528123, 10.947137827840475 ], [ -84.880956078968083, 10.945213366786914 ], [ -84.881736050157329, 10.944542952516294 ], [ -84.88121023332576, 10.94160785224104 ], [ -84.882384365225491, 10.940680522174519 ], [ -84.883245141905803, 10.937046144379293 ], [ -84.884991479549981, 10.934792936109378 ], [ -84.884723626297998, 10.932707785134252 ], [ -84.885446264780612, 10.931231559631023 ], [ -84.884940509536804, 10.930045544088117 ], [ -84.88687696488509, 10.929199017962306 ], [ -84.88656950379125, 10.926705565887339 ], [ -84.887732246802031, 10.919692103891528 ], [ -84.886421687854437, 10.917632301185852 ], [ -84.887219858054692, 10.916424761985848 ], [ -84.886534863482993, 10.914138951040806 ], [ -84.887407888892568, 10.911477156224764 ], [ -84.891281273799322, 10.905892217077923 ], [ -84.890953714996684, 10.90374188029547 ], [ -84.887116410825186, 10.900132011368415 ], [ -84.888661122455161, 10.898299721909648 ], [ -84.888890256000892, 10.895539136625292 ], [ -84.888208434602731, 10.893824142431967 ], [ -84.885565093271509, 10.892248467072523 ], [ -84.884987202426785, 10.890456095183653 ], [ -84.888170184092758, 10.886847542524754 ], [ -84.890531808200464, 10.879225074675242 ], [ -84.891713298221163, 10.878291067966282 ], [ -84.892723569985577, 10.875780654875063 ], [ -84.893318778004655, 10.872299852347741 ], [ -84.89003154505717, 10.870222844023301 ], [ -84.890194925400152, 10.86411986524139 ], [ -84.886309013445484, 10.863090177494964 ], [ -84.885670965361626, 10.859921817923198 ], [ -84.884196294794705, 10.858273394032222 ], [ -84.885865164443459, 10.852665172382013 ], [ -84.884736637632372, 10.847950055634355 ], [ -84.88594743625427, 10.846906963391437 ], [ -84.886664981752375, 10.84365129879248 ], [ -84.890378890447124, 10.844522844938199 ], [ -84.891253154904575, 10.84273202836542 ], [ -84.892815553705063, 10.841546261971098 ], [ -84.892981221735255, 10.840669195033795 ], [ -84.890620065849404, 10.839459318306268 ], [ -84.891167635195842, 10.837536952924108 ], [ -84.894349677588252, 10.834066505641092 ], [ -84.896067243203944, 10.829359545853277 ], [ -84.897968622866202, 10.827090031375791 ], [ -84.899635159364465, 10.827100688969006 ], [ -84.900946261266554, 10.828568841293999 ], [ -84.901953838969732, 10.828175208419905 ], [ -84.907116184614111, 10.831882095232219 ], [ -84.935015883912953, 10.855027424745813 ], [ -84.980454180201889, 10.85494074409144 ], [ -84.982471031181376, 10.855832264402158 ], [ -84.982537173894414, 10.857290894921297 ], [ -84.985369653296715, 10.859374097808136 ], [ -84.986431144446684, 10.861675947074481 ], [ -84.984947537354159, 10.865580458806866 ], [ -84.986431820860346, 10.869647059318991 ], [ -84.98581768409484, 10.871738275629943 ], [ -84.989776797156935, 10.881606164396818 ], [ -84.991427890819153, 10.889411704447021 ], [ -84.990144022431423, 10.894261271698536 ], [ -84.98861216484822, 10.894567356509219 ], [ -84.996554814312503, 10.914174195967442 ], [ -84.993673760819817, 10.920710021232638 ], [ -84.989084883212854, 10.924994181465582 ], [ -84.989294265263652, 10.927383537042994 ], [ -84.99057983070692, 10.929320485233527 ], [ -84.996664010187061, 10.933664618437001 ], [ -84.995696159988668, 10.936608417165319 ], [ -84.996699026502426, 10.943708350360762 ], [ -84.99394887740452, 10.947854094824281 ], [ -84.993547134818513, 10.951153485614478 ], [ -84.997682281387569, 10.964309248107716 ], [ -84.994360531763604, 10.966439233106195 ], [ -84.993911654268388, 10.967985926526683 ], [ -84.992542015662721, 10.967800807484135 ], [ -84.992117142923021, 10.972653073220242 ], [ -84.991200424408419, 10.974208382398928 ] ] ] } },
{ "type": "Feature", "properties": { "cod_distrito": 21303, "distrito": "San José O Pizote", "canton": "Upala" }, "geometry": { "type": "Polygon", "coordinates": [ [ [ -85.240486728749715, 11.063681186545001 ], [ -85.236938518543909, 11.064121828618486 ], [ -85.235261292890613, 11.06554132512991 ], [ -85.233196552785685, 11.06216404638398 ], [ -85.230519080566111, 11.062233096173419 ], [ -85.229108327694362, 11.063313573183054 ], [ -85.132270604831206, 11.027010938075495 ], [ -85.132406556364785, 11.024295313070812 ], [ -85.12972398503166, 11.024897076324141 ], [ -85.128856758257868, 11.023996624637983 ], [ -85.127364006852474, 11.024615459163879 ], [ -85.129598728691533, 11.021964888684506 ], [ -85.126541464023163, 11.018935701274087 ], [ -85.126097910406841, 11.016437558795996 ], [ -85.124160140842747, 11.013428291829786 ], [ -85.124231916219287, 11.011311306020097 ], [ -85.121468431572026, 11.007714354255608 ], [ -85.121639953217809, 11.00168576902038 ], [ -85.120772267437232, 10.998540146909093 ], [ -85.119207240378699, 10.996297199914292 ], [ -85.119776432101958, 10.992733813751235 ], [ -85.112952182276757, 10.983912803439972 ], [ -85.114749469687652, 10.981824976736837 ], [ -85.115215691692896, 10.97787539738095 ], [ -85.103248163377955, 10.965622326268022 ], [ -85.102417457547602, 10.959743658518697 ], [ -85.096697484362437, 10.956985078076965 ], [ -85.09361325150536, 10.94731452209732 ], [ -85.092761799749411, 10.946778884490058 ], [ -85.093059039050303, 10.943165752858777 ], [ -85.091895249981064, 10.94004335155191 ], [ -85.093081898973921, 10.938595553995206 ], [ -85.09273595309952, 10.936176888689836 ], [ -85.093377815290438, 10.934444752666668 ], [ -85.092182178490432, 10.932196130358642 ], [ -85.092449628005753, 10.930313666054067 ], [ -85.093331593258696, 10.929437861214723 ], [ -85.093150880306908, 10.925052956761862 ], [ -85.094334918075958, 10.922563432062299 ], [ -85.093211425009301, 10.921994837927445 ], [ -85.093409377425687, 10.919507658815396 ], [ -85.092523095007948, 10.918602460170026 ], [ -85.0930642699674, 10.917425028254916 ], [ -85.092176766331761, 10.916015766175454 ], [ -85.09064527831913, 10.915448132673356 ], [ -85.089721912127359, 10.913266054467913 ], [ -85.088259586419795, 10.913168705336671 ], [ -85.088388667852684, 10.910312043602262 ], [ -85.086715193729617, 10.907258018715217 ], [ -85.086676966290668, 10.905510688571328 ], [ -85.088099558787818, 10.903255842881354 ], [ -85.087377446973093, 10.899913929140983 ], [ -85.088084863781035, 10.897190305012769 ], [ -85.091267886331948, 10.891839674142274 ], [ -85.09115767025655, 10.888462701678707 ], [ -85.092172247586163, 10.886242400771538 ], [ -85.090156590738687, 10.88224827094883 ], [ -85.091980773428674, 10.87742170558246 ], [ -85.094897785645202, 10.874625586811188 ], [ -85.094651920136783, 10.871400143218159 ], [ -85.095702796687291, 10.870154270319622 ], [ -85.095121434748279, 10.868761073787399 ], [ -85.097834936604002, 10.866200642300569 ], [ -85.099491029323886, 10.862231334594815 ], [ -85.102376080614036, 10.860342538452894 ], [ -85.113220751706422, 10.846689546879261 ], [ -85.113720068481769, 10.84245414403984 ], [ -85.116397252565932, 10.839120718885169 ], [ -85.116128497832861, 10.831884813887916 ], [ -85.118192288520689, 10.828481045879949 ], [ -85.122334381440126, 10.82958281597041 ], [ -85.120483087497192, 10.831884899362233 ], [ -85.12545759956275, 10.834473690099875 ], [ -85.129617207157153, 10.841390402292523 ], [ -85.140563792281114, 10.850701793914478 ], [ -85.143324606889323, 10.854102232023065 ], [ -85.146933581532494, 10.856336624135704 ], [ -85.151160746377428, 10.856269721484626 ], [ -85.151112246371838, 10.859410857603907 ], [ -85.151994046251303, 10.860277980940628 ], [ -85.153412697592529, 10.860302381376881 ], [ -85.15665928375914, 10.864921392734528 ], [ -85.158100525143567, 10.87347129372974 ], [ -85.160692649314527, 10.877306696598945 ], [ -85.163167157316011, 10.879571882380205 ], [ -85.165622397585992, 10.885230495757508 ], [ -85.166930369073384, 10.886264730532192 ], [ -85.17059120847577, 10.886479496824577 ], [ -85.17127889704993, 10.888973658726867 ], [ -85.173863063210618, 10.889752107738708 ], [ -85.17446982753421, 10.89378892410895 ], [ -85.178027752155103, 10.8978740249132 ], [ -85.177072951313917, 10.901550383966139 ], [ -85.178357295221829, 10.904295344346545 ], [ -85.180283251720837, 10.902972144043364 ], [ -85.183160492543777, 10.907115074884118 ], [ -85.183050584259547, 10.908433458078203 ], [ -85.181947207740649, 10.90964230991923 ], [ -85.182722303657286, 10.912921444065121 ], [ -85.184367444842863, 10.912664663847695 ], [ -85.185270119035607, 10.910699140395186 ], [ -85.186972845500719, 10.91075067465686 ], [ -85.189047381179165, 10.911866896365225 ], [ -85.192621435344137, 10.911366509261812 ], [ -85.194575905223388, 10.91009923846198 ], [ -85.200484454806755, 10.912354829424183 ], [ -85.20188184981869, 10.914846984272774 ], [ -85.204268379856913, 10.915878122273527 ], [ -85.203734277898292, 10.91768844447024 ], [ -85.204218406834087, 10.918304100290962 ], [ -85.20808513679053, 10.920957741013748 ], [ -85.209170402955863, 10.923422668742052 ], [ -85.212585252273556, 10.926806641510895 ], [ -85.213607563508148, 10.927056223063451 ], [ -85.21336968884745, 10.923214799125009 ], [ -85.214560344062008, 10.922790845603741 ], [ -85.215368841584137, 10.927710400075117 ], [ -85.21636301678457, 10.928044184756105 ], [ -85.219225018783504, 10.926577940551248 ], [ -85.222665910430337, 10.929092360421558 ], [ -85.22241275305278, 10.929878308432697 ], [ -85.220056109978444, 10.929436157006942 ], [ -85.219064482281581, 10.929999800878914 ], [ -85.219365417296643, 10.932271921795094 ], [ -85.221603025920601, 10.934521903106189 ], [ -85.222995164994956, 10.935078910565874 ], [ -85.226965882913234, 10.934282568920581 ], [ -85.228494023433839, 10.934628832063845 ], [ -85.229148175930661, 10.935528444209703 ], [ -85.228506690482689, 10.937194860420623 ], [ -85.232308260589079, 10.94116969491604 ], [ -85.233090245518525, 10.941199682890307 ], [ -85.233218232456608, 10.940394460375614 ], [ -85.231550971616969, 10.938403099153756 ], [ -85.234026740603028, 10.938331727594587 ], [ -85.237425346768845, 10.941927899195077 ], [ -85.239152023068527, 10.941923003105586 ], [ -85.240698443086671, 10.943119829013581 ], [ -85.243387258625333, 10.941910948817563 ], [ -85.244901338215413, 10.944061353094815 ], [ -85.246980830816113, 10.945281099199608 ], [ -85.244757124023238, 10.948007894323474 ], [ -85.24460487841371, 10.949432678125396 ], [ -85.245402052258783, 10.950299771923037 ], [ -85.247219093556652, 10.950546969684618 ], [ -85.247699472488179, 10.951476477767145 ], [ -85.244088393617801, 10.95328969565257 ], [ -85.243570875609365, 10.95457894878049 ], [ -85.244980394232329, 10.957504615932148 ], [ -85.244043751736015, 10.960308204746996 ], [ -85.247795489348889, 10.961974970774401 ], [ -85.246407696420619, 10.964192792861555 ], [ -85.246917712426679, 10.966809457347962 ], [ -85.24948240631079, 10.968419406113419 ], [ -85.25210638373872, 10.967505761680879 ], [ -85.250483447578944, 10.970566590832208 ], [ -85.251670910623361, 10.972682527395234 ], [ -85.254468023028409, 10.972490176329899 ], [ -85.258310441747227, 10.973630876682495 ], [ -85.264596450620942, 10.976944827193309 ], [ -85.26278889040934, 10.979561250561881 ], [ -85.263961714570044, 10.981938257205174 ], [ -85.263914041151509, 10.986791385596455 ], [ -85.262644171557156, 10.988361556583511 ], [ -85.259493313270127, 10.989860399745853 ], [ -85.259562061994018, 10.992071687228496 ], [ -85.26180654822636, 10.994153788794256 ], [ -85.266493127680761, 10.996796968187054 ], [ -85.26895923114445, 10.999331100432585 ], [ -85.269452831872471, 11.001590213339975 ], [ -85.27121215188285, 11.003845605661381 ], [ -85.278086279669751, 11.007144017697334 ], [ -85.281991663790208, 11.010691606277065 ], [ -85.286527657575149, 11.013467708336043 ], [ -85.289606782454072, 11.017402438228695 ], [ -85.290148357703657, 11.019372786585311 ], [ -85.289776839417797, 11.022444880429749 ], [ -85.288095163046492, 11.024156150319969 ], [ -85.286243216108176, 11.0227332124482 ], [ -85.28592687664775, 11.024361029801167 ], [ -85.284923851016075, 11.024721142348641 ], [ -85.278721255899356, 11.019065358543786 ], [ -85.279320098961065, 11.017873186080505 ], [ -85.278876008314569, 11.017120584410138 ], [ -85.276203436109128, 11.016572974065655 ], [ -85.277242400016263, 11.014823986166355 ], [ -85.273183615753084, 11.014082048523195 ], [ -85.271984573579488, 11.016029892360278 ], [ -85.268490338053681, 11.016040151368978 ], [ -85.26784545725512, 11.015288122819129 ], [ -85.268758372240981, 11.011674576095851 ], [ -85.267151850362481, 11.011679280874295 ], [ -85.266635201087965, 11.01350606987419 ], [ -85.265468444288288, 11.012834921832697 ], [ -85.265030329671006, 11.014066276932574 ], [ -85.262857008419786, 11.012564779141274 ], [ -85.261979570109617, 11.014630690620319 ], [ -85.259536441984508, 11.016939225352504 ], [ -85.258202621571471, 11.020871402130004 ], [ -85.259225014974746, 11.027018810911805 ], [ -85.258904130252631, 11.033924021596984 ], [ -85.26131869815309, 11.035464518036743 ], [ -85.260847339800364, 11.039037060872246 ], [ -85.262255181552732, 11.039707521723543 ], [ -85.262018796149661, 11.041255718382288 ], [ -85.263426532626539, 11.041886492368906 ], [ -85.263269065144186, 11.042958301377364 ], [ -85.258716464087442, 11.045114234626444 ], [ -85.25670503914796, 11.044088390162894 ], [ -85.254904204860267, 11.046355335831036 ], [ -85.25431025752529, 11.049253662947701 ], [ -85.251659526000651, 11.049380339369248 ], [ -85.250473536072477, 11.055851515473126 ], [ -85.249191867584244, 11.057124941384769 ], [ -85.249822078689959, 11.059702300232606 ], [ -85.249265427387456, 11.061648194460194 ], [ -85.248050378818903, 11.062372590402394 ], [ -85.245708857652915, 11.060713766513572 ], [ -85.245024963021066, 11.061084786399284 ], [ -85.244406213227933, 11.062439798117238 ], [ -85.243222528738542, 11.062258642002208 ], [ -85.242796331597305, 11.065581455122519 ], [ -85.240486728749715, 11.063681186545001 ] ] ] } }
]
}
