anio,cod_pais,area_cosechada_ha,produccion_t,rendimiento_kg_ha
1961,1,369318.0,3831202.0,10373.7
1961,2,122590.0,919420.0,7500.0
1961,5,32878.0,439037.0,13353.5
1961,9,3539.0,85296.0,24101.7
1961,11,98550.0,567000.0,5753.4
1961,13,11790.0,239920.0,20349.4
1961,14,10230.0,69105.0,6755.1
1961,15,200.0,1810.0,9050.0
1961,17,6930.0,127000.0,18326.1
1961,18,6680.0,154505.0,23129.5
1961,19,79305.0,1579426.0,19915.8
1961,21,29865.0,778360.0,26062.6
1961,24,1000.0,10000.0,10000.0
1961,28,,0.0,
1961,29,4772.0,122109.0,25588.6
1961,30,15900.0,247147.0,15543.8
1961,32,,2000.0,
1961,34,14064.0,113113.0,8042.7
1961,35,133600.0,884400.0,6619.8
1961,36,2948.0,74586.0,25300.5
1961,39,320.0,2400.0,7500.0
1961,50,3600.0,19305.0,5362.5
1961,53,2948.0,74586.0,25300.5
1961,54,333.0,5660.0,16997.0
1961,61,258.0,5050.0,19573.6
1961,68,260.0,2800.0,10769.2
1961,76,25345.0,274089.0,10814.3
1961,96,100.0,900.0,9000.0
1961,97,320.0,2400.0,7500.0
1961,116,,20000.0,
1961,120,130.0,2000.0,15384.6
1961,140,200.0,200.0,1000.0
1961,142,163564.0,1244660.0,7609.6
1961,144,3494.0,17808.0,5096.7
1961,150,320.0,2400.0,7500.0
1961,156,4200.0,40000.0,9523.8
1961,158,8500.0,173547.0,20417.3
1961,159,12700.0,213547.0,16814.7
1961,170,1800.0,70000.0,38888.9
1961,178,1200.0,4800.0,4000.0
1961,180,4400.0,110000.0,25000.0
1961,184,100.0,1300.0,13000.0
1961,188,200.0,3500.0,17500.0
1961,192,2400.0,50000.0,20833.3
1961,199,31450.0,249055.0,7919.1
1961,204,250.0,2000.0,8000.0
1961,214,320.0,3806.0,11893.8
1961,218,2200.0,50000.0,22727.3
1961,222,1300.0,21300.0,16384.6
1961,230,,0.0,
1961,242,93.0,560.0,6021.5
1961,254,0.0,50.0,
1961,258,38.0,750.0,19736.8
1961,266,0.0,0.0,
1961,288,6000.0,18000.0,3000.0
1961,312,0.0,600.0,
1961,320,800.0,11000.0,13750.0
1961,324,10000.0,11000.0,1100.0
1961,328,110.0,1000.0,9090.9
1961,332,,550.0,
1961,340,837.0,2344.0,2800.5
1961,356,6970.0,76000.0,10903.9
1961,360,10000.0,50000.0,5000.0
1961,384,1500.0,32000.0,21333.3
1961,388,420.0,3276.0,7800.0
1961,392,3200.0,33600.0,10500.0
1961,404,700.0,18000.0,25714.3
1961,410,0.0,0.0,
1961,418,1500.0,20200.0,13466.7
1961,430,800.0,4000.0,5000.0
1961,432,2805.0,35200.0,12549.0
1961,450,1300.0,6000.0,4615.4
1961,458,10000.0,167300.0,16730.0
1961,474,0.0,11752.0,
1961,480,20.0,205.0,10250.0
1961,484,7753.0,177376.0,22878.4
1961,504,,10.0,
1961,508,2200.0,16000.0,7272.7
1961,558,900.0,20500.0,22777.8
1961,566,80000.0,500000.0,6250.0
1961,591,,3900.0,
1961,598,240.0,5100.0,21250.0
1961,600,665.0,10000.0,15037.6
1961,604,550.0,7000.0,12727.3
1961,608,16600.0,116000.0,6988.0
1961,620,320.0,2400.0,7500.0
1961,624,0.0,0.0,
1961,630,1632.0,50325.0,30836.4
1961,638,0.0,700.0,
1961,690,10.0,200.0,20000.0
1961,704,8000.0,60000.0,7500.0
1961,710,6500.0,152505.0,23462.3
1961,716,,0.0,
1961,722,5503.0,134284.0,24402.0
1961,736,200.0,1800.0,9000.0
1961,740,,60.0,
1961,748,180.0,2000.0,11111.1
1961,764,87400.0,450000.0,5148.7
1961,768,,0.0,
1961,780,,1800.0,
1961,800,,0.0,
1961,834,6000.0,28000.0,4666.7
1961,840,29865.0,778360.0,26062.6
1961,862,1948.0,22038.0,11313.1
1961,882,120.0,3000.0,25000.0
1961,901,28280.0,224850.0,7950.8
1961,902,45239.0,433642.0,9585.6
1962,1,356240.0,3852213.0,10813.5
1962,2,121890.0,906691.0,7438.6
1962,5,34846.0,453880.0,13025.3
1962,9,3541.0,85526.0,24153.1
1962,11,98550.0,574000.0,5824.5
1962,13,12073.0,242517.0,20087.6
1962,14,10830.0,81002.0,7479.4
1962,15,200.0,1820.0,9100.0
1962,17,7030.0,125900.0,17909.0
1962,18,5280.0,123969.0,23479.0
1962,19,80418.0,1625328.0,20211.0
1962,21,28975.0,807390.0,27865.1
1962,24,1200.0,12000.0,10000.0
1962,28,,0.0,
1962,29,4524.0,121541.0,26865.8
1962,30,17600.0,270007.0,15341.3
1962,32,,2000.0,
1962,34,17551.0,140793.0,8021.9
1962,35,114920.0,821468.0,7148.2
1962,36,2948.0,74586.0,25300.5
1962,39,320.0,2400.0,7500.0
1962,50,5700.0,21163.0,3712.8
1962,53,2948.0,74586.0,25300.5
1962,54,343.0,5810.0,16938.8
1962,61,250.0,5130.0,20520.0
1962,68,280.0,3000.0,10714.3
1962,76,26867.0,275954.0,10271.1
1962,96,120.0,1100.0,9166.7
1962,97,320.0,2400.0,7500.0
1962,116,,22000.0,
1962,120,130.0,2000.0,15384.6
1962,140,200.0,200.0,1000.0
1962,142,150071.0,1232268.0,8211.2
1962,144,2651.0,19630.0,7404.8
1962,150,320.0,2400.0,7500.0
1962,156,4700.0,45000.0,9574.5
1962,158,9500.0,192307.0,20242.8
1962,159,14200.0,237307.0,16711.8
1962,170,1900.0,73000.0,38421.1
1962,178,1200.0,4700.0,3916.7
1962,180,4300.0,107000.0,24883.7
1962,184,100.0,1400.0,14000.0
1962,188,200.0,3600.0,18000.0
1962,192,2300.0,45000.0,19565.2
1962,199,33950.0,255363.0,7521.7
1962,204,250.0,2000.0,8000.0
1962,214,320.0,3929.0,12278.1
1962,218,2196.0,49691.0,22628.0
1962,222,1300.0,21900.0,16846.2
1962,230,,0.0,
1962,242,93.0,560.0,6021.5
1962,254,0.0,60.0,
1962,258,40.0,780.0,19500.0
1962,266,0.0,0.0,
1962,288,6000.0,20000.0,3333.3
1962,312,0.0,480.0,
1962,320,800.0,11300.0,14125.0
1962,324,10000.0,12000.0,1200.0
1962,328,110.0,1000.0,9090.9
1962,332,,600.0,
1962,340,865.0,2414.0,2790.8
1962,356,9200.0,100000.0,10869.6
1962,360,10000.0,50000.0,5000.0
1962,384,1500.0,36000.0,24000.0
1962,388,450.0,3060.0,6800.0
1962,392,3400.0,32700.0,9617.6
1962,404,1000.0,28000.0,28000.0
1962,410,0.0,0.0,
1962,418,1500.0,20600.0,13733.3
1962,430,800.0,4000.0,5000.0
1962,432,2925.0,36800.0,12581.2
1962,450,1600.0,7000.0,4375.0
1962,458,12000.0,198768.0,16564.0
1962,474,0.0,15101.0,
1962,480,20.0,197.0,9850.0
1962,484,7908.0,177903.0,22496.6
1962,504,,20.0,
1962,508,2200.0,16000.0,7272.7
1962,558,1000.0,21300.0,21300.0
1962,566,80000.0,500000.0,6250.0
1962,591,,4100.0,
1962,598,250.0,5250.0,21000.0
1962,600,665.0,10000.0,15037.6
1962,604,550.0,7000.0,12727.3
1962,608,20000.0,140000.0,7000.0
1962,620,320.0,2400.0,7500.0
1962,624,0.0,0.0,
1962,630,1454.0,51521.0,35434.0
1962,638,0.0,600.0,
1962,690,10.0,205.0,20500.0
1962,704,9000.0,68000.0,7555.6
1962,710,5000.0,120969.0,24193.8
1962,716,,0.0,
1962,722,5257.0,133953.0,25480.9
1962,736,200.0,1800.0,9000.0
1962,740,,70.0,
1962,748,280.0,3000.0,10714.3
1962,764,62300.0,321000.0,5152.5
1962,768,,0.0,
1962,780,,1850.0,
1962,800,,0.0,
1962,834,6000.0,29000.0,4833.3
1962,840,28975.0,807390.0,27865.1
1962,862,2278.0,32105.0,14093.5
1962,882,110.0,2950.0,26818.2
1962,901,28880.0,235600.0,8157.9
1962,902,47574.0,462418.0,9720.0
1963,1,368612.0,4004916.0,10864.9
1963,2,123674.0,917075.0,7415.3
1963,5,37361.0,462296.0,12373.8
1963,9,3496.0,89312.0,25546.9
1963,11,100055.0,587700.0,5873.8
1963,13,13030.0,260545.0,19995.8
1963,14,10953.0,84220.0,7689.2
1963,15,200.0,1820.0,9100.0
1963,17,7186.0,128704.0,17910.4
1963,18,5280.0,114631.0,21710.4
1963,19,83028.0,1692290.0,20382.2
1963,21,27923.0,838234.0,30019.5
1963,24,1200.0,12000.0,10000.0
1963,28,,0.0,
1963,29,4714.0,131215.0,27835.2
1963,30,18270.0,254107.0,13908.4
1963,32,,2000.0,
1963,34,22804.0,212032.0,9298.0
1963,35,117020.0,837600.0,7157.8
1963,36,2905.0,78602.0,27057.5
1963,39,320.0,2500.0,7812.5
1963,50,6100.0,36577.0,5996.2
1963,53,2905.0,78602.0,27057.5
1963,54,353.0,5960.0,16883.9
1963,61,238.0,4750.0,19958.0
1963,68,280.0,3150.0,11250.0
1963,76,28472.0,274086.0,9626.5
1963,96,120.0,1100.0,9166.7
1963,97,320.0,2500.0,7812.5
1963,116,,23000.0,
1963,120,186.0,2804.0,15075.3
1963,140,200.0,200.0,1000.0
1963,142,158094.0,1303739.0,8246.6
1963,144,2904.0,25455.0,8765.5
1963,150,320.0,2500.0,7812.5
1963,156,5000.0,48000.0,9600.0
1963,158,9570.0,163307.0,17064.5
1963,159,14570.0,211307.0,14502.9
1963,170,1950.0,75000.0,38461.5
1963,178,1200.0,4700.0,3916.7
1963,180,4400.0,109000.0,24772.7
1963,184,100.0,1450.0,14500.0
1963,188,200.0,3700.0,18500.0
1963,192,2100.0,41174.0,19606.7
1963,199,34655.0,275727.0,7956.3
1963,204,305.0,2500.0,8196.7
1963,214,500.0,6044.0,12088.0
1963,218,2357.0,48715.0,20668.2
1963,222,1300.0,22500.0,17307.7
1963,230,,0.0,
1963,242,93.0,560.0,6021.5
1963,254,0.0,70.0,
1963,258,18.0,300.0,16666.7
1963,266,0.0,0.0,
1963,288,7000.0,23200.0,3314.3
1963,312,0.0,300.0,
1963,320,900.0,12200.0,13555.6
1963,324,10000.0,11000.0,1100.0
1963,328,168.0,1547.0,9208.3
1963,332,,650.0,
1963,340,899.0,2515.0,2797.6
1963,356,13800.0,150000.0,10869.6
1963,360,14000.0,70000.0,5000.0
1963,384,1800.0,46000.0,25555.6
1963,388,450.0,3258.0,7240.0
1963,392,3700.0,42800.0,11567.6
1963,404,1100.0,30000.0,27272.7
1963,410,0.0,0.0,
1963,418,1500.0,21000.0,14000.0
1963,430,950.0,5000.0,5263.2
1963,432,3260.0,43050.0,13205.5
1963,450,1600.0,7000.0,4375.0
1963,458,12000.0,192500.0,16041.7
1963,474,0.0,19181.0,
1963,480,43.0,420.0,9767.4
1963,484,8731.0,193330.0,22142.9
1963,504,,20.0,
1963,508,2200.0,16000.0,7272.7
1963,558,1000.0,21900.0,21900.0
1963,566,80000.0,500000.0,6250.0
1963,591,,4400.0,
1963,598,260.0,5400.0,20769.2
1963,600,1000.0,15700.0,15700.0
1963,604,600.0,8000.0,13333.3
1963,608,21600.0,151000.0,6990.7
1963,620,320.0,2500.0,7812.5
1963,624,0.0,0.0,
1963,630,1664.0,58708.0,35281.3
1963,638,0.0,600.0,
1963,690,10.0,200.0,20000.0
1963,704,9000.0,76000.0,8444.4
1963,710,5000.0,111631.0,22326.2
1963,716,,0.0,
1963,722,5526.0,144172.0,26089.8
1963,736,200.0,1800.0,9000.0
1963,740,,80.0,
1963,748,280.0,3000.0,10714.3
1963,764,58800.0,303000.0,5153.1
1963,768,,0.0,
1963,780,,1900.0,
1963,800,,0.0,
1963,834,6000.0,30000.0,5000.0
1963,840,27923.0,838234.0,30019.5
1963,862,2534.0,33948.0,13397.0
1963,882,120.0,3000.0,25000.0
1963,901,29341.0,242554.0,8266.7
1963,902,49285.0,502961.0,10205.2
1964,1,371497.0,4127624.0,11110.8
1964,2,125222.0,946790.0,7560.9
1964,5,38563.0,477768.0,12389.3
1964,9,3642.0,95762.0,26293.8
1964,11,100315.0,597200.0,5953.2
1964,13,13157.0,266459.0,20252.3
1964,14,11160.0,91203.0,8172.3
1964,15,300.0,2030.0,6766.7
1964,17,7067.0,115962.0,16408.9
1964,18,6380.0,140395.0,22005.5
1964,19,82139.0,1647040.0,20051.9
1964,21,26304.0,775639.0,29487.5
1964,24,1300.0,13000.0,10000.0
1964,28,,0.0,
1964,29,4115.0,127174.0,30905.0
1964,30,19678.0,324482.0,16489.6
1964,32,,2000.0,
1964,34,28366.0,272080.0,9591.8
1964,35,112130.0,838970.0,7482.1
1964,36,3042.0,84682.0,27837.6
1964,39,320.0,2500.0,7812.5
1964,50,7300.0,44714.0,6125.2
1964,53,3042.0,84682.0,27837.6
1964,54,351.0,6050.0,17236.5
1964,61,249.0,5030.0,20200.8
1964,68,230.0,2500.0,10869.6
1964,76,29471.0,290723.0,9864.7
1964,96,130.0,1200.0,9230.8
1964,97,320.0,2500.0,7812.5
1964,116,,24370.0,
1964,120,187.0,2812.0,15037.4
1964,140,380.0,350.0,921.1
1964,142,160174.0,1435532.0,8962.3
1964,144,2766.0,27366.0,9893.7
1964,150,320.0,2500.0,7812.5
1964,156,5200.0,50000.0,9615.4
1964,158,10478.0,226682.0,21634.1
1964,159,15678.0,276682.0,17647.8
1964,170,1900.0,72000.0,37894.7
1964,178,1200.0,4800.0,4000.0
1964,180,4000.0,95000.0,23750.0
1964,184,108.0,1450.0,13425.9
1964,188,200.0,3900.0,19500.0
1964,192,1800.0,31881.0,17711.7
1964,199,35895.0,275134.0,7665.0
1964,204,365.0,3000.0,8219.2
1964,214,320.0,4078.0,12743.8
1964,218,2551.0,51283.0,20103.1
1964,222,1200.0,22500.0,18750.0
1964,230,,0.0,
1964,242,81.0,500.0,6172.8
1964,254,0.0,80.0,
1964,258,18.0,330.0,18333.3
1964,266,0.0,0.0,
1964,288,7000.0,23200.0,3314.3
1964,312,0.0,250.0,
1964,320,900.0,12800.0,14222.2
1964,324,10000.0,11000.0,1100.0
1964,328,202.0,1862.0,9217.8
1964,332,,700.0,
1964,340,927.0,2600.0,2804.7
1964,356,18300.0,200000.0,10929.0
1964,360,14000.0,70000.0,5000.0
1964,384,2000.0,55000.0,27500.0
1964,388,100.0,558.0,5580.0
1964,392,4000.0,47800.0,11950.0
1964,404,1300.0,36000.0,27692.3
1964,410,0.0,0.0,
1964,418,1500.0,22000.0,14666.7
1964,430,950.0,5000.0,5263.2
1964,432,3490.0,43050.0,12335.2
1964,450,1600.0,7000.0,4375.0
1964,458,14000.0,221400.0,15814.3
1964,474,0.0,22545.0,
1964,480,50.0,413.0,8260.0
1964,484,8930.0,197759.0,22145.5
1964,504,,30.0,
1964,508,2200.0,17000.0,7727.3
1964,558,1000.0,22500.0,22500.0
1964,566,80000.0,500000.0,6250.0
1964,591,,4400.0,
1964,598,270.0,5550.0,20555.6
1964,600,1000.0,14200.0,14200.0
1964,604,600.0,8000.0,13333.3
1964,608,22000.0,155000.0,7045.5
1964,620,320.0,2500.0,7812.5
1964,624,0.0,0.0,
1964,630,1895.0,65212.0,34412.7
1964,638,0.0,600.0,
1964,690,10.0,190.0,19000.0
1964,704,10000.0,85000.0,8500.0
1964,710,6000.0,136395.0,22732.5
1964,716,,0.0,
1964,722,4977.0,140809.0,28291.9
1964,736,300.0,2000.0,6666.7
1964,740,,90.0,
1964,748,380.0,4000.0,10526.3
1964,764,50500.0,260000.0,5148.5
1964,768,,0.0,
1964,780,,1950.0,
1964,800,,0.0,
1964,834,6000.0,30000.0,5000.0
1964,840,26304.0,775639.0,29487.5
1964,862,2609.0,35030.0,13426.6
1964,882,123.0,3250.0,26422.8
1964,901,29482.0,237162.0,8044.3
1964,902,50070.0,507790.0,10141.6
1965,1,398308.0,4476838.0,11239.6
1965,2,124668.0,921071.0,7388.2
1965,5,37829.0,490038.0,12954.0
1965,9,3773.0,94465.0,25037.1
1965,11,99886.0,604439.0,6051.3
1965,13,15029.0,337846.0,22479.6
1965,14,12037.0,89091.0,7401.4
1965,15,400.0,2100.0,5250.0
1965,17,7345.0,125779.0,17124.4
1965,18,5000.0,99662.0,19932.4
1965,19,82858.0,1799611.0,21719.2
1965,21,26304.0,851842.0,32384.5
1965,24,1300.0,13000.0,10000.0
1965,28,,0.0,
1965,29,3696.0,119885.0,32436.4
1965,30,20990.0,348105.0,16584.3
1965,32,,2370.0,
1965,34,36559.0,355162.0,9714.8
1965,35,129030.0,955085.0,7402.0
1965,36,3151.0,83115.0,26377.3
1965,39,430.0,3339.0,7765.1
1965,50,7700.0,45162.0,5865.2
1965,53,3151.0,83115.0,26377.3
1965,54,361.0,6200.0,17174.5
1965,61,261.0,5150.0,19731.8
1965,68,230.0,2500.0,10869.6
1965,76,28467.0,292235.0,10265.7
1965,96,130.0,1200.0,9230.8
1965,97,430.0,3339.0,7765.1
1965,116,,13720.0,
1965,120,145.0,2839.0,19579.3
1965,140,400.0,440.0,1100.0
1965,142,186579.0,1658352.0,8888.2
1965,144,3159.0,30000.0,9496.7
1965,150,430.0,3339.0,7765.1
1965,156,5200.0,50000.0,9615.4
1965,158,11090.0,231005.0,20830.0
1965,159,16290.0,281005.0,17250.2
1965,170,1900.0,74000.0,38947.4
1965,178,1200.0,4500.0,3750.0
1965,180,4300.0,105000.0,24418.6
1965,184,117.0,1500.0,12820.5
1965,188,200.0,4200.0,21000.0
1965,192,1200.0,15765.0,13137.5
1965,199,37715.0,277072.0,7346.5
1965,204,365.0,3000.0,8219.2
1965,214,420.0,5213.0,12411.9
1965,218,2723.0,54934.0,20174.1
1965,222,1300.0,23600.0,18153.8
1965,230,,0.0,
1965,242,81.0,500.0,6172.8
1965,254,0.0,90.0,
1965,258,18.0,350.0,19444.4
1965,266,0.0,0.0,
1965,288,6571.0,21439.0,3262.7
1965,312,0.0,300.0,
1965,320,900.0,13000.0,14444.4
1965,324,10000.0,13000.0,1300.0
1965,328,98.0,1461.0,14908.2
1965,332,,750.0,
1965,340,962.0,2688.0,2794.2
1965,356,25700.0,280000.0,10894.9
1965,360,18000.0,90000.0,5000.0
1965,384,2000.0,62000.0,31000.0
1965,388,119.0,744.0,6252.1
1965,392,4700.0,67100.0,14276.6
1965,404,1200.0,33000.0,27500.0
1965,410,0.0,0.0,
1965,418,1500.0,21000.0,14000.0
1965,430,950.0,5000.0,5263.2
1965,432,3755.0,47574.0,12669.5
1965,450,1600.0,7000.0,4375.0
1965,458,16000.0,258375.0,16148.4
1965,474,0.0,22413.0,
1965,480,28.0,306.0,10928.6
1965,484,10667.0,268858.0,25204.6
1965,504,,100.0,
1965,508,2200.0,17000.0,7727.3
1965,558,1000.0,20900.0,20900.0
1965,566,80000.0,500000.0,6250.0
1965,591,,4600.0,
1965,598,280.0,5700.0,20357.1
1965,600,1125.0,18000.0,16000.0
1965,604,600.0,8201.0,13668.3
1965,608,25000.0,176000.0,7040.0
1965,620,430.0,3339.0,7765.1
1965,624,0.0,0.0,
1965,630,1957.0,72700.0,37148.7
1965,638,0.0,600.0,
1965,690,9.0,185.0,20555.6
1965,704,10000.0,94000.0,9400.0
1965,710,4500.0,94028.0,20895.1
1965,716,,0.0,
1965,722,4453.0,133287.0,29932.0
1965,736,400.0,2000.0,5000.0
1965,740,,100.0,
1965,748,500.0,5634.0,11268.0
1965,764,58400.0,300790.0,5150.5
1965,768,,0.0,
1965,780,,2000.0,
1965,800,,0.0,
1965,834,7000.0,31000.0,4428.6
1965,840,26304.0,851842.0,32384.5
1965,862,2686.0,36147.0,13457.6
1965,882,126.0,3300.0,26190.5
1965,901,30760.0,245429.0,7978.8
1965,902,52015.0,505770.0,9723.5
1966,1,411221.0,4761061.0,11577.9
1966,2,125304.0,950027.0,7581.8
1966,5,39609.0,528014.0,13330.7
1966,9,4080.0,104951.0,25723.3
1966,11,99844.0,627755.0,6287.4
1966,13,14941.0,340655.0,22800.0
1966,14,12345.0,84603.0,6853.2
1966,15,400.0,2200.0,5500.0
1966,17,7615.0,132155.0,17354.6
1966,18,5100.0,103314.0,20257.6
1966,19,84166.0,1885962.0,22407.6
1966,21,26304.0,912627.0,34695.4
1966,24,1400.0,14000.0,10000.0
1966,28,,2.0,
1966,29,3312.0,104666.0,31602.1
1966,30,22317.0,407489.0,18259.1
1966,32,,2000.0,
1966,34,42858.0,428813.0,10005.4
1966,35,132066.0,980768.0,7426.3
1966,36,3474.0,93801.0,27000.9
1966,39,430.0,3051.0,7095.3
1966,50,8100.0,56900.0,7024.7
1966,53,3474.0,93801.0,27000.9
1966,54,356.0,6000.0,16853.9
1966,61,250.0,5150.0,20600.0
1966,68,300.0,3270.0,10900.0
1966,76,28183.0,295185.0,10473.9
1966,96,136.0,1260.0,9264.7
1966,97,430.0,3051.0,7095.3
1966,116,,15300.0,
1966,120,215.0,3215.0,14953.5
1966,140,400.0,440.0,1100.0
1966,142,197241.0,1817070.0,9212.4
1966,144,3458.0,31913.0,9228.7
1966,150,430.0,3051.0,7095.3
1966,156,5200.0,50000.0,9615.4
1966,158,12017.0,270389.0,22500.5
1966,159,17217.0,320389.0,18608.9
1966,170,2050.0,76000.0,37073.2
1966,178,1200.0,4500.0,3750.0
1966,180,4400.0,110000.0,25000.0
1966,184,101.0,1300.0,12871.3
1966,188,200.0,4400.0,22000.0
1966,192,870.0,9681.0,11127.6
1966,199,39710.0,301940.0,7603.6
1966,204,360.0,3000.0,8333.3
1966,214,430.0,5621.0,13072.1
1966,218,2863.0,62336.0,21773.0
1966,222,1300.0,24800.0,19076.9
1966,230,,0.0,
1966,242,81.0,500.0,6172.8
1966,254,0.0,100.0,
1966,258,20.0,400.0,20000.0
1966,266,0.0,0.0,
1966,288,5034.0,22455.0,4460.7
1966,312,0.0,300.0,
1966,320,1000.0,14100.0,14100.0
1966,324,11000.0,15000.0,1363.6
1966,328,123.0,1649.0,13406.5
1966,332,,800.0,
1966,340,998.0,3080.0,3086.2
1966,356,31300.0,340000.0,10862.6
1966,360,20000.0,100000.0,5000.0
1966,384,2500.0,82300.0,32920.0
1966,388,130.0,816.0,6276.9
1966,392,5100.0,87100.0,17078.4
1966,404,1100.0,27000.0,24545.5
1966,410,0.0,0.0,
1966,418,1500.0,23500.0,15666.7
1966,430,950.0,5000.0,5263.2
1966,432,4680.0,65916.0,14084.6
1966,450,2000.0,8000.0,4000.0
1966,458,16000.0,258166.0,16135.4
1966,474,0.0,19555.0,
1966,480,36.0,428.0,11888.9
1966,484,10443.0,268175.0,25679.9
1966,504,,200.0,
1966,508,2200.0,17000.0,7727.3
1966,558,1000.0,21500.0,21500.0
1966,566,80000.0,500000.0,6250.0
1966,591,,4600.0,
1966,598,275.0,5500.0,20000.0
1966,600,1880.0,31040.0,16510.6
1966,604,1445.0,19023.0,13164.7
1966,608,25430.0,188000.0,7392.8
1966,620,430.0,3051.0,7095.3
1966,624,0.0,0.0,
1966,630,1882.0,65791.0,34958.0
1966,638,0.0,1000.0,
1966,690,9.0,175.0,19444.4
1966,704,12000.0,100000.0,8333.3
1966,710,4500.0,95648.0,21255.1
1966,716,,0.0,
1966,722,4086.0,118178.0,28922.7
1966,736,400.0,2000.0,5000.0
1966,740,,110.0,
1966,748,600.0,7666.0,12776.7
1966,764,57000.0,294542.0,5167.4
1966,768,,0.0,
1966,780,,2100.0,
1966,800,,0.0,
1966,834,7000.0,31000.0,4428.6
1966,840,26304.0,912627.0,34695.4
1966,862,2765.0,37301.0,13490.4
1966,882,129.0,3450.0,26744.2
1966,901,32225.0,248455.0,7710.0
1966,902,55471.0,557321.0,10047.1
1967,1,420863.0,5024270.0,11938.0
1967,2,135561.0,1047632.0,7728.1
1967,5,42203.0,573667.0,13593.0
1967,9,4640.0,128392.0,27670.7
1967,11,102210.0,649134.0,6351.0
1967,13,15087.0,336153.0,22281.0
1967,14,18457.0,101692.0,5509.7
1967,15,450.0,2400.0,5333.3
1967,17,7844.0,136042.0,17343.4
1967,18,6600.0,158364.0,23994.5
1967,19,86561.0,1927704.0,22269.9
1967,21,26304.0,916256.0,34833.3
1967,24,1400.0,14000.0,10000.0
1967,28,,2.0,
1967,29,2967.0,101628.0,34252.8
1967,30,22651.0,434681.0,19190.4
1967,32,,1500.0,
1967,34,50118.0,497031.0,9917.2
1967,35,120902.0,985220.0,8148.9
1967,36,3884.0,115422.0,29717.3
1967,39,430.0,3610.0,8395.3
1967,50,10100.0,92451.0,9153.6
1967,53,3884.0,115422.0,29717.3
1967,54,452.0,6770.0,14977.9
1967,61,304.0,6200.0,20394.7
1967,68,400.0,4380.0,10950.0
1967,76,30525.0,337487.0,11056.1
1967,96,142.0,1320.0,9295.8
1967,97,430.0,3610.0,8395.3
1967,116,,20100.0,
1967,120,344.0,3902.0,11343.0
1967,140,400.0,440.0,1100.0
1967,142,193671.0,1916932.0,9897.9
1967,144,6918.0,44580.0,6444.1
1967,150,430.0,3610.0,8395.3
1967,156,5400.0,52000.0,9629.6
1967,158,11851.0,296081.0,24983.6
1967,159,17251.0,348081.0,20177.4
1967,170,2050.0,78000.0,38048.8
1967,178,1200.0,4700.0,3916.7
1967,180,4500.0,113000.0,25111.1
1967,184,152.0,2200.0,14473.7
1967,188,300.0,4600.0,15333.3
1967,192,644.0,6678.0,10369.6
1967,199,49060.0,378197.0,7708.9
1967,204,360.0,3000.0,8333.3
1967,214,300.0,4134.0,13780.0
1967,218,2671.0,55289.0,20699.7
1967,222,1400.0,26000.0,18571.4
1967,230,,0.0,
1967,242,162.0,970.0,5987.7
1967,254,0.0,80.0,
1967,258,20.0,400.0,20000.0
1967,266,0.0,0.0,
1967,288,6400.0,21134.0,3302.2
1967,312,0.0,300.0,
1967,320,1000.0,14700.0,14700.0
1967,324,11500.0,16000.0,1391.3
1967,328,121.0,1744.0,14413.2
1967,332,,850.0,
1967,340,1035.0,3530.0,3410.6
1967,356,33100.0,360000.0,10876.1
1967,360,20000.0,100000.0,5000.0
1967,384,3000.0,104000.0,34666.7
1967,388,117.0,1229.0,10504.3
1967,392,5400.0,86600.0,16037.0
1967,404,500.0,12000.0,24000.0
1967,410,0.0,0.0,
1967,418,1500.0,23000.0,15333.3
1967,430,950.0,5000.0,5263.2
1967,432,4780.0,73246.0,15323.4
1967,450,8500.0,38256.0,4500.7
1967,458,17000.0,279800.0,16458.8
1967,474,0.0,21043.0,
1967,480,48.0,491.0,10229.2
1967,484,10252.0,259423.0,25304.6
1967,504,,300.0,
1967,508,2400.0,18000.0,7500.0
1967,558,1100.0,22600.0,20545.5
1967,566,80000.0,500000.0,6250.0
1967,591,,5300.0,
1967,598,290.0,5800.0,20000.0
1967,600,1880.0,32000.0,17021.3
1967,604,1710.0,24577.0,14372.5
1967,608,23260.0,208000.0,8942.4
1967,620,430.0,3610.0,8395.3
1967,624,0.0,0.0,
1967,630,1906.0,65292.0,34256.0
1967,638,0.0,800.0,
1967,690,9.0,145.0,16111.1
1967,704,14000.0,120000.0,8571.4
1967,710,6000.0,144938.0,24156.3
1967,716,,0.0,
1967,722,3901.0,117098.0,30017.4
1967,736,450.0,2100.0,4666.7
1967,740,,120.0,
1967,748,600.0,13426.0,22376.7
1967,764,45000.0,233000.0,5177.8
1967,768,,0.0,
1967,780,,2100.0,
1967,800,,0.0,
1967,834,7000.0,32000.0,4571.4
1967,840,26304.0,916256.0,34833.3
1967,862,2846.0,38490.0,13524.2
1967,882,132.0,3600.0,27272.7
1967,901,39204.0,271848.0,6934.2
1967,902,68310.0,663334.0,9710.6
1968,1,424358.0,5055130.0,11912.4
1968,2,138755.0,1081760.0,7796.2
1968,5,40335.0,588186.0,14582.5
1968,9,5001.0,142303.0,28454.9
1968,11,104858.0,661238.0,6306.0
1968,13,15470.0,340875.0,22034.6
1968,14,17958.0,103514.0,5764.2
1968,15,500.0,3100.0,6200.0
1968,17,9291.0,169639.0,18258.4
1968,18,6148.0,144269.0,23466.0
1968,19,85019.0,1866441.0,21953.2
1968,21,26304.0,835516.0,31763.8
1968,24,1500.0,15000.0,10000.0
1968,28,,3.0,
1968,29,2910.0,101864.0,35004.8
1968,30,22542.0,439264.0,19486.5
1968,32,,1230.0,
1968,34,50153.0,493338.0,9836.7
1968,35,122458.0,1028502.0,8398.8
1968,36,4195.0,129620.0,30898.7
1968,39,430.0,3522.0,8190.7
1968,50,10500.0,96500.0,9190.5
1968,53,4195.0,129620.0,30898.7
1968,54,496.0,7200.0,14516.1
1968,61,310.0,5483.0,17687.1
1968,68,430.0,4760.0,11069.8
1968,76,27431.0,337847.0,12316.2
1968,96,148.0,1380.0,9324.3
1968,97,430.0,3522.0,8190.7
1968,116,,22100.0,
1968,120,361.0,4319.0,11964.0
1968,140,430.0,520.0,1209.3
1968,142,195153.0,1961104.0,10049.1
1968,144,6553.0,36838.0,5621.5
1968,150,430.0,3522.0,8190.7
1968,156,5500.0,53000.0,9636.4
1968,158,11842.0,311364.0,26293.2
1968,159,17342.0,364364.0,21010.5
1968,170,2100.0,80000.0,38095.2
1968,178,1200.0,4800.0,4000.0
1968,180,5800.0,145000.0,25000.0
1968,184,150.0,1233.0,8220.0
1968,188,300.0,4900.0,16333.3
1968,192,680.0,7214.0,10608.8
1968,199,50990.0,420420.0,8245.1
1968,204,360.0,3000.0,8333.3
1968,214,350.0,4595.0,13128.6
1968,218,3188.0,55116.0,17288.6
1968,222,1500.0,29100.0,19400.0
1968,230,,0.0,
1968,242,221.0,1700.0,7692.3
1968,254,0.0,80.0,
1968,258,25.0,500.0,20000.0
1968,266,0.0,0.0,
1968,288,8498.0,27738.0,3264.1
1968,312,0.0,1000.0,
1968,320,1000.0,15200.0,15200.0
1968,324,12000.0,18000.0,1500.0
1968,328,89.0,1271.0,14280.9
1968,332,,900.0,
1968,340,1073.0,4045.0,3769.8
1968,356,33100.0,360000.0,10876.1
1968,360,23000.0,150000.0,6521.7
1968,384,3000.0,106500.0,35500.0
1968,388,190.0,1588.0,8357.9
1968,392,5200.0,74900.0,14403.8
1968,404,500.0,14900.0,29800.0
1968,410,0.0,0.0,
1968,418,1500.0,24000.0,16000.0
1968,430,1000.0,6000.0,6000.0
1968,432,4888.0,70913.0,14507.6
1968,450,8000.0,36000.0,4500.0
1968,458,18000.0,283000.0,15722.2
1968,474,0.0,25874.0,
1968,480,49.0,666.0,13591.8
1968,484,10397.0,256030.0,24625.4
1968,504,,700.0,
1968,508,2400.0,18000.0,7500.0
1968,558,1200.0,25300.0,21083.3
1968,566,80000.0,500000.0,6250.0
1968,591,,6300.0,
1968,598,275.0,5500.0,20000.0
1968,600,1880.0,31200.0,16595.7
1968,604,2315.0,37133.0,16040.2
1968,608,28670.0,225999.0,7882.8
1968,620,430.0,3522.0,8190.7
1968,624,0.0,0.0,
1968,630,1690.0,58540.0,34639.1
1968,638,0.0,800.0,
1968,690,9.0,148.0,16444.4
1968,704,16000.0,140000.0,8750.0
1968,710,5500.0,133836.0,24333.8
1968,716,,0.0,
1968,722,3863.0,116762.0,30225.7
1968,736,500.0,2400.0,4800.0
1968,740,,130.0,
1968,748,648.0,10433.0,16100.3
1968,764,35140.0,182023.0,5179.9
1968,768,,0.0,
1968,780,,2150.0,
1968,800,,0.0,
1968,834,7000.0,33000.0,4714.3
1968,840,26304.0,835516.0,31763.8
1968,862,2902.0,39419.0,13583.4
1968,882,135.0,3750.0,27777.8
1968,901,40751.0,312139.0,7659.7
1968,902,70885.0,719454.0,10149.6
1969,1,441577.0,5236758.0,11859.2
1969,2,140338.0,1087197.0,7747.0
1969,5,46120.0,688201.0,14922.0
1969,9,5056.0,134789.0,26659.2
1969,11,105744.0,659417.0,6236.0
1969,13,14579.0,329625.0,22609.6
1969,14,18060.0,107835.0,5970.9
1969,15,600.0,3300.0,5500.0
1969,17,9809.0,178962.0,18244.7
1969,18,6125.0,137683.0,22478.9
1969,19,89935.0,1957287.0,21763.4
1969,21,25900.0,830073.0,32049.2
1969,24,1800.0,18000.0,10000.0
1969,28,,5.0,
1969,29,3336.0,109388.0,32790.2
1969,30,23347.0,481113.0,20607.1
1969,32,,1330.0,
1969,34,50785.0,513738.0,10115.9
1969,35,131766.0,1059735.0,8042.6
1969,36,4327.0,121228.0,28016.6
1969,39,350.0,2899.0,8282.9
1969,50,10900.0,105700.0,9697.2
1969,53,4327.0,121228.0,28016.6
1969,54,465.0,7500.0,16129.0
1969,61,264.0,6061.0,22958.3
1969,68,460.0,5040.0,10956.5
1969,76,30636.0,389499.0,12713.8
1969,96,154.0,1440.0,9350.6
1969,97,350.0,2899.0,8282.9
1969,116,,22780.0,
1969,120,579.0,5142.0,8880.8
1969,140,430.0,520.0,1209.3
1969,142,205898.0,2054586.0,9978.7
1969,144,5885.0,38038.0,6463.6
1969,150,350.0,2899.0,8282.9
1969,156,5900.0,55000.0,9322.0
1969,158,12447.0,325013.0,26111.8
1969,159,18347.0,380013.0,20712.5
1969,170,2150.0,83000.0,38604.7
1969,178,1200.0,4500.0,3750.0
1969,180,5800.0,150800.0,26000.0
1969,184,101.0,1661.0,16445.5
1969,188,300.0,5100.0,17000.0
1969,192,909.0,10476.0,11524.8
1969,199,53080.0,446765.0,8416.8
1969,204,350.0,3000.0,8571.4
1969,214,850.0,11476.0,13501.2
1969,218,3577.0,57292.0,16016.8
1969,222,1600.0,30900.0,19312.5
1969,230,,0.0,
1969,242,150.0,1200.0,8000.0
1969,254,0.0,24.0,
1969,258,25.0,500.0,20000.0
1969,266,0.0,0.0,
1969,288,8094.0,26417.0,3263.8
1969,312,0.0,500.0,
1969,320,1200.0,16500.0,13750.0
1969,324,13300.0,21000.0,1578.9
1969,328,121.0,1352.0,11173.6
1969,332,,950.0,
1969,340,1113.0,4636.0,4165.3
1969,356,34000.0,370000.0,10882.4
1969,360,21000.0,120000.0,5714.3
1969,384,3000.0,103000.0,34333.3
1969,388,253.0,2771.0,10952.6
1969,392,5000.0,101100.0,20220.0
1969,404,600.0,17100.0,28500.0
1969,410,0.0,0.0,
1969,418,1500.0,26000.0,17333.3
1969,430,1000.0,6000.0,6000.0
1969,432,4945.0,76646.0,15499.7
1969,450,8000.0,35115.0,4389.4
1969,458,19000.0,306400.0,16126.3
1969,474,0.0,32779.0,
1969,480,52.0,670.0,12884.6
1969,484,9166.0,240589.0,26248.0
1969,504,,400.0,
1969,508,2400.0,18000.0,7500.0
1969,558,1200.0,24500.0,20416.7
1969,566,80000.0,500000.0,6250.0
1969,591,,7400.0,
1969,598,315.0,6300.0,20000.0
1969,600,1930.0,34200.0,17720.2
1969,604,4195.0,75349.0,17961.6
1969,608,29860.0,238362.0,7982.7
1969,620,350.0,2899.0,8282.9
1969,624,0.0,0.0,
1969,630,1324.0,48231.0,36428.2
1969,638,0.0,800.0,
1969,690,8.0,150.0,18750.0
1969,704,18000.0,160000.0,8888.9
1969,710,5500.0,126797.0,23054.0
1969,716,,0.0,
1969,722,4246.0,125286.0,29506.8
1969,736,600.0,2900.0,4833.3
1969,740,,165.0,
1969,748,625.0,10886.0,17417.6
1969,764,42252.0,184753.0,4372.6
1969,768,,0.0,
1969,780,,2200.0,
1969,800,,0.0,
1969,834,7000.0,36000.0,5142.9
1969,840,25900.0,830073.0,32049.2
1969,862,3051.0,40950.0,13421.8
1969,882,138.0,3900.0,28260.9
1969,901,42459.0,325527.0,7666.9
1969,902,75351.0,799522.0,10610.6
1970,1,453892.0,5447077.0,12000.8
1970,2,154943.0,1269721.0,8194.8
1970,5,47597.0,707783.0,14870.3
1970,9,5095.0,134582.0,26414.5
1970,11,117600.0,787380.0,6695.4
1970,13,15392.0,338185.0,21971.5
1970,14,19557.0,123090.0,6293.9
1970,15,700.0,3600.0,5142.9
1970,17,9881.0,173476.0,17556.5
1970,18,7205.0,182175.0,25284.5
1970,19,91091.0,2013822.0,22107.8
1970,21,24700.0,865453.0,35038.6
1970,24,1800.0,18000.0,10000.0
1970,28,,7.0,
1970,29,3402.0,102401.0,30100.2
1970,30,23750.0,462191.0,19460.7
1970,32,,1066.0,
1970,34,50770.0,511550.0,10075.8
1970,35,127988.0,1053121.0,8228.3
1970,36,4397.0,120862.0,27487.4
1970,39,255.0,2090.0,8196.1
1970,50,9737.0,93500.0,9602.5
1970,53,4397.0,120862.0,27487.4
1970,54,425.0,7300.0,17176.5
1970,61,273.0,6420.0,23516.5
1970,68,490.0,5400.0,11020.4
1970,76,32189.0,423903.0,13169.2
1970,96,160.0,1500.0,9375.0
1970,97,255.0,2090.0,8196.1
1970,116,,32800.0,
1970,120,851.0,5656.0,6646.3
1970,140,430.0,520.0,1209.3
1970,142,202508.0,2026862.0,10008.8
1970,144,6133.0,38050.0,6204.1
1970,150,255.0,2090.0,8196.1
1970,156,6200.0,57000.0,9193.5
1970,158,12750.0,338191.0,26524.8
1970,159,18950.0,395191.0,20854.4
1970,170,2150.0,85000.0,39534.9
1970,178,1200.0,4800.0,4000.0
1970,180,5600.0,144500.0,25803.6
1970,184,101.0,1770.0,17524.8
1970,188,300.0,5400.0,18000.0
1970,192,652.0,14187.0,21759.2
1970,199,53467.0,443110.0,8287.5
1970,204,350.0,3000.0,8571.4
1970,214,950.0,13016.0,13701.1
1970,218,3630.0,59090.0,16278.2
1970,222,1700.0,33100.0,19470.6
1970,230,,0.0,
1970,242,100.0,800.0,8000.0
1970,254,0.0,60.0,
1970,258,30.0,600.0,20000.0
1970,266,0.0,0.0,
1970,288,9300.0,30380.0,3266.7
1970,312,0.0,1000.0,
1970,320,1200.0,17000.0,14166.7
1970,324,13450.0,23000.0,1710.0
1970,328,113.0,1361.0,12044.2
1970,332,,1000.0,
1970,340,1154.0,5313.0,4604.0
1970,356,34900.0,380000.0,10888.3
1970,360,13000.0,76000.0,5846.2
1970,384,3500.0,124000.0,35428.6
1970,388,365.0,3742.0,10252.1
1970,392,4800.0,67000.0,13958.3
1970,404,1100.0,32000.0,29090.9
1970,410,0.0,0.0,
1970,418,2000.0,27000.0,13500.0
1970,430,1000.0,7000.0,7000.0
1970,432,5555.0,77538.0,13958.2
1970,450,8000.0,35490.0,4436.3
1970,458,19000.0,308400.0,16231.6
1970,474,0.0,18178.0,
1970,480,49.0,545.0,11122.4
1970,484,9838.0,248772.0,25286.8
1970,504,,300.0,
1970,508,2400.0,18000.0,7500.0
1970,558,1200.0,25300.0,21083.3
1970,566,90000.0,600000.0,6666.7
1970,591,,3300.0,
1970,598,325.0,6500.0,20000.0
1970,600,1930.0,34800.0,18031.1
1970,604,3905.0,61971.0,15869.7
1970,608,28850.0,233431.0,8091.2
1970,620,255.0,2090.0,8196.1
1970,624,0.0,0.0,
1970,630,1435.0,49021.0,34161.0
1970,638,0.0,900.0,
1970,690,8.0,155.0,19375.0
1970,704,19000.0,180000.0,9473.7
1970,710,6500.0,172357.0,26516.5
1970,716,,0.0,
1970,722,4270.0,118253.0,27693.9
1970,736,700.0,3300.0,4714.3
1970,740,,71.0,
1970,748,705.0,9818.0,13926.2
1970,764,45978.0,193990.0,4219.2
1970,768,,0.0,
1970,780,,2250.0,
1970,800,,0.0,
1970,834,8000.0,36000.0,4500.0
1970,840,24700.0,865453.0,35038.6
1970,862,3190.0,35061.0,10990.9
1970,882,142.0,4050.0,28521.1
1970,901,44281.0,339566.0,7668.4
1970,902,77012.0,820520.0,10654.4
1971,1,479798.0,5704953.0,11890.3
1971,2,155683.0,1323273.0,8499.8
1971,5,48310.0,774895.0,16040.1
1971,9,5037.0,130739.0,25955.7
1971,11,116950.0,814500.0,6964.5
1971,13,14460.0,396480.0,27419.1
1971,14,20599.0,137965.0,6697.7
1971,15,800.0,4100.0,5125.0
1971,17,10213.0,184190.0,18034.9
1971,18,7121.0,182518.0,25631.0
1971,19,91247.0,2148212.0,23542.8
1971,21,24700.0,854567.0,34597.9
1971,24,2000.0,20000.0,10000.0
1971,28,,9.0,
1971,29,3777.0,122270.0,32372.3
1971,30,24600.0,488329.0,19850.8
1971,32,,2000.0,
1971,34,48748.0,508342.0,10428.0
1971,35,154228.0,1104016.0,7158.3
1971,36,4382.0,117752.0,26871.7
1971,39,255.0,2042.0,8007.8
1971,50,9848.0,90982.0,9238.6
1971,53,4382.0,117752.0,26871.7
1971,54,390.0,6900.0,17692.3
1971,61,265.0,6087.0,22969.8
1971,68,600.0,6500.0,10833.3
1971,76,33823.0,498849.0,14748.8
1971,96,166.0,1567.0,9439.8
1971,97,255.0,2042.0,8007.8
1971,116,,12260.0,
1971,120,863.0,5100.0,5909.6
1971,140,450.0,590.0,1311.1
1971,142,227576.0,2100687.0,9230.7
1971,144,4000.0,37360.0,9340.0
1971,150,255.0,2042.0,8007.8
1971,156,6400.0,59000.0,9218.8
1971,158,13100.0,358529.0,27368.6
1971,159,19500.0,417529.0,21411.7
1971,170,2200.0,87000.0,39545.5
1971,178,1200.0,4600.0,3833.3
1971,180,5700.0,153900.0,27000.0
1971,184,101.0,1567.0,15514.9
1971,188,350.0,5650.0,16142.9
1971,192,538.0,20817.0,38693.3
1971,199,55048.0,441617.0,8022.4
1971,204,350.0,3000.0,8571.4
1971,214,1100.0,15402.0,14001.8
1971,218,3256.0,55960.0,17186.7
1971,222,1800.0,35168.0,19537.8
1971,230,,0.0,
1971,242,100.0,1100.0,11000.0
1971,254,0.0,60.0,
1971,258,18.0,320.0,17777.8
1971,266,0.0,0.0,
1971,288,8000.0,28500.0,3562.5
1971,312,0.0,1200.0,
1971,320,1350.0,17500.0,12963.0
1971,324,13600.0,23000.0,1691.2
1971,328,235.0,1677.0,7136.2
1971,332,,1100.0,
1971,340,1200.0,9500.0,7916.7
1971,356,34900.0,380000.0,10888.3
1971,360,23000.0,97000.0,4217.4
1971,384,4000.0,154000.0,38500.0
1971,388,694.0,6232.0,8979.8
1971,392,5100.0,70800.0,13882.4
1971,404,1200.0,34100.0,28416.7
1971,410,0.0,0.0,
1971,418,2000.0,25000.0,12500.0
1971,430,1000.0,6000.0,6000.0
1971,432,5601.0,75362.0,13455.1
1971,450,9400.0,45985.0,4892.0
1971,458,19000.0,301400.0,15863.2
1971,474,0.0,22977.0,
1971,480,91.0,815.0,8956.0
1971,484,8460.0,297251.0,35136.1
1971,504,,300.0,
1971,508,2400.0,18000.0,7500.0
1971,558,1300.0,26500.0,20384.6
1971,566,90000.0,600000.0,6666.7
1971,591,,4911.0,
1971,598,290.0,5800.0,20000.0
1971,600,1930.0,34660.0,17958.5
1971,604,3445.0,52898.0,15355.0
1971,608,28000.0,234300.0,8367.9
1971,620,255.0,2042.0,8007.8
1971,624,0.0,0.0,
1971,630,1445.0,52233.0,36147.4
1971,638,0.0,900.0,
1971,690,8.0,165.0,20625.0
1971,704,19000.0,190000.0,10000.0
1971,710,6500.0,173906.0,26754.8
1971,716,,0.0,
1971,722,4766.0,138004.0,28955.9
1971,736,800.0,3800.0,4750.0
1971,740,,90.0,
1971,748,621.0,8612.0,13868.0
1971,764,63062.0,242489.0,3845.2
1971,768,,0.0,
1971,780,,2300.0,
1971,800,,0.0,
1971,834,7500.0,38000.0,5066.7
1971,840,24700.0,854567.0,34597.9
1971,862,2821.0,35201.0,12478.2
1971,882,146.0,4200.0,28767.1
1971,901,45763.0,363675.0,7946.9
1971,902,76704.0,858531.0,11192.8
1972,1,461249.0,5695759.0,12348.6
1972,2,158942.0,1382073.0,8695.5
1972,5,48717.0,834425.0,17128.0
1972,9,4898.0,141867.0,28964.3
1972,11,118190.0,841000.0,7115.7
1972,13,12370.0,323394.0,26143.4
1972,14,20765.0,143711.0,6920.8
1972,15,840.0,4300.0,5119.0
1972,17,11369.0,197790.0,17397.3
1972,18,7778.0,195272.0,25105.7
1972,19,88523.0,2149325.0,24279.8
1972,21,23471.0,859099.0,36602.6
1972,24,2500.0,25000.0,10000.0
1972,28,,11.0,
1972,29,3965.0,132407.0,33393.9
1972,30,24000.0,453984.0,18916.0
1972,32,,1240.0,
1972,34,49846.0,526951.0,10571.6
1972,35,134820.0,1039726.0,7712.0
1972,36,4174.0,128524.0,30791.6
1972,39,220.0,1833.0,8331.8
1972,50,10860.0,99172.0,9131.9
1972,53,4174.0,128524.0,30791.6
1972,54,396.0,7000.0,17676.8
1972,61,328.0,6343.0,19338.4
1972,68,600.0,6500.0,10833.3
1972,76,34474.0,536111.0,15551.2
1972,96,160.0,1500.0,9375.0
1972,97,220.0,1833.0,8331.8
1972,116,,12200.0,
1972,120,1119.0,6300.0,5630.0
1972,140,450.0,590.0,1311.1
1972,142,208666.0,2020661.0,9683.7
1972,144,3086.0,37779.0,12242.1
1972,150,220.0,1833.0,8331.8
1972,156,6500.0,60000.0,9230.8
1972,158,13100.0,334384.0,25525.5
1972,159,19600.0,394384.0,20121.6
1972,170,2200.0,89000.0,40454.5
1972,178,1200.0,4900.0,4083.3
1972,180,6100.0,161000.0,26393.4
1972,184,149.0,1451.0,9738.3
1972,188,350.0,5800.0,16571.4
1972,192,715.0,32321.0,45204.2
1972,199,57255.0,468912.0,8189.9
1972,204,340.0,3000.0,8823.5
1972,214,1200.0,17611.0,14675.8
1972,218,3250.0,73068.0,22482.5
1972,222,1700.0,34000.0,20000.0
1972,230,15.0,100.0,6666.7
1972,242,96.0,1000.0,10416.7
1972,254,0.0,60.0,
1972,258,30.0,542.0,18066.7
1972,266,0.0,0.0,
1972,288,8100.0,23000.0,2839.5
1972,312,0.0,1400.0,
1972,320,1500.0,19500.0,13000.0
1972,324,13750.0,25000.0,1818.2
1972,328,242.0,2041.0,8433.9
1972,332,,1200.0,
1972,340,1400.0,13000.0,9285.7
1972,356,35900.0,390000.0,10863.5
1972,360,23000.0,105000.0,4565.2
1972,384,5000.0,184000.0,36800.0
1972,388,614.0,6658.0,10843.6
1972,392,4400.0,59600.0,13545.5
1972,404,1300.0,36476.0,28058.5
1972,410,0.0,0.0,
1972,418,2000.0,26000.0,13000.0
1972,430,1000.0,6000.0,6000.0
1972,432,5758.0,76708.0,13322.0
1972,450,9500.0,47650.0,5015.8
1972,458,17000.0,288100.0,16947.1
1972,474,0.0,26989.0,
1972,480,42.0,415.0,9881.0
1972,484,6070.0,218164.0,35941.4
1972,504,,300.0,
1972,508,2400.0,18000.0,7500.0
1972,558,1350.0,27500.0,20370.4
1972,566,90000.0,600000.0,6666.7
1972,591,,5430.0,
1972,598,300.0,6000.0,20000.0
1972,600,1930.0,35700.0,18497.4
1972,604,3340.0,50466.0,15109.6
1972,608,29600.0,282100.0,9530.4
1972,620,220.0,1833.0,8331.8
1972,624,0.0,0.0,
1972,630,1436.0,43817.0,30513.2
1972,638,0.0,900.0,
1972,690,8.0,170.0,21250.0
1972,704,20000.0,200000.0,10000.0
1972,710,7000.0,187354.0,26764.9
1972,716,,0.0,
1972,722,4981.0,148461.0,29805.5
1972,736,840.0,4000.0,4761.9
1972,740,,85.0,
1972,748,778.0,7918.0,10177.4
1972,764,43060.0,124826.0,2898.9
1972,768,,0.0,
1972,780,,2400.0,
1972,800,,0.0,
1972,834,7500.0,40000.0,5333.3
1972,840,23471.0,859099.0,36602.6
1972,862,2681.0,40154.0,14977.2
1972,882,149.0,4350.0,29194.6
1972,901,46864.0,381716.0,8145.2
1972,902,79260.0,936771.0,11819.0
1973,1,509939.0,5816262.0,11405.8
1973,2,161228.0,1425428.0,8841.1
1973,5,47678.0,772033.0,16192.6
1973,9,4936.0,141142.0,28594.4
1973,11,120130.0,875500.0,7287.9
1973,13,13613.0,375758.0,27602.9
1973,14,20898.0,158139.0,7567.2
1973,15,840.0,4300.0,5119.0
1973,17,12050.0,199490.0,16555.2
1973,18,7310.0,187999.0,25718.1
1973,19,89062.0,2000571.0,22462.7
1973,21,23269.0,734819.0,31579.3
1973,24,2800.0,28000.0,10000.0
1973,28,,8.0,
1973,29,4502.0,117961.0,26201.9
1973,30,24011.0,475082.0,19786.0
1973,32,,3530.0,
1973,34,51991.0,553039.0,10637.2
1973,35,178491.0,1219189.0,6830.5
1973,36,4122.0,126353.0,30653.3
1973,39,220.0,1811.0,8231.8
1973,50,12205.0,111440.0,9130.7
1973,53,4122.0,126353.0,30653.3
1973,54,475.0,8200.0,17263.2
1973,61,339.0,6589.0,19436.6
1973,68,700.0,7570.0,10814.3
1973,76,33921.0,488457.0,14399.8
1973,96,140.0,1300.0,9285.7
1973,97,220.0,1811.0,8231.8
1973,116,,11000.0,
1973,120,1400.0,6700.0,4785.7
1973,140,450.0,590.0,1311.1
1973,142,254493.0,2247310.0,8830.5
1973,144,2986.0,41599.0,13931.3
1973,150,220.0,1811.0,8231.8
1973,156,6600.0,62000.0,9393.9
1973,158,13011.0,327982.0,25208.1
1973,159,19611.0,389982.0,19885.9
1973,170,2450.0,100000.0,40816.3
1973,178,1200.0,5000.0,4166.7
1973,180,6200.0,159200.0,25677.4
1973,184,150.0,1239.0,8260.0
1973,188,400.0,7965.0,19912.5
1973,192,754.0,30924.0,41013.3
1973,199,59060.0,475819.0,8056.5
1973,204,340.0,3000.0,8823.5
1973,214,1200.0,17611.0,14675.8
1973,218,2443.0,44595.0,18254.2
1973,222,1600.0,30000.0,18750.0
1973,230,15.0,100.0,6666.7
1973,242,120.0,1100.0,9166.7
1973,254,0.0,60.0,
1973,258,35.0,760.0,21714.3
1973,266,0.0,0.0,
1973,288,8900.0,28500.0,3202.2
1973,312,0.0,600.0,
1973,320,1650.0,21500.0,13030.3
1973,324,13890.0,18000.0,1295.9
1973,328,336.0,2041.0,6074.4
1973,332,,1300.0,
1973,340,1344.0,12981.0,9658.5
1973,356,36800.0,400000.0,10869.6
1973,360,26000.0,126000.0,4846.2
1973,384,6000.0,220000.0,36666.7
1973,388,566.0,5361.0,9471.7
1973,392,4400.0,85100.0,19340.9
1973,404,1500.0,48132.0,32088.0
1973,410,0.0,0.0,
1973,418,2000.0,26000.0,13000.0
1973,430,1000.0,6000.0,6000.0
1973,432,5910.0,85499.0,14466.8
1973,450,9420.0,47189.0,5009.4
1973,458,16500.0,262700.0,15921.2
1973,474,820.0,21560.0,26292.7
1973,480,55.0,673.0,12236.4
1973,484,7169.0,268314.0,37427.0
1973,504,,300.0,
1973,508,2400.0,18000.0,7500.0
1973,558,1450.0,29000.0,20000.0
1973,566,90000.0,600000.0,6666.7
1973,591,,5998.0,
1973,598,355.0,7100.0,20000.0
1973,600,1950.0,37486.0,19223.6
1973,604,3345.0,49984.0,14942.9
1973,608,27600.0,293400.0,10630.4
1973,620,220.0,1811.0,8231.8
1973,624,0.0,0.0,
1973,630,1162.0,38102.0,32790.0
1973,638,0.0,1870.0,
1973,690,8.0,175.0,21875.0
1973,704,19000.0,180000.0,9473.7
1973,710,6500.0,174146.0,26791.7
1973,716,,0.0,
1973,722,5715.0,135667.0,23738.8
1973,736,840.0,4000.0,4761.9
1973,740,,28.0,
1973,748,810.0,13853.0,17102.5
1973,764,87251.0,318789.0,3653.7
1973,768,,0.0,
1973,780,,2495.0,
1973,800,,0.0,
1973,834,7500.0,42000.0,5600.0
1973,840,23269.0,734819.0,31579.3
1973,862,2533.0,38282.0,15113.3
1973,882,154.0,4590.0,29805.2
1973,901,47605.0,388211.0,8154.8
1973,902,81907.0,992612.0,12118.8
1974,1,533463.0,6206496.0,11634.4
1974,2,165636.0,1497672.0,9041.9
1974,5,46780.0,844317.0,18048.7
1974,9,6106.0,131087.0,21468.6
1974,11,122320.0,889631.0,7273.0
1974,13,16773.0,508880.0,30339.2
1974,14,22225.0,164289.0,7392.1
1974,15,850.0,4300.0,5058.8
1974,17,12830.0,224400.0,17490.3
1974,18,7411.0,215052.0,29017.9
1974,19,90222.0,2110313.0,23390.2
1974,21,22257.0,635026.0,28531.5
1974,24,3000.0,30000.0,10000.0
1974,28,,9.0,
1974,29,4412.0,122090.0,27672.3
1974,30,24174.0,448851.0,18567.5
1974,32,,4400.0,
1974,34,53547.0,578294.0,10799.7
1974,35,193578.0,1438593.0,7431.6
1974,36,4129.0,114799.0,27803.1
1974,39,200.0,1686.0,8430.0
1974,50,12863.0,124253.0,9659.7
1974,53,4129.0,114799.0,27803.1
1974,54,490.0,8600.0,17551.0
1974,61,1487.0,7688.0,5170.1
1974,68,720.0,7860.0,10916.7
1974,76,29498.0,493784.0,16739.6
1974,96,120.0,1100.0,9166.7
1974,97,200.0,1686.0,8430.0
1974,116,,10000.0,
1974,120,1630.0,18100.0,11104.3
1974,140,600.0,900.0,1500.0
1974,142,271299.0,2465738.0,9088.6
1974,144,2984.0,44041.0,14759.0
1974,150,200.0,1686.0,8430.0
1974,156,6900.0,64000.0,9275.4
1974,158,13274.0,307851.0,23192.0
1974,159,20174.0,371851.0,18432.2
1974,170,2760.0,113200.0,41014.5
1974,178,1200.0,4800.0,4000.0
1974,180,6400.0,170600.0,26656.3
1974,184,1284.0,1981.0,1542.8
1974,188,400.0,8200.0,20500.0
1974,192,620.0,30155.0,48637.1
1974,199,61858.0,511345.0,8266.4
1974,204,340.0,3000.0,8823.5
1974,214,1200.0,18000.0,15000.0
1974,218,5478.0,97648.0,17825.5
1974,222,1464.0,27000.0,18442.6
1974,230,15.0,100.0,6666.7
1974,242,120.0,1100.0,9166.7
1974,254,0.0,70.0,
1974,258,45.0,977.0,21711.1
1974,266,0.0,0.0,
1974,288,10500.0,34500.0,3285.7
1974,312,0.0,600.0,
1974,320,1800.0,23400.0,13000.0
1974,324,14030.0,17000.0,1211.7
1974,328,162.0,1360.0,8395.1
1974,332,,1400.0,
1974,340,1394.0,14877.0,10672.2
1974,356,37700.0,410000.0,10875.3
1974,360,24100.0,121600.0,5045.6
1974,384,6300.0,228131.0,36211.3
1974,388,413.0,3987.0,9653.8
1974,392,4000.0,77000.0,19250.0
1974,404,1500.0,44000.0,29333.3
1974,410,0.0,0.0,
1974,418,2000.0,26500.0,13250.0
1974,430,1150.0,7000.0,6087.0
1974,432,5781.0,95813.0,16573.8
1974,450,10710.0,54592.0,5097.3
1974,458,16000.0,257600.0,16100.0
1974,474,1000.0,25800.0,25800.0
1974,480,92.0,1056.0,11478.3
1974,484,10215.0,397781.0,38940.9
1974,504,,300.0,
1974,508,2400.0,18000.0,7500.0
1974,558,1500.0,31000.0,20666.7
1974,566,90000.0,600000.0,6666.7
1974,591,,6622.0,
1974,598,370.0,7500.0,20270.3
1974,600,2050.0,39360.0,19200.0
1974,604,3475.0,51164.0,14723.5
1974,608,28400.0,338300.0,11912.0
1974,620,200.0,1686.0,8430.0
1974,624,0.0,0.0,
1974,630,1179.0,39644.0,33625.1
1974,638,0.0,2361.0,
1974,690,8.0,180.0,22500.0
1974,704,20000.0,200000.0,10000.0
1974,710,7000.0,193859.0,27694.1
1974,716,,0.0,
1974,722,6651.0,140992.0,21198.6
1974,736,850.0,4000.0,4705.9
1974,740,,18.0,
1974,748,411.0,21193.0,51564.5
1974,764,102958.0,483493.0,4696.0
1974,768,,0.0,
1974,780,,2495.0,
1974,800,,0.0,
1974,834,7500.0,44000.0,5866.7
1974,840,22257.0,635026.0,28531.5
1974,862,2637.0,35453.0,13444.4
1974,882,158.0,4730.0,29936.7
1974,901,49825.0,418492.0,8399.2
1974,902,84506.0,1037936.0,12282.4
1975,1,490312.0,7187327.0,14658.7
1975,2,161679.0,1512024.0,9352.0
1975,5,46279.0,929466.0,20084.0
1975,9,5828.0,127243.0,21833.0
1975,11,116855.0,882005.0,7547.9
1975,13,17689.0,491561.0,27789.1
1975,14,23764.0,207648.0,8737.9
1975,15,850.0,4200.0,4941.2
1975,17,13400.0,223330.0,16666.4
1975,18,6810.0,194841.0,28611.0
1975,19,88494.0,2190700.0,24755.4
1975,21,20234.0,653170.0,32280.8
1975,24,3000.0,30000.0,10000.0
1975,28,,11.0,
1975,29,4292.0,116503.0,27144.2
1975,30,22950.0,449478.0,19585.1
1975,32,,3740.0,
1975,34,57061.0,607247.0,10642.1
1975,35,154100.0,2298970.0,14918.7
1975,36,3828.0,110454.0,28854.2
1975,39,200.0,1665.0,8325.0
1975,50,14356.0,138489.0,9646.8
1975,53,3828.0,110454.0,28854.2
1975,54,493.0,8800.0,17849.9
1975,61,1507.0,7989.0,5301.3
1975,68,800.0,8600.0,10750.0
1975,76,28000.0,527076.0,18824.1
1975,96,110.0,1000.0,9090.9
1975,97,200.0,1665.0,8325.0
1975,116,,10000.0,
1975,120,1600.0,9430.0,5893.8
1975,140,800.0,1200.0,1500.0
1975,142,234111.0,3355695.0,14333.8
1975,144,4105.0,48758.0,11877.7
1975,150,200.0,1665.0,8325.0
1975,156,7100.0,66000.0,9295.8
1975,158,12150.0,318978.0,26253.3
1975,159,19250.0,384978.0,19998.9
1975,170,2281.0,133780.0,58649.7
1975,178,1200.0,4800.0,4000.0
1975,180,6800.0,177900.0,26161.8
1975,184,1295.0,1981.0,1529.7
1975,188,420.0,8400.0,20000.0
1975,192,531.0,22161.0,41734.5
1975,199,65176.0,544034.0,8347.2
1975,204,335.0,3000.0,8955.2
1975,214,1250.0,19000.0,15200.0
1975,218,7355.0,133500.0,18150.9
1975,222,2378.0,29520.0,12413.8
1975,230,15.0,80.0,5333.3
1975,242,113.0,1100.0,9734.5
1975,254,5.0,60.0,12000.0
1975,258,50.0,1131.0,22620.0
1975,266,0.0,0.0,
1975,288,4900.0,16300.0,3326.5
1975,312,0.0,240.0,
1975,320,1950.0,25400.0,13025.6
1975,324,14170.0,16000.0,1129.1
1975,328,182.0,1633.0,8972.5
1975,332,,1500.0,
1975,340,1445.0,17048.0,11797.9
1975,356,38600.0,420000.0,10880.8
1975,360,26000.0,119500.0,4596.2
1975,384,6300.0,239705.0,38048.4
1975,388,482.0,4622.0,9589.2
1975,392,3700.0,64500.0,17432.4
1975,404,2000.0,73000.0,36500.0
1975,410,0.0,0.0,
1975,418,2000.0,24000.0,12000.0
1975,430,1150.0,7000.0,6087.0
1975,432,5110.0,82694.0,16182.8
1975,450,12300.0,73865.0,6005.3
1975,458,14000.0,211800.0,15128.6
1975,474,850.0,24200.0,28470.6
1975,480,41.0,720.0,17561.0
1975,484,9896.0,371288.0,37519.0
1975,504,,200.0,
1975,508,1900.0,12000.0,6315.8
1975,558,1600.0,32621.0,20388.1
1975,566,90000.0,600000.0,6666.7
1975,591,,7284.0,
1975,598,380.0,7700.0,20263.2
1975,600,1200.0,31500.0,26250.0
1975,604,3730.0,55940.0,14997.3
1975,608,30510.0,424370.0,13909.2
1975,620,200.0,1665.0,8325.0
1975,624,0.0,0.0,
1975,630,1179.0,42592.0,36125.5
1975,638,0.0,2808.0,
1975,690,8.0,175.0,21875.0
1975,704,17000.0,150000.0,8823.5
1975,710,6500.0,177447.0,27299.5
1975,716,,0.0,
1975,722,6523.0,135845.0,20825.5
1975,736,850.0,4000.0,4705.9
1975,740,,25.0,
1975,748,310.0,17394.0,56109.7
1975,764,64480.0,1358300.0,21065.4
1975,768,,0.0,
1975,780,,2177.0,
1975,800,,0.0,
1975,834,7500.0,45000.0,6000.0
1975,840,20234.0,653170.0,32280.8
1975,862,2726.0,33612.0,12330.2
1975,882,162.0,4877.0,30104.9
1975,901,52220.0,461396.0,8835.6
1975,902,90636.0,1112779.0,12277.5
1976,1,495068.0,8041544.0,16243.3
1976,2,154909.0,1535972.0,9915.3
1976,5,44942.0,911851.0,20289.5
1976,9,5814.0,121054.0,20821.1
1976,11,114785.0,917791.0,7995.7
1976,13,20051.0,567083.0,28282.0
1976,14,19126.0,200280.0,10471.6
1976,15,900.0,4300.0,4777.8
1976,17,13100.0,213945.0,16331.7
1976,18,6998.0,199656.0,28530.4
1976,19,88136.0,2197736.0,24935.7
1976,21,19425.0,616882.0,31757.1
1976,24,3000.0,30000.0,10000.0
1976,28,,40.0,
1976,29,3718.0,101920.0,27412.6
1976,30,21606.0,415930.0,19250.7
1976,32,,3750.0,
1976,34,58437.0,636970.0,10900.1
1976,35,165966.0,3132231.0,18872.7
1976,36,3798.0,102935.0,27102.4
1976,39,200.0,1651.0,8255.0
1976,50,14644.0,143822.0,9821.2
1976,53,3798.0,102935.0,27102.4
1976,54,501.0,9000.0,17964.1
1976,61,1515.0,9119.0,6019.1
1976,68,810.0,8880.0,10963.0
1976,76,26180.0,518606.0,19809.2
1976,96,90.0,700.0,7777.8
1976,97,200.0,1651.0,8255.0
1976,116,,9000.0,
1976,120,1600.0,10145.0,6340.6
1976,140,1000.0,1500.0,1500.0
1976,142,246009.0,4185131.0,17012.1
1976,144,4293.0,63148.0,14709.5
1976,150,200.0,1651.0,8255.0
1976,156,8400.0,78000.0,9285.7
1976,158,9706.0,278830.0,28727.6
1976,159,18106.0,356830.0,19707.8
1976,170,2235.0,104540.0,46774.0
1976,178,1200.0,4900.0,4083.3
1976,180,6300.0,167400.0,26571.4
1976,184,1295.0,3040.0,2347.5
1976,188,450.0,8600.0,19111.1
1976,192,417.0,21416.0,51357.3
1976,199,60479.0,505137.0,8352.3
1976,204,335.0,3000.0,8955.2
1976,214,1250.0,19000.0,15200.0
1976,218,7530.0,130106.0,17278.4
1976,222,1608.0,23000.0,14303.5
1976,230,15.0,80.0,5333.3
1976,242,111.0,1100.0,9909.9
1976,254,8.0,80.0,10000.0
1976,258,50.0,1079.0,21580.0
1976,266,0.0,0.0,
1976,288,3000.0,25300.0,8433.3
1976,312,0.0,180.0,
1976,320,1700.0,22000.0,12941.2
1976,324,14300.0,15000.0,1049.0
1976,328,200.0,1814.0,9070.0
1976,332,,1600.0,
1976,340,3000.0,31000.0,10333.3
1976,356,39500.0,430000.0,10886.1
1976,360,22400.0,112670.0,5029.9
1976,384,6000.0,267491.0,44581.8
1976,388,372.0,3674.0,9876.3
1976,392,3500.0,59100.0,16885.7
1976,404,2200.0,100000.0,45454.5
1976,410,0.0,0.0,
1976,418,2000.0,26000.0,13000.0
1976,430,1150.0,7000.0,6087.0
1976,432,5598.0,88967.0,15892.6
1976,450,7435.0,38535.0,5182.9
1976,458,14000.0,200989.0,14356.4
1976,474,500.0,15663.0,31326.0
1976,480,68.0,687.0,10102.9
1976,484,11593.0,441564.0,38088.8
1976,504,,100.0,
1976,508,1900.0,13000.0,6842.1
1976,558,1700.0,33555.0,19738.2
1976,566,90000.0,600000.0,6666.7
1976,591,,7364.0,
1976,598,390.0,7900.0,20256.4
1976,600,1290.0,34650.0,26860.5
1976,604,3680.0,55300.0,15027.2
1976,608,35200.0,419872.0,11928.2
1976,620,200.0,1651.0,8255.0
1976,624,0.0,0.0,
1976,630,1179.0,38147.0,32355.4
1976,638,0.0,2808.0,
1976,690,8.0,170.0,21250.0
1976,704,15316.0,123400.0,8056.9
1976,710,6500.0,181719.0,27956.8
1976,716,,0.0,
1976,722,6010.0,122730.0,20421.0
1976,736,900.0,4200.0,4666.7
1976,740,,20.0,
1976,748,498.0,17937.0,36018.1
1976,764,76960.0,2239600.0,29100.8
1976,768,,0.0,
1976,780,,2200.0,
1976,800,,0.0,
1976,834,7500.0,45000.0,6000.0
1976,840,19425.0,616882.0,31757.1
1976,862,3009.0,54105.0,17981.1
1976,882,170.0,5000.0,29411.8
1976,901,47535.0,444915.0,9359.7
1976,902,87044.0,1169235.0,13432.7
1977,1,509128.0,8081680.0,15873.6
1977,2,153709.0,1495702.0,9730.7
1977,5,46260.0,936878.0,20252.4
1977,9,4855.0,128117.0,26388.7
1977,11,113835.0,873202.0,7670.8
1977,13,21540.0,638505.0,29642.8
1977,14,19682.0,228837.0,11626.7
1977,15,900.0,4250.0,4722.2
1977,17,13250.0,209746.0,15829.9
1977,18,6042.0,179667.0,29736.3
1977,19,89425.0,2296754.0,25683.6
1977,21,18210.0,625954.0,34374.2
1977,24,3000.0,32000.0,10666.7
1977,28,,26.0,
1977,29,3415.0,95417.0,27940.6
1977,30,19948.0,406193.0,20362.6
1977,32,,3700.0,
1977,34,59423.0,638572.0,10746.2
1977,35,181568.0,3114982.0,17156.0
1977,36,3792.0,111497.0,29403.2
1977,39,200.0,1360.0,6800.0
1977,50,14594.0,143706.0,9846.9
1977,53,3792.0,111497.0,29403.2
1977,54,558.0,9200.0,16487.5
1977,61,505.0,7420.0,14693.1
1977,68,880.0,9720.0,11045.5
1977,76,26220.0,548403.0,20915.4
1977,96,100.0,800.0,8000.0
1977,97,200.0,1360.0,6800.0
1977,116,,8500.0,
1977,120,1700.0,10346.0,6085.9
1977,140,1200.0,2400.0,2000.0
1977,142,260939.0,4159747.0,15941.5
1977,144,4109.0,51966.0,12646.9
1977,150,200.0,1360.0,6800.0
1977,156,7500.0,75000.0,10000.0
1977,158,9448.0,282193.0,29868.0
1977,159,16948.0,357193.0,21075.8
1977,170,2200.0,103440.0,47018.2
1977,178,1250.0,5000.0,4000.0
1977,180,6100.0,160000.0,26229.5
1977,184,285.0,1264.0,4435.1
1977,188,470.0,8800.0,18723.4
1977,192,360.0,17225.0,47847.2
1977,199,60549.0,505241.0,8344.3
1977,204,335.0,3000.0,8955.2
1977,214,1250.0,19000.0,15200.0
1977,218,7651.0,118123.0,15438.9
1977,222,1470.0,21252.0,14457.1
1977,230,15.0,100.0,6666.7
1977,242,168.0,1400.0,8333.3
1977,254,8.0,50.0,6250.0
1977,258,50.0,1056.0,21120.0
1977,266,0.0,0.0,
1977,288,1900.0,6500.0,3421.1
1977,312,0.0,160.0,
1977,320,2200.0,28500.0,12954.5
1977,324,14450.0,15000.0,1038.1
1977,328,210.0,1905.0,9071.4
1977,332,,1700.0,
1977,340,2700.0,28000.0,10370.4
1977,356,40720.0,442900.0,10876.7
1977,360,25178.0,154240.0,6126.0
1977,384,6000.0,241702.0,40283.7
1977,388,391.0,4855.0,12416.9
1977,392,3000.0,49000.0,16333.3
1977,404,2400.0,125000.0,52083.3
1977,410,0.0,0.0,
1977,418,2000.0,28000.0,14000.0
1977,430,1150.0,7000.0,6087.0
1977,432,6222.0,93862.0,15085.5
1977,450,7405.0,40635.0,5487.5
1977,458,13000.0,200215.0,15401.2
1977,474,380.0,11420.0,30052.6
1977,480,38.0,607.0,15973.7
1977,484,12950.0,510003.0,39382.5
1977,504,,50.0,
1977,508,1900.0,13000.0,6842.1
1977,558,1750.0,34512.0,19721.1
1977,566,90000.0,600000.0,6666.7
1977,591,,7438.0,
1977,598,390.0,7800.0,20000.0
1977,600,1600.0,32900.0,20562.5
1977,604,3568.0,50607.0,14183.6
1977,608,36130.0,421827.0,11675.3
1977,620,200.0,1360.0,6800.0
1977,624,0.0,0.0,
1977,630,1034.0,38731.0,37457.4
1977,638,415.0,3330.0,8024.1
1977,690,9.0,165.0,18333.3
1977,704,17000.0,160000.0,9411.8
1977,710,5500.0,158825.0,28877.3
1977,716,,0.0,
1977,722,4735.0,114738.0,24231.9
1977,736,900.0,4200.0,4666.7
1977,740,,24.0,
1977,748,542.0,20842.0,38453.9
1977,764,88160.0,2141400.0,24289.9
1977,768,,0.0,
1977,780,,2300.0,
1977,800,,0.0,
1977,834,7500.0,46000.0,6133.3
1977,840,18210.0,625954.0,34374.2
1977,862,3923.0,68006.0,17335.2
1977,882,170.0,5100.0,30000.0
1977,901,48055.0,467893.0,9736.6
1977,902,87470.0,1161779.0,13282.0
1978,1,527520.0,8411633.0,15945.6
1978,2,160404.0,1624986.0,10130.6
1978,5,46117.0,980024.0,21250.8
1978,9,4854.0,116776.0,24057.7
1978,11,114080.0,943356.0,8269.2
1978,13,23189.0,697544.0,30080.8
1978,14,20874.0,248807.0,11919.5
1978,15,900.0,4250.0,4722.2
1978,17,17850.0,237962.0,13331.2
1978,18,6700.0,190611.0,28449.4
1978,19,90184.0,2386594.0,26463.6
1978,21,17400.0,612350.0,35192.5
1978,24,3000.0,32000.0,10666.7
1978,28,,111.0,
1978,29,3478.0,96676.0,27796.4
1978,30,19971.0,379627.0,19008.9
1978,32,,3000.0,
1978,34,60506.0,688158.0,11373.4
1978,35,191401.0,3213927.0,16791.6
1978,36,3749.0,98632.0,26308.9
1978,39,200.0,1565.0,7825.0
1978,50,14632.0,139627.0,9542.6
1978,53,3749.0,98632.0,26308.9
1978,54,575.0,9300.0,16173.9
1978,61,530.0,8844.0,16686.8
1978,68,640.0,7095.0,11085.9
1978,76,26696.0,574530.0,21521.2
1978,96,90.0,700.0,7777.8
1978,97,200.0,1565.0,7825.0
1978,116,,7200.0,
1978,120,6000.0,49162.0,8193.7
1978,140,1400.0,4200.0,3000.0
1978,142,271878.0,4281712.0,15748.7
1978,144,4014.0,77921.0,19412.3
1978,150,200.0,1565.0,7825.0
1978,156,8000.0,80000.0,10000.0
1978,158,8971.0,249627.0,27826.0
1978,159,16971.0,329627.0,19423.0
1978,170,1900.0,85440.0,44968.4
1978,178,1250.0,5200.0,4160.0
1978,180,6200.0,147400.0,23774.2
1978,184,300.0,2450.0,8166.7
1978,188,470.0,8800.0,18723.4
1978,192,370.0,18097.0,48910.8
1978,199,62112.0,492697.0,7932.4
1978,204,335.0,3000.0,8955.2
1978,214,1300.0,20000.0,15384.6
1978,218,7252.0,125364.0,17286.8
1978,222,1323.0,17388.0,13142.9
1978,230,15.0,100.0,6666.7
1978,242,200.0,1800.0,9000.0
1978,254,10.0,80.0,8000.0
1978,258,60.0,1294.0,21566.7
1978,266,0.0,0.0,
1978,288,2000.0,5700.0,2850.0
1978,312,0.0,160.0,
1978,320,2300.0,30000.0,13043.5
1978,324,14595.0,15500.0,1062.0
1978,328,200.0,1800.0,9000.0
1978,332,,1800.0,
1978,340,2800.0,30000.0,10714.3
1978,356,41860.0,470610.0,11242.5
1978,360,26591.0,151000.0,5678.6
1978,384,6000.0,312156.0,52026.0
1978,388,276.0,3063.0,11097.8
1978,392,3000.0,50000.0,16666.7
1978,404,2500.0,140000.0,56000.0
1978,410,0.0,0.0,
1978,418,2000.0,26000.0,13000.0
1978,430,1150.0,7000.0,6087.0
1978,432,6365.0,93870.0,14747.8
1978,450,8485.0,46670.0,5500.3
1978,458,12500.0,195710.0,15656.8
1978,474,580.0,17450.0,30086.2
1978,480,50.0,542.0,10840.0
1978,484,14496.0,568344.0,39207.0
1978,504,,50.0,
1978,508,1900.0,13000.0,6842.1
1978,558,1800.0,35500.0,19722.2
1978,566,90000.0,600000.0,6666.7
1978,591,,7512.0,
1978,598,375.0,7500.0,20000.0
1978,600,1625.0,33220.0,20443.1
1978,604,3547.0,46616.0,13142.4
1978,608,45300.0,464917.0,10263.1
1978,620,200.0,1565.0,7825.0
1978,624,0.0,0.0,
1978,630,952.0,33595.0,35288.9
1978,638,415.0,3330.0,8024.1
1978,690,9.0,165.0,18333.3
1978,704,23000.0,214100.0,9308.7
1978,710,6000.0,167256.0,27876.0
1978,716,,0.0,
1978,722,4842.0,117357.0,24237.3
1978,736,900.0,4200.0,4666.7
1978,740,,30.0,
1978,748,700.0,23355.0,33364.3
1978,764,81920.0,2154300.0,26297.6
1978,768,,0.0,
1978,780,,2400.0,
1978,800,,0.0,
1978,834,7500.0,45000.0,6000.0
1978,840,17400.0,612350.0,35192.5
1978,862,4247.0,102849.0,24216.9
1978,882,170.0,5100.0,30000.0
1978,901,54030.0,517732.0,9582.3
1978,902,89409.0,1292345.0,14454.3
1979,1,576327.0,9478609.0,16446.6
1979,2,163003.0,1633652.0,10022.2
1979,5,46012.0,1000386.0,21741.8
1979,9,4961.0,123898.0,24974.4
1979,11,118416.0,921800.0,7784.4
1979,13,21552.0,641023.0,29743.1
1979,14,20437.0,271607.0,13290.0
1979,15,900.0,4200.0,4666.7
1979,17,14550.0,203479.0,13984.8
1979,18,8700.0,232566.0,26731.7
1979,19,88756.0,2353243.0,26513.6
1979,21,17810.0,617790.0,34687.8
1979,24,3000.0,35000.0,11666.7
1979,28,,107.0,
1979,29,3382.0,94044.0,27807.2
1979,30,18773.0,375177.0,19984.9
1979,32,,3900.0,
1979,34,62509.0,736775.0,11786.7
1979,35,238125.0,4254267.0,17865.7
1979,36,3909.0,105107.0,26888.5
1979,39,200.0,1597.0,7985.0
1979,50,14779.0,142129.0,9617.0
1979,53,3909.0,105107.0,26888.5
1979,54,665.0,10300.0,15488.7
1979,61,387.0,8491.0,21940.6
1979,68,620.0,6840.0,11032.3
1979,76,26645.0,580301.0,21779.0
1979,96,80.0,700.0,8750.0
1979,97,200.0,1597.0,7985.0
1979,116,,5000.0,
1979,120,3700.0,31879.0,8615.9
1979,140,1600.0,6400.0,4000.0
1979,142,319407.0,5366219.0,16800.6
1979,144,3780.0,94346.0,24959.3
1979,150,200.0,1597.0,7985.0
1979,156,7700.0,77500.0,10064.9
1979,158,8073.0,244777.0,30320.5
1979,159,15773.0,322277.0,20432.2
1979,170,2100.0,104880.0,49942.9
1979,178,1250.0,5200.0,4160.0
1979,180,5000.0,125000.0,25000.0
1979,184,147.0,1812.0,12326.5
1979,188,490.0,9000.0,18367.3
1979,192,340.0,14379.0,42291.2
1979,199,60850.0,483124.0,7939.6
1979,204,325.0,3000.0,9230.8
1979,214,1250.0,18000.0,14400.0
1979,218,7269.0,124975.0,17192.9
1979,222,1582.0,23390.0,14785.1
1979,230,15.0,100.0,6666.7
1979,242,250.0,2000.0,8000.0
1979,254,10.0,80.0,8000.0
1979,258,70.0,1579.0,22557.1
1979,266,0.0,0.0,
1979,288,1200.0,3900.0,3250.0
1979,312,0.0,200.0,
1979,320,2400.0,31000.0,12916.7
1979,324,14741.0,16000.0,1085.4
1979,328,190.0,1796.0,9452.6
1979,332,,1900.0,
1979,340,2629.0,31360.0,11928.5
1979,356,43950.0,500300.0,11383.4
1979,360,40355.0,258712.0,6410.9
1979,384,6000.0,291900.0,48650.0
1979,388,204.0,2422.0,11872.5
1979,392,3000.0,52900.0,17633.3
1979,404,2600.0,160000.0,61538.5
1979,410,0.0,0.0,
1979,418,2000.0,30000.0,15000.0
1979,430,1150.0,7000.0,6087.0
1979,432,7325.0,107329.0,14652.4
1979,450,7940.0,48395.0,6095.1
1979,458,12500.0,200770.0,16061.6
1979,474,500.0,15000.0,30000.0
1979,480,35.0,452.0,12914.3
1979,484,12751.0,505686.0,39658.5
1979,504,,0.0,
1979,508,1900.0,13000.0,6842.1
1979,558,1700.0,33000.0,19411.8
1979,566,95000.0,600000.0,6315.8
1979,591,,7587.0,
1979,598,415.0,8300.0,20000.0
1979,600,1905.0,34220.0,17963.3
1979,604,3569.0,45734.0,12814.2
1979,608,54550.0,604585.0,11083.1
1979,620,200.0,1597.0,7985.0
1979,624,0.0,0.0,
1979,630,1088.0,39536.0,36338.2
1979,638,438.0,3500.0,7990.9
1979,690,9.0,160.0,17777.8
1979,704,28000.0,265300.0,9475.0
1979,710,7500.0,202697.0,27026.3
1979,716,,0.0,
1979,722,4668.0,115283.0,24696.4
1979,736,900.0,4200.0,4666.7
1979,740,,40.0,
1979,748,1200.0,29869.0,24890.8
1979,764,100640.0,2889200.0,28708.3
1979,768,,0.0,
1979,780,,2500.0,
1979,800,,0.0,
1979,834,7500.0,46000.0,6133.3
1979,840,17810.0,617790.0,34687.8
1979,862,3704.0,97620.0,26355.3
1979,882,170.0,5100.0,30000.0
1979,901,50321.0,501074.0,9957.6
1979,902,87913.0,1300303.0,14790.8
1980,1,599976.0,10830861.0,18052.2
1980,2,164033.0,1687554.0,10287.9
1980,5,45598.0,1008414.0,22115.3
1980,9,5128.0,143375.0,27959.2
1980,11,119493.0,926894.0,7756.9
1980,13,24011.0,752293.0,31331.2
1980,14,20383.0,297628.0,14601.8
1980,15,950.0,4500.0,4736.8
1980,17,14750.0,209100.0,14176.3
1980,18,8457.0,249432.0,29494.1
1980,19,90585.0,2456262.0,27115.5
1980,21,17400.0,596020.0,34254.0
1980,24,3000.0,36000.0,12000.0
1980,28,,96.0,
1980,29,3576.0,99535.0,27834.2
1980,30,18052.0,360204.0,19953.7
1980,32,,3400.0,
1980,34,63623.0,747996.0,11756.7
1980,35,258355.0,5433865.0,21032.6
1980,36,4095.0,123265.0,30101.3
1980,39,200.0,1605.0,8025.0
1980,50,14433.0,153365.0,10626.0
1980,53,4095.0,123265.0,30101.3
1980,54,663.0,11700.0,17647.1
1980,61,370.0,8410.0,22729.7
1980,68,710.0,7860.0,11070.4
1980,76,25185.0,565829.0,22466.9
1980,96,76.0,610.0,8026.3
1980,97,200.0,1605.0,8025.0
1980,116,,5600.0,
1980,120,3800.0,34000.0,8947.4
1980,140,1600.0,6600.0,4125.0
1980,142,340030.0,6542065.0,19239.7
1980,144,3590.0,45651.0,12716.2
1980,150,200.0,1605.0,8025.0
1980,156,7500.0,75200.0,10026.7
1980,158,7352.0,228804.0,31121.3
1980,159,14852.0,304004.0,20468.9
1980,170,2650.0,126960.0,47909.4
1980,178,1250.0,5000.0,4000.0
1980,180,5100.0,127500.0,25000.0
1980,184,150.0,1950.0,13000.0
1980,188,500.0,9500.0,19000.0
1980,192,360.0,17832.0,49533.3
1980,199,61286.0,507835.0,8286.3
1980,204,325.0,3000.0,9230.8
1980,214,1300.0,20000.0,15384.6
1980,218,7967.0,135023.0,16947.8
1980,222,1294.0,17870.0,13809.9
1980,230,20.0,200.0,10000.0
1980,242,233.0,3000.0,12875.5
1980,254,10.0,80.0,8000.0
1980,258,60.0,1160.0,19333.3
1980,266,0.0,0.0,
1980,288,2100.0,6600.0,3142.9
1980,312,0.0,225.0,
1980,320,2500.0,32326.0,12930.4
1980,324,14888.0,16500.0,1108.3
1980,328,200.0,1860.0,9300.0
1980,332,,2000.0,
1980,340,3163.0,30230.0,9557.4
1980,356,45600.0,548980.0,12039.0
1980,360,20816.0,180543.0,8673.3
1980,384,6000.0,293744.0,48957.3
1980,388,304.0,3898.0,12822.4
1980,392,3200.0,56200.0,17562.5
1980,404,2600.0,180000.0,69230.8
1980,410,0.0,0.0,
1980,418,2500.0,32000.0,12800.0
1980,430,1150.0,7000.0,6087.0
1980,432,6737.0,106357.0,15787.0
1980,450,7890.0,53520.0,6783.3
1980,458,12102.0,185273.0,15309.3
1980,474,600.0,18257.0,30428.3
1980,480,27.0,258.0,9555.6
1980,484,14754.0,622729.0,42207.5
1980,504,,0.0,
1980,508,1900.0,13000.0,6842.1
1980,558,1800.0,34000.0,18888.9
1980,566,95000.0,600000.0,6315.8
1980,591,,5638.0,
1980,598,430.0,8700.0,20232.6
1980,600,1270.0,32344.0,25467.7
1980,604,4078.0,57605.0,14125.8
1980,608,62670.0,1004800.0,16033.2
1980,620,200.0,1605.0,8025.0
1980,624,30.0,50.0,1666.7
1980,630,1012.0,34627.0,34216.4
1980,638,438.0,3500.0,7990.9
1980,690,8.0,150.0,18750.0
1980,704,32191.0,336639.0,10457.6
1980,710,7800.0,221879.0,28446.0
1980,716,,0.0,
1980,722,4874.0,122013.0,25033.4
1980,736,950.0,4500.0,4736.8
1980,740,,50.0,
1980,748,657.0,27553.0,41937.6
1980,764,128000.0,3688400.0,28815.6
1980,768,,0.0,
1980,780,,2600.0,
1980,800,,0.0,
1980,834,7500.0,47000.0,6266.7
1980,840,17400.0,596020.0,34254.0
1980,862,3528.0,77403.0,21939.6
1980,882,160.0,5300.0,33125.0
1980,901,50803.0,533870.0,10508.6
1980,902,88347.0,1287875.0,14577.5
1981,1,557140.0,9017448.0,16185.2
1981,2,164875.0,1707588.0,10356.9
1981,5,47785.0,1048915.0,21950.7
1981,9,5194.0,144107.0,27744.9
1981,11,119641.0,932415.0,7793.4
1981,13,20006.0,611167.0,30549.2
1981,14,20879.0,302106.0,14469.4
1981,15,950.0,4500.0,4736.8
1981,17,14950.0,212500.0,14214.0
1981,18,8455.0,256067.0,30285.9
1981,19,88409.0,2345785.0,26533.3
1981,21,16590.0,576970.0,34778.2
1981,24,3000.0,35000.0,11666.7
1981,28,,131.0,
1981,29,4028.0,108733.0,26994.3
1981,30,18533.0,330139.0,17813.6
1981,32,,3100.0,
1981,34,66715.0,790959.0,11855.8
1981,35,213214.0,3697336.0,17341.0
1981,36,4092.0,123259.0,30121.9
1981,39,200.0,1534.0,7670.0
1981,50,14645.0,155822.0,10639.9
1981,53,4092.0,123259.0,30121.9
1981,54,732.0,12400.0,16939.9
1981,61,370.0,8448.0,22832.4
1981,68,810.0,8680.0,10716.0
1981,76,27014.0,619400.0,22928.9
1981,96,106.0,850.0,8018.9
1981,97,200.0,1534.0,7670.0
1981,116,,5000.0,
1981,120,3800.0,33000.0,8684.2
1981,140,1600.0,6900.0,4312.5
1981,142,298462.0,4818434.0,16144.2
1981,144,3930.0,41907.0,10663.4
1981,150,200.0,1534.0,7670.0
1981,156,8700.0,91000.0,10459.8
1981,158,6493.0,181039.0,27882.2
1981,159,15193.0,272039.0,17905.5
1981,170,2920.0,124100.0,42500.0
1981,178,1250.0,5100.0,4080.0
1981,180,5300.0,132500.0,25000.0
1981,184,150.0,2000.0,13333.3
1981,188,550.0,11000.0,20000.0
1981,192,350.0,14619.0,41768.6
1981,199,62311.0,508647.0,8163.0
1981,204,325.0,3000.0,9230.8
1981,214,1500.0,25000.0,16666.7
1981,218,7836.0,140194.0,17891.0
1981,222,1120.0,15824.0,14128.6
1981,230,20.0,200.0,10000.0
1981,242,292.0,3500.0,11986.3
1981,254,5.0,50.0,10000.0
1981,258,60.0,1148.0,19133.3
1981,266,0.0,0.0,
1981,288,2100.0,6300.0,3000.0
1981,312,0.0,1530.0,
1981,320,2600.0,34000.0,13076.9
1981,324,15036.0,17000.0,1130.6
1981,328,200.0,1860.0,9300.0
1981,332,,2100.0,
1981,340,4000.0,36400.0,9100.0
1981,356,48140.0,593230.0,12323.0
1981,360,23000.0,182000.0,7913.0
1981,384,6000.0,299065.0,49844.2
1981,388,364.0,4871.0,13381.9
1981,392,3340.0,58100.0,17395.2
1981,404,2600.0,190000.0,73076.9
1981,410,0.0,0.0,
1981,418,2500.0,32000.0,12800.0
1981,430,1150.0,7000.0,6087.0
1981,432,6650.0,93850.0,14112.8
1981,450,8355.0,46575.0,5574.5
1981,458,12000.0,187000.0,15583.3
1981,474,650.0,20069.0,30875.4
1981,480,36.0,476.0,13222.2
1981,484,9836.0,473031.0,48091.8
1981,504,,0.0,
1981,508,1900.0,13000.0,6842.1
1981,558,1900.0,35000.0,18421.1
1981,566,95000.0,600000.0,6315.8
1981,591,,5912.0,
1981,598,440.0,8900.0,20227.3
1981,600,1085.0,16936.0,15609.2
1981,604,4164.0,54967.0,13200.5
1981,608,60568.0,972486.0,16056.1
1981,620,200.0,1534.0,7670.0
1981,624,30.0,50.0,1666.7
1981,630,1164.0,37713.0,32399.5
1981,638,460.0,3700.0,8043.5
1981,690,8.0,155.0,19375.0
1981,704,32000.0,325000.0,10156.3
1981,710,7800.0,226733.0,29068.3
1981,716,,0.0,
1981,722,5404.0,132181.0,24459.8
1981,736,950.0,4500.0,4736.8
1981,740,,59.0,
1981,748,655.0,29334.0,44784.7
1981,764,83040.0,1993000.0,24000.5
1981,768,,0.0,
1981,780,,2700.0,
1981,800,,0.0,
1981,834,7500.0,48000.0,6400.0
1981,840,16590.0,576970.0,34778.2
1981,862,3751.0,79569.0,21212.7
1981,882,160.0,5300.0,33125.0
1981,901,51716.0,543925.0,10517.5
1981,902,90941.0,1308810.0,14391.9
1982,1,597235.0,8717646.0,14596.7
1982,2,165138.0,1678389.0,10163.6
1982,5,47621.0,1109572.0,23300.1
1982,9,5132.0,145353.0,28322.9
1982,11,118692.0,858311.0,7231.4
1982,13,19928.0,581389.0,29174.5
1982,14,20926.0,317513.0,15173.1
1982,15,950.0,4500.0,4736.8
1982,17,15150.0,213700.0,14105.6
1982,18,9420.0,284365.0,30187.4
1982,19,85792.0,2408719.0,28076.3
1982,21,14570.0,607810.0,41716.5
1982,24,3000.0,35000.0,11666.7
1982,28,,185.0,
1982,29,3673.0,109948.0,29934.1
1982,30,18780.0,330400.0,17593.2
1982,32,,3700.0,
1982,34,102339.0,839584.0,8203.9
1982,35,219874.0,3313805.0,15071.4
1982,36,4063.0,125528.0,30895.4
1982,39,180.0,1396.0,7755.6
1982,50,14759.0,156257.0,10587.2
1982,53,4063.0,125528.0,30895.4
1982,54,679.0,11500.0,16936.7
1982,61,390.0,8325.0,21346.2
1982,68,910.0,10470.0,11505.5
1982,76,26513.0,668312.0,25207.0
1982,96,85.0,695.0,8176.5
1982,97,180.0,1396.0,7755.6
1982,116,,6000.0,
1982,120,3800.0,31000.0,8157.9
1982,140,1700.0,7400.0,4352.9
1982,142,340993.0,4483789.0,13149.2
1982,144,4090.0,40227.0,9835.5
1982,150,180.0,1396.0,7755.6
1982,156,11000.0,134000.0,12181.8
1982,158,4910.0,144900.0,29511.2
1982,159,15910.0,278900.0,17529.9
1982,170,3100.0,139500.0,45000.0
1982,178,1250.0,5300.0,4240.0
1982,180,5400.0,135000.0,25000.0
1982,184,160.0,2100.0,13125.0
1982,188,530.0,9600.0,18113.2
1982,192,350.0,15718.0,44908.6
1982,199,62826.0,518682.0,8255.8
1982,204,325.0,3000.0,9230.8
1982,214,1100.0,20011.0,18191.8
1982,218,7665.0,136751.0,17841.0
1982,222,1120.0,15824.0,14128.6
1982,230,20.0,200.0,10000.0
1982,242,304.0,4000.0,13157.9
1982,254,10.0,70.0,7000.0
1982,258,70.0,1225.0,17500.0
1982,266,0.0,0.0,
1982,288,2500.0,6900.0,2760.0
1982,312,0.0,1530.0,
1982,320,2650.0,34500.0,13018.9
1982,324,15187.0,17500.0,1152.3
1982,328,215.0,1900.0,8837.2
1982,332,,2200.0,
1982,340,3800.0,34980.0,9205.3
1982,356,83490.0,643100.0,7702.7
1982,360,43668.0,306000.0,7007.4
1982,384,4500.0,223861.0,49746.9
1982,388,590.0,8194.0,13888.1
1982,392,2870.0,51500.0,17944.3
1982,404,2600.0,202355.0,77828.8
1982,410,0.0,0.0,
1982,418,2500.0,34000.0,13600.0
1982,430,1150.0,7000.0,6087.0
1982,432,7145.0,111444.0,15597.5
1982,450,8405.0,48575.0,5779.3
1982,458,12000.0,188331.0,15694.3
1982,474,680.0,24010.0,35308.8
1982,480,33.0,535.0,16212.1
1982,484,9828.0,444286.0,45206.1
1982,504,,0.0,
1982,508,1900.0,13000.0,6842.1
1982,558,2000.0,36000.0,18000.0
1982,566,95000.0,600000.0,6315.8
1982,591,,6199.0,
1982,598,375.0,7500.0,20000.0
1982,600,1415.0,24424.0,17260.8
1982,604,4368.0,62011.0,14196.7
1982,608,59181.0,1009779.0,17062.6
1982,620,180.0,1396.0,7755.6
1982,624,30.0,50.0,1666.7
1982,630,953.0,35300.0,37040.9
1982,638,460.0,3700.0,8043.5
1982,690,8.0,148.0,18500.0
1982,704,33000.0,330000.0,10000.0
1982,710,8800.0,249215.0,28319.9
1982,716,,0.0,
1982,722,5028.0,132689.0,26390.0
1982,736,950.0,4500.0,4736.8
1982,740,,283.0,
1982,748,620.0,35150.0,56693.5
1982,764,69440.0,1439000.0,20722.9
1982,768,,0.0,
1982,780,,2800.0,
1982,800,,0.0,
1982,834,7500.0,49000.0,6533.3
1982,840,14570.0,607810.0,41716.5
1982,862,3425.0,62151.0,18146.3
1982,882,160.0,5000.0,31250.0
1982,901,52217.0,562080.0,10764.3
1982,902,89582.0,1247684.0,13927.8
1983,1,601198.0,8702268.0,14474.9
1983,2,163057.0,1642235.0,10071.5
1983,5,48595.0,1185223.0,24389.8
1983,9,4833.0,132664.0,27449.6
1983,11,117437.0,916403.0,7803.4
1983,13,19268.0,583877.0,30302.9
1983,14,21072.0,254605.0,12082.6
1983,15,950.0,4500.0,4736.8
1983,17,15350.0,219800.0,14319.2
1983,18,8248.0,246927.0,29937.8
1983,19,86102.0,2541441.0,29516.6
1983,21,14160.0,655000.0,46257.1
1983,24,3000.0,36000.0,12000.0
1983,28,,181.0,
1983,29,4079.0,117341.0,28767.1
1983,30,17312.0,284494.0,16433.3
1983,32,,3300.0,
1983,34,104665.0,900515.0,8603.8
1983,35,225049.0,3199496.0,14216.9
1983,36,3673.0,111281.0,30297.0
1983,39,180.0,1423.0,7905.6
1983,50,13765.0,136613.0,9924.7
1983,53,3673.0,111281.0,30297.0
1983,54,760.0,12500.0,16447.4
1983,61,400.0,8883.0,22207.5
1983,68,770.0,7880.0,10233.8
1983,76,30638.0,831443.0,27137.6
1983,96,90.0,780.0,8666.7
1983,97,180.0,1423.0,7905.6
1983,116,,7000.0,
1983,120,3800.0,31000.0,8157.9
1983,140,1700.0,7600.0,4470.6
1983,142,347026.0,4384505.0,12634.5
1983,144,3700.0,92082.0,24887.0
1983,150,180.0,1423.0,7905.6
1983,156,11000.0,125000.0,11363.6
1983,158,3842.0,115194.0,29982.8
1983,159,14842.0,240194.0,16183.4
1983,170,2530.0,106400.0,42055.3
1983,178,1250.0,5200.0,4160.0
1983,180,5600.0,140000.0,25000.0
1983,184,150.0,2000.0,13333.3
1983,188,625.0,16254.0,26006.4
1983,192,330.0,13350.0,40454.5
1983,199,62617.0,507748.0,8108.8
1983,204,320.0,3000.0,9375.0
1983,214,1500.0,27849.0,18566.0
1983,218,5783.0,92288.0,15958.5
1983,222,1120.0,18400.0,16428.6
1983,230,20.0,200.0,10000.0
1983,242,345.0,4200.0,12173.9
1983,254,15.0,70.0,4666.7
1983,258,90.0,1883.0,20922.2
1983,266,0.0,0.0,
1983,288,1900.0,5500.0,2894.7
1983,312,0.0,2050.0,
1983,320,2700.0,36100.0,13370.4
1983,324,15337.0,18000.0,1173.6
1983,328,230.0,2268.0,9860.9
1983,332,,2300.0,
1983,340,3700.0,40000.0,10810.8
1983,356,87200.0,671820.0,7704.4
1983,360,49025.0,322954.0,6587.5
1983,384,3700.0,182853.0,49419.7
1983,388,476.0,6325.0,13287.8
1983,392,2470.0,44300.0,17935.2
1983,404,2300.0,136560.0,59373.9
1983,410,0.0,0.0,
1983,418,2500.0,32000.0,12800.0
1983,430,1150.0,7000.0,6087.0
1983,432,7208.0,109810.0,15234.5
1983,450,8545.0,50485.0,5908.1
1983,458,11500.0,183400.0,15947.8
1983,474,600.0,24010.0,40016.7
1983,480,24.0,425.0,17708.3
1983,484,9023.0,429624.0,47614.3
1983,504,,0.0,
1983,508,1900.0,13000.0,6842.1
1983,558,2100.0,37000.0,17619.0
1983,566,95000.0,700000.0,7368.4
1983,591,,6499.0,
1983,598,415.0,8300.0,20000.0
1983,600,1490.0,25003.0,16780.5
1983,604,4447.0,62193.0,13985.4
1983,608,61254.0,966962.0,15786.1
1983,620,180.0,1423.0,7905.6
1983,624,30.0,50.0,1666.7
1983,630,1173.0,38376.0,32716.1
1983,638,475.0,3800.0,8000.0
1983,690,8.0,135.0,16875.0
1983,704,33000.0,345000.0,10454.5
1983,710,7500.0,209600.0,27946.7
1983,716,,0.0,
1983,722,5531.0,141739.0,25626.3
1983,736,950.0,4500.0,4736.8
1983,740,,137.0,
1983,748,748.0,37327.0,49902.4
1983,764,67680.0,1341400.0,19819.7
1983,768,,0.0,
1983,780,,2900.0,
1983,800,,0.0,
1983,834,7800.0,50000.0,6410.3
1983,840,14160.0,655000.0,46257.1
1983,862,2692.0,54241.0,20149.0
1983,882,160.0,5000.0,31250.0
1983,901,52802.0,505895.0,9581.0
1983,902,87514.0,1187434.0,13568.5
1984,1,579159.0,9230377.0,15937.6
1984,2,163080.0,1679574.0,10299.1
1984,5,50931.0,1352349.0,26552.6
1984,9,4915.0,138459.0,28170.7
1984,11,118496.0,968643.0,8174.5
1984,13,20566.0,628329.0,30551.8
1984,14,21718.0,286528.0,13193.1
1984,15,950.0,4500.0,4736.8
1984,17,15700.0,222800.0,14191.1
1984,18,6216.0,197103.0,31709.0
1984,19,89720.0,2647551.0,29509.0
1984,21,14160.0,544310.0,38440.0
1984,24,3000.0,35000.0,11666.7
1984,28,,182.0,
1984,29,4063.0,122563.0,30165.6
1984,30,17372.0,291509.0,16780.4
1984,32,,3500.0,
1984,34,71736.0,931798.0,12989.3
1984,35,232156.0,3540060.0,15248.6
1984,36,3623.0,115056.0,31757.1
1984,39,180.0,1426.0,7922.2
1984,50,13306.0,131653.0,9894.3
1984,53,3623.0,115056.0,31757.1
1984,54,862.0,14000.0,16241.3
1984,61,430.0,9403.0,21867.4
1984,68,947.0,8327.0,8793.0
1984,76,32232.0,960347.0,29794.8
1984,96,100.0,800.0,8000.0
1984,97,180.0,1426.0,7922.2
1984,116,,7500.0,
1984,120,3900.0,32000.0,8205.1
1984,140,1800.0,8100.0,4500.0
1984,142,321264.0,4763367.0,14827.0
1984,144,3350.0,44175.0,13186.6
1984,150,180.0,1426.0,7922.2
1984,156,11000.0,132000.0,12000.0
1984,158,4142.0,123609.0,29842.8
1984,159,15142.0,255609.0,16880.8
1984,170,3800.0,152740.0,40194.7
1984,178,1300.0,5200.0,4000.0
1984,180,5700.0,142500.0,25000.0
1984,184,150.0,1700.0,11333.3
1984,188,1000.0,24204.0,24204.0
1984,192,370.0,17300.0,46756.8
1984,199,62652.0,518603.0,8277.5
1984,204,320.0,3000.0,9375.0
1984,214,1500.0,25649.0,17099.3
1984,218,4561.0,65072.0,14267.0
1984,222,1190.0,19550.0,16428.6
1984,230,20.0,200.0,10000.0
1984,242,392.0,4500.0,11479.6
1984,254,15.0,70.0,4666.7
1984,258,120.0,2703.0,22525.0
1984,266,0.0,0.0,
1984,288,2000.0,5300.0,2650.0
1984,312,0.0,2453.0,
1984,320,2800.0,36500.0,13035.7
1984,324,15496.0,30000.0,1936.0
1984,328,350.0,3600.0,10285.7
1984,332,,2400.0,
1984,340,3700.0,50000.0,13513.5
1984,356,55080.0,755970.0,13724.9
1984,360,65430.0,474576.0,7253.2
1984,384,4500.0,223293.0,49620.7
1984,388,569.0,8004.0,14066.8
1984,392,2230.0,35900.0,16098.7
1984,404,2800.0,168063.0,60022.5
1984,410,0.0,0.0,
1984,418,2500.0,33000.0,13200.0
1984,430,1150.0,7000.0,6087.0
1984,432,7503.0,133210.0,17754.2
1984,450,8680.0,50700.0,5841.0
1984,458,11000.0,175500.0,15954.5
1984,474,530.0,24050.0,45377.4
1984,480,34.0,535.0,15735.3
1984,484,9676.0,453260.0,46843.7
1984,504,,0.0,
1984,508,1900.0,13000.0,6842.1
1984,558,2200.0,38000.0,17272.7
1984,566,95000.0,700000.0,7368.4
1984,591,,6815.0,
1984,598,470.0,9500.0,20212.8
1984,600,1540.0,39995.0,25970.8
1984,604,4416.0,62539.0,14161.9
1984,608,59006.0,1035584.0,17550.5
1984,620,180.0,1426.0,7922.2
1984,624,30.0,50.0,1666.7
1984,630,1094.0,39525.0,36128.9
1984,638,475.0,3900.0,8210.5
1984,690,9.0,130.0,14444.4
1984,704,33000.0,350000.0,10606.1
1984,710,5500.0,153315.0,27875.5
1984,716,,0.0,
1984,722,5778.0,150373.0,26025.1
1984,736,950.0,4500.0,4736.8
1984,740,,92.0,
1984,748,716.0,43788.0,61156.4
1984,764,61120.0,1463100.0,23938.2
1984,768,,0.0,
1984,780,,3000.0,
1984,800,,0.0,
1984,834,7800.0,50000.0,6410.3
1984,840,14160.0,544310.0,38440.0
1984,862,3070.0,56067.0,18262.9
1984,882,160.0,5000.0,31250.0
1984,901,54046.0,554713.0,10263.7
1984,902,89027.0,1245748.0,13992.9
1985,1,584298.0,9754383.0,16694.2
1985,2,168059.0,1864541.0,11094.6
1985,5,55584.0,1555774.0,27989.6
1985,9,5073.0,146354.0,28849.6
1985,11,120145.0,1049547.0,8735.7
1985,13,19738.0,512098.0,25944.8
1985,14,21718.0,285571.0,13149.0
1985,15,970.0,4600.0,4742.3
1985,17,15800.0,224200.0,14189.9
1985,18,9426.0,300623.0,31893.0
1985,19,94615.0,2728131.0,28834.0
1985,21,13962.0,512560.0,36711.1
1985,24,3000.0,33000.0,11000.0
1985,28,8.0,93.0,11625.0
1985,29,5331.0,147699.0,27705.7
1985,30,20041.0,377524.0,18837.6
1985,32,200.0,3500.0,17500.0
1985,34,72760.0,940646.0,12928.1
1985,35,223590.0,3695830.0,16529.5
1985,36,3769.0,124501.0,33032.9
1985,39,160.0,1357.0,8481.3
1985,50,13010.0,127790.0,9822.4
1985,53,3769.0,124501.0,33032.9
1985,54,883.0,13000.0,14722.5
1985,61,421.0,8853.0,21028.5
1985,68,811.0,6505.0,8021.0
1985,76,36618.0,1146600.0,31312.5
1985,96,100.0,800.0,8000.0
1985,97,160.0,1357.0,8481.3
1985,116,1000.0,8000.0,8000.0
1985,120,3900.0,32000.0,8205.1
1985,140,1800.0,8400.0,4666.7
1985,142,316391.0,5014000.0,15847.5
1985,144,3570.0,41796.0,11707.6
1985,150,160.0,1357.0,8481.3
1985,156,13000.0,183157.0,14089.0
1985,158,4676.0,149745.0,32024.2
1985,159,17676.0,332902.0,18833.6
1985,170,3800.0,151700.0,39921.1
1985,178,1300.0,5200.0,4000.0
1985,180,5800.0,145600.0,25103.4
1985,184,140.0,1500.0,10714.3
1985,188,2000.0,27257.0,13628.5
1985,192,420.0,20549.0,48926.2
1985,199,64365.0,527880.0,8201.4
1985,204,320.0,3000.0,9375.0
1985,214,2100.0,38642.0,18401.0
1985,218,4015.0,70067.0,17451.3
1985,222,1190.0,20019.0,16822.7
1985,230,20.0,150.0,7500.0
1985,242,383.0,3000.0,7832.9
1985,254,30.0,150.0,5000.0
1985,258,121.0,2353.0,19446.3
1985,266,0.0,0.0,
1985,288,2000.0,5500.0,2750.0
1985,312,210.0,3104.0,14781.0
1985,320,2900.0,37400.0,12896.6
1985,324,15645.0,40000.0,2556.7
1985,328,350.0,3700.0,10571.4
1985,332,220.0,2400.0,10909.1
1985,340,3700.0,55000.0,14864.9
1985,356,56180.0,771060.0,13724.8
1985,360,42818.0,308762.0,7211.0
1985,384,6000.0,293997.0,48999.5
1985,388,517.0,7412.0,14336.6
1985,392,2260.0,41100.0,18185.8
1985,404,2800.0,167000.0,59642.9
1985,410,105.0,3522.0,33542.9
1985,418,3000.0,34000.0,11333.3
1985,430,1150.0,7000.0,6087.0
1985,432,7833.0,144000.0,18383.8
1985,450,8700.0,50890.0,5849.4
1985,458,11000.0,182327.0,16575.2
1985,474,480.0,28810.0,60020.8
1985,480,42.0,790.0,18809.5
1985,484,6898.0,319814.0,46363.3
1985,504,,0.0,
1985,508,1900.0,13000.0,6842.1
1985,558,2300.0,39000.0,16956.5
1985,566,95000.0,700000.0,7368.4
1985,591,750.0,13608.0,18144.0
1985,598,500.0,10000.0,20000.0
1985,600,1585.0,41995.0,26495.3
1985,604,4574.0,65383.0,14294.5
1985,608,58020.0,1029952.0,17751.7
1985,620,160.0,1357.0,8481.3
1985,624,30.0,50.0,1666.7
1985,630,1096.0,43689.0,39862.2
1985,638,435.0,3506.0,8059.8
1985,690,10.0,135.0,13500.0
1985,704,33133.0,363045.0,10957.2
1985,710,8800.0,247623.0,28139.0
1985,716,11.0,100.0,9090.9
1985,722,7082.0,174386.0,24623.8
1985,736,970.0,4600.0,4742.3
1985,740,15.0,159.0,10600.0
1985,748,626.0,53000.0,84664.5
1985,764,74519.0,1768944.0,23738.2
1985,768,,0.0,
1985,780,280.0,3000.0,10714.3
1985,800,,0.0,
1985,834,7800.0,50000.0,6410.3
1985,840,13962.0,512560.0,36711.1
1985,862,3586.0,66015.0,18409.1
1985,882,160.0,5000.0,31250.0
1985,901,54666.0,568390.0,10397.5
1985,902,93938.0,1365576.0,14537.0
1986,1,603878.0,10312925.0,17077.8
1986,2,169348.0,1917184.0,11321.0
1986,5,59309.0,1719142.0,28986.2
1986,9,4950.0,152025.0,30712.1
1986,11,120565.0,1040003.0,8626.1
1986,13,24713.0,559025.0,22620.7
1986,14,23236.0,361201.0,15544.9
1986,15,980.0,4650.0,4744.9
1986,17,15090.0,211674.0,14027.4
1986,18,9477.0,299656.0,31619.3
1986,19,104111.0,3020081.0,29008.3
1986,21,14569.0,586040.0,40225.1
1986,24,3000.0,34000.0,11333.3
1986,28,8.0,100.0,12500.0
1986,29,5520.0,155874.0,28238.0
1986,30,22611.0,548422.0,24254.7
1986,32,200.0,3600.0,18000.0
1986,34,63883.0,779190.0,12197.1
1986,35,238815.0,3894699.0,16308.4
1986,36,3697.0,129772.0,35102.0
1986,39,160.0,1324.0,8275.0
1986,50,13075.0,132990.0,10171.3
1986,53,3697.0,129772.0,35102.0
1986,54,863.0,13700.0,15874.9
1986,61,390.0,8553.0,21930.8
1986,68,810.0,7271.0,8976.5
1986,76,38611.0,1240820.0,32136.4
1986,96,100.0,800.0,8000.0
1986,97,160.0,1324.0,8275.0
1986,116,1000.0,9000.0,9000.0
1986,120,3900.0,33000.0,8461.5
1986,140,1900.0,8900.0,4684.2
1986,142,325309.0,5222311.0,16053.4
1986,144,3808.0,39200.0,10294.1
1986,150,160.0,1324.0,8275.0
1986,156,15000.0,350000.0,23333.3
1986,158,5334.0,157941.0,29610.2
1986,159,20334.0,507941.0,24979.9
1986,170,5300.0,216000.0,40754.7
1986,178,1300.0,5100.0,3923.1
1986,180,4900.0,130100.0,26551.0
1986,184,120.0,1250.0,10416.7
1986,188,5500.0,71307.0,12964.9
1986,192,430.0,21705.0,50476.7
1986,199,64570.0,543695.0,8420.2
1986,204,320.0,3000.0,9375.0
1986,214,2200.0,42437.0,19289.5
1986,218,3583.0,65495.0,18279.4
1986,222,1190.0,16422.0,13800.0
1986,230,20.0,150.0,7500.0
1986,242,333.0,3200.0,9609.6
1986,254,57.0,215.0,3771.9
1986,258,110.0,2303.0,20936.4
1986,266,90.0,574.0,6377.8
1986,288,2000.0,6000.0,3000.0
1986,312,210.0,3965.0,18881.0
1986,320,3350.0,43640.0,13026.9
1986,324,16000.0,50000.0,3125.0
1986,328,500.0,5300.0,10600.0
1986,332,220.0,2400.0,10909.1
1986,340,3800.0,56000.0,14736.8
1986,356,47000.0,607000.0,12914.9
1986,360,59000.0,386000.0,6542.4
1986,384,6000.0,273453.0,45575.5
1986,388,486.0,7066.0,14539.1
1986,392,2160.0,36800.0,17037.0
1986,404,3800.0,231000.0,60789.5
1986,410,117.0,3681.0,31461.5
1986,418,3000.0,36000.0,12000.0
1986,430,1150.0,7000.0,6087.0
1986,432,8283.0,154167.0,18612.5
1986,450,8710.0,50655.0,5815.7
1986,458,10300.0,174000.0,16893.2
1986,474,525.0,30010.0,57161.9
1986,480,57.0,980.0,17193.0
1986,484,7793.0,318368.0,40853.1
1986,504,,0.0,
1986,508,1900.0,13500.0,7105.3
1986,558,2300.0,39000.0,16956.5
1986,566,95000.0,700000.0,7368.4
1986,591,780.0,14288.0,18317.9
1986,598,530.0,10500.0,19811.3
1986,600,1785.0,44096.0,24703.6
1986,604,4616.0,67523.0,14628.0
1986,608,60886.0,1273176.0,20910.8
1986,620,160.0,1324.0,8275.0
1986,624,30.0,50.0,1666.7
1986,630,1161.0,45091.0,38838.1
1986,638,430.0,3876.0,9014.0
1986,690,8.0,140.0,17500.0
1986,704,34000.0,380000.0,11176.5
1986,710,8800.0,242656.0,27574.5
1986,716,11.0,100.0,9090.9
1986,722,7373.0,184639.0,25042.6
1986,736,980.0,4650.0,4744.9
1986,740,5.0,42.0,8400.0
1986,748,677.0,57000.0,84195.0
1986,764,70529.0,1635723.0,23192.2
1986,768,65.0,500.0,7692.3
1986,780,280.0,3100.0,11071.4
1986,800,100.0,800.0,8000.0
1986,834,8200.0,60000.0,7317.1
1986,840,14569.0,586040.0,40225.1
1986,862,3842.0,68780.0,17902.1
1986,882,160.0,5000.0,31250.0
1986,901,55806.0,639905.0,11466.6
1986,902,96014.0,1434035.0,14935.7
1987,1,593988.0,10553629.0,17767.4
1987,2,169250.0,1828431.0,10803.1
1987,5,65451.0,1912827.0,29225.3
1987,9,5290.0,165705.0,31324.2
1987,11,119765.0,995728.0,8314.0
1987,13,25263.0,648755.0,25680.0
1987,14,23118.0,345610.0,14949.8
1987,15,1000.0,4700.0,4700.0
1987,17,15470.0,213929.0,13828.6
1987,18,9897.0,268464.0,27125.8
1987,19,112557.0,3374465.0,29980.1
1987,21,14609.0,627800.0,42973.5
1987,24,3000.0,35000.0,11666.7
1987,28,8.0,105.0,13125.0
1987,29,7234.0,185083.0,25585.2
1987,30,25887.0,649125.0,25075.3
1987,32,200.0,3600.0,18000.0
1987,34,63101.0,761620.0,12069.9
1987,35,217743.0,3772935.0,17327.5
1987,36,3762.0,142339.0,37836.0
1987,39,160.0,1348.0,8425.0
1987,50,13674.0,145455.0,10637.3
1987,53,3762.0,142339.0,37836.0
1987,54,1148.0,15150.0,13196.9
1987,61,380.0,8216.0,21621.1
1987,68,840.0,7540.0,8976.2
1987,76,44376.0,1424260.0,32095.3
1987,96,90.0,780.0,8666.7
1987,97,160.0,1348.0,8425.0
1987,116,1000.0,9500.0,9500.0
1987,120,4000.0,34000.0,8500.0
1987,140,2000.0,9400.0,4700.0
1987,142,306731.0,5183680.0,16899.8
1987,144,3766.0,38130.0,10124.8
1987,150,160.0,1348.0,8425.0
1987,156,18000.0,412000.0,22888.9
1987,158,5703.0,193337.0,33900.9
1987,159,23703.0,605337.0,25538.4
1987,170,5500.0,228000.0,41454.5
1987,178,1300.0,5100.0,3923.1
1987,180,5100.0,130000.0,25490.2
1987,184,100.0,900.0,9000.0
1987,188,6000.0,89100.0,14850.0
1987,192,430.0,23154.0,53846.5
1987,199,65744.0,559755.0,8514.2
1987,204,320.0,3000.0,9375.0
1987,214,3800.0,72015.0,18951.3
1987,218,3334.0,53819.0,16142.5
1987,222,1190.0,15249.0,12814.3
1987,230,20.0,150.0,7500.0
1987,242,618.0,4650.0,7524.3
1987,254,130.0,645.0,4961.5
1987,258,120.0,2316.0,19300.0
1987,266,70.0,429.0,6128.6
1987,288,2200.0,8000.0,3636.4
1987,312,210.0,3684.0,17542.9
1987,320,2240.0,65770.0,29361.6
1987,324,16000.0,50000.0,3125.0
1987,328,520.0,7900.0,15192.3
1987,332,220.0,2400.0,10909.1
1987,340,4000.0,57000.0,14250.0
1987,356,45661.0,578035.0,12659.3
1987,360,44348.0,347828.0,7843.1
1987,384,5000.0,227178.0,45435.6
1987,388,508.0,7375.0,14517.7
1987,392,1990.0,38900.0,19547.7
1987,404,3450.0,210000.0,60869.6
1987,410,194.0,4888.0,25195.9
1987,418,3000.0,32000.0,10666.7
1987,430,1150.0,7000.0,6087.0
1987,432,8883.0,151019.0,17000.9
1987,450,8665.0,50800.0,5862.7
1987,458,7900.0,178473.0,22591.5
1987,474,400.0,17860.0,44650.0
1987,480,63.0,1015.0,16111.1
1987,484,8553.0,366240.0,42820.1
1987,504,,0.0,
1987,508,1900.0,14000.0,7368.4
1987,558,2500.0,40000.0,16000.0
1987,566,95000.0,700000.0,7368.4
1987,591,780.0,15396.0,19738.5
1987,598,530.0,10500.0,19811.3
1987,600,1835.0,46179.0,25165.7
1987,604,4873.0,73480.0,15079.0
1987,608,63141.0,1303389.0,20642.5
1987,620,160.0,1348.0,8425.0
1987,624,30.0,50.0,1666.7
1987,630,1378.0,55290.0,40123.4
1987,638,400.0,3600.0,9000.0
1987,690,9.0,145.0,16111.1
1987,704,35000.0,391000.0,11171.4
1987,710,8800.0,213464.0,24257.3
1987,716,11.0,100.0,9090.9
1987,722,9439.0,218394.0,23137.4
1987,736,1000.0,4700.0,4700.0
1987,740,55.0,835.0,15181.8
1987,748,1097.0,55000.0,50136.7
1987,764,63264.0,1509965.0,23867.7
1987,768,65.0,500.0,7692.3
1987,780,280.0,3200.0,11428.6
1987,800,100.0,800.0,8000.0
1987,834,8500.0,65000.0,7647.1
1987,840,14609.0,627800.0,42973.5
1987,862,3788.0,66569.0,17573.7
1987,882,160.0,5000.0,31250.0
1987,901,56331.0,627000.0,11130.6
1987,902,98227.0,1414654.0,14401.9
1988,1,610161.0,11149832.0,18273.6
1988,2,166902.0,1810220.0,10846.0
1988,5,67195.0,2021159.0,30079.0
1988,9,5403.0,173684.0,32145.8
1988,11,119310.0,971453.0,8142.3
1988,13,26626.0,699246.0,26261.8
1988,14,23315.0,328915.0,14107.4
1988,15,980.0,4600.0,4693.9
1988,17,15500.0,220523.0,14227.3
1988,18,7797.0,284729.0,36517.8
1988,19,113715.0,3489815.0,30689.1
1988,21,14000.0,597830.0,42702.1
1988,24,3000.0,35000.0,11666.7
1988,28,11.0,126.0,11454.5
1988,29,5894.0,171580.0,29111.0
1988,30,28325.0,756682.0,26714.3
1988,32,200.0,3600.0,18000.0
1988,34,68646.0,996998.0,14523.8
1988,35,227000.0,3921089.0,17273.5
1988,36,3766.0,146500.0,38900.7
1988,39,170.0,1344.0,7905.9
1988,50,13155.0,146000.0,11098.4
1988,53,3766.0,146500.0,38900.7
1988,54,1227.0,17830.0,14531.4
1988,61,410.0,9354.0,22814.6
1988,68,860.0,7733.0,8991.9
1988,76,45390.0,1512320.0,33318.4
1988,96,90.0,800.0,8888.9
1988,97,170.0,1344.0,7905.9
1988,116,1150.0,10000.0,8695.7
1988,120,4000.0,34000.0,8500.0
1988,140,2000.0,9800.0,4900.0
1988,142,323971.0,5674769.0,17516.3
1988,144,3942.0,35611.0,9033.7
1988,150,170.0,1344.0,7905.9
1988,156,20000.0,485151.0,24257.5
1988,158,6220.0,228127.0,36676.4
1988,159,26220.0,713278.0,27203.6
1988,170,6000.0,250000.0,41666.7
1988,178,1300.0,5200.0,4000.0
1988,180,5100.0,135900.0,26647.1
1988,184,100.0,700.0,7000.0
1988,188,7040.0,120000.0,17045.5
1988,192,420.0,21791.0,51883.3
1988,199,65225.0,569535.0,8731.9
1988,204,500.0,12000.0,24000.0
1988,214,2300.0,44035.0,19145.7
1988,218,2570.0,55698.0,21672.4
1988,222,1190.0,14310.0,12025.2
1988,230,20.0,200.0,10000.0
1988,242,687.0,7030.0,10232.9
1988,254,230.0,1150.0,5000.0
1988,258,150.0,3654.0,24360.0
1988,266,100.0,623.0,6230.0
1988,288,2400.0,9000.0,3750.0
1988,312,220.0,3693.0,16786.4
1988,320,2240.0,65770.0,29361.6
1988,324,15645.0,46935.0,3000.0
1988,328,550.0,9900.0,18000.0
1988,332,220.0,2300.0,10454.5
1988,340,4000.0,58000.0,14500.0
1988,356,51549.0,815387.0,15817.7
1988,360,49374.0,357681.0,7244.3
1988,384,4500.0,195918.0,43537.3
1988,388,589.0,9385.0,15933.8
1988,392,1840.0,35500.0,19293.5
1988,404,3500.0,191300.0,54657.1
1988,410,265.0,7904.0,29826.4
1988,418,3000.0,28000.0,9333.3
1988,430,1150.0,7000.0,6087.0
1988,432,9088.0,132879.0,14621.4
1988,450,8500.0,50100.0,5894.1
1988,458,7800.0,194512.0,24937.4
1988,474,450.0,17210.0,38244.4
1988,480,85.0,1465.0,17235.3
1988,484,8876.0,385866.0,43473.0
1988,504,,0.0,
1988,508,2100.0,14500.0,6904.8
1988,558,2500.0,40000.0,16000.0
1988,566,95000.0,700000.0,7368.4
1988,591,780.0,15300.0,19615.4
1988,598,540.0,10800.0,20000.0
1988,600,2030.0,26646.0,13126.1
1988,604,5403.0,81740.0,15128.6
1988,608,60542.0,1181165.0,19509.8
1988,620,170.0,1344.0,7905.9
1988,624,50.0,100.0,2000.0
1988,630,1404.0,69740.0,49672.4
1988,638,500.0,4500.0,9000.0
1988,690,9.0,150.0,16666.7
1988,704,34000.0,378000.0,11117.6
1988,710,6700.0,224729.0,33541.6
1988,716,11.0,100.0,9090.9
1988,722,8275.0,211123.0,25513.4
1988,736,980.0,4600.0,4693.9
1988,740,50.0,744.0,14880.0
1988,748,1097.0,60000.0,54694.6
1988,764,71044.0,1770931.0,24927.2
1988,768,65.0,500.0,7692.3
1988,780,280.0,3300.0,11785.7
1988,800,90.0,600.0,6666.7
1988,834,8500.0,66000.0,7764.7
1988,840,14000.0,597830.0,42702.1
1988,862,3912.0,71628.0,18309.8
1988,882,160.0,5000.0,31250.0
1988,901,56231.0,621135.0,11046.1
1988,902,96714.0,1363767.0,14101.0
1989,1,615216.0,11564733.0,18797.8
1989,2,174463.0,1895906.0,10867.1
1989,5,59973.0,1802448.0,30054.3
1989,9,5416.0,183156.0,33817.6
1989,11,123376.0,1013693.0,8216.3
1989,13,25785.0,1091066.0,42314.0
1989,14,24290.0,352825.0,14525.5
1989,15,1000.0,4500.0,4500.0
1989,17,15900.0,226522.0,14246.7
1989,18,9897.0,298366.0,30147.1
1989,19,104789.0,3583205.0,34194.5
1989,21,13230.0,526200.0,39773.2
1989,24,3000.0,34000.0,11333.3
1989,28,11.0,130.0,11818.2
1989,29,5801.0,163491.0,28183.2
1989,30,30135.0,788000.0,26149.0
1989,32,200.0,3600.0,18000.0
1989,34,71811.0,985265.0,13720.3
1989,35,228432.0,4127772.0,18070.0
1989,36,4083.0,154440.0,37825.1
1989,39,170.0,1429.0,8405.9
1989,50,13560.0,156755.0,11560.1
1989,53,4083.0,154440.0,37825.1
1989,54,904.0,18900.0,20907.1
1989,61,429.0,9816.0,22881.1
1989,68,925.0,8240.0,8908.1
1989,76,37152.0,1241840.0,33425.9
1989,84,231.0,1888.0,8173.2
1989,96,85.0,730.0,8588.2
1989,97,170.0,1429.0,8405.9
1989,116,1150.0,11000.0,9565.2
1989,120,4000.0,34000.0,8500.0
1989,140,2100.0,10200.0,4857.1
1989,142,330378.0,5901037.0,17861.5
1989,144,4110.0,41510.0,10099.8
1989,150,170.0,1429.0,8405.9
1989,156,22000.0,510954.0,23225.2
1989,158,5994.0,230738.0,38494.8
1989,159,27994.0,741692.0,26494.7
1989,170,6700.0,280000.0,41791.0
1989,178,1400.0,5600.0,4000.0
1989,180,5300.0,142100.0,26811.3
1989,184,80.0,450.0,5625.0
1989,188,6500.0,455000.0,70000.0
1989,192,420.0,20876.0,49704.8
1989,199,66466.0,607898.0,9146.0
1989,204,900.0,25000.0,27777.8
1989,214,2700.0,55000.0,20370.4
1989,218,2690.0,57306.0,21303.3
1989,222,1189.0,14467.0,12167.4
1989,230,20.0,200.0,10000.0
1989,242,354.0,7400.0,20904.0
1989,254,335.0,1675.0,5000.0
1989,258,200.0,4866.0,24330.0
1989,266,100.0,622.0,6220.0
1989,288,2400.0,10000.0,4166.7
1989,312,261.0,4423.0,16946.4
1989,320,2380.0,70307.0,29540.8
1989,324,15801.0,50563.0,3200.0
1989,328,750.0,11200.0,14933.3
1989,332,220.0,2200.0,10000.0
1989,340,4140.0,59520.0,14376.8
1989,356,54141.0,787000.0,14536.1
1989,360,32765.0,215405.0,6574.2
1989,384,4000.0,179480.0,44870.0
1989,388,570.0,9710.0,17035.1
1989,392,1800.0,36400.0,20222.2
1989,404,4480.0,212330.0,47395.1
1989,410,341.0,9908.0,29055.7
1989,418,3000.0,30000.0,10000.0
1989,430,1150.0,7000.0,6087.0
1989,432,9268.0,145214.0,15668.3
1989,450,8450.0,50030.0,5920.7
1989,458,8000.0,228000.0,28500.0
1989,474,550.0,18740.0,34072.7
1989,480,100.0,1540.0,15400.0
1989,484,8345.0,434822.0,52105.7
1989,504,,0.0,
1989,508,2100.0,15000.0,7142.9
1989,558,2600.0,41000.0,15769.2
1989,566,99000.0,741000.0,7484.8
1989,591,400.0,14062.0,35155.0
1989,598,550.0,11500.0,20909.1
1989,600,2045.0,31974.0,15635.2
1989,604,4951.0,88917.0,17959.4
1989,608,60973.0,1178750.0,19332.3
1989,620,170.0,1429.0,8405.9
1989,624,60.0,150.0,2500.0
1989,630,789.0,49012.0,62119.1
1989,638,530.0,4770.0,9000.0
1989,690,9.0,155.0,17222.2
1989,704,44625.0,458497.0,10274.4
1989,710,8800.0,234366.0,26632.5
1989,716,11.0,100.0,9090.9
1989,722,8304.0,207356.0,24970.6
1989,736,1000.0,4500.0,4500.0
1989,740,20.0,216.0,10800.0
1989,748,1097.0,64000.0,58340.9
1989,764,77834.0,2005390.0,25765.0
1989,768,65.0,500.0,7692.3
1989,780,280.0,3400.0,12142.9
1989,800,90.0,700.0,7777.8
1989,834,8500.0,68000.0,8000.0
1989,840,13230.0,526200.0,39773.2
1989,862,4205.0,77480.0,18425.7
1989,882,149.0,4500.0,30201.3
1989,901,58247.0,669173.0,11488.5
1989,902,98968.0,1441380.0,14564.1
1990,1,607474.0,11840549.0,19491.5
1990,2,181032.0,1958917.0,10820.8
1990,5,58074.0,1709600.0,29438.3
1990,9,5604.0,166274.0,29670.6
1990,11,125867.0,1092831.0,8682.4
1990,13,25452.0,1077382.0,42330.0
1990,14,30173.0,371195.0,12302.2
1990,15,1000.0,3500.0,3500.0
1990,17,16095.0,264494.0,16433.3
1990,18,7897.0,226897.0,28732.1
1990,19,102586.0,3477703.0,33900.4
1990,21,12500.0,521630.0,41730.4
1990,24,3059.0,32000.0,10460.9
1990,28,12.0,150.0,12500.0
1990,29,6560.0,169091.0,25776.1
1990,30,28079.0,738193.0,26289.9
1990,32,179.0,3500.0,19553.1
1990,34,73198.0,1093598.0,14940.3
1990,35,216665.0,4402864.0,20321.1
1990,36,3979.0,141603.0,35587.6
1990,39,200.0,1500.0,7500.0
1990,50,13781.0,162445.0,11787.6
1990,53,3979.0,141603.0,35587.6
1990,54,1205.0,15316.0,12710.4
1990,61,420.0,9355.0,22273.8
1990,68,1075.0,10000.0,9302.3
1990,76,33167.0,1103897.0,33283.0
1990,84,204.0,644.0,3156.9
1990,96,83.0,720.0,8701.1
1990,97,200.0,1500.0,7500.0
1990,116,1200.0,12000.0,10000.0
1990,120,2559.0,35000.0,13677.2
1990,140,2141.0,10700.0,4997.7
1990,142,318052.0,6236155.0,19607.4
1990,144,4270.0,41353.0,9684.5
1990,145,110.0,1500.0,13636.4
1990,150,200.0,1500.0,7500.0
1990,156,20000.0,462549.0,23127.5
1990,158,6096.0,234629.0,38489.0
1990,159,26096.0,697178.0,26715.9
1990,170,7769.0,341790.0,43994.1
1990,178,1427.0,6164.0,4319.6
1990,180,6800.0,180000.0,26470.6
1990,184,60.0,200.0,3333.3
1990,188,6050.0,423500.0,70000.0
1990,192,430.0,22000.0,51162.8
1990,199,73136.0,666230.0,9109.5
1990,204,909.0,26951.0,29649.1
1990,214,3666.0,56323.0,15363.6
1990,218,2890.0,59021.0,20422.5
1990,222,1190.0,15405.0,12945.4
1990,230,27.0,215.0,7963.0
1990,242,635.0,3516.0,5537.0
1990,254,380.0,1850.0,4868.4
1990,258,210.0,5100.0,24285.7
1990,266,109.0,630.0,5779.8
1990,288,2500.0,11000.0,4400.0
1990,312,210.0,4660.0,22190.5
1990,320,2310.0,67131.0,29061.0
1990,324,15960.0,51072.0,3200.0
1990,328,550.0,7600.0,13818.2
1990,332,202.0,2282.0,11297.0
1990,340,4050.0,61410.0,15163.0
1990,356,54587.0,881000.0,16139.4
1990,360,49028.0,390340.0,7961.6
1990,376,110.0,1500.0,13636.4
1990,384,5200.0,232543.0,44719.8
1990,388,551.0,9332.0,16936.5
1990,392,1740.0,31900.0,18333.3
1990,404,6000.0,225000.0,37500.0
1990,410,243.0,9115.0,37510.3
1990,418,3093.0,32000.0,10345.9
1990,430,1162.0,7546.0,6494.0
1990,432,10121.0,151705.0,14989.1
1990,450,8500.0,50100.0,5894.1
1990,458,9076.0,213000.0,23468.5
1990,474,600.0,24010.0,40016.7
1990,480,87.0,1355.0,15574.7
1990,484,8748.0,454668.0,51973.9
1990,504,,0.0,
1990,508,2884.0,15500.0,5374.5
1990,524,560.0,8800.0,15714.3
1990,558,2600.0,42000.0,16153.8
1990,566,100000.0,763000.0,7630.0
1990,591,300.0,12624.0,42080.0
1990,598,570.0,11800.0,20701.8
1990,600,2090.0,32710.0,15650.7
1990,604,5553.0,68423.0,12321.8
1990,608,40795.0,1421663.0,34849.0
1990,620,200.0,1500.0,7500.0
1990,624,70.0,180.0,2571.4
1990,630,632.0,46812.0,74069.6
1990,638,930.0,8370.0,9000.0
1990,690,8.0,160.0,20000.0
1990,704,38876.0,467851.0,12034.4
1990,710,6800.0,169897.0,24984.9
1990,716,15.0,95.0,6333.3
1990,722,9127.0,203956.0,22346.4
1990,736,1000.0,3500.0,3500.0
1990,740,23.0,255.0,11087.0
1990,748,1097.0,57000.0,51959.9
1990,764,74514.0,1865290.0,25032.7
1990,768,66.0,539.0,8166.7
1990,780,257.0,3522.0,13704.3
1990,800,50.0,400.0,8000.0
1990,834,11672.0,70000.0,5997.3
1990,840,12500.0,521630.0,41730.4
1990,862,4398.0,80554.0,18316.1
1990,882,150.0,4055.0,27033.3
1990,901,64604.0,736044.0,11393.2
1990,902,110156.0,1545285.0,14028.2
1991,1,612427.0,11624450.93,18981.0
1991,2,184377.0,2038827.58,11057.9
1991,5,59118.0,1782674.71,30154.5
1991,9,4884.0,150105.27,30733.5
1991,11,128595.0,1096276.31,8525.0
1991,13,24353.0,936979.0,38474.9
1991,14,27353.0,390865.91,14289.8
1991,15,1100.0,4700.0,4272.7
1991,17,19229.0,325548.35,16930.2
1991,18,8100.0,221437.0,27337.9
1991,19,102061.0,3396390.85,33278.1
1991,21,11500.0,503500.0,43782.6
1991,24,2893.0,34000.0,11752.2
1991,28,2.0,20.0,10000.0
1991,29,7090.0,173237.14,24434.9
1991,30,26218.0,708499.0,27023.4
1991,32,181.0,3557.71,19630.5
1991,34,82501.0,969103.0,11746.6
1991,35,212058.0,4358137.8,20551.7
1991,36,3555.0,125963.0,35432.6
1991,39,220.0,2000.0,9090.9
1991,50,13856.0,150050.0,10829.2
1991,53,3555.0,125963.0,35432.6
1991,54,920.0,14097.0,15327.8
1991,61,409.0,10045.27,24537.1
1991,68,1205.0,11440.0,9493.8
1991,76,35904.0,1190307.0,33152.5
1991,84,84.0,1051.0,12511.9
1991,96,80.0,690.0,8625.0
1991,97,220.0,2000.0,9090.9
1991,116,1197.0,12213.04,10201.0
1991,120,4100.0,37000.0,9024.4
1991,140,2140.0,11000.0,5140.2
1991,142,320885.0,6037127.23,18814.0
1991,144,4408.0,41503.0,9415.4
1991,145,109.0,1387.42,12761.8
1991,150,220.0,2000.0,9090.9
1991,156,18000.0,429222.0,23845.7
1991,158,6378.0,241477.0,37860.9
1991,159,24378.0,670699.0,27512.5
1991,170,6027.0,345483.0,57322.5
1991,178,1100.0,4400.0,4000.0
1991,180,8900.0,238541.0,26802.4
1991,184,50.0,150.0,3000.0
1991,188,6000.0,420000.0,70000.0
1991,192,2515.0,20221.67,8041.1
1991,199,72405.0,713950.12,9860.4
1991,204,1000.0,28000.0,28000.0
1991,214,1843.0,45257.64,24560.7
1991,218,2890.0,32264.0,11164.0
1991,222,1200.0,15400.0,12833.3
1991,230,29.0,0.0,0.0
1991,242,350.0,2097.0,5991.4
1991,254,120.0,1050.0,8750.0
1991,258,230.0,6285.0,27326.1
1991,266,96.0,607.35,6337.4
1991,288,424.0,12000.0,28274.8
1991,312,220.0,3504.0,15927.3
1991,320,2450.0,71667.0,29251.8
1991,324,16120.0,48360.0,3000.0
1991,328,509.0,6500.0,12775.7
1991,332,212.0,2100.0,9910.5
1991,340,5200.0,78258.0,15049.6
1991,356,63647.0,768000.0,12066.6
1991,360,41530.0,375039.0,9030.6
1991,376,109.0,1387.42,12761.8
1991,384,4500.0,201571.0,44793.6
1991,388,606.0,9787.0,16150.2
1991,392,1640.0,29300.0,17865.9
1991,404,6600.0,245000.0,37121.2
1991,410,200.0,8500.0,42500.0
1991,418,3462.0,31690.76,9152.8
1991,430,880.0,5425.8,6165.3
1991,432,11256.0,156528.67,13906.8
1991,450,8500.0,50100.0,5894.1
1991,458,9081.0,242000.0,26649.0
1991,474,509.0,25510.0,50131.1
1991,480,93.0,1480.0,15914.0
1991,484,6519.0,298526.0,45793.2
1991,504,,0.0,
1991,508,2621.0,15000.0,5723.9
1991,524,590.0,9550.0,16186.4
1991,558,2700.0,42500.0,15740.7
1991,566,105505.0,800000.0,7582.5
1991,591,200.0,9577.0,47885.0
1991,598,570.0,12000.0,21063.6
1991,600,2706.0,33462.0,12365.9
1991,604,4949.0,76175.0,15392.0
1991,608,38907.0,1345599.0,34585.0
1991,620,220.0,2000.0,9090.9
1991,624,74.0,200.0,2702.7
1991,630,847.0,62491.0,73779.2
1991,638,750.0,6750.0,9000.0
1991,690,8.0,150.0,18750.0
1991,704,38107.0,420215.0,11027.2
1991,710,7000.0,162437.0,23205.3
1991,716,12.0,85.91,7091.8
1991,722,9205.0,207120.41,22501.8
1991,736,1100.0,4700.0,4272.7
1991,740,18.0,360.0,20000.0
1991,748,1100.0,59000.0,53636.4
1991,764,79693.0,1930691.0,24226.6
1991,768,91.0,719.52,7892.8
1991,780,337.0,4345.82,12913.8
1991,800,40.0,300.0,7500.0
1991,834,8700.0,72000.0,8275.9
1991,840,11500.0,503500.0,43782.6
1991,862,4609.0,82076.0,17807.8
1991,882,129.0,3610.27,27902.1
1991,901,65509.0,814982.22,12440.8
1991,902,110592.0,1598262.88,14451.9
1992,1,599400.0,12306715.46,20531.7
1992,2,185589.0,2219378.73,11958.6
1992,5,61443.0,1855812.0,30203.9
1992,9,4594.0,155060.0,33752.0
1992,11,128704.0,1097789.27,8529.6
1992,13,26223.0,979235.0,37342.6
1992,14,27680.0,522377.0,18871.9
1992,15,1150.0,4800.0,4173.9
1992,17,19883.0,347477.46,17476.3
1992,18,8172.0,246935.0,30217.5
1992,19,107613.0,3535663.37,32855.4
1992,21,10600.0,498950.0,47070.8
1992,24,2984.0,35000.0,11729.1
1992,28,2.0,21.13,9406.9
1992,29,9347.0,201666.37,21575.4
1992,30,27333.0,704361.0,25769.6
1992,32,184.0,3600.0,19590.7
1992,34,76049.0,1067876.0,14041.9
1992,35,197885.0,4620768.69,23350.8
1992,36,3366.0,133251.0,39587.3
1992,39,230.0,2280.0,9913.0
1992,50,13925.0,148140.0,10638.4
1992,53,3366.0,133251.0,39587.3
1992,54,888.0,13907.0,15661.0
1992,61,340.0,7902.0,23234.0
1992,68,1220.0,13440.0,11016.4
1992,76,37402.0,1238991.0,33126.3
1992,84,97.0,1842.0,18989.7
1992,96,77.0,681.69,8900.5
1992,97,230.0,2280.0,9913.0
1992,116,1225.0,12500.0,10204.1
1992,120,3954.0,38000.0,9611.5
1992,140,2200.0,11400.0,5181.8
1992,142,301374.0,6394333.35,21217.3
1992,144,4405.0,51136.0,11608.6
1992,145,107.0,1327.67,12354.2
1992,150,230.0,2280.0,9913.0
1992,156,20000.0,441682.0,22084.1
1992,158,5713.0,226279.0,39607.7
1992,159,25713.0,667961.0,25977.6
1992,170,6170.0,346723.0,56195.0
1992,178,1048.0,3927.64,3749.3
1992,180,9600.0,258530.0,26930.2
1992,184,33.0,350.0,10609.6
1992,188,7000.0,490000.0,70000.0
1992,192,2310.0,21099.0,9133.8
1992,199,72871.0,737059.94,10114.6
1992,204,890.0,28174.61,31661.6
1992,214,4332.0,69051.0,15940.2
1992,218,3230.0,43271.0,13396.6
1992,222,770.0,12000.0,15584.4
1992,230,33.0,0.0,0.0
1992,242,298.0,1407.0,4721.5
1992,254,70.0,850.0,12142.9
1992,258,200.0,4552.0,22760.0
1992,266,98.0,619.82,6349.2
1992,288,443.0,13066.33,29479.0
1992,312,265.0,4390.0,16566.0
1992,320,2660.0,77110.0,28988.7
1992,324,16281.0,56984.0,3500.0
1992,328,600.0,8800.0,14666.7
1992,332,202.0,2000.0,9921.4
1992,340,5000.0,75659.0,15131.8
1992,356,57059.0,859000.0,15054.6
1992,360,21237.0,376279.0,17718.1
1992,376,107.0,1327.67,12354.2
1992,384,4442.0,193033.0,43459.3
1992,388,578.0,11484.0,19868.5
1992,392,1470.0,29400.0,20000.0
1992,404,7738.0,383147.0,49515.0
1992,410,150.0,7000.0,46666.7
1992,418,3568.0,33000.0,9248.4
1992,430,907.0,5568.38,6140.9
1992,432,11706.0,167520.0,14310.2
1992,450,8550.0,50200.0,5871.3
1992,458,8904.0,237000.0,26617.3
1992,474,500.0,28500.0,57000.0
1992,480,115.0,2300.0,20000.0
1992,484,7496.0,264147.0,35238.4
1992,504,,0.0,
1992,508,2000.0,10000.0,5000.0
1992,524,660.0,9600.0,14545.5
1992,558,2800.0,43000.0,15357.1
1992,566,105570.0,800000.0,7577.9
1992,591,400.0,15477.0,38692.5
1992,598,590.0,12500.0,21186.4
1992,600,2750.0,39800.0,14472.7
1992,604,5067.0,77296.0,15254.8
1992,608,38424.0,1516685.0,39472.3
1992,620,230.0,2280.0,9913.0
1992,624,75.0,200.34,2671.2
1992,630,824.0,60850.0,73847.1
1992,638,700.0,6300.0,9000.0
1992,690,8.0,150.0,18750.0
1992,704,34690.0,264216.0,7616.5
1992,710,6900.0,186935.0,27092.0
1992,716,11.0,80.0,7131.1
1992,722,11494.0,236993.71,20618.6
1992,736,1150.0,4800.0,4173.9
1992,740,24.0,226.0,9416.7
1992,748,1272.0,60000.0,47173.2
1992,764,89760.0,2180407.0,24291.5
1992,768,96.0,762.62,7932.5
1992,780,334.0,4271.24,12774.6
1992,800,25.0,200.0,8000.0
1992,834,8500.0,70000.0,8235.3
1992,840,10600.0,498950.0,47070.8
1992,862,4726.0,82815.0,17523.3
1992,882,107.0,3000.0,28007.1
1992,901,66719.0,976574.58,14637.2
1992,902,114166.0,1783992.14,15626.2
1993,1,618225.0,13115946.16,21215.5
1993,2,188759.0,2369174.92,12551.3
1993,5,72505.0,1982024.0,27336.2
1993,9,4751.0,164092.7,34535.2
1993,11,129352.0,1112217.1,8598.4
1993,13,26486.0,957975.0,36169.4
1993,14,30613.0,699233.0,22841.0
1993,15,1150.0,4000.0,3478.3
1993,17,20944.0,370336.82,17682.6
1993,18,6700.0,183388.0,27371.3
1993,19,118450.0,3481039.89,29388.1
1993,21,8900.0,335660.0,37714.6
1993,24,2905.0,34000.0,11705.9
1993,28,2.0,21.63,9478.1
1993,29,10559.0,205380.89,19450.2
1993,30,25878.0,764211.0,29531.3
1993,32,189.0,3700.0,19550.9
1993,34,78401.0,1205580.0,15377.1
1993,35,201679.0,5128578.0,25429.4
1993,36,3418.0,142376.0,41654.8
1993,39,200.0,2000.0,10000.0
1993,50,13884.0,149145.0,10742.2
1993,53,3418.0,142376.0,41654.8
1993,54,996.0,13934.0,13990.0
1993,61,337.0,7782.7,23062.8
1993,68,1280.0,14445.0,11285.2
1993,76,39719.0,1251873.0,31518.2
1993,84,122.0,2325.0,19057.4
1993,96,76.0,680.0,9000.1
1993,97,200.0,2000.0,10000.0
1993,116,1250.0,13000.0,10400.0
1993,120,4200.0,40000.0,9523.8
1993,140,2240.0,11800.0,5268.6
1993,142,306064.0,7099638.65,23196.6
1993,144,4441.0,46665.0,10507.8
1993,145,106.0,1269.65,11975.9
1993,150,200.0,2000.0,10000.0
1993,156,18000.0,454748.0,25263.8
1993,158,6378.0,277263.0,43471.8
1993,159,24378.0,732011.0,30027.5
1993,170,7259.0,381346.0,52534.2
1993,178,999.0,3700.82,3705.3
1993,180,10500.0,280196.0,26685.3
1993,184,50.0,1000.0,20000.0
1993,188,7000.0,490000.0,70000.0
1993,192,1785.0,8925.0,5000.0
1993,199,74640.0,770050.6,10316.8
1993,204,905.0,30000.0,33142.5
1993,214,5360.0,81373.0,15180.3
1993,218,5070.0,50837.0,10027.0
1993,222,910.0,15000.0,16483.5
1993,242,396.0,934.0,2358.6
1993,254,45.0,840.0,18666.7
1993,258,187.0,4063.0,21674.3
1993,266,101.0,640.0,6361.0
1993,288,489.0,15000.0,30683.2
1993,312,202.0,4210.0,20841.6
1993,320,2660.0,79832.0,30012.0
1993,324,16443.0,57553.0,3500.2
1993,328,748.0,9500.0,12698.0
1993,332,208.0,2061.5,9932.3
1993,340,6400.0,95732.0,14958.1
1993,356,59436.0,1000000.0,16824.8
1993,360,19985.0,459105.0,22972.5
1993,376,106.0,1269.65,11975.9
1993,384,4764.0,202949.0,42600.5
1993,388,858.0,21062.0,24547.8
1993,392,1380.0,26700.0,19347.8
1993,404,9886.0,550554.0,55690.3
1993,410,120.0,5500.0,45833.3
1993,418,3639.0,34000.0,9344.0
1993,430,934.0,5710.95,6116.5
1993,432,11594.0,153364.0,13227.5
1993,450,8600.0,50300.0,5848.8
1993,458,8366.0,203000.0,24264.9
1993,474,520.0,30045.0,57778.8
1993,480,170.0,4048.0,23811.8
1993,484,6025.0,212402.0,35253.4
1993,508,2395.0,15000.0,6262.6
1993,524,640.0,9770.0,15265.6
1993,558,2900.0,44000.0,15172.4
1993,566,105641.0,800000.0,7572.8
1993,591,469.0,18684.0,39859.2
1993,598,600.0,13000.0,21666.7
1993,600,2842.0,42949.0,15112.2
1993,604,6378.0,92936.0,14571.3
1993,608,39274.0,1571811.0,40021.7
1993,620,200.0,2000.0,10000.0
1993,624,76.0,204.15,2692.9
1993,626,33.0,210.0,6363.6
1993,630,1293.0,53500.0,41376.6
1993,638,800.0,6781.0,8476.3
1993,690,8.0,150.0,18750.0
1993,704,29217.0,257470.0,8812.3
1993,710,5800.0,143388.0,24722.1
1993,716,14.0,100.0,7170.4
1993,722,13077.0,243896.73,18651.2
1993,736,1150.0,4000.0,3478.3
1993,740,27.0,362.0,13407.4
1993,748,900.0,40000.0,44444.4
1993,764,99840.0,2589302.0,25934.5
1993,768,100.0,800.0,8000.0
1993,780,331.0,4182.76,12635.4
1993,800,40.0,300.0,7500.0
1993,834,8700.0,72000.0,8275.9
1993,840,8900.0,335660.0,37714.6
1993,862,8948.0,133236.0,14890.0
1993,882,100.0,2719.7,27197.0
1993,901,70929.0,1178050.42,16608.9
1993,902,125975.0,2070094.69,16432.6
1994,1,633931.0,12951804.15,20430.9
1994,2,186082.0,2163231.12,11625.1
1994,5,76854.0,2253855.0,29326.6
1994,9,5039.0,179919.0,35705.3
1994,11,130105.0,1135702.61,8729.1
1994,13,26226.0,968661.73,36935.6
1994,14,27942.0,524698.6,18778.2
1994,15,1200.0,4900.0,4083.3
1994,17,22147.0,398071.91,17973.8
1994,18,4688.0,99858.0,21300.8
1994,19,123508.0,3797359.1,30745.9
1994,21,9025.0,331122.0,36689.4
1994,24,3080.0,35984.64,11682.8
1994,28,2.0,22.13,9550.5
1994,29,11404.0,243720.37,21372.4
1994,30,28377.0,766253.0,27002.6
1994,32,195.0,3800.0,19511.1
1994,34,88658.0,1221116.0,13773.3
1994,35,201973.0,4820500.88,23867.1
1994,36,3668.0,157439.0,42922.3
1994,39,190.0,2217.34,11670.2
1994,50,13858.0,149205.0,10766.7
1994,53,3668.0,157439.0,42922.3
1994,54,1041.0,15244.0,14643.6
1994,61,330.0,7236.0,21927.3
1994,68,1375.0,15790.0,11483.6
1994,76,45218.0,1484327.0,32826.0
1994,84,163.0,1452.0,8908.0
1994,96,75.0,678.88,9091.2
1994,97,190.0,2217.34,11670.2
1994,116,1300.0,13700.0,10538.5
1994,120,4300.0,42000.0,9767.4
1994,140,2284.0,12200.0,5340.8
1994,142,319112.0,6809077.59,21337.6
1994,144,4385.0,49911.0,11382.2
1994,145,105.0,1207.7,11545.3
1994,150,190.0,2217.34,11670.2
1994,156,20500.0,485019.0,23659.5
1994,158,6477.0,252234.0,38943.0
1994,159,26977.0,737253.0,27328.9
1994,170,7153.0,378210.0,52874.3
1994,178,982.0,3574.87,3641.9
1994,180,11400.0,303667.0,26637.5
1994,184,20.0,400.0,20000.0
1994,188,7000.0,490575.73,70082.2
1994,192,1869.0,9874.0,5283.0
1994,199,75103.0,806959.25,10744.8
1994,204,952.0,32000.0,33613.1
1994,214,6971.0,144682.0,20754.8
1994,218,6060.0,62005.0,10231.8
1994,222,1085.0,17614.0,16234.1
1994,242,391.0,1244.0,3181.6
1994,254,81.0,972.0,12000.0
1994,258,180.0,3336.0,18533.3
1994,266,101.0,645.4,6372.8
1994,288,564.0,18000.0,31887.4
1994,312,220.0,4080.0,18545.5
1994,320,2725.0,83260.0,30554.1
1994,324,16600.0,67098.0,4042.0
1994,328,803.0,10100.0,12579.2
1994,332,211.0,2100.0,9943.2
1994,340,5700.0,86000.0,15087.7
1994,356,70000.0,1010000.0,14428.6
1994,360,20131.0,345519.0,17163.5
1994,376,105.0,1207.7,11545.3
1994,384,5122.0,211686.0,41328.8
1994,388,700.0,14963.0,21375.7
1994,392,1310.0,25000.0,19084.0
1994,404,8000.0,380000.0,47500.0
1994,410,90.0,4000.0,44444.4
1994,418,3258.0,30000.0,9208.6
1994,430,961.0,5853.53,6092.0
1994,432,11020.0,125984.6,11432.5
1994,450,8181.0,48000.0,5867.1
1994,458,7730.0,210000.0,27166.9
1994,474,560.0,30250.0,54017.9
1994,480,147.0,3887.0,26442.2
1994,484,6173.0,228580.0,37029.0
1994,508,1961.0,13000.0,6628.0
1994,524,415.0,12000.0,28915.7
1994,558,3000.0,45000.0,15000.0
1994,566,105720.0,800000.0,7567.1
1994,591,380.0,16180.0,42609.7
1994,598,650.0,14000.0,21538.5
1994,600,2842.0,35198.0,12384.9
1994,604,6039.0,101908.0,16875.0
1994,608,40483.0,1612327.0,39827.3
1994,620,190.0,2217.34,11670.2
1994,624,76.0,207.18,2712.1
1994,626,423.0,2836.0,6704.5
1994,630,543.0,33663.0,61994.5
1994,638,800.0,6250.0,7812.5
1994,690,7.0,120.0,17142.9
1994,704,29213.0,235025.0,8045.2
1994,710,3900.0,79503.0,20385.4
1994,716,13.0,91.6,7199.1
1994,722,14422.0,285122.56,19770.2
1994,736,1200.0,4900.0,4083.3
1994,740,28.0,320.0,11428.6
1994,748,788.0,20355.0,25831.2
1994,764,99360.0,2370415.0,23856.8
1994,768,109.0,857.89,7888.5
1994,780,327.0,4086.24,12496.2
1994,800,45.0,350.0,7777.8
1994,834,8788.0,73000.0,8307.2
1994,840,9025.0,331122.0,36689.4
1994,862,7060.0,161225.0,22836.4
1994,882,130.0,3500.0,26923.1
1994,901,69478.0,1045900.07,15053.7
1994,902,123529.0,2017318.03,16330.7
1995,1,663061.0,13067322.45,19707.6
1995,2,184268.0,2228112.34,12091.7
1995,5,75490.0,2200914.0,29155.2
1995,9,4659.0,163275.56,35043.3
1995,11,130453.0,1141687.25,8751.7
1995,13,25938.0,957765.0,36925.2
1995,14,27916.0,623555.09,22336.6
1995,15,1200.0,4700.0,3916.7
1995,17,18180.0,300543.0,16531.4
1995,18,6518.0,157627.0,24183.3
1995,19,123240.0,3675271.39,29822.2
1995,21,8050.0,313000.0,38882.0
1995,24,3088.0,36000.0,11659.6
1995,28,2.0,22.63,9624.8
1995,29,13762.0,203592.39,14793.9
1995,30,30241.0,824166.0,27253.3
1995,32,199.0,3900.0,19600.4
1995,34,98645.0,1284689.0,13023.4
1995,35,221709.0,4888426.0,22048.9
1995,36,3209.0,138503.0,43160.8
1995,39,180.0,2382.17,13234.3
1995,50,13860.0,149205.0,10765.2
1995,53,3209.0,138503.0,43160.8
1995,54,1100.0,17219.56,15650.5
1995,61,350.0,7553.0,21580.0
1995,68,1555.0,18480.0,11884.2
1995,76,44384.0,1426361.0,32136.8
1995,84,165.0,1500.0,9090.9
1995,96,70.0,650.0,9285.7
1995,97,180.0,2382.17,13234.3
1995,116,1350.0,14500.0,10740.7
1995,120,4091.0,44000.0,10756.0
1995,140,2300.0,12500.0,5434.8
1995,142,350715.0,6998281.0,19954.3
1995,144,4340.0,60984.0,14051.6
1995,145,120.0,1000.0,8333.3
1995,150,180.0,2382.17,13234.3
1995,156,23000.0,539408.0,23452.5
1995,158,6314.0,256421.0,40611.5
1995,159,29314.0,795829.0,27148.4
1995,170,6500.0,387000.0,59538.5
1995,178,900.0,3200.0,3555.6
1995,180,7700.0,204193.0,26518.6
1995,184,10.0,200.0,20000.0
1995,188,6064.0,424480.0,70000.0
1995,192,1299.0,7192.0,5536.6
1995,199,71766.0,718889.34,10017.1
1995,204,1100.0,37600.0,34181.8
1995,214,8963.0,116051.0,12947.8
1995,218,4590.0,52540.0,11446.6
1995,222,700.0,10840.0,15485.7
1995,242,400.0,2482.0,6205.0
1995,254,98.0,1808.0,18449.0
1995,258,190.0,3353.0,17647.4
1995,266,102.0,650.0,6384.6
1995,288,604.0,20000.0,33091.6
1995,312,272.0,4215.0,15496.3
1995,320,2935.0,87634.0,29858.3
1995,324,16766.0,67346.0,4016.8
1995,328,826.0,10400.0,12594.9
1995,332,221.0,2200.0,9954.1
1995,340,6000.0,90000.0,15000.0
1995,356,80000.0,1060000.0,13250.0
1995,360,50718.0,703300.0,13866.9
1995,376,120.0,1000.0,8333.3
1995,384,5000.0,209628.0,41925.6
1995,388,746.0,16351.0,21918.2
1995,392,869.0,25600.0,29459.1
1995,404,7686.0,475117.0,61815.9
1995,410,58.0,2737.0,47189.7
1995,418,3292.0,31000.0,9417.6
1995,430,988.0,5996.11,6067.6
1995,432,10932.0,117833.0,10778.9
1995,450,8343.0,49000.0,5873.5
1995,458,7895.0,220000.0,27865.7
1995,474,560.0,29512.0,52700.0
1995,480,160.0,4199.0,26243.8
1995,484,6620.0,281180.0,42474.3
1995,508,2103.0,15000.0,7132.2
1995,524,445.0,14500.0,32584.3
1995,558,3100.0,46000.0,14838.7
1995,566,105802.0,800000.0,7561.3
1995,591,354.0,16131.0,45572.3
1995,598,700.0,14737.56,21046.1
1995,600,2761.0,30250.0,10956.2
1995,604,5905.0,106746.0,18077.2
1995,608,41580.0,1646268.0,39592.8
1995,620,180.0,2382.17,13234.3
1995,624,77.0,210.34,2729.3
1995,626,11.0,248.0,22545.5
1995,630,1376.0,24063.0,17487.6
1995,638,800.0,6250.0,7812.5
1995,690,6.0,125.0,20833.3
1995,704,26300.0,184753.0,7024.8
1995,710,6000.0,147004.0,24500.7
1995,716,11.0,80.0,7212.8
1995,722,16486.0,245442.29,14888.0
1995,736,1200.0,4700.0,3916.7
1995,740,29.0,395.0,13620.7
1995,748,518.0,10623.0,20507.7
1995,764,90493.0,2087707.0,23070.4
1995,768,115.0,906.8,7865.2
1995,780,323.0,3985.76,12357.0
1995,800,50.0,400.0,8000.0
1995,834,8758.0,73384.09,8379.5
1995,840,8050.0,313000.0,38882.0
1995,862,8643.0,163034.0,18863.1
1995,882,150.0,4000.0,26666.7
1995,901,65954.0,1056333.34,16016.3
1995,902,122303.0,1998312.73,16339.1
1996,1,643775.0,12867322.48,19987.3
1996,2,188348.0,2387995.71,12678.6
1996,5,77858.0,1887586.47,24243.9
1996,9,4333.0,153812.0,35499.1
1996,11,131636.0,1247405.43,9476.2
1996,13,28050.0,1113947.0,39712.9
1996,14,30532.0,694931.0,22760.5
1996,15,1249.0,4800.0,3841.7
1996,17,18883.0,298890.29,15828.5
1996,18,6047.0,141969.0,23477.6
1996,19,121542.0,3442323.11,28322.2
1996,21,8090.0,315000.0,38937.0
1996,24,3266.0,38000.0,11636.5
1996,28,2.0,23.13,9701.7
1996,29,7544.0,125789.64,16675.0
1996,30,35092.0,875332.0,24943.9
1996,32,188.0,3675.47,19542.0
1996,34,101016.0,1417085.0,14028.3
1996,35,193189.0,4586702.97,23742.0
1996,36,2824.0,127864.0,45277.6
1996,39,131.0,2421.68,18537.6
1996,50,13800.0,148575.0,10766.3
1996,53,2824.0,127864.0,45277.6
1996,54,1154.0,17956.0,15564.1
1996,61,355.0,7992.0,22502.6
1996,68,1797.0,22050.0,12270.5
1996,76,45843.0,1145981.0,24997.9
1996,84,165.0,1614.0,9781.8
1996,96,75.0,693.97,9210.8
1996,97,131.0,2421.68,18537.6
1996,116,1400.0,15000.0,10714.3
1996,120,4500.0,48000.0,10666.7
1996,140,2349.0,12800.0,5450.2
1996,142,329422.0,6880769.97,20887.4
1996,144,4766.0,61610.0,12927.0
1996,145,125.0,1650.0,13200.0
1996,150,131.0,2421.68,18537.6
1996,156,28000.0,580000.0,20714.3
1996,158,6346.0,274113.0,43194.6
1996,159,34346.0,854113.0,24867.9
1996,170,5342.0,329300.0,61643.6
1996,178,750.0,2700.0,3600.0
1996,180,7913.0,196713.0,24859.5
1996,184,5.0,100.0,20000.0
1996,188,8195.0,573650.0,70000.0
1996,192,1841.0,7600.0,4128.2
1996,199,73183.0,759525.43,10378.4
1996,204,2073.0,89410.0,43130.7
1996,214,2332.0,45171.0,19370.1
1996,218,4938.0,57851.0,11715.5
1996,222,350.0,6000.0,17142.9
1996,242,474.0,3456.0,7296.0
1996,254,98.0,1808.0,18449.0
1996,258,187.0,3392.0,18162.4
1996,266,106.0,677.29,6396.4
1996,288,1021.0,35000.0,34295.8
1996,312,355.0,6900.0,19436.6
1996,320,3500.0,98429.0,28122.6
1996,324,16500.0,65000.0,3939.4
1996,328,500.0,7200.0,14400.0
1996,332,235.0,2320.0,9860.6
1996,340,4800.0,72000.0,15000.0
1996,356,82000.0,1200000.0,14634.1
1996,360,29586.0,501111.0,16937.4
1996,376,125.0,1650.0,13200.0
1996,384,5350.0,250688.0,46857.6
1996,388,890.0,19808.0,22256.2
1996,392,687.0,18800.0,27365.4
1996,404,10142.0,544639.0,53701.3
1996,410,59.0,2419.0,41000.0
1996,418,3300.0,32000.0,9697.0
1996,430,1016.0,6138.69,6043.2
1996,432,10974.0,112824.0,10281.5
1996,450,8500.0,50000.0,5882.4
1996,458,7054.0,230000.0,32605.6
1996,474,470.0,21150.0,45000.0
1996,480,105.0,2973.0,28314.3
1996,484,7690.0,301406.0,39194.5
1996,508,2100.0,16000.0,7619.0
1996,524,450.0,6900.0,15333.3
1996,558,3000.0,45000.0,15000.0
1996,566,105477.0,800000.0,7584.6
1996,591,350.0,15848.0,45280.0
1996,598,680.0,14500.0,21323.5
1996,600,2762.0,30676.0,11106.4
1996,604,7039.0,112835.0,16030.0
1996,608,42215.0,1635744.0,38747.9
1996,620,131.0,2421.68,18537.6
1996,624,78.0,212.96,2744.9
1996,626,18.0,250.0,13888.9
1996,630,1100.0,18933.0,17211.8
1996,638,850.0,6639.0,7810.6
1996,690,6.0,130.0,21666.7
1996,704,26200.0,185200.0,7068.7
1996,710,5800.0,134121.0,23124.3
1996,716,14.0,100.0,7142.9
1996,722,9958.0,164582.6,16527.6
1996,736,1249.0,4800.0,3841.7
1996,740,34.0,465.0,13676.5
1996,748,247.0,7848.0,31773.3
1996,764,83341.0,1986704.0,23838.3
1996,768,122.0,955.78,7843.6
1996,780,318.0,3884.51,12217.9
1996,800,55.0,450.0,8181.8
1996,834,8760.0,74000.0,8447.1
1996,840,8090.0,315000.0,38937.0
1996,862,9317.0,175745.0,18862.8
1996,882,163.0,4500.0,27539.8
1996,901,69806.0,1166139.43,16705.5
1996,902,120952.0,2075527.35,17159.9
1997,1,646089.0,13299099.34,20584.0
1997,2,192931.0,2172659.12,11261.3
1997,5,87666.0,2364728.0,26974.3
1997,9,3894.0,144460.17,37097.2
1997,11,136181.0,1254398.35,9211.3
1997,13,30556.0,1275452.0,41741.5
1997,14,31354.0,455029.97,14512.6
1997,15,1254.0,4812.21,3838.2
1997,17,17858.0,305797.58,17123.5
1997,18,6284.0,152621.0,24287.2
1997,19,135658.0,4097671.81,30205.8
1997,21,8050.0,292960.0,36392.5
1997,24,3102.0,36000.0,11606.7
1997,28,2.0,23.63,9781.8
1997,29,9386.0,164531.81,17528.6
1997,30,37378.0,844750.0,22600.2
1997,32,180.0,3500.0,19444.4
1997,34,105129.0,1465948.0,13944.2
1997,35,170868.0,4568823.0,26738.9
1997,36,2668.0,122981.0,46094.8
1997,39,160.0,3887.25,24295.3
1997,50,13769.0,148485.0,10784.0
1997,53,2668.0,122981.0,46094.8
1997,54,870.0,13474.0,15487.4
1997,61,356.0,8005.17,22480.4
1997,68,4695.0,45300.0,9648.6
1997,76,53567.0,1609895.0,30053.9
1997,84,142.0,1515.0,10669.0
1997,96,75.0,700.0,9333.3
1997,97,160.0,3887.25,24295.3
1997,116,1461.0,15500.0,10607.2
1997,120,3429.0,50000.0,14583.2
1997,140,2400.0,13200.0,5500.0
1997,142,313446.0,6880421.0,21950.9
1997,144,4680.0,59363.0,12684.4
1997,145,70.0,900.0,12857.1
1997,150,160.0,3887.25,24295.3
1997,156,30000.0,527288.0,17576.3
1997,158,6738.0,300686.0,44625.4
1997,159,36738.0,827974.0,22537.3
1997,170,5400.0,313757.0,58103.1
1997,178,850.0,3000.0,3529.4
1997,180,7969.0,202903.0,25461.5
1997,184,5.0,100.0,18722.4
1997,188,9170.0,641918.0,70002.0
1997,192,1195.0,5131.0,4293.7
1997,199,73205.0,739582.46,10103.0
1997,204,1254.0,58657.0,46775.9
1997,214,4952.0,88397.0,17850.8
1997,218,2800.0,30150.0,10767.9
1997,222,350.0,7937.0,22677.1
1997,242,350.0,2974.0,8497.1
1997,254,98.0,1632.0,16653.1
1997,258,193.0,3456.0,17885.1
1997,266,109.0,694.58,6367.1
1997,288,1146.0,40688.77,35500.0
1997,312,355.0,6620.0,18647.9
1997,320,3640.0,99507.0,27337.1
1997,324,17029.0,67000.0,3934.5
1997,328,600.0,6719.0,11198.3
1997,332,272.0,2687.68,9893.1
1997,340,4500.0,68000.0,15111.1
1997,356,86215.0,1250000.0,14498.6
1997,360,5608.0,385779.0,68790.8
1997,376,70.0,900.0,12857.1
1997,384,5500.0,250556.0,45555.6
1997,388,844.0,18483.0,21899.3
1997,392,588.0,14700.0,25000.0
1997,404,10099.0,298438.0,29551.2
1997,410,52.0,2076.0,39923.1
1997,418,3400.0,33000.0,9705.9
1997,430,1044.0,6281.27,6018.8
1997,432,14135.0,147141.97,10410.1
1997,450,8700.0,51000.0,5862.1
1997,458,6882.0,235000.0,34147.1
1997,474,470.0,20200.0,42978.7
1997,480,77.0,1559.0,20246.8
1997,484,9104.0,391491.0,43002.1
1997,508,2200.0,17000.0,7727.3
1997,524,465.0,8100.0,17419.4
1997,558,3100.0,46000.0,14838.7
1997,566,110000.0,830000.0,7545.5
1997,591,550.0,19084.0,34698.2
1997,598,520.0,10500.0,20192.3
1997,600,2907.0,38405.0,13211.2
1997,604,7417.0,125542.0,16926.3
1997,608,42924.0,1616113.0,37650.6
1997,620,160.0,3887.25,24295.3
1997,624,78.0,215.31,2759.5
1997,626,20.0,141.0,7050.0
1997,630,983.0,19204.0,19536.1
1997,638,1600.0,13200.0,8250.0
1997,690,6.0,135.0,22500.0
1997,704,25800.0,199200.0,7720.9
1997,710,6100.0,144182.0,23636.4
1997,716,14.0,97.97,7210.1
1997,722,11561.0,196670.29,17012.1
1997,736,1254.0,4812.21,3838.2
1997,740,25.0,375.0,15000.0
1997,748,184.0,8439.0,45864.1
1997,764,84698.0,2083390.0,24597.9
1997,768,130.0,1000.0,7692.3
1997,780,313.0,3785.5,12078.7
1997,800,70.0,600.0,8571.4
1997,834,8588.0,73000.0,8499.7
1997,840,8050.0,292960.0,36392.5
1997,862,9977.0,189453.0,18989.0
1997,882,158.0,4449.17,28245.1
1997,901,68944.0,903992.44,13112.0
1997,902,123562.0,1869833.35,15132.8
1998,1,647044.0,13207434.63,20412.0
1998,2,200502.0,2416488.86,12052.2
1998,5,95763.0,2484301.05,25942.1
1998,9,3974.0,144068.49,36252.4
1998,11,141743.0,1239053.04,8741.5
1998,13,32316.0,1375163.0,42553.6
1998,14,31980.0,704865.0,22041.0
1998,15,1250.0,4900.0,3920.0
1998,17,17838.0,311882.83,17483.8
1998,18,7690.0,155788.0,20258.5
1998,19,144157.0,4303537.8,29853.2
1998,21,8500.0,301180.0,35432.9
1998,24,3379.0,38000.0,11245.1
1998,28,2.0,24.13,9890.3
1998,29,7577.0,142893.75,18857.9
1998,30,37762.0,975062.0,25821.2
1998,32,174.0,3400.05,19516.9
1998,34,88942.0,1141894.48,12838.6
1998,35,171522.0,4222739.26,24619.3
1998,36,2762.0,123004.0,44534.4
1998,39,96.0,2443.73,25535.7
1998,50,13792.0,148580.0,10772.9
1998,53,2762.0,123004.0,44534.4
1998,54,875.0,13534.0,15467.4
1998,61,337.0,7530.49,22342.9
1998,68,4825.0,46385.0,9613.5
1998,76,54998.0,1669829.0,30361.6
1998,84,181.0,923.0,5099.4
1998,96,80.0,728.26,9103.3
1998,97,96.0,2443.73,25535.7
1998,116,1500.0,16000.0,10666.7
1998,120,2871.0,52000.0,18114.3
1998,140,2500.0,13500.0,5400.0
1998,142,298316.0,6340895.75,21255.7
1998,144,4643.0,44200.0,9519.7
1998,145,90.0,1200.0,13333.3
1998,150,96.0,2443.73,25535.7
1998,156,30000.0,644925.0,21497.5
1998,158,7210.0,316057.0,43835.9
1998,159,37210.0,960982.0,25825.9
1998,170,6162.0,262668.0,42627.1
1998,178,950.0,3307.0,3481.1
1998,180,8027.0,204364.0,25459.6
1998,184,5.0,80.0,17208.3
1998,188,9300.0,651000.0,70000.0
1998,192,1809.0,10449.0,5776.1
1998,199,75141.0,740250.78,9851.5
1998,204,1268.0,44836.0,35359.6
1998,214,3039.0,63107.0,20765.7
1998,218,5146.0,79947.0,15535.8
1998,222,385.0,4500.0,11688.3
1998,242,325.0,2534.0,7796.9
1998,254,98.0,1808.0,18449.0
1998,258,180.0,3026.0,16811.1
1998,266,111.0,711.83,6386.0
1998,288,1190.0,43688.74,36704.2
1998,312,345.0,8222.0,23831.9
1998,320,3640.0,100326.0,27562.1
1998,324,18000.0,71858.0,3992.1
1998,328,400.0,1200.0,3000.0
1998,332,310.0,3270.0,10548.4
1998,340,3701.0,72621.0,19622.0
1998,356,70000.0,940000.0,13428.6
1998,360,5243.0,326956.0,62360.5
1998,376,90.0,1200.0,13333.3
1998,384,5000.0,213974.0,42794.8
1998,388,853.0,19062.0,22347.0
1998,392,518.0,12800.0,24710.4
1998,404,10571.0,547117.0,51756.4
1998,410,34.0,1280.0,37647.1
1998,418,3500.0,34000.0,9714.3
1998,430,1072.0,6423.84,5994.4
1998,432,14609.0,151461.48,10367.7
1998,450,8772.0,51556.0,5877.1
1998,458,7580.0,240000.0,31662.3
1998,474,484.0,20812.0,43000.0
1998,480,76.0,1462.0,19236.8
1998,484,11509.0,480856.0,41780.9
1998,508,2300.0,18000.0,7826.1
1998,524,507.0,9114.48,17976.4
1998,558,3100.0,46000.0,14838.7
1998,566,115000.0,857000.0,7452.2
1998,591,500.0,18937.0,37874.0
1998,598,550.0,11000.0,20000.0
1998,600,3014.0,38872.0,12897.1
1998,604,8666.0,128583.0,14837.6
1998,608,42936.0,1575145.0,36685.9
1998,620,96.0,2443.73,25535.7
1998,624,79.0,218.6,2774.1
1998,626,9.0,76.0,8894.5
1998,630,429.0,14190.0,33076.9
1998,638,1500.0,12000.0,8000.0
1998,690,6.0,140.0,23333.3
1998,704,28800.0,243600.0,8458.3
1998,710,7500.0,146788.0,19571.7
1998,716,13.0,90.0,6923.1
1998,722,9570.0,168402.84,17597.3
1998,736,1250.0,4900.0,3920.0
1998,740,30.0,425.0,14166.7
1998,748,190.0,9000.0,47368.4
1998,764,81874.0,1786234.0,21816.9
1998,768,135.0,1053.86,7822.1
1998,780,306.0,3757.62,12281.1
1998,800,60.0,500.0,8333.3
1998,834,8681.0,74000.0,8523.9
1998,840,8500.0,301180.0,35432.9
1998,862,12250.0,251184.0,20504.8
1998,882,152.0,4424.49,29033.4
1998,901,70466.0,1152108.78,16349.9
1998,902,126896.0,2114427.85,16662.7
1999,1,702402.0,14898577.24,21210.9
1999,2,203816.0,2532894.52,12427.4
1999,5,105945.0,2876418.24,27150.1
1999,9,3938.0,153397.95,38949.8
1999,11,144735.0,1341921.32,9271.6
1999,13,32954.0,1605859.0,48730.3
1999,14,32880.0,724288.21,22028.3
1999,15,1300.0,4950.0,3807.7
1999,17,16191.0,291519.0,18004.7
1999,18,8710.0,170216.0,19542.6
1999,19,154350.0,4958731.77,32126.6
1999,21,8499.0,319331.0,37572.8
1999,24,2800.0,32000.0,11428.6
1999,28,2.0,24.63,10041.4
1999,29,6951.0,157123.54,22603.0
1999,30,47892.0,1245936.0,26015.5
1999,32,169.0,3300.24,19527.3
1999,34,93229.0,1199850.0,12869.9
1999,35,199079.0,4805509.0,24138.7
1999,36,2821.0,131383.0,46573.2
1999,39,68.0,1838.0,27029.4
1999,50,13759.0,146000.0,10611.2
1999,53,2821.0,131383.0,46573.2
1999,54,768.0,13909.0,18117.4
1999,61,350.0,8105.95,23184.2
1999,68,4755.0,52535.0,11048.4
1999,76,56917.0,1870736.0,32867.8
1999,84,129.0,1564.0,12124.0
1999,96,83.0,750.0,8998.1
1999,97,68.0,1838.0,27029.4
1999,116,1550.0,16000.0,10322.6
1999,120,1764.0,41781.0,23685.4
1999,140,2597.0,13800.0,5313.3
1999,142,340230.0,7251715.0,21314.1
1999,144,4770.0,39150.0,8207.5
1999,145,30.0,420.0,14000.0
1999,150,68.0,1838.0,27029.4
1999,156,40000.0,882600.0,22065.0
1999,158,7340.0,348450.0,47472.8
1999,159,47340.0,1231050.0,26004.4
1999,170,9398.0,388238.0,41310.7
1999,178,920.0,3238.0,3519.6
1999,180,8000.0,200000.0,25000.0
1999,184,4.0,50.0,13763.9
1999,188,9900.0,857969.0,86663.5
1999,192,1640.0,11470.0,6993.9
1999,199,75921.0,765549.49,10083.5
1999,204,1766.0,78440.0,44416.8
1999,214,2689.0,72528.0,26972.1
1999,218,6166.0,73000.0,11839.1
1999,222,350.0,6818.0,19480.0
1999,242,200.0,2409.0,12045.0
1999,254,98.0,1808.0,18449.0
1999,258,200.0,3708.0,18540.0
1999,266,110.0,700.0,6363.6
1999,288,1288.0,48839.94,37908.4
1999,312,285.0,6975.0,24473.7
1999,320,3640.0,100847.0,27705.2
1999,324,18413.0,73750.16,4005.3
1999,328,287.0,2500.0,8704.5
1999,332,331.0,3307.11,9998.6
1999,340,3800.0,70000.0,18421.1
1999,356,74200.0,1006000.0,13558.0
1999,360,7173.0,316479.0,44120.9
1999,376,30.0,420.0,14000.0
1999,384,5200.0,252000.0,48461.5
1999,388,863.0,19275.0,22334.9
1999,392,507.0,12600.0,24852.1
1999,404,11612.0,567362.0,48860.0
1999,410,45.0,2286.0,50800.0
1999,418,3500.0,34000.0,9714.3
1999,430,1100.0,6566.42,5970.0
1999,432,15252.0,160956.21,10553.0
1999,450,8800.0,52000.0,5909.1
1999,458,8106.0,245000.0,30224.5
1999,474,484.0,20812.0,43000.0
1999,480,60.0,1014.0,16900.0
1999,484,11555.0,504339.0,43646.8
1999,508,2400.0,19000.0,7916.7
1999,524,500.0,8700.0,17400.0
1999,558,3100.0,46000.0,14838.7
1999,566,116747.0,881000.0,7546.2
1999,591,480.0,18322.0,38170.8
1999,598,568.0,11500.0,20256.6
1999,600,3538.0,40719.0,11509.0
1999,604,9795.0,144466.0,14749.0
1999,608,43265.0,1565878.0,36192.7
1999,620,68.0,1838.0,27029.4
1999,624,80.0,221.77,2788.3
1999,626,2.0,11.0,5500.0
1999,630,374.0,19321.0,51660.4
1999,638,1050.0,8560.0,8152.4
1999,690,6.0,150.0,25000.0
1999,704,36200.0,255600.0,7060.8
1999,710,8500.0,160216.0,18848.9
1999,716,70.0,502.21,7179.2
1999,722,8658.0,184949.25,21362.8
1999,736,1300.0,4950.0,3807.7
1999,740,25.0,350.0,14000.0
1999,748,210.0,10000.0,47619.0
1999,764,99200.0,2371791.0,23909.2
1999,768,141.0,1103.04,7824.3
1999,780,283.0,3410.8,12042.5
1999,800,82.0,700.0,8536.6
1999,834,8800.0,75000.0,8522.7
1999,840,8499.0,319331.0,37572.8
1999,862,14797.0,298766.0,20191.0
1999,882,146.0,4347.95,29780.5
1999,901,71776.0,1196421.7,16668.9
1999,902,132248.0,2266881.86,17141.1
2000,1,717895.0,15105431.09,21041.3
2000,2,209680.0,2567469.95,12244.7
2000,5,108818.0,2985671.0,27437.3
2000,9,3904.0,161391.94,41341.9
2000,11,146545.0,1316720.67,8985.1
2000,13,36239.0,1669504.0,46069.3
2000,14,35911.0,770392.53,21452.8
2000,15,1350.0,5000.0,3703.7
2000,17,16274.0,295755.74,18173.6
2000,18,9600.0,179601.0,18708.4
2000,19,164699.0,5136347.12,31186.2
2000,21,8377.0,321145.0,38336.5
2000,24,3100.0,39000.0,12580.6
2000,28,2.0,25.12,10192.3
2000,29,11265.0,160027.12,14205.1
2000,30,53476.0,1226601.0,22937.4
2000,32,160.0,3150.0,19687.5
2000,34,89285.0,1218020.0,13641.9
2000,35,196768.0,4793622.08,24361.8
2000,36,2817.0,139284.0,49444.1
2000,39,67.0,1779.0,26552.2
2000,50,14170.0,148000.0,10444.6
2000,53,2817.0,139284.0,49444.1
2000,54,762.0,14538.0,19078.7
2000,61,325.0,7569.94,23304.3
2000,68,4800.0,59331.0,12360.6
2000,76,60406.0,2003688.0,33170.3
2000,84,176.0,2202.0,12511.4
2000,96,90.0,800.0,8888.9
2000,97,67.0,1779.0,26552.2
2000,116,1550.0,16000.0,10322.6
2000,120,1789.0,42857.0,23955.8
2000,140,2670.0,14000.0,5243.8
2000,142,339544.0,7238443.08,21318.1
2000,144,4600.0,41520.0,9026.1
2000,145,15.0,200.0,13333.3
2000,150,67.0,1779.0,26552.2
2000,156,45000.0,856500.0,19033.3
2000,158,7953.0,357535.0,44956.0
2000,159,52953.0,1214035.0,22926.7
2000,170,8464.0,338349.0,39975.1
2000,178,900.0,3154.0,3504.4
2000,180,7698.0,196000.0,25461.2
2000,184,6.0,69.94,11601.0
2000,188,12500.0,903125.0,72250.0
2000,192,2469.0,24082.0,9753.7
2000,199,76857.0,747501.16,9725.9
2000,204,1233.0,53026.0,43005.7
2000,214,5893.0,64379.0,10924.7
2000,218,3668.0,48507.0,13224.4
2000,222,280.0,5636.0,20128.6
2000,242,162.0,2538.0,15666.7
2000,254,99.0,1807.0,18252.5
2000,258,189.0,3500.0,18538.0
2000,266,117.0,744.74,6362.9
2000,288,1534.0,60000.0,39112.6
2000,312,272.0,5460.0,20076.1
2000,320,3640.0,99790.0,27414.8
2000,324,17755.0,71500.0,4026.9
2000,328,350.0,3180.0,9085.7
2000,332,350.0,3690.0,10542.9
2000,340,3900.0,71000.0,18205.1
2000,356,70000.0,1020000.0,14571.4
2000,360,6994.0,393299.0,56233.8
2000,376,15.0,200.0,13333.3
2000,384,7663.0,238000.0,31058.3
2000,388,913.0,20291.0,22224.5
2000,392,490.0,11200.0,22857.1
2000,404,13082.0,606516.0,46362.6
2000,410,33.0,1366.0,41393.9
2000,418,3700.0,35000.0,9459.5
2000,430,1128.0,6709.0,5945.6
2000,432,17376.0,185355.53,10667.2
2000,450,8700.0,51000.0,5862.1
2000,458,7271.0,249135.0,34264.2
2000,474,490.0,20800.0,42449.0
2000,480,79.0,3416.0,43240.5
2000,484,12050.0,522422.0,43354.5
2000,508,1900.0,13000.0,6842.1
2000,524,515.0,8500.0,16504.9
2000,558,3200.0,47000.0,14687.5
2000,566,117005.0,886109.51,7573.3
2000,591,493.0,18329.0,37178.5
2000,598,600.0,12000.0,20000.0
2000,600,3063.0,38553.0,12586.7
2000,604,10727.0,137668.0,12833.8
2000,608,42968.0,1559563.08,36295.9
2000,620,67.0,1779.0,26552.2
2000,624,79.0,221.79,2802.9
2000,626,7.0,50.0,7142.9
2000,630,586.0,17850.0,30460.8
2000,638,1250.0,10024.0,8019.2
2000,646,1744.0,8000.0,4587.4
2000,690,6.0,145.0,24166.7
2000,704,36500.0,291400.0,7983.6
2000,710,9000.0,159921.0,17769.0
2000,716,90.0,641.53,7093.7
2000,722,13074.0,191709.86,14663.0
2000,736,1350.0,5000.0,3703.7
2000,740,25.0,360.0,14400.0
2000,748,600.0,19680.0,32800.0
2000,764,97688.0,2248375.0,23015.9
2000,768,147.0,1154.37,7838.0
2000,780,290.0,3450.0,11896.6
2000,800,194.0,1650.0,8505.2
2000,834,8866.0,76000.0,8572.4
2000,840,8377.0,321145.0,38336.5
2000,862,17056.0,351078.0,20583.8
2000,882,130.0,4000.0,30769.2
2000,901,73391.0,1209619.7,16481.8
2000,902,144658.0,2338987.03,16169.1
2001,1,752832.0,15646739.11,20783.8
2001,2,215664.0,2610047.78,12102.4
2001,5,108789.0,3067344.47,28195.3
2001,9,4030.0,145776.89,36177.1
2001,11,149212.0,1343837.93,9006.3
2001,13,36574.0,1772685.24,48468.0
2001,14,37095.0,779714.56,21019.6
2001,15,1400.0,5100.0,3642.9
2001,17,16308.0,293675.29,18008.6
2001,18,11650.0,187720.0,16113.3
2001,19,167646.0,5367400.32,32016.2
2001,21,8134.0,293022.0,36024.3
2001,24,3200.0,40000.0,12500.0
2001,28,2.0,25.62,10343.2
2001,29,14148.0,234348.62,16563.5
2001,30,69745.0,1269955.0,18208.5
2001,32,165.0,3204.47,19439.8
2001,34,99530.0,1432410.0,14391.7
2001,35,196091.0,4818598.0,24573.3
2001,36,2733.0,119618.0,43768.0
2001,39,66.0,1778.0,26939.4
2001,50,14170.0,152000.0,10726.9
2001,53,2733.0,119618.0,43768.0
2001,54,960.0,18323.0,19086.5
2001,61,337.0,7835.89,23283.8
2001,68,4830.0,59500.0,12318.8
2001,76,62597.0,2145027.0,34267.2
2001,84,152.0,2028.0,13342.1
2001,96,100.0,900.0,9000.0
2001,97,66.0,1778.0,26939.4
2001,116,1550.0,16000.0,10322.6
2001,120,1800.0,43539.0,24188.3
2001,140,2727.0,14100.0,5169.8
2001,142,365426.0,7521736.11,20583.5
2001,144,4830.0,51110.0,10581.8
2001,145,60.0,773.11,12854.2
2001,150,66.0,1778.0,26939.4
2001,156,60660.0,869000.0,14325.8
2001,158,8610.0,388691.0,45144.1
2001,159,69270.0,1257691.0,18156.4
2001,170,7680.0,313573.0,40829.8
2001,178,907.0,3200.0,3527.3
2001,180,7554.0,192080.0,25427.6
2001,184,3.0,30.0,9416.4
2001,188,13035.0,950400.0,72911.4
2001,192,2840.0,29331.0,10327.8
2001,199,81191.0,771804.27,9506.0
2001,204,1355.0,57147.0,42174.9
2001,214,8278.0,136862.0,16533.2
2001,218,3847.0,47318.0,12300.0
2001,222,280.0,5800.0,20714.3
2001,242,160.0,2323.0,14518.8
2001,254,101.0,1866.0,18475.2
2001,258,192.0,3505.89,18266.6
2001,266,119.0,756.29,6360.8
2001,288,1373.0,55349.28,40316.8
2001,312,220.0,3600.0,16363.6
2001,320,1677.0,37657.24,22450.4
2001,324,21000.0,85000.0,4047.6
2001,328,459.0,4429.0,9639.0
2001,332,310.0,2800.0,9032.3
2001,340,3600.0,83000.0,23055.6
2001,356,80000.0,1220000.0,15250.0
2001,360,7960.0,494968.0,62181.9
2001,376,60.0,773.11,12854.2
2001,384,7132.0,248890.0,34897.6
2001,388,976.0,20447.0,20949.8
2001,392,443.0,11200.0,25282.2
2001,404,13974.0,612248.0,43813.4
2001,410,32.0,1064.0,33250.0
2001,418,4200.0,37000.0,8809.5
2001,430,1140.0,6835.64,5998.8
2001,432,18888.0,193635.66,10251.9
2001,450,8805.0,51456.99,5844.3
2001,458,8533.0,288938.0,33861.2
2001,474,510.0,19094.0,37439.2
2001,480,165.0,6016.0,36460.6
2001,484,14159.0,625957.0,44209.1
2001,508,1950.0,13506.15,6925.3
2001,524,530.0,9300.0,17547.2
2001,558,3250.0,45000.0,13846.2
2001,566,116977.0,889190.37,7601.4
2001,591,421.0,22843.0,54258.9
2001,598,800.0,16000.0,20000.0
2001,600,3487.0,41392.0,11870.4
2001,604,10930.0,150570.0,13775.8
2001,608,44340.0,1617906.0,36488.6
2001,620,66.0,1778.0,26939.4
2001,624,80.0,225.64,2816.5
2001,626,10.0,100.0,10000.0
2001,630,712.0,18689.0,26248.6
2001,638,1029.0,7624.0,7409.1
2001,646,2165.0,10000.0,4619.6
2001,690,5.0,130.0,26000.0
2001,704,37500.0,284500.0,7586.7
2001,710,11000.0,167720.0,15247.3
2001,716,111.0,780.57,7002.6
2001,722,16342.0,273811.15,16755.5
2001,736,1400.0,5100.0,3642.9
2001,740,25.0,375.0,15000.0
2001,748,650.0,20000.0,30769.2
2001,764,91898.0,2078286.0,22615.1
2001,768,155.0,1200.0,7741.9
2001,780,300.0,3500.0,11666.7
2001,800,187.0,1563.08,8351.5
2001,834,8703.0,76389.76,8777.0
2001,840,8134.0,293022.0,36024.3
2001,862,14668.0,300090.0,20458.8
2001,882,141.0,4300.0,30405.1
2001,901,78104.0,1231471.85,15767.1
2001,902,150077.0,2444750.18,16290.0
2002,1,754577.0,15785229.38,20919.3
2002,2,222326.0,2680641.57,12057.2
2002,5,111354.0,3233975.0,29042.3
2002,9,4362.0,147359.68,33780.2
2002,11,152506.0,1382191.42,9063.2
2002,13,39970.0,1890130.83,47288.4
2002,14,36514.0,785448.09,21510.6
2002,15,1369.0,5150.0,3760.9
2002,17,18236.0,299362.06,16416.0
2002,18,13700.0,208490.0,15218.2
2002,19,171861.0,5628995.95,32753.2
2002,21,7730.0,290301.0,37555.1
2002,24,3592.0,42623.44,11867.2
2002,28,2.0,26.12,10494.1
2002,29,12806.0,214589.12,16756.4
2002,30,65795.0,1257337.0,19109.9
2002,32,165.0,3200.0,19393.9
2002,34,99514.0,1392920.0,13997.2
2002,35,190567.0,4675136.18,24532.7
2002,36,2963.0,119328.0,40272.7
2002,39,66.0,1689.0,25590.9
2002,50,14164.0,153000.0,10802.0
2002,53,2963.0,119328.0,40272.7
2002,54,1046.0,19865.0,18991.9
2002,61,353.0,8166.68,23113.1
2002,68,4859.0,58354.0,12009.5
2002,76,61127.0,2149851.0,35170.2
2002,84,198.0,1909.0,9641.4
2002,96,101.0,913.4,9020.2
2002,97,66.0,1689.0,25590.9
2002,116,1615.0,16740.78,10364.4
2002,120,3215.0,45555.0,14169.5
2002,140,2783.0,14000.0,5030.1
2002,142,355961.0,7326543.18,20582.4
2002,144,4800.0,50920.0,10608.3
2002,145,85.0,1150.0,13529.4
2002,150,66.0,1689.0,25590.9
2002,156,56200.0,827300.0,14720.6
2002,158,9106.0,416280.0,45714.9
2002,159,65306.0,1243580.0,19042.4
2002,170,8575.0,353490.0,41223.3
2002,178,940.0,3294.0,3504.3
2002,180,7585.0,193120.0,25460.8
2002,184,8.0,51.92,6657.9
2002,188,15500.0,992000.0,64000.0
2002,192,3202.0,36900.0,11524.0
2002,199,86802.0,841026.69,9689.0
2002,204,1723.0,98256.0,57026.1
2002,214,6531.0,108580.0,16625.3
2002,218,4271.0,76616.0,17938.7
2002,222,300.0,5800.0,19333.3
2002,242,146.0,1865.0,12776.5
2002,254,100.0,1810.0,18100.0
2002,258,196.0,3514.76,17974.9
2002,266,121.0,769.61,6358.8
2002,288,1373.0,56999.25,41521.0
2002,312,172.0,3300.0,19241.0
2002,320,2376.0,57492.83,24194.8
2002,324,25500.0,101961.0,3998.5
2002,328,456.0,4500.0,9866.3
2002,332,250.0,2480.0,9920.0
2002,340,2640.0,102960.0,39000.0
2002,356,80000.0,1180000.0,14750.0
2002,360,9034.0,555588.0,61499.7
2002,376,85.0,1150.0,13529.4
2002,384,6500.0,227501.0,35000.2
2002,388,981.0,20571.0,20969.4
2002,392,457.0,12700.0,27789.9
2002,404,13193.0,619860.0,46984.0
2002,410,32.0,1057.0,33031.3
2002,418,4200.0,40000.0,9523.8
2002,430,1170.0,6986.73,5971.0
2002,432,19960.0,250125.71,12531.1
2002,450,8871.0,51779.16,5837.2
2002,458,9980.0,310000.0,31062.1
2002,474,490.0,17988.0,36710.2
2002,480,83.0,1917.0,23096.4
2002,484,15243.0,659817.0,43286.6
2002,508,1914.0,13244.22,6920.4
2002,524,550.0,9000.0,16363.6
2002,558,3300.0,46000.0,13939.4
2002,566,116000.0,889000.0,7663.8
2002,591,413.0,24152.0,58479.4
2002,598,900.0,18000.0,20000.0
2002,600,3969.0,82249.0,20722.9
2002,604,11444.0,156318.0,13659.4
2002,608,44961.0,1639161.0,36457.4
2002,620,66.0,1689.0,25590.9
2002,624,81.0,229.91,2830.6
2002,626,10.0,100.0,10000.0
2002,630,871.0,21144.0,24275.5
2002,638,1050.0,6500.0,6190.5
2002,646,2574.0,12000.0,4662.3
2002,690,5.0,125.0,25000.0
2002,704,41200.0,373800.0,9072.8
2002,710,13000.0,176490.0,13576.2
2002,716,134.0,924.8,6911.5
2002,722,15062.0,251691.7,16710.3
2002,736,1369.0,5150.0,3760.9
2002,740,23.0,290.0,12608.7
2002,748,700.0,32000.0,45714.3
2002,764,79466.0,1738833.0,21881.5
2002,768,159.0,1257.53,7890.5
2002,780,307.0,3600.0,11709.9
2002,800,192.0,1597.9,8343.4
2002,834,8500.0,77500.0,9117.6
2002,840,7730.0,290301.0,37555.1
2002,862,16365.0,347297.0,21221.9
2002,882,150.0,4600.0,30666.7
2002,901,84003.0,1304196.27,15525.6
2002,902,154122.0,2560646.42,16614.4
2003,1,757266.0,16122711.26,21290.7
2003,2,223092.0,2491731.48,11169.1
2003,5,109629.0,3261610.91,29751.4
2003,9,4131.0,134415.44,32535.0
2003,11,154044.0,1400555.64,9091.9
2003,13,42269.0,1913306.0,45264.7
2003,14,35522.0,586093.03,16499.6
2003,15,1377.0,5200.0,3776.8
2003,17,18311.0,302029.71,16494.0
2003,18,13838.0,197853.11,14297.6
2003,19,171873.0,5653825.52,32895.4
2003,21,6475.0,272156.0,42031.8
2003,24,3769.0,43831.09,11629.1
2003,28,2.0,26.61,10644.9
2003,29,13499.0,206752.61,15315.6
2003,30,62953.0,1281507.0,20356.6
2003,32,166.0,3212.91,19345.4
2003,34,109633.0,1523090.0,13892.6
2003,35,185428.0,5035341.82,27155.3
2003,36,2616.0,104743.0,40039.4
2003,39,65.0,1650.0,25384.6
2003,50,14243.0,154230.0,10828.5
2003,53,2616.0,104743.0,40039.4
2003,54,1164.0,21564.22,18526.8
2003,61,351.0,8108.22,23069.8
2003,68,4848.0,58098.0,11983.9
2003,76,57986.0,2160020.0,37250.7
2003,84,110.0,1658.0,15072.7
2003,96,105.0,945.26,9014.3
2003,97,65.0,1650.0,25384.6
2003,116,1600.0,16631.55,10394.7
2003,120,3311.0,46968.0,14185.4
2003,140,2772.0,13800.0,4978.1
2003,142,358105.0,7841088.82,21896.1
2003,144,4830.0,48860.0,10115.9
2003,145,91.0,1150.0,12607.5
2003,150,65.0,1650.0,25384.6
2003,156,52600.0,821900.0,15625.5
2003,158,9875.0,447807.0,45347.5
2003,159,62475.0,1269707.0,20323.4
2003,170,9393.0,390545.0,41578.3
2003,178,710.0,2487.0,3502.8
2003,180,7626.0,194160.0,25460.3
2003,184,5.0,25.0,5000.0
2003,188,16445.0,984233.0,59850.0
2003,192,4089.0,40543.0,9915.1
2003,199,87347.0,860906.62,9856.2
2003,204,1714.0,93505.0,54553.7
2003,214,6451.0,97240.0,15073.6
2003,218,4739.0,67206.0,14181.5
2003,222,280.0,2280.0,8142.9
2003,242,225.0,2787.0,12375.0
2003,254,108.0,2067.0,19138.9
2003,258,194.0,3421.0,17604.5
2003,266,123.0,783.61,6357.2
2003,288,1371.0,58581.24,42725.2
2003,312,360.0,5750.0,15972.2
2003,320,2376.0,51923.0,21850.8
2003,324,25778.0,105000.0,4073.3
2003,328,166.0,1663.0,10023.1
2003,332,260.0,2500.0,9615.4
2003,340,2747.0,116945.0,42571.9
2003,356,90000.0,1310000.0,14555.6
2003,360,7130.0,677089.0,94963.4
2003,376,91.0,1150.0,12607.5
2003,384,6970.0,243242.0,34898.4
2003,388,1031.0,22799.0,22113.5
2003,392,448.0,10800.0,24107.1
2003,404,11892.0,399103.0,33560.6
2003,410,30.0,1000.0,33333.3
2003,418,4100.0,40000.0,9756.1
2003,430,1200.0,7200.0,6000.0
2003,432,20486.0,248172.54,12114.2
2003,450,8920.0,52020.6,5832.0
2003,458,10000.0,320000.0,32000.0
2003,474,450.0,16769.0,37264.4
2003,480,126.0,4562.0,36206.3
2003,484,16432.0,678603.0,41297.7
2003,508,1700.0,11500.0,6764.7
2003,524,560.0,10000.0,17857.1
2003,558,3400.0,48000.0,14117.6
2003,566,116766.0,891496.39,7634.9
2003,591,479.0,29664.0,61929.0
2003,598,939.0,18777.22,20002.7
2003,600,4238.0,73472.0,17336.5
2003,604,11933.0,164731.0,13804.7
2003,608,47663.0,1697952.0,35624.1
2003,620,65.0,1650.0,25384.6
2003,624,80.0,220.0,2750.0
2003,626,10.0,100.0,10000.0
2003,630,536.0,17325.0,32322.8
2003,638,1250.0,8020.0,6416.0
2003,646,2770.0,13000.0,4693.9
2003,690,4.0,118.0,29500.0
2003,704,33400.0,383200.0,11473.1
2003,710,13000.0,160820.0,12370.8
2003,716,157.0,1072.07,6825.4
2003,722,15536.0,245121.05,15777.8
2003,736,1377.0,5200.0,3776.8
2003,740,25.0,375.0,15000.0
2003,748,838.0,37033.11,44180.2
2003,764,81420.0,1899424.0,23328.7
2003,768,165.0,1311.01,7929.3
2003,780,320.0,3800.0,11875.0
2003,800,203.0,1697.36,8354.5
2003,834,8500.0,95000.0,11176.5
2003,840,6475.0,272156.0,42031.8
2003,862,16027.0,340221.0,21228.0
2003,882,152.0,4662.22,30644.2
2003,901,83095.0,1103744.04,13283.0
2003,902,155159.0,2387738.17,15389.0
2004,1,764603.0,16735910.99,21888.4
2004,2,225776.0,2736565.43,12120.7
2004,5,108450.0,3255529.0,30018.6
2004,9,4247.0,142333.21,33511.5
2004,11,154250.0,1402482.73,9092.3
2004,13,43243.0,2032972.0,47012.5
2004,14,37643.0,824929.13,21914.5
2004,15,1361.0,5150.47,3784.6
2004,17,18627.0,304069.11,16324.0
2004,18,13894.0,199934.0,14389.6
2004,19,169835.0,5683939.11,33467.4
2004,21,5261.0,199581.0,37935.9
2004,24,3787.0,42942.22,11340.4
2004,28,3.0,27.11,10795.6
2004,29,12881.0,195857.11,15205.7
2004,30,61851.0,1279331.64,20684.0
2004,32,163.0,3183.0,19527.6
2004,34,103611.0,1514635.0,14618.5
2004,35,199138.0,5376363.59,26998.2
2004,36,2664.0,110417.0,41447.8
2004,39,65.0,1818.0,27969.2
2004,50,16820.0,212775.0,12650.1
2004,53,2664.0,110417.0,41447.8
2004,54,1190.0,22970.21,19297.9
2004,61,393.0,8946.0,22763.4
2004,68,1153.0,12600.0,10928.0
2004,76,59163.0,2215949.0,37455.0
2004,84,166.0,2159.0,13006.0
2004,96,110.0,990.0,9000.0
2004,97,65.0,1818.0,27969.2
2004,116,1744.0,18163.59,10417.0
2004,120,3410.0,48424.0,14200.6
2004,140,2818.0,13826.01,4907.0
2004,142,364680.0,8171255.24,22406.7
2004,144,5190.0,57680.0,11113.7
2004,145,80.0,925.0,11562.5
2004,150,65.0,1818.0,27969.2
2004,156,51000.0,808300.0,15849.0
2004,158,10379.0,458499.0,44175.6
2004,159,61379.0,1266799.0,20639.0
2004,170,9618.0,391488.0,40703.7
2004,178,820.0,2867.0,3496.3
2004,180,7667.0,195210.0,25461.1
2004,184,3.0,15.0,5000.0
2004,188,18000.0,1077300.0,59850.0
2004,192,3015.0,45607.0,15126.7
2004,199,91713.0,979924.51,10684.7
2004,204,2166.0,110819.0,51163.0
2004,214,7217.0,92620.0,12833.6
2004,218,5661.0,75206.0,13284.9
2004,222,417.0,6578.0,15774.6
2004,242,215.0,3488.0,16252.0
2004,254,93.0,1800.0,19354.8
2004,258,230.0,3931.0,17091.3
2004,266,126.0,799.88,6359.1
2004,288,1517.0,67000.0,44177.1
2004,312,295.0,5750.0,19491.5
2004,320,2376.0,71785.0,30209.4
2004,324,26000.0,107000.0,4115.4
2004,328,274.0,2728.0,9938.7
2004,332,360.0,3500.0,9722.2
2004,340,2845.0,122335.0,43000.0
2004,356,80900.0,1234200.0,15255.9
2004,360,11432.0,709918.0,62099.2
2004,376,80.0,925.0,11562.5
2004,384,6171.0,215989.0,35000.6
2004,388,901.0,19267.0,21384.0
2004,392,443.0,11500.0,25959.4
2004,404,13500.0,600000.0,44444.4
2004,410,29.0,1032.64,35391.9
2004,418,4200.0,41500.0,9881.0
2004,430,1202.0,7150.68,5947.9
2004,432,16633.0,182741.77,10986.6
2004,450,8861.0,51694.8,5834.0
2004,458,10000.0,330000.0,33000.0
2004,474,260.0,9516.0,36600.0
2004,480,137.0,4490.0,32773.7
2004,484,15749.0,669225.0,42493.2
2004,508,1900.0,12784.57,6728.7
2004,524,701.0,9980.0,14236.8
2004,558,3000.0,47000.0,15666.7
2004,566,116938.0,892915.56,7635.8
2004,591,690.0,36590.0,53029.0
2004,598,976.0,19482.21,19967.9
2004,600,3524.0,52392.0,14867.2
2004,604,12523.0,177055.0,14138.4
2004,608,48238.0,1759813.0,36481.9
2004,620,65.0,1818.0,27969.2
2004,624,85.0,243.67,2874.0
2004,626,10.0,100.0,10000.0
2004,630,473.0,15286.0,32317.1
2004,638,1199.0,8902.0,7424.5
2004,646,2955.0,14000.0,4737.4
2004,659,4.0,50.0,12500.0
2004,662,3.0,34.0,11333.3
2004,690,4.0,114.0,28500.0
2004,704,34400.0,414900.0,12061.0
2004,710,13000.0,164434.0,12648.8
2004,716,181.0,1224.08,6749.6
2004,722,15166.0,237967.99,15690.8
2004,736,1361.0,5150.47,3784.6
2004,740,26.0,360.0,13846.2
2004,748,894.0,35500.0,39693.8
2004,764,89004.0,2100979.0,23605.4
2004,768,171.0,1364.82,7968.3
2004,780,350.0,4200.0,12000.0
2004,800,207.0,1719.68,8322.2
2004,834,8699.0,130000.0,14944.3
2004,840,5261.0,199581.0,37935.9
2004,862,16252.0,322768.0,19860.2
2004,882,160.0,5000.0,31250.0
2004,901,86064.0,1363958.78,15848.2
2004,902,161421.0,2689924.49,16664.1
2005,1,801985.0,17779915.65,22169.9
2005,2,228630.0,2634782.33,11524.2
2005,5,113200.0,3404938.58,30079.1
2005,9,4385.0,136568.27,31143.7
2005,11,152544.0,1390750.46,9117.1
2005,13,57149.0,2602509.96,45539.1
2005,14,40849.0,674581.22,16513.9
2005,15,1369.0,5181.99,3784.4
2005,17,20310.0,363650.65,17904.9
2005,18,13557.0,200618.0,14797.6
2005,19,188877.0,6355487.14,33648.8
2005,21,5666.0,192323.0,33943.3
2005,24,4500.0,50000.0,11111.1
2005,28,3.0,27.6,10946.4
2005,29,12863.0,155715.6,12106.1
2005,30,62646.0,1300238.85,20755.3
2005,32,167.0,3207.58,19153.9
2005,34,107257.0,1582205.0,14751.5
2005,35,210047.0,5767958.06,27460.4
2005,36,2742.0,104022.0,37936.5
2005,39,62.0,1727.0,27854.8
2005,50,18496.0,234865.0,12698.2
2005,53,2742.0,104022.0,37936.5
2005,54,1221.0,22985.0,18819.7
2005,61,422.0,9561.27,22669.6
2005,68,1199.0,13412.0,11186.0
2005,76,61787.0,2292470.0,37102.8
2005,84,138.0,2251.0,16311.6
2005,96,111.0,995.19,8949.5
2005,97,62.0,1727.0,27854.8
2005,116,1841.0,19282.87,10476.7
2005,120,4184.0,100319.0,23976.8
2005,140,2930.0,14000.0,4778.1
2005,142,380031.0,8651350.91,22764.9
2005,144,5260.0,58460.0,11114.1
2005,145,81.0,949.0,11716.2
2005,150,62.0,1727.0,27854.8
2005,156,51500.0,848900.0,16483.5
2005,158,10673.0,439872.0,41213.5
2005,159,62173.0,1288772.0,20728.8
2005,170,9546.0,378007.0,39598.5
2005,178,900.0,3300.0,3666.7
2005,180,7667.0,195210.0,25461.1
2005,184,3.0,15.27,5089.9
2005,188,26821.0,1605237.0,59850.0
2005,192,4262.0,41137.0,9652.0
2005,199,94888.0,1063404.74,11206.9
2005,204,2064.0,121182.0,58712.2
2005,214,6194.0,63669.0,10279.1
2005,218,5737.0,103478.0,18037.0
2005,222,429.0,6676.0,15561.8
2005,242,221.0,2985.0,13486.7
2005,254,135.0,2681.0,19859.3
2005,258,250.0,4346.0,17384.0
2005,266,129.0,821.65,6364.8
2005,288,1526.0,70000.0,45876.7
2005,308,2.0,16.0,8000.0
2005,312,325.0,7475.0,23000.0
2005,320,7618.0,197094.96,25872.4
2005,324,25500.0,106000.0,4156.9
2005,328,158.0,1596.0,10096.8
2005,332,390.0,3800.0,9743.6
2005,340,2691.0,144953.0,53865.8
2005,356,82800.0,1278900.0,15445.7
2005,360,9962.0,925082.0,92861.1
2005,376,81.0,949.0,11716.2
2005,384,5580.0,195294.0,34998.9
2005,388,682.0,14551.0,21335.8
2005,392,443.0,10400.0,23476.3
2005,404,15158.0,401729.0,26502.8
2005,410,30.0,1066.85,35561.8
2005,418,4200.0,41000.0,9761.9
2005,430,1100.0,6515.2,5922.9
2005,432,17044.0,173024.81,10151.9
2005,450,8897.0,51828.42,5825.3
2005,458,10300.0,340000.0,33009.7
2005,474,130.0,4923.0,37869.2
2005,480,134.0,4885.0,36455.2
2005,484,15252.0,551672.0,36170.5
2005,508,2600.0,16000.0,6153.8
2005,524,701.0,9980.0,14236.8
2005,558,3300.0,49000.0,14848.5
2005,566,116500.0,890000.0,7639.5
2005,591,900.0,45626.0,50695.6
2005,598,1000.0,20000.0,20000.0
2005,600,3900.0,56550.0,14500.0
2005,604,13272.0,203930.0,15365.4
2005,608,49215.0,1788218.0,36334.8
2005,620,62.0,1727.0,27854.8
2005,624,89.0,259.26,2912.8
2005,626,10.0,100.0,10000.0
2005,630,474.0,15332.0,32346.0
2005,638,1500.0,11949.0,7966.0
2005,646,3146.0,15000.0,4768.1
2005,659,4.0,50.0,12500.0
2005,662,17.0,235.0,13823.5
2005,690,4.0,107.0,26750.0
2005,704,36200.0,470000.0,12983.4
2005,710,13000.0,180618.0,13893.7
2005,716,207.0,1382.81,6689.2
2005,722,15066.0,197885.13,13134.8
2005,736,1369.0,5181.99,3784.4
2005,740,27.0,425.0,15740.7
2005,748,557.0,20000.0,35879.1
2005,764,98208.0,2183280.0,22231.2
2005,768,185.0,1500.0,8108.1
2005,780,380.0,4500.0,11842.1
2005,800,203.0,1700.0,8356.3
2005,834,9000.0,170000.0,18888.9
2005,840,5666.0,192323.0,33943.3
2005,862,17271.0,349182.0,20217.8
2005,882,169.0,5200.0,30811.8
2005,901,89591.0,1273887.67,14219.0
2005,902,167082.0,2578720.99,15433.9
2006,1,830867.0,19827517.67,23863.6
2006,2,234287.0,2704032.85,11541.5
2006,5,122322.0,3750323.0,30659.4
2006,9,4717.0,183639.25,38931.4
2006,11,153216.0,1378697.81,8998.4
2006,13,53250.0,3063739.0,57535.0
2006,14,43900.0,736660.15,16780.3
2006,15,1378.0,5214.93,3784.1
2006,17,22975.0,396124.97,17241.8
2006,18,12819.0,187335.0,14614.3
2006,19,195614.0,7152429.04,36564.1
2006,21,5625.0,170551.0,30320.2
2006,24,6500.0,75000.0,11538.5
2006,28,3.0,28.09,11097.0
2006,29,14417.0,167816.04,11640.4
2006,30,64617.0,1394078.88,21574.4
2006,32,170.0,3200.0,18823.5
2006,34,105161.0,1583575.0,15058.6
2006,35,226330.0,6807299.64,30076.9
2006,36,3034.0,153015.0,50433.4
2006,39,62.0,1555.0,25080.6
2006,50,17100.0,253825.0,14843.6
2006,53,3034.0,153015.0,50433.4
2006,54,1380.0,23305.0,16887.7
2006,61,303.0,7319.25,24155.9
2006,68,1228.0,13949.0,11359.1
2006,76,66845.0,2560632.0,38307.0
2006,84,76.0,1434.0,18868.4
2006,96,114.0,1013.8,8919.5
2006,97,62.0,1555.0,25080.6
2006,116,2000.0,21000.0,10500.0
2006,120,4651.0,106349.0,22865.8
2006,140,3005.0,14191.65,4722.1
2006,142,396187.0,9785861.52,24700.1
2006,144,4960.0,57170.0,11526.2
2006,145,79.0,908.0,11446.6
2006,150,62.0,1555.0,25080.6
2006,156,53200.0,890700.0,16742.5
2006,158,10946.0,491588.0,44910.3
2006,159,64146.0,1382288.0,21549.1
2006,170,9927.0,396995.0,39991.4
2006,178,980.0,3500.0,3571.4
2006,180,7709.0,196260.0,25458.6
2006,184,3.0,15.25,5083.9
2006,188,23070.0,1980146.0,85832.1
2006,192,4026.0,45357.0,11266.0
2006,199,99225.0,1157971.39,11670.1
2006,204,2197.0,124463.0,56651.3
2006,214,7710.0,70623.0,9159.9
2006,218,5900.0,105000.0,17796.6
2006,222,455.0,7183.0,15786.8
2006,242,330.0,3205.0,9712.1
2006,254,170.0,3564.0,20964.7
2006,258,150.0,2704.0,18026.7
2006,266,129.0,824.32,6371.1
2006,288,1387.0,66000.0,47576.3
2006,308,2.0,22.0,11000.0
2006,312,360.0,5700.0,15833.3
2006,320,7618.0,194423.0,25521.6
2006,324,26000.0,107000.0,4115.4
2006,328,274.0,3037.0,11085.5
2006,332,378.0,3800.0,10063.3
2006,340,2700.0,147000.0,54444.4
2006,356,82400.0,1262600.0,15322.8
2006,360,21368.0,1427781.0,66818.7
2006,376,79.0,908.0,11446.6
2006,384,5049.0,176698.0,34996.6
2006,388,921.0,20532.6,22298.7
2006,392,441.0,10700.0,24263.0
2006,404,15123.0,417860.0,27630.8
2006,410,30.0,1090.88,36045.4
2006,418,4300.0,42000.0,9767.4
2006,430,1300.0,7800.0,6000.0
2006,432,18647.0,192716.79,10335.3
2006,450,8850.0,52000.0,5875.7
2006,458,10600.0,299318.0,28237.5
2006,474,80.0,2741.0,34262.5
2006,480,176.0,5554.0,31556.8
2006,484,14781.0,633747.0,42875.8
2006,508,3500.0,26000.0,7428.6
2006,524,701.0,9980.0,14236.8
2006,558,3350.0,50000.0,14925.4
2006,566,117000.0,895000.0,7649.6
2006,591,1200.0,49806.0,41505.0
2006,598,1050.0,20100.0,19142.9
2006,600,4975.0,72450.0,14562.8
2006,604,14052.0,234281.0,16672.4
2006,608,49813.0,1833907.84,36815.8
2006,620,62.0,1555.0,25080.6
2006,624,100.0,275.0,2750.0
2006,626,10.0,100.0,10000.0
2006,630,485.0,14049.97,28989.3
2006,638,2000.0,16000.0,8000.0
2006,646,3325.0,16000.0,4812.5
2006,659,4.0,52.0,14444.4
2006,662,3.0,37.0,12333.3
2006,690,4.0,100.0,25000.0
2006,704,37000.0,477000.0,12891.9
2006,710,12129.0,166335.0,13714.3
2006,716,233.0,1546.15,6649.1
2006,722,16765.0,209276.29,12483.2
2006,736,1378.0,5214.93,3784.1
2006,740,25.0,336.0,13440.0
2006,748,690.0,21000.0,30434.8
2006,764,101125.0,2705179.0,26750.8
2006,768,182.0,1461.81,8014.3
2006,780,446.0,4873.38,10915.7
2006,800,190.0,1600.0,8421.1
2006,834,10500.0,200000.0,19047.6
2006,840,5625.0,170551.0,30320.2
2006,862,18756.0,356879.0,19027.5
2006,882,150.0,4600.0,30666.7
2006,901,93652.0,1345301.53,14364.9
2006,902,174580.0,2728545.78,15629.2
2007,1,849686.0,20041709.27,23587.2
2007,2,234293.0,2766305.22,11807.0
2007,5,128344.0,3888532.0,30297.8
2007,9,4398.0,196214.02,44619.4
2007,11,153485.0,1374654.14,8956.3
2007,13,61762.0,2687121.34,43507.8
2007,14,43966.0,791222.08,17996.3
2007,15,1374.0,5200.0,3783.9
2007,17,22432.0,415141.0,18506.5
2007,18,13035.0,180088.0,13815.3
2007,19,211002.0,6935107.28,32867.4
2007,21,5700.0,172000.0,30175.4
2007,24,7372.0,82361.0,11172.1
2007,28,3.0,28.59,11252.3
2007,29,15197.0,187453.94,12335.1
2007,30,66840.0,1380006.94,20646.4
2007,32,180.0,3300.0,18333.3
2007,34,109451.0,1663640.0,15199.9
2007,35,223590.0,7098141.81,31746.3
2007,36,2736.0,164732.0,60209.1
2007,39,62.0,1742.0,28096.8
2007,50,16970.0,238360.0,14046.0
2007,53,2736.0,164732.0,60209.1
2007,54,1347.0,24032.0,17839.0
2007,61,314.0,7450.02,23700.0
2007,68,1257.0,14525.0,11555.3
2007,76,71823.0,2676323.0,37262.8
2007,84,122.0,2276.0,18655.7
2007,96,116.0,1028.81,8880.5
2007,97,62.0,1742.0,28096.8
2007,116,2000.0,21000.0,10500.0
2007,120,3154.0,116710.0,37003.8
2007,140,3036.0,14200.0,4676.9
2007,142,399931.0,10142340.75,25360.2
2007,144,4780.0,53300.0,11150.6
2007,145,50.0,552.0,11040.0
2007,150,62.0,1742.0,28096.8
2007,156,55000.0,891700.0,16212.7
2007,158,11372.0,476811.0,41928.5
2007,159,66372.0,1368511.0,20618.8
2007,170,10941.0,434574.0,39719.8
2007,178,1050.0,3800.0,3619.0
2007,180,7700.0,197320.0,25626.0
2007,184,5.0,25.0,5000.0
2007,188,28160.0,1547139.0,54941.0
2007,192,5907.0,51597.0,8734.9
2007,199,103189.0,1216456.14,11788.6
2007,204,2368.0,129287.0,54597.6
2007,212,40.0,765.0,19125.0
2007,214,7045.0,94915.0,13473.3
2007,218,6200.0,110000.0,17741.9
2007,222,501.0,7913.0,15794.4
2007,231,87.0,449.0,5160.9
2007,242,247.0,2032.0,8221.4
2007,258,155.0,2874.0,18541.9
2007,266,120.0,750.0,6250.0
2007,288,1386.0,68000.0,49058.1
2007,308,2.0,21.0,10500.0
2007,320,8317.0,204529.34,24592.1
2007,324,26000.0,108000.0,4153.8
2007,328,122.0,1301.0,10687.6
2007,332,460.0,4500.0,9782.6
2007,340,3944.0,132131.0,33501.8
2007,356,87000.0,1362000.0,15655.2
2007,360,18957.0,1395566.0,73617.5
2007,376,50.0,552.0,11040.0
2007,384,4562.0,159668.0,34999.6
2007,388,807.0,18102.0,22431.2
2007,392,438.0,10400.0,23744.3
2007,404,14271.0,429065.0,30065.5
2007,410,30.0,1095.94,36266.5
2007,418,4300.0,42500.0,9883.7
2007,430,1352.0,7850.0,5806.3
2007,432,19116.0,196374.08,10272.5
2007,450,9000.0,53500.0,5944.4
2007,458,11780.0,316210.0,26843.0
2007,480,204.0,6398.0,31362.7
2007,484,15918.0,671131.0,42161.8
2007,508,4300.0,35000.0,8139.5
2007,524,701.0,9980.0,14236.8
2007,558,3400.0,51000.0,15000.0
2007,566,117500.0,900000.0,7659.6
2007,591,1400.0,71002.0,50715.7
2007,598,1100.0,22000.0,20000.0
2007,600,5000.0,73000.0,14600.0
2007,604,14289.0,212059.0,14840.7
2007,608,53978.0,2016462.0,37357.1
2007,620,62.0,1742.0,28096.8
2007,624,130.0,350.0,2692.3
2007,626,10.0,100.0,10000.0
2007,630,444.0,12416.35,27978.8
2007,646,3491.0,17000.0,4869.0
2007,659,5.0,60.0,12000.0
2007,662,4.0,49.0,12250.0
2007,690,4.0,90.0,22500.0
2007,704,38000.0,490000.0,12894.7
2007,710,12400.0,160088.0,12910.3
2007,716,258.0,1720.08,6658.8
2007,722,17475.0,229825.97,13151.7
2007,736,1374.0,5200.0,3783.9
2007,740,25.0,375.0,15000.0
2007,748,635.0,20000.0,31474.5
2007,764,94449.0,2815275.0,29807.4
2007,768,187.0,1499.14,8017.2
2007,780,481.0,5000.0,10398.3
2007,800,350.0,3000.0,8571.4
2007,834,12000.0,245000.0,20416.7
2007,840,5700.0,172000.0,30175.4
2007,862,18507.0,363075.0,19618.3
2007,882,154.0,4551.02,29485.6
2007,901,94670.0,1434430.22,15151.9
2007,902,179450.0,2775903.76,15469.0
2008,1,842681.0,19669636.56,23341.7
2008,2,234257.0,2684273.53,11458.7
2008,5,120395.0,3800015.54,31562.8
2008,9,6831.0,197049.99,28844.4
2008,11,154865.0,1310508.11,8462.2
2008,13,68790.0,2860875.57,41588.7
2008,14,40633.0,759982.22,18703.7
2008,15,1374.0,5200.0,3783.6
2008,17,25130.0,439792.2,17500.6
2008,18,12254.0,168791.0,13774.2
2008,19,213281.0,7042066.59,33017.8
2008,21,5750.0,180000.0,31304.3
2008,24,9594.0,95422.0,9946.0
2008,28,3.0,29.08,11330.3
2008,29,18346.0,201175.48,10965.7
2008,30,64461.0,1370272.36,21257.5
2008,32,180.0,3343.54,18622.2
2008,34,101599.0,1517443.0,14935.6
2008,35,222131.0,6856215.09,30865.7
2008,36,5000.0,162000.0,32400.0
2008,39,62.0,1618.0,26096.8
2008,50,15938.0,210283.0,13193.8
2008,53,5000.0,162000.0,32400.0
2008,54,1448.0,26506.0,18305.2
2008,61,383.0,8543.99,22280.7
2008,68,1274.0,14589.0,11451.3
2008,76,65982.0,2568547.0,38928.0
2008,84,72.0,953.0,13236.1
2008,96,118.0,1045.39,8850.0
2008,97,62.0,1618.0,26096.8
2008,116,2000.0,20500.0,10250.0
2008,120,3484.0,127070.0,36472.4
2008,140,3019.0,14000.0,4636.6
2008,142,388250.0,9744628.45,25098.8
2008,144,4960.0,52180.0,10520.2
2008,145,60.0,698.0,11633.3
2008,150,62.0,1618.0,26096.8
2008,156,53400.0,907200.0,16988.8
2008,158,10613.0,452060.0,42594.9
2008,159,64013.0,1359260.0,21234.1
2008,170,10686.0,436044.0,40805.2
2008,178,1100.0,4000.0,3636.4
2008,180,7792.0,198390.0,25460.7
2008,184,6.0,29.99,4818.6
2008,188,33488.0,1667530.0,49794.9
2008,192,5991.0,55387.0,9245.0
2008,199,107118.0,1257421.1,11738.7
2008,204,3081.0,134966.0,43805.9
2008,212,43.0,838.0,19557.6
2008,214,10117.0,105724.0,10450.1
2008,218,7000.0,119337.0,17048.1
2008,222,546.0,8625.0,15796.7
2008,231,40.0,171.74,4293.4
2008,242,298.0,3506.0,11765.1
2008,258,219.0,4014.0,18325.4
2008,266,141.0,910.2,6472.4
2008,288,1476.0,70000.0,47439.5
2008,308,2.0,16.0,8000.0
2008,320,8387.0,204116.57,24338.0
2008,324,26500.0,109000.0,4113.2
2008,328,125.0,1310.0,10508.3
2008,332,452.0,4639.55,10257.7
2008,340,4117.0,133452.0,32414.9
2008,356,80000.0,1245000.0,15562.5
2008,360,14271.0,1433133.0,100422.7
2008,376,60.0,698.0,11633.3
2008,384,2010.0,86147.0,42859.2
2008,388,910.0,20351.0,22363.7
2008,392,418.0,9910.0,23708.1
2008,404,7792.0,339850.0,43615.2
2008,410,30.0,1102.36,37240.3
2008,418,2575.0,33260.0,12916.5
2008,430,1490.0,8508.59,5710.5
2008,432,17718.0,173745.22,9806.2
2008,450,10218.0,60000.0,5871.7
2008,458,13291.0,384673.0,28942.4
2008,480,228.0,6393.0,28039.5
2008,484,17080.0,718292.0,42054.6
2008,508,5000.0,40000.0,8000.0
2008,524,701.0,9980.0,14236.8
2008,558,3500.0,52000.0,14857.1
2008,566,120000.0,900000.0,7500.0
2008,591,1600.0,75907.0,47441.9
2008,598,1150.0,23000.0,20000.0
2008,600,5004.0,54257.0,10842.7
2008,604,13442.0,243492.0,18114.3
2008,608,58251.0,2209336.0,37927.9
2008,620,62.0,1618.0,26096.8
2008,624,124.0,386.52,3120.4
2008,626,9.0,105.7,12435.3
2008,630,398.0,10058.84,25257.4
2008,646,3685.0,18208.0,4940.9
2008,659,5.0,69.0,13800.0
2008,662,5.0,63.0,12600.0
2008,690,4.0,80.0,20000.0
2008,704,38500.0,496000.0,12883.1
2008,710,11500.0,144791.0,12590.5
2008,716,325.0,2379.49,7317.3
2008,722,20758.0,245753.69,11838.7
2008,736,1374.0,5200.0,3783.6
2008,740,20.0,300.0,15000.0
2008,748,754.0,24000.0,31823.3
2008,764,93116.0,2278162.0,24465.8
2008,768,185.0,1500.0,8108.1
2008,780,420.0,4000.0,9523.8
2008,800,340.0,2900.0,8529.4
2008,834,13000.0,290000.0,22307.7
2008,840,5750.0,180000.0,31304.3
2008,862,16683.0,358796.0,21506.7
2008,882,158.0,4500.0,28443.9
2008,901,93204.0,1423149.88,15269.2
2008,902,175444.0,2702243.38,15402.3
2009,1,873410.0,20260944.32,23197.5
2009,2,268002.0,3374565.9,12591.6
2009,5,114785.0,3402397.43,29641.6
2009,9,4884.0,191626.29,39235.9
2009,11,167587.0,1856994.93,11080.8
2009,13,75745.0,3200576.42,42254.5
2009,14,46503.0,705808.58,15177.6
2009,15,1407.0,5323.91,3783.4
2009,17,42105.0,658445.49,15638.3
2009,18,10400.0,147993.0,14230.1
2009,19,213109.0,7039728.1,33033.4
2009,21,5800.0,200000.0,34482.8
2009,24,25840.0,291943.0,11298.1
2009,28,3.0,29.57,11335.9
2009,29,16779.0,236754.24,14109.8
2009,30,64394.0,1444897.28,22438.4
2009,32,178.0,3309.43,18625.2
2009,34,105263.0,1629613.0,15481.3
2009,35,217626.0,6578156.75,30226.9
2009,36,3000.0,157679.0,52559.7
2009,39,62.0,1594.0,25709.7
2009,50,15778.0,229068.0,14518.2
2009,53,3000.0,157679.0,52559.7
2009,54,1503.0,25868.0,17210.9
2009,61,381.0,8079.29,21208.2
2009,68,4015.0,48074.0,11973.6
2009,76,60176.0,2206492.0,36667.3
2009,84,59.0,1177.0,19949.2
2009,96,120.0,1061.75,8820.2
2009,97,62.0,1594.0,25709.7
2009,116,2100.0,22000.0,10476.2
2009,120,4047.0,147767.0,36512.7
2009,140,3100.0,14200.0,4580.6
2009,142,387353.0,9653430.03,24921.6
2009,144,4780.0,49550.0,10366.1
2009,145,70.0,763.0,10900.0
2009,150,62.0,1594.0,25709.7
2009,156,53900.0,999400.0,18541.7
2009,158,10051.0,434769.0,43256.3
2009,159,63951.0,1434169.0,22426.1
2009,170,7994.0,326697.0,40867.8
2009,178,1136.0,4100.0,3608.8
2009,180,7834.0,199466.0,25461.6
2009,184,6.0,27.29,4586.0
2009,188,40000.0,1946054.0,48651.3
2009,192,5766.0,70920.0,12299.7
2009,199,129251.0,1599612.47,12376.0
2009,204,4245.0,222222.0,52349.1
2009,212,55.0,1084.0,19713.3
2009,214,8808.0,127184.0,14439.6
2009,218,6324.0,120000.0,18976.3
2009,222,546.0,8625.0,15796.7
2009,231,119.0,417.6,3509.2
2009,242,403.0,3868.0,9598.0
2009,258,225.0,4052.0,18008.9
2009,266,148.0,969.49,6567.2
2009,288,9000.0,450000.0,50000.0
2009,308,2.0,28.0,14000.0
2009,320,8736.0,238884.42,27344.2
2009,324,26000.0,108000.0,4153.8
2009,328,243.0,2500.0,10272.6
2009,332,471.0,4871.41,10340.6
2009,340,4095.0,115059.0,28097.4
2009,356,84000.0,1341000.0,15964.3
2009,360,12611.0,1558196.0,123558.5
2009,376,70.0,763.0,10900.0
2009,384,1557.0,66730.0,42858.1
2009,388,1029.0,21368.0,20765.8
2009,392,413.0,9620.0,23293.0
2009,404,9670.0,257623.0,26641.5
2009,410,30.0,1108.28,36964.9
2009,418,3770.0,45780.0,12143.2
2009,430,1450.0,8000.0,5517.2
2009,432,21639.0,220579.58,10193.7
2009,450,12311.0,72000.0,5848.7
2009,458,13333.0,357654.0,26824.7
2009,480,271.0,8880.0,32767.5
2009,484,17009.0,749396.0,44058.8
2009,508,6600.0,45000.0,6818.2
2009,524,705.0,9995.0,14177.3
2009,558,3600.0,53532.0,14870.0
2009,566,125000.0,1000000.0,8000.0
2009,591,1700.0,87849.0,51675.9
2009,598,1100.0,22000.0,20000.0
2009,600,5100.0,55300.0,10843.1
2009,604,13735.0,274393.0,19977.6
2009,608,58823.0,2198497.0,37374.8
2009,620,62.0,1594.0,25709.7
2009,624,140.0,457.93,3270.9
2009,626,9.0,106.0,11777.8
2009,630,334.0,7926.26,23708.7
2009,646,3338.0,16676.63,4996.5
2009,659,7.0,99.0,13469.4
2009,662,4.0,44.0,11000.0
2009,690,3.0,75.0,25000.0
2009,704,36203.0,500000.0,13810.9
2009,710,9600.0,122993.0,12811.8
2009,716,352.0,2636.35,7487.1
2009,722,19409.0,284197.47,14642.8
2009,736,1407.0,5323.91,3783.4
2009,740,20.0,300.0,15000.0
2009,748,800.0,25000.0,31250.0
2009,764,90656.0,1894862.0,20901.7
2009,768,195.0,1585.0,8128.2
2009,780,300.0,3200.0,10666.7
2009,800,340.0,2500.0,7352.9
2009,834,13500.0,300000.0,22222.2
2009,840,5800.0,200000.0,34482.8
2009,862,17000.0,365332.0,21490.1
2009,882,150.0,4000.0,26666.7
2009,901,100560.0,1476373.83,14681.6
2009,902,197977.0,2999730.53,15151.9
2010,1,944597.0,21305617.24,22555.3
2010,2,324206.0,4011489.56,12373.3
2010,5,119957.0,3603447.78,30039.4
2010,9,4592.0,153021.2,33321.1
2010,11,224759.0,2445496.3,10880.5
2010,13,79855.0,3542674.63,44363.7
2010,14,47326.0,746437.36,15772.3
2010,15,1425.0,5391.62,3783.1
2010,17,42646.0,693377.28,16259.0
2010,18,8050.0,120787.0,15004.6
2010,19,222536.0,7594383.57,34126.6
2010,21,5700.0,184443.75,32358.6
2010,24,25881.0,313365.0,12107.9
2010,28,3.0,30.06,11341.5
2010,29,17023.0,263817.42,15497.9
2010,30,64412.0,1448452.0,22487.3
2010,32,178.0,3317.44,18623.1
2010,34,113586.0,1684396.0,14829.3
2010,35,215193.0,6412274.91,29797.8
2010,36,2768.0,121503.46,43901.6
2010,39,62.0,1483.0,23919.4
2010,50,16018.0,234493.0,14639.3
2010,53,2768.0,121503.46,43901.6
2010,54,1440.0,23345.0,16211.8
2010,61,385.0,8172.74,21244.9
2010,68,4375.0,47345.54,10821.3
2010,76,58507.0,2205586.0,37697.8
2010,84,115.0,2307.0,20060.9
2010,96,123.0,1078.01,8790.9
2010,97,62.0,1483.0,23919.4
2010,116,2142.0,22535.85,10519.4
2010,120,4442.0,159875.0,35991.7
2010,140,3170.0,14500.0,4574.1
2010,142,393201.0,9545239.91,24275.7
2010,144,4960.0,53030.0,10691.5
2010,145,10.0,117.0,11700.0
2010,150,62.0,1483.0,23919.4
2010,156,55000.0,1018400.0,18516.4
2010,158,9027.0,420172.0,46546.1
2010,159,64027.0,1438572.0,22468.2
2010,170,11307.0,444387.0,39301.9
2010,178,1123.0,4061.99,3618.4
2010,180,7876.0,200548.0,25463.2
2010,184,6.0,26.0,4333.3
2010,188,45000.0,2312732.8,51394.1
2010,192,6293.0,64820.0,10300.3
2010,199,133387.0,1703061.67,12767.8
2010,204,4997.0,266041.0,53240.1
2010,212,51.0,1010.0,19823.3
2010,214,8620.0,165723.94,19225.1
2010,218,7000.0,124500.0,17785.7
2010,222,180.0,3145.77,17486.2
2010,231,240.0,500.0,2083.3
2010,242,390.0,3345.0,8576.9
2010,258,230.0,4237.0,18421.7
2010,266,154.0,1027.29,6662.1
2010,288,9500.0,500000.0,52631.6
2010,308,4.0,42.38,11842.8
2010,320,8596.0,234325.82,27258.5
2010,324,27328.0,114113.1,4175.7
2010,328,382.0,3582.8,9379.1
2010,332,540.0,5000.0,9259.3
2010,340,3634.0,136019.0,37429.6
2010,356,91900.0,1386800.0,15090.3
2010,360,12141.0,1406445.0,115842.6
2010,376,10.0,117.0,11700.0
2010,384,1194.0,68212.0,57129.0
2010,388,1061.0,19749.0,18613.6
2010,392,357.0,8780.0,24593.8
2010,404,8302.0,272230.0,32790.9
2010,410,28.0,1100.0,39285.7
2010,418,3150.0,42310.0,13431.7
2010,430,1400.0,7700.0,5500.0
2010,432,21574.0,222794.9,10326.9
2010,450,12000.0,70000.0,5833.3
2010,458,10567.0,331081.0,31331.6
2010,480,248.0,6529.0,26326.6
2010,484,16604.0,701746.0,42263.7
2010,508,8500.0,54688.0,6433.9
2010,524,708.0,10073.0,14227.4
2010,558,3726.0,55489.23,14894.4
2010,566,180000.0,1487350.0,8263.1
2010,591,2000.0,96909.0,48442.6
2010,598,1050.0,20000.0,19047.6
2010,600,5048.0,59126.0,11712.8
2010,604,14262.0,310566.0,21775.8
2010,608,58547.0,2169233.0,37051.1
2010,620,62.0,1483.0,23919.4
2010,624,140.0,480.2,3430.0
2010,626,11.0,140.0,12727.3
2010,630,237.0,5250.95,22180.2
2010,646,3311.0,16782.91,5069.5
2010,659,10.0,136.0,13478.7
2010,662,5.0,55.09,11879.2
2010,690,3.0,50.0,16666.7
2010,704,35200.0,514793.05,14624.8
2010,710,7200.0,94287.0,13095.4
2010,716,372.0,2857.46,7673.3
2010,722,19767.0,308849.16,15624.9
2010,736,1425.0,5391.62,3783.1
2010,740,20.0,425.0,21250.0
2010,748,850.0,26500.0,31176.5
2010,764,93312.0,1924659.0,20626.1
2010,768,200.0,1600.0,8000.0
2010,780,200.0,2000.0,10000.0
2010,800,350.0,2800.0,8000.0
2010,834,14000.0,320000.0,22857.1
2010,840,5700.0,184443.75,32358.6
2010,862,18878.0,404612.0,21433.0
2010,882,149.0,3909.74,26294.4
2010,901,104149.0,1584731.51,15216.0
2010,902,202444.0,3242408.94,16016.3
2011,1,970840.0,22771723.52,23455.7
2011,2,325465.0,3929758.54,12074.3
2011,5,126836.0,3905209.31,30789.4
2011,9,4055.0,117167.41,28897.5
2011,11,224151.0,2475803.31,11045.3
2011,13,80660.0,3776752.71,46823.3
2011,14,46276.0,603663.12,13044.7
2011,15,1419.0,5368.37,3782.9
2011,17,44711.0,713280.65,15953.3
2011,18,8908.0,131643.1,14777.9
2011,19,230454.0,8188325.22,35531.2
2011,21,5700.0,176000.0,30877.2
2011,24,27504.0,326352.0,11865.6
2011,28,3.0,30.55,11347.0
2011,29,17259.0,330363.2,19141.9
2011,30,70638.0,1521677.0,21541.9
2011,32,179.0,3324.13,18621.4
2011,34,111206.0,1708780.0,15365.9
2011,35,228950.0,7304497.34,31904.4
2011,36,2247.0,83223.0,37037.4
2011,39,62.0,1401.0,22596.8
2011,50,14988.0,218582.0,14583.8
2011,53,2247.0,83223.0,37037.4
2011,54,1414.0,25116.0,17757.7
2011,61,393.0,8828.41,22451.6
2011,64,100.0,949.0,9490.0
2011,68,4383.0,47158.19,10758.2
2011,76,62481.0,2365455.0,37858.8
2011,84,95.0,1472.0,15494.7
2011,96,125.0,1094.26,8761.8
2011,97,62.0,1401.0,22596.8
2011,116,2155.0,22543.56,10460.9
2011,120,4744.0,165471.0,34880.1
2011,140,3267.0,14989.26,4587.8
2011,142,410804.0,10535071.34,25645.0
2011,144,6290.0,64176.0,10202.9
2011,145,10.0,117.0,11700.0
2011,150,62.0,1401.0,22596.8
2011,156,62000.0,1112900.0,17950.0
2011,158,8264.0,401367.0,48568.1
2011,159,70264.0,1514267.0,21551.1
2011,170,12984.0,512316.0,39457.5
2011,178,1028.0,3748.65,3647.0
2011,180,8007.0,201636.0,25182.3
2011,184,6.0,26.0,4333.3
2011,188,45000.0,2502228.0,55605.1
2011,192,5850.0,76915.0,13147.9
2011,199,135712.0,1720192.03,12675.3
2011,204,3101.0,246702.0,79555.6
2011,212,122.0,2439.0,19921.9
2011,214,9405.0,221736.38,23576.3
2011,218,6600.0,117000.0,17727.3
2011,222,175.0,5784.0,33051.4
2011,231,280.0,590.0,2107.1
2011,242,341.0,4116.0,12070.4
2011,258,233.0,4281.0,18372.2
2011,266,160.0,1083.73,6756.7
2011,288,9800.0,550000.0,56122.4
2011,308,5.0,56.58,11707.6
2011,320,8806.0,243415.81,27641.8
2011,324,28350.0,118600.0,4183.5
2011,328,573.0,2472.0,4314.1
2011,332,540.0,6500.0,12037.0
2011,340,3556.0,140267.0,39445.2
2011,356,89000.0,1415000.0,15898.9
2011,360,12335.0,1540626.0,124898.7
2011,376,10.0,117.0,11700.0
2011,384,1100.0,69727.0,63388.2
2011,388,979.0,17607.0,17984.7
2011,392,345.0,6350.0,18405.8
2011,404,5691.0,111241.0,19546.8
2011,410,29.0,1060.0,36551.7
2011,418,3925.0,60125.0,15318.5
2011,430,1450.0,8000.0,5517.2
2011,432,22756.0,244130.05,10727.9
2011,450,13065.0,74815.61,5726.5
2011,458,14922.0,309331.0,20729.9
2011,480,377.0,10922.0,28970.8
2011,484,17296.0,742926.0,42953.6
2011,508,8500.0,54000.0,6352.9
2011,524,828.0,10073.0,12165.5
2011,558,3848.0,57441.9,14929.0
2011,566,180000.0,1480570.75,8225.4
2011,591,1884.0,83218.0,44170.9
2011,598,1073.0,21000.0,19564.5
2011,600,5203.0,59126.0,11363.8
2011,604,15271.0,400429.0,26221.5
2011,608,58457.0,2246806.0,38435.2
2011,620,62.0,1401.0,22596.8
2011,624,140.0,503.56,3596.9
2011,626,8.0,99.46,12529.0
2011,630,173.0,3582.56,20677.2
2011,646,3125.0,16012.2,5124.0
2011,659,12.0,161.0,13416.7
2011,662,4.0,52.14,12028.5
2011,690,2.0,38.0,19000.0
2011,704,33610.0,530665.06,15789.0
2011,710,8000.0,102580.0,12822.5
2011,716,387.0,3044.31,7870.6
2011,722,20281.0,380164.63,18744.7
2011,736,1419.0,5368.37,3782.9
2011,740,20.0,350.0,17500.0
2011,748,908.0,29063.1,32004.1
2011,764,103413.0,2593207.0,25076.2
2011,768,210.0,1700.0,8095.2
2011,780,165.0,1283.0,7775.8
2011,800,350.0,3000.0,8571.4
2011,834,14500.0,330000.0,22758.6
2011,840,5700.0,176000.0,30877.2
2011,862,19142.0,397579.0,20770.0
2011,882,154.0,4521.41,29321.1
2011,901,102829.0,1433436.87,13940.0
2011,902,205182.0,3276214.91,15967.4
2012,1,1004545.0,23949380.06,23841.0
2012,2,340944.0,4134511.62,12126.7
2012,5,128828.0,4119461.03,31976.3
2012,9,3599.0,118227.52,32852.9
2012,11,228134.0,2673404.86,11718.6
2012,13,80926.0,3946801.0,48770.2
2012,14,49579.0,640982.79,12928.5
2012,15,1100.0,5000.0,4545.5
2012,17,53631.0,674424.97,12575.4
2012,18,8500.0,140699.0,16552.8
2012,19,234957.0,8809375.54,37493.6
2012,21,6000.0,180000.0,30000.0
2012,24,36030.0,280906.0,7796.4
2012,28,3.0,31.03,11352.6
2012,29,19202.0,563113.5,29325.5
2012,30,73548.0,1591171.0,21634.5
2012,32,180.0,3350.0,18611.1
2012,34,122361.0,1750710.04,14307.8
2012,35,229068.0,7543965.34,32933.2
2012,36,2016.0,86463.35,42896.2
2012,39,62.0,1295.0,20887.1
2012,50,13895.0,180938.0,13021.8
2012,53,2016.0,86463.35,42896.2
2012,54,1184.0,22841.0,19296.9
2012,61,399.0,8923.18,22342.2
2012,64,34.0,352.04,10454.8
2012,68,4098.0,48073.9,11731.1
2012,76,65502.0,2546601.0,38878.2
2012,84,87.0,1188.0,13655.2
2012,96,130.0,1120.0,8615.4
2012,97,62.0,1295.0,20887.1
2012,116,2170.0,22705.78,10462.4
2012,120,4728.0,167853.0,35501.9
2012,140,3400.0,15600.0,4588.2
2012,142,424983.0,10885970.38,25615.1
2012,144,5210.0,52380.0,10053.7
2012,145,6.0,124.0,20666.7
2012,150,62.0,1295.0,20887.1
2012,156,65000.0,1191600.0,18332.3
2012,158,8192.0,392211.0,47877.3
2012,159,73192.0,1583811.0,21639.1
2012,170,12868.0,487425.0,37878.8
2012,178,1043.0,3815.97,3660.0
2012,180,8250.0,205000.0,24848.5
2012,184,6.0,22.0,3666.7
2012,188,45000.0,2643889.0,58753.1
2012,192,5189.0,84068.09,16200.0
2012,199,149659.0,1851183.78,12369.3
2012,204,6549.0,434813.0,66393.8
2012,212,102.0,2041.55,20016.8
2012,214,11990.0,447432.0,37318.5
2012,218,4869.0,120000.0,24647.3
2012,222,140.0,3800.0,27142.9
2012,231,190.0,630.0,3315.8
2012,242,84.0,841.0,10052.3
2012,258,240.0,4429.0,18454.2
2012,266,180.0,1250.0,6944.4
2012,288,10000.0,600000.0,60000.0
2012,308,6.0,64.13,11609.6
2012,320,8596.0,239882.0,27906.2
2012,324,28579.0,119538.36,4182.7
2012,328,570.0,3035.0,5324.6
2012,332,550.0,6600.0,12000.0
2012,340,3245.0,138143.0,42571.0
2012,356,102000.0,1500000.0,14705.9
2012,360,16996.0,1781899.0,104842.3
2012,376,6.0,124.0,20666.7
2012,384,1200.0,71276.0,59396.7
2012,388,1075.0,19757.0,18378.6
2012,392,326.0,6260.0,19202.5
2012,404,6290.0,120972.0,19232.4
2012,410,30.0,1100.0,36666.7
2012,418,3700.0,49615.0,13409.5
2012,430,1500.0,8500.0,5666.7
2012,432,23503.0,244943.73,10421.9
2012,450,14500.0,81000.0,5586.2
2012,458,13096.0,314405.0,24007.7
2012,480,493.0,14120.0,28641.0
2012,484,17708.0,759976.0,42917.1
2012,508,8500.0,54000.0,6352.9
2012,524,1222.0,17040.0,13944.4
2012,558,4000.0,60000.0,15000.0
2012,566,180000.0,1437127.51,7984.0
2012,591,2150.0,99923.0,46466.3
2012,598,1100.0,22000.0,20000.0
2012,600,5255.0,56412.0,10734.9
2012,604,15838.0,436807.13,27580.1
2012,608,58450.0,2397745.0,41022.2
2012,620,62.0,1295.0,20887.1
2012,624,86.0,400.0,4651.2
2012,626,12.0,165.0,13750.0
2012,630,130.0,2186.0,16815.4
2012,646,3055.0,15882.64,5198.1
2012,659,13.0,173.0,13307.7
2012,662,3.0,35.9,12058.1
2012,690,2.0,40.0,20000.0
2012,704,35384.0,576123.56,16282.1
2012,710,7500.0,108699.0,14493.2
2012,716,399.0,3238.15,8123.1
2012,722,22054.0,614161.68,27847.8
2012,728,800.0,3000.0,3750.0
2012,729,1100.0,5000.0,4545.5
2012,740,19.0,336.0,17684.2
2012,748,1000.0,32000.0,32000.0
2012,764,99130.0,2400187.0,24212.4
2012,768,220.0,1750.0,7954.5
2012,780,142.0,724.8,5104.2
2012,800,350.0,3100.0,8857.1
2012,834,15000.0,345000.0,23000.0
2012,840,6000.0,180000.0,30000.0
2012,862,19630.0,417421.0,21264.4
2012,882,153.0,4472.18,29156.3
2012,901,110311.0,1672733.12,15163.8
2012,902,221594.0,3698504.62,16690.5
2013,1,993528.0,24447391.72,24606.7
2013,2,343920.0,4427472.18,12873.5
2013,5,130308.0,4281407.34,32856.0
2013,9,3342.0,107838.61,32268.1
2013,11,221783.0,2749783.43,12398.5
2013,13,81558.0,4034404.62,49466.6
2013,14,50731.0,661930.29,13047.7
2013,15,1000.0,4500.0,4500.0
2013,17,61510.0,874787.1,14221.8
2013,18,8895.0,136471.35,15342.1
2013,19,237943.0,9088527.54,38196.3
2013,21,6000.0,172000.0,28666.7
2013,24,44067.0,479357.0,10877.9
2013,28,3.0,31.52,11358.1
2013,29,20077.0,600715.58,29921.2
2013,30,69499.0,1692555.0,24353.7
2013,32,179.0,3319.67,18521.6
2013,34,125919.0,1830212.5,14534.8
2013,35,212836.0,7299435.9,34296.1
2013,36,1392.0,70768.0,50839.1
2013,39,59.0,1165.0,19745.8
2013,50,14164.0,186667.0,13179.0
2013,53,1392.0,70768.0,50839.1
2013,54,1561.0,28502.81,18254.8
2013,61,389.0,8567.79,22049.1
2013,64,5.0,57.5,11500.0
2013,68,4449.0,48860.4,10981.1
2013,76,63204.0,2483831.0,39298.6
2013,84,69.0,1297.0,18797.1
2013,96,129.0,1123.77,8706.3
2013,97,59.0,1165.0,19745.8
2013,116,2204.0,23072.39,10467.5
2013,120,4689.0,171200.0,36511.0
2013,140,3537.0,16214.3,4584.4
2013,142,408264.0,10822388.4,26508.3
2013,144,5533.0,56250.0,10166.3
2013,145,10.0,185.0,18500.0
2013,150,59.0,1165.0,19745.8
2013,156,60500.0,1271700.0,21019.8
2013,158,8658.0,413465.0,47755.3
2013,159,69158.0,1685165.0,24366.9
2013,170,14431.0,640412.99,44378.4
2013,178,1049.0,3851.48,3673.1
2013,180,8000.0,203000.0,25375.0
2013,184,5.0,18.0,3600.0
2013,188,45000.0,2719760.0,60439.1
2013,192,7869.0,82807.0,10523.2
2013,199,151176.0,2087553.21,13808.8
2013,204,7463.0,495527.0,66397.8
2013,212,111.0,2235.14,20109.7
2013,214,10203.0,485736.66,47608.6
2013,218,4624.0,134987.28,29194.4
2013,222,101.0,1708.0,16910.9
2013,231,250.0,530.0,2120.0
2013,242,406.0,5771.0,14214.3
2013,258,229.0,4055.74,17699.0
2013,266,169.0,1164.32,6898.1
2013,288,10300.0,636540.0,61800.0
2013,308,7.0,83.0,11840.7
2013,320,9086.0,244568.0,26917.0
2013,324,20872.0,87435.34,4189.2
2013,328,650.0,6113.0,9404.6
2013,332,550.0,6800.0,12363.6
2013,340,3300.0,137064.09,41534.6
2013,356,105000.0,1571000.0,14961.9
2013,360,16203.0,1882806.0,116201.2
2013,376,10.0,185.0,18500.0
2013,384,1296.0,72000.0,55534.3
2013,388,1035.0,19185.0,18536.2
2013,392,311.0,6590.0,21189.7
2013,404,6290.0,120876.0,19217.2
2013,410,30.0,800.0,26666.7
2013,418,2820.0,36355.0,12891.8
2013,430,1523.0,8445.37,5545.2
2013,432,23922.0,249852.5,10444.2
2013,450,14500.0,80000.0,5517.2
2013,458,10580.0,244353.0,23095.7
2013,480,610.0,15957.0,26159.0
2013,484,17858.0,771942.0,43226.7
2013,508,8400.0,53000.0,6309.5
2013,524,1217.0,16238.0,13342.6
2013,558,4101.0,61438.53,14982.5
2013,566,180000.0,1447643.6,8042.5
2013,591,2043.0,96627.0,47286.5
2013,598,1155.0,22731.81,19674.7
2013,600,5255.0,63060.0,12000.0
2013,604,14760.0,438576.0,29713.8
2013,608,60759.0,2458528.0,40463.6
2013,620,59.0,1165.0,19745.8
2013,624,105.0,406.3,3858.3
2013,626,12.0,170.0,14166.7
2013,630,135.0,2559.96,18987.9
2013,646,2905.0,15257.21,5251.5
2013,659,13.0,176.0,13538.5
2013,662,4.0,47.3,12050.0
2013,690,2.0,40.34,18863.4
2013,704,34857.0,585119.75,16786.3
2013,710,7805.0,101208.0,12966.5
2013,716,412.0,3477.26,8449.3
2013,722,23495.0,662201.83,28184.8
2013,728,1000.0,3500.0,3500.0
2013,729,1000.0,4500.0,4500.0
2013,740,20.0,432.0,21600.0
2013,748,1090.0,35263.35,32355.4
2013,764,85272.0,2067908.0,24250.9
2013,768,224.0,1785.82,7981.9
2013,780,147.0,1054.0,7161.6
2013,800,383.0,3288.12,8578.7
2013,834,15380.0,358253.0,23293.4
2013,840,6000.0,172000.0,28666.7
2013,862,22736.0,461815.0,20312.1
2013,882,154.0,4494.05,29101.5
2013,894,599.0,7751.36,12937.5
2013,901,103849.0,1715023.73,16514.6
2013,902,226612.0,4024134.14,17757.8
2014,1,999683.0,25355227.26,25363.3
2014,2,345142.0,4791244.91,13882.0
2014,5,135818.0,4520014.64,33279.9
2014,9,4123.0,127582.91,30942.0
2014,11,214754.0,2578564.72,12007.1
2014,13,75353.0,4182118.98,55500.3
2014,14,55576.0,974806.98,17540.0
2014,15,900.0,4000.0,4444.4
2014,17,65461.0,1103358.06,16855.1
2014,18,8450.0,130515.15,15445.6
2014,19,235540.0,9394097.52,39883.2
2014,21,6200.0,175000.0,28225.8
2014,24,44108.0,599155.94,13583.9
2014,28,3.0,32.0,11363.6
2014,29,18169.0,516963.9,28452.4
2014,30,81901.0,1761723.0,21510.4
2014,32,179.0,3293.44,18437.5
2014,34,130157.0,2006101.46,15413.0
2014,35,202754.0,7273175.46,35872.0
2014,36,1673.0,89099.0,53257.0
2014,39,58.0,1107.0,19086.2
2014,50,13759.0,198946.0,14459.3
2014,53,1673.0,89099.0,53257.0
2014,54,2057.0,29901.74,14537.3
2014,61,393.0,8582.17,21815.2
2014,64,5.0,53.66,10686.3
2014,68,4777.0,83707.0,17522.9
2014,76,66599.0,2646243.0,39734.0
2014,84,104.0,1393.0,13336.5
2014,96,129.0,1129.89,8733.0
2014,97,58.0,1107.0,19086.2
2014,116,2252.0,23570.57,10465.5
2014,120,8261.0,282334.0,34176.7
2014,140,3675.0,16822.42,4576.9
2014,142,414820.0,11041194.92,26616.8
2014,144,5410.0,55558.0,10269.5
2014,145,9.0,195.0,21666.7
2014,150,58.0,1107.0,19086.2
2014,156,72617.0,1297400.0,17866.3
2014,158,8950.0,456243.0,50976.9
2014,159,81567.0,1753643.0,21499.4
2014,170,15121.0,652758.88,43168.3
2014,178,1047.0,3845.7,3673.7
2014,180,8200.0,200000.0,24390.2
2014,184,5.0,15.0,3000.0
2014,188,40000.0,2877982.0,71949.6
2014,192,7524.0,47882.0,6363.9
2014,199,147565.0,2262243.5,15330.4
2014,204,5496.0,315794.93,57459.0
2014,212,119.0,2412.32,20200.7
2014,214,8544.0,436303.64,51064.3
2014,218,4428.0,147933.32,33409.7
2014,222,92.0,1543.0,16771.7
2014,231,250.0,530.0,2120.0
2014,242,860.0,6538.2,7602.6
2014,258,232.0,4025.0,17342.5
2014,266,170.0,1200.0,7058.8
2014,288,10500.0,661500.0,63000.0
2014,308,9.0,114.0,12071.8
2014,320,8806.0,256456.59,29122.6
2014,324,13729.0,57675.01,4201.1
2014,328,1101.0,4742.0,4305.9
2014,332,580.0,7000.0,12069.0
2014,340,1313.0,59075.29,45000.0
2014,356,109880.0,1736740.0,15805.8
2014,360,16000.0,1835491.0,114718.2
2014,376,9.0,195.0,21666.7
2014,384,1125.0,61336.27,54508.6
2014,388,1035.0,18374.0,17752.7
2014,392,302.0,7130.0,23609.3
2014,404,8015.0,208493.55,26012.9
2014,410,32.0,950.0,29687.5
2014,418,5160.0,61695.0,11956.4
2014,430,1573.0,8622.63,5482.7
2014,432,29834.0,536481.85,17982.0
2014,450,14734.0,81136.96,5506.7
2014,454,3576.0,232958.0,65144.9
2014,458,9456.0,335725.0,35503.9
2014,480,450.0,10788.0,23973.3
2014,484,18961.0,817462.62,43113.8
2014,508,8217.0,53053.04,6456.8
2014,524,1103.0,14803.8,13427.5
2014,558,4209.0,62744.48,14908.4
2014,566,182000.0,1471403.59,8084.6
2014,591,1868.0,105462.0,56442.1
2014,598,1197.0,23363.54,19520.1
2014,600,5256.0,63070.0,11999.6
2014,604,15917.0,455297.0,28604.4
2014,608,61643.0,2507098.0,40671.3
2014,620,58.0,1107.0,19086.2
2014,624,103.0,404.63,3911.3
2014,626,13.0,180.0,13846.2
2014,630,172.0,3236.83,18813.9
2014,646,2000.0,10390.38,5195.2
2014,659,9.0,120.0,13333.3
2014,662,5.0,61.11,13549.4
2014,690,2.0,37.72,17750.2
2014,704,35724.0,591456.0,16556.3
2014,710,7250.0,91304.0,12593.7
2014,716,423.0,3742.8,8856.4
2014,722,22456.0,574102.16,25565.6
2014,728,1000.0,4000.0,4000.0
2014,729,900.0,4000.0,4444.4
2014,740,62.0,1109.0,17887.1
2014,748,1200.0,39211.15,32676.0
2014,764,72376.0,1916830.0,26484.3
2014,768,228.0,1827.67,8012.6
2014,780,169.0,1428.0,8449.7
2014,800,405.0,3422.12,8441.4
2014,834,15500.0,364178.88,23495.4
2014,840,6200.0,175000.0,28225.8
2014,862,22378.0,461861.0,20639.1
2014,882,156.0,4542.17,29058.1
2014,894,1004.0,2075.52,2066.7
2014,901,103223.0,1937781.01,18772.7
2014,902,221214.0,4127929.66,18660.3
2015,1,999271.0,25759924.57,25778.7
2015,2,348663.0,4802446.45,13773.9
2015,5,142518.0,4796133.28,33652.9
2015,9,4586.0,122520.86,26713.6
2015,11,215341.0,2518797.05,11696.8
2015,13,77192.0,4138129.87,53608.2
2015,14,57278.0,1002050.39,17494.5
2015,15,789.0,3500.0,4435.8
2015,17,65549.0,1139048.64,17377.2
2015,18,9706.0,139050.37,14325.9
2015,19,242843.0,9586789.26,39477.3
2015,21,5743.0,162429.31,28282.7
2015,24,44134.0,626585.0,14197.3
2015,28,3.0,32.49,11440.3
2015,29,17390.0,490096.8,28182.6
2015,30,70314.0,1841173.55,26184.9
2015,32,178.0,3283.34,18409.7
2015,34,135892.0,2246821.42,16533.9
2015,35,196904.0,7158914.03,36357.4
2015,36,2032.0,82380.0,40541.3
2015,39,58.0,1052.0,18137.9
2015,50,13632.0,197518.0,14489.3
2015,53,2032.0,82380.0,40541.3
2015,54,2154.0,31789.76,14756.6
2015,61,400.0,8351.1,20867.4
2015,64,6.0,63.81,10715.8
2015,68,4933.0,83009.0,16827.3
2015,76,67922.0,2653646.0,39069.0
2015,84,248.0,3778.0,15247.4
2015,96,134.0,1163.81,8705.6
2015,97,58.0,1052.0,18137.9
2015,116,2330.0,24373.41,10462.0
2015,120,8718.0,296047.0,33958.1
2015,140,3581.0,16266.81,4542.4
2015,142,403120.0,11247116.0,27900.2
2015,144,5274.0,51727.7,9808.7
2015,145,10.0,207.0,20700.0
2015,150,58.0,1052.0,18137.9
2015,156,60500.0,1338500.0,22124.0
2015,158,9472.0,493998.0,52153.5
2015,159,69972.0,1832498.0,26189.0
2015,170,19299.0,776892.93,40255.4
2015,178,984.0,3617.87,3675.4
2015,180,7957.0,195295.93,24542.7
2015,184,7.0,16.71,2455.0
2015,188,40000.0,2771577.0,69289.4
2015,192,7175.0,45663.9,6364.3
2015,199,146873.0,2236984.39,15230.8
2015,204,5146.0,244207.3,47458.8
2015,212,135.0,2733.82,20289.6
2015,214,7950.0,409155.0,51463.2
2015,218,5951.0,263520.53,44280.0
2015,222,213.0,4296.0,20169.0
2015,231,280.0,590.0,2107.1
2015,242,982.0,8839.0,9001.0
2015,258,234.0,3830.92,16393.8
2015,266,174.0,1236.03,7114.9
2015,288,10500.0,661500.0,63000.0
2015,308,16.0,199.0,12303.0
2015,320,10344.0,284121.19,27468.1
2015,324,13300.0,55990.0,4209.8
2015,328,1264.0,19259.48,15234.8
2015,332,602.0,7206.41,11967.8
2015,340,1641.0,73829.89,45000.0
2015,356,116000.0,1984000.0,17103.4
2015,360,14900.0,1729599.0,116080.5
2015,376,10.0,207.0,20700.0
2015,384,887.0,49800.0,56160.7
2015,388,1043.0,18819.0,18043.1
2015,392,310.0,7660.0,24709.7
2015,404,7275.0,202046.21,27773.8
2015,410,32.0,1015.55,31467.1
2015,418,3425.0,57095.0,16670.1
2015,430,1602.0,8792.01,5486.5
2015,432,29357.0,541323.47,18439.4
2015,450,15753.0,89201.55,5662.5
2015,454,3614.0,230475.0,63772.8
2015,458,10551.0,452021.0,42841.5
2015,480,523.0,11694.0,22359.5
2015,484,18865.0,840486.46,44551.7
2015,508,8813.0,58378.67,6623.9
2015,524,980.0,13511.92,13784.9
2015,558,4287.0,63811.33,14884.3
2015,566,183564.0,1496185.37,8150.8
2015,591,1594.0,96230.0,60353.3
2015,598,1172.0,22950.76,19578.1
2015,600,5265.0,63454.0,12052.0
2015,604,15182.0,450635.0,29682.2
2015,608,62812.0,2582699.0,41117.9
2015,620,58.0,1052.0,18137.9
2015,624,108.0,443.75,4107.7
2015,626,7.0,94.52,13189.9
2015,630,259.0,4837.11,18688.6
2015,646,2985.0,15409.62,5163.1
2015,659,2.0,17.0,8500.0
2015,662,4.0,61.08,15834.7
2015,690,2.0,27.0,16188.3
2015,704,34052.0,578191.3,16979.9
2015,710,8606.0,103903.0,12072.7
2015,716,434.0,4057.46,9348.1
2015,722,22149.0,566593.41,25580.6
2015,728,1170.0,4500.0,3847.8
2015,729,789.0,3500.0,4435.8
2015,740,53.0,1059.0,19981.1
2015,748,1100.0,35147.37,31958.3
2015,764,68694.0,1733677.0,25237.7
2015,768,234.0,1878.61,8019.9
2015,780,201.0,1372.0,6825.9
2015,800,423.0,3580.18,8470.8
2015,834,14845.0,367927.39,24784.3
2015,840,5743.0,162429.31,28282.7
2015,862,22470.0,481374.0,21423.0
2015,882,160.0,4503.47,28197.5
2015,894,1162.0,14163.31,12187.3
2015,901,103881.0,1886735.01,18162.5
2015,902,218305.0,4081391.15,18695.8
2016,1,1016487.0,25854212.0,25434.9
2016,2,352788.0,4792541.48,13584.8
2016,5,142096.0,4775359.18,33606.6
2016,9,3630.0,107927.25,29728.4
2016,11,219360.0,2606027.17,11880.1
2016,13,82293.0,4367667.35,53074.4
2016,14,56855.0,978909.28,17217.7
2016,15,896.0,4000.0,4462.6
2016,17,67137.0,1080011.03,16086.7
2016,18,8540.0,123594.0,14473.0
2016,19,247878.0,9777905.88,39446.5
2016,21,5981.0,169809.77,28391.4
2016,24,45107.0,640550.0,14200.7
2016,28,3.0,32.97,11561.5
2016,29,17507.0,465069.58,26564.3
2016,30,73309.0,1935352.85,26399.8
2016,32,178.0,3271.31,18366.2
2016,34,129314.0,2186465.42,16908.2
2016,35,209496.0,7052791.13,33665.5
2016,36,1609.0,71782.0,44612.8
2016,39,59.0,998.0,16915.3
2016,50,13561.0,200701.0,14799.9
2016,53,1609.0,71782.0,44612.8
2016,54,1616.0,27894.05,17259.8
2016,61,405.0,8251.2,20357.3
2016,64,6.0,66.0,10742.5
2016,68,5025.0,85256.0,16966.4
2016,76,66905.0,2559117.0,38250.0
2016,84,75.0,1424.0,18986.7
2016,96,137.0,1188.51,8693.7
2016,97,59.0,998.0,16915.3
2016,116,2262.0,23672.12,10465.0
2016,120,9511.0,227566.0,23926.6
2016,140,3554.0,16041.0,4513.6
2016,142,412132.0,11174839.4,27114.7
2016,144,4775.0,48407.0,10137.6
2016,145,12.0,230.0,19166.7
2016,150,59.0,998.0,16915.3
2016,156,62583.0,1399500.0,22362.3
2016,158,10379.0,527161.0,50791.1
2016,159,72962.0,1926661.0,26406.4
2016,170,23422.0,980082.21,41845.4
2016,178,1027.0,3771.68,3674.0
2016,180,7760.0,190882.23,24598.9
2016,184,6.0,16.57,2957.8
2016,188,43000.0,2923158.0,67980.4
2016,192,7621.0,48501.3,6364.3
2016,199,147686.0,2267521.86,15353.7
2016,204,5546.0,303887.0,54793.9
2016,212,110.0,2235.19,20376.1
2016,214,7321.0,375505.76,51290.7
2016,218,3205.0,116043.63,36211.3
2016,222,241.0,4460.0,18506.2
2016,231,420.0,810.3,1931.0
2016,242,450.0,5135.0,11411.1
2016,258,236.0,3734.88,15796.2
2016,266,178.0,1200.12,6723.7
2016,288,10500.0,661500.0,63000.0
2016,308,14.0,173.0,12511.6
2016,320,11951.0,327452.87,27399.3
2016,324,13700.0,57440.0,4192.7
2016,328,895.0,27534.42,30766.0
2016,332,577.0,7002.14,12127.4
2016,340,1680.0,75607.15,45000.0
2016,356,110000.0,1924000.0,17490.9
2016,360,12000.0,1396153.0,116346.1
2016,376,12.0,230.0,19166.7
2016,384,672.0,38900.0,57863.8
2016,388,1391.0,25296.2,18185.6
2016,392,316.0,7770.0,24588.6
2016,404,7678.0,224189.7,29200.7
2016,410,31.0,921.85,29335.4
2016,418,3480.0,58400.0,16781.6
2016,430,1622.0,8843.92,5452.9
2016,432,29459.0,506674.56,17199.1
2016,450,14996.0,83446.17,5564.6
2016,454,3399.0,203524.0,59877.6
2016,458,10354.0,391714.0,37831.9
2016,480,417.0,9706.96,23281.4
2016,484,19489.0,875839.34,44939.3
2016,508,8477.0,54810.57,6466.0
2016,524,972.0,13291.42,13673.6
2016,558,4395.0,65331.99,14864.2
2016,566,186981.0,1533207.32,8199.8
2016,591,1461.0,94394.0,64589.9
2016,598,1166.0,22759.05,19516.8
2016,600,5260.0,63383.0,12050.0
2016,604,14883.0,461285.95,30993.9
2016,608,65224.0,2612474.02,40053.6
2016,620,59.0,998.0,16915.3
2016,624,110.0,418.23,3797.7
2016,626,11.0,148.17,13819.5
2016,630,268.0,4989.75,18599.4
2016,646,3027.0,11166.6,3689.6
2016,659,0.0,0.0,
2016,662,3.0,59.27,17693.9
2016,690,2.0,35.02,17712.3
2016,704,34642.0,555407.3,16032.9
2016,710,7422.0,88594.0,11937.1
2016,716,460.0,4563.66,9927.5
2016,722,21097.0,541665.64,25674.4
2016,728,1057.0,4000.0,3786.1
2016,729,896.0,4000.0,4462.6
2016,740,59.0,1184.0,20067.8
2016,748,1118.0,35000.0,31308.8
2016,764,81387.0,2013634.0,24741.6
2016,768,229.0,1830.7,8005.1
2016,780,199.0,1274.0,6402.0
2016,800,404.0,3430.14,8495.1
2016,834,15242.0,371483.7,24372.8
2016,840,5981.0,169809.77,28391.4
2016,862,22265.0,478201.65,21478.0
2016,882,163.0,4499.76,27559.3
2016,894,1279.0,7742.45,6052.8
2016,901,105056.0,1861731.15,17721.3
2016,902,218424.0,4102123.85,18780.6
2017,1,1041991.0,27292845.7,26193.0
2017,2,361484.0,5108959.12,14133.3
2017,5,138678.0,4559174.36,32876.0
2017,9,4147.0,122704.83,29590.3
2017,11,223813.0,2708912.37,12103.4
2017,13,85228.0,4855619.88,56972.4
2017,14,64668.0,1256969.9,19437.3
2017,15,895.0,3982.53,4449.0
2017,17,62204.0,998915.32,16058.7
2017,18,9903.0,140179.0,14154.8
2017,19,247492.0,10054693.07,40626.3
2017,21,5975.0,169079.7,28299.3
2017,24,40584.0,544303.0,13411.9
2017,28,3.0,33.45,11699.1
2017,29,17612.0,470819.13,26732.2
2017,30,75184.0,2057793.47,27370.1
2017,32,178.0,3258.91,18329.3
2017,34,130952.0,2135120.59,16304.7
2017,35,222664.0,7812379.62,35085.9
2017,36,2044.0,85921.7,42036.1
2017,39,56.0,948.0,16928.6
2017,50,14359.0,211833.0,14752.6
2017,53,2044.0,85921.7,42036.1
2017,54,1698.0,28596.84,16845.6
2017,61,405.0,8186.29,20202.2
2017,64,7.0,72.5,10756.4
2017,68,4995.0,86022.0,17221.6
2017,76,62078.0,2309634.0,37205.4
2017,84,210.0,1883.0,8966.7
2017,96,139.0,1211.34,8691.2
2017,97,56.0,948.0,16928.6
2017,116,2275.0,23816.78,10468.9
2017,120,9204.0,244963.0,26614.6
2017,140,3530.0,15834.83,4486.1
2017,142,428812.0,12005540.68,27997.2
2017,144,4783.0,50675.0,10594.8
2017,145,12.0,247.0,20583.3
2017,150,56.0,948.0,16928.6
2017,156,64344.0,1494800.0,23231.3
2017,158,10491.0,553531.0,52762.5
2017,159,74835.0,2048331.0,27371.2
2017,170,22312.0,944210.0,42318.5
2017,178,1045.0,3845.55,3680.3
2017,180,7664.0,188740.99,24628.0
2017,184,6.0,16.09,2773.4
2017,188,45000.0,3317028.0,73711.7
2017,192,7440.0,44288.0,5952.7
2017,199,147652.0,2298353.57,15566.0
2017,204,5770.0,344810.55,59757.1
2017,212,111.0,2277.25,20459.8
2017,214,7574.0,384165.0,50721.5
2017,218,4656.0,165307.0,35504.1
2017,222,62.0,1005.68,16142.6
2017,231,610.0,1374.55,2254.1
2017,242,530.0,5905.78,11143.0
2017,258,240.0,3636.49,15174.2
2017,266,178.0,1227.94,6904.9
2017,288,10704.0,675933.8,63145.3
2017,308,9.0,110.0,12619.6
2017,320,11950.0,328651.0,27502.2
2017,324,14200.0,59566.0,4194.8
2017,328,951.0,16930.48,17802.8
2017,332,579.0,7111.36,12272.6
2017,340,1816.0,82716.66,45542.8
2017,356,111000.0,1861000.0,16765.8
2017,360,15500.0,1795986.0,115870.1
2017,376,12.0,247.0,20583.3
2017,384,826.0,48900.0,59226.8
2017,388,1393.0,25848.0,18555.6
2017,392,317.0,8500.0,26813.9
2017,404,11463.0,399971.83,34892.6
2017,410,32.0,962.47,30172.1
2017,418,2680.0,32470.0,12115.7
2017,430,1659.0,8987.75,5419.0
2017,432,31860.0,580349.57,18215.8
2017,450,15312.0,84838.85,5540.8
2017,454,7032.0,293500.0,41736.7
2017,458,10131.0,340721.95,33632.4
2017,480,401.0,8760.0,21845.4
2017,484,20006.0,945210.08,47247.2
2017,508,8522.0,54812.43,6431.8
2017,524,803.0,11540.09,14374.8
2017,558,4492.0,66856.46,14882.2
2017,566,190314.0,1568421.32,8241.2
2017,591,1691.0,112269.0,66392.9
2017,598,1168.0,22691.06,19434.3
2017,600,5300.0,63400.0,11962.3
2017,604,15458.0,494642.0,31999.1
2017,608,65998.0,2671710.8,40481.9
2017,620,56.0,948.0,16928.6
2017,624,105.0,413.7,3921.8
2017,626,10.0,140.9,13684.7
2017,630,265.0,4914.08,18536.1
2017,646,2382.0,19236.0,8075.6
2017,659,1.0,8.0,8000.0
2017,662,4.0,84.0,21000.0
2017,690,2.0,33.25,20223.8
2017,704,36658.0,617943.85,16856.9
2017,710,8707.0,103179.0,11850.0
2017,716,498.0,5281.99,10597.9
2017,722,21577.0,539420.59,25000.2
2017,728,1088.0,4210.12,3869.8
2017,729,895.0,3982.53,4449.0
2017,740,182.0,3657.0,20093.4
2017,748,1196.0,37000.0,30931.5
2017,764,89273.0,2328378.0,26081.5
2017,768,235.0,1879.25,8009.0
2017,780,233.0,1980.0,8497.9
2017,800,498.0,4239.85,8511.0
2017,834,15619.0,374543.39,23979.4
2017,840,5975.0,169079.7,28299.3
2017,862,22568.0,472112.97,20919.6
2017,882,160.0,4533.71,28377.1
2017,894,1241.0,6167.64,4970.9
2017,901,113206.0,2200541.08,19438.4
2017,902,223337.0,4358765.56,19516.5
2018,1,1083795.0,28272074.19,26086.2
2018,2,370036.0,5153918.66,13928.2
2018,5,148730.0,4924852.95,33112.7
2018,9,4416.0,125468.16,28409.2
2018,11,226484.0,2756645.79,12171.5
2018,13,86410.0,5011794.41,58000.0
2018,14,73565.0,1238118.23,16830.3
2018,15,860.0,3827.51,4449.6
2018,17,58362.0,1006915.13,17253.0
2018,18,10766.0,148412.0,13785.9
2018,19,258746.0,10600922.79,40970.4
2018,21,5715.0,167106.26,29237.7
2018,24,36527.0,547063.03,14977.0
2018,28,3.0,33.93,11853.7
2018,29,17890.0,497169.17,27790.0
2018,30,92806.0,2497498.76,26910.9
2018,32,178.0,3246.75,18286.1
2018,34,123755.0,1969478.78,15914.3
2018,35,234022.0,7924328.05,33861.5
2018,36,2240.0,88660.0,39580.4
2018,50,14260.0,208401.0,14614.4
2018,53,2240.0,88660.0,39580.4
2018,54,1769.0,28679.81,16214.4
2018,61,408.0,8128.35,19937.7
2018,64,10.0,107.78,10788.6
2018,68,4993.0,86203.52,17266.3
2018,76,71659.0,2652231.0,37011.8
2018,84,272.0,2998.0,11022.1
2018,96,142.0,1232.97,8695.4
2018,116,2301.0,24106.0,10476.1
2018,120,9496.0,251830.6,26518.8
2018,140,3504.0,15635.31,4461.5
2018,142,450597.0,12391764.59,27500.8
2018,144,5543.0,41581.0,7501.5
2018,145,14.0,459.0,32323.9
2018,156,84026.0,2057084.0,24481.5
2018,158,8428.0,432084.0,51267.7
2018,159,92454.0,2489168.0,26923.3
2018,170,21190.0,899404.0,42444.7
2018,178,1034.0,3794.77,3669.4
2018,180,7620.0,187339.5,24584.4
2018,184,6.0,17.09,2651.8
2018,188,45000.0,3418155.0,75959.0
2018,192,6932.0,40897.0,5899.7
2018,199,154957.0,2361864.94,15242.0
2018,204,6019.0,374601.0,62236.4
2018,212,119.0,2437.1,20550.5
2018,214,8029.0,407107.87,50705.1
2018,218,4865.0,149548.0,30739.6
2018,222,62.0,1007.36,16353.3
2018,231,573.0,1212.0,2115.2
2018,242,601.0,6008.0,9996.7
2018,258,243.0,3536.31,14534.2
2018,266,180.0,1251.91,6959.5
2018,288,10808.0,686872.03,63554.9
2018,308,7.0,92.0,12759.0
2018,320,12700.0,347878.0,27392.0
2018,324,14700.0,61771.0,4202.1
2018,328,1471.0,34872.8,23704.8
2018,332,592.0,7335.58,12401.6
2018,340,1847.0,86000.0,46562.1
2018,356,103000.0,1706000.0,16563.1
2018,360,14741.0,1805499.0,122484.5
2018,376,14.0,459.0,32323.9
2018,384,546.0,32500.0,59570.9
2018,388,1658.0,31997.7,19299.0
2018,392,319.0,7340.0,23009.4
2018,404,9757.0,349430.73,35813.1
2018,410,33.0,990.76,29729.0
2018,418,2810.0,34230.0,12181.5
2018,430,1699.0,9158.18,5390.1
2018,432,43358.0,621551.12,14335.4
2018,450,15378.0,84982.89,5526.3
2018,454,14924.0,319945.0,21438.3
2018,458,11356.0,322459.52,28395.2
2018,480,502.0,10043.0,20006.0
2018,484,20771.0,999592.81,48124.9
2018,508,8496.0,54708.54,6439.5
2018,524,942.0,13389.0,14213.4
2018,558,4591.0,68310.24,14879.8
2018,566,192368.0,1589394.74,8262.3
2018,591,1168.0,87853.0,75216.6
2018,598,1168.0,22671.81,19414.4
2018,600,6432.0,74320.0,11554.7
2018,604,15286.0,548464.87,35880.3
2018,608,66190.0,2730984.64,41259.5
2018,624,103.0,410.65,3987.5
2018,626,9.0,127.86,13610.2
2018,630,256.0,4725.0,18457.0
2018,646,4382.0,17787.61,4059.1
2018,659,0.0,1.0,10000.0
2018,662,4.0,79.0,19750.0
2018,690,2.0,30.25,19372.4
2018,704,45529.0,654801.06,14382.0
2018,710,9590.0,112412.0,11722.0
2018,716,535.0,6083.12,11363.3
2018,722,22604.0,586037.89,25926.6
2018,728,1103.0,4284.96,3886.5
2018,729,860.0,3827.51,4449.6
2018,740,178.0,3578.0,20101.1
2018,748,1176.0,36000.0,30621.3
2018,764,90943.0,2350887.0,25850.1
2018,768,242.0,1938.2,8016.9
2018,780,291.0,2463.0,8463.9
2018,800,664.0,5638.76,8498.0
2018,834,15939.0,377257.3,23668.2
2018,840,5715.0,167106.26,29237.7
2018,862,22479.0,472984.0,21041.1
2018,882,158.0,4574.95,28967.8
2018,894,1310.0,6714.06,5124.0
2018,901,123153.0,2220672.46,18031.8
2018,902,229545.0,4430919.14,19303.1
2019,1,1071703.0,27838955.37,25976.4
2019,2,375289.0,5351858.01,14260.6
2019,5,146147.0,4727227.87,32345.8
2019,9,4650.0,123961.75,26659.2
2019,11,227037.0,2763174.58,12170.6
2019,13,83156.0,4447564.91,53484.3
2019,14,78074.0,1373902.67,17597.5
2019,15,884.0,3936.68,4453.8
2019,17,58348.0,1059022.08,18150.2
2019,18,10946.0,151822.0,13870.0
2019,19,252328.0,9891174.58,39199.7
2019,21,5618.0,168665.24,30023.7
2019,24,35416.0,574155.0,16211.7
2019,28,3.0,34.4,12026.0
2019,29,17407.0,547716.57,31465.7
2019,30,96049.0,2598193.36,27050.6
2019,32,178.0,3234.92,18220.6
2019,34,124552.0,1985434.72,15940.6
2019,35,218699.0,7884832.95,36053.3
2019,36,2375.0,86201.0,36295.2
2019,50,14892.0,217439.0,14601.1
2019,53,2375.0,86201.0,36295.2
2019,54,1881.0,29887.22,15890.6
2019,61,394.0,7873.53,19981.1
2019,64,14.0,148.72,10804.6
2019,68,5083.0,87658.0,17245.3
2019,76,66900.0,2418321.0,36148.3
2019,84,293.0,3585.0,12235.5
2019,96,144.0,1253.29,8700.7
2019,116,2336.0,24478.91,10479.2
2019,120,10631.0,277341.0,26087.2
2019,140,3481.0,15456.22,4440.5
2019,142,439437.0,12471961.03,28381.7
2019,144,4665.0,43001.0,9217.9
2019,145,137.0,3500.0,25547.4
2019,156,87458.0,2158691.0,24682.6
2019,158,8239.0,431084.0,52322.4
2019,159,95697.0,2589775.0,27062.2
2019,170,23378.0,1008687.0,43146.8
2019,178,1000.0,3671.74,3671.9
2019,180,7636.0,187113.35,24503.3
2019,184,6.0,16.58,2787.4
2019,188,40000.0,2802712.0,70067.8
2019,192,5575.0,35583.52,6382.4
2019,199,161409.0,2560078.93,15860.8
2019,204,5528.0,350345.0,63374.8
2019,212,113.0,2316.51,20464.4
2019,214,8751.0,461024.68,52681.0
2019,218,4047.0,46347.89,11453.5
2019,222,70.0,1713.64,24480.5
2019,231,482.0,1163.88,2417.0
2019,242,705.0,7158.0,10153.2
2019,258,231.0,3238.0,14003.6
2019,266,184.0,1284.77,6999.4
2019,288,10834.0,694208.73,64074.5
2019,308,6.0,79.0,12909.8
2019,320,12434.0,342574.0,27551.6
2019,324,15212.0,64057.0,4210.8
2019,328,1038.0,37099.6,35735.2
2019,332,601.0,7149.69,11889.6
2019,340,1888.0,90000.0,47676.7
2019,356,104000.0,1711000.0,16451.9
2019,360,17284.0,2196456.0,127083.4
2019,376,137.0,3500.0,25547.4
2019,384,819.0,49100.0,59973.4
2019,388,1778.0,33938.0,19087.7
2019,392,320.0,7460.0,23312.5
2019,404,9893.0,335353.36,33898.5
2019,410,32.0,958.36,29747.3
2019,418,5128.0,66885.0,13043.1
2019,430,1738.0,9307.81,5355.8
2019,432,49943.0,799720.13,16012.6
2019,450,15465.0,85114.0,5503.6
2019,454,17000.0,427617.0,25153.9
2019,458,10928.0,314627.09,28790.3
2019,480,407.0,8459.0,20783.8
2019,484,22585.0,1041161.36,46100.1
2019,508,8523.0,54775.24,6426.5
2019,524,981.0,13846.0,14114.2
2019,558,4686.0,69677.91,14869.1
2019,566,192564.0,1593867.22,8277.1
2019,591,1201.0,96141.0,80050.8
2019,598,1176.0,22729.22,19330.6
2019,600,7232.0,85216.0,11783.2
2019,604,15847.0,565203.44,35665.7
2019,608,66048.0,2747856.5,41604.2
2019,624,106.0,406.1,3824.0
2019,626,10.0,138.98,13709.2
2019,630,282.0,5377.77,19087.6
2019,646,5434.0,36371.73,6692.8
2019,659,0.0,0.0,
2019,662,3.0,55.0,18333.3
2019,690,2.0,32.84,19009.1
2019,704,39158.0,707880.18,18077.6
2019,710,9691.0,113822.0,11745.0
2019,716,548.0,6576.0,12000.0
2019,722,21733.0,639097.84,29406.9
2019,728,1130.0,4165.03,3686.7
2019,729,884.0,3936.68,4453.8
2019,740,195.0,3899.0,19994.9
2019,748,1255.0,38000.0,30277.8
2019,764,77664.0,1825257.0,23502.0
2019,768,235.0,1882.72,8010.4
2019,780,294.0,2158.0,7340.1
2019,800,943.0,8000.0,8486.9
2019,834,17014.0,397658.04,23372.2
2019,840,5618.0,168665.24,30023.7
2019,862,22249.0,471561.0,21194.7
2019,882,157.0,4618.95,29443.9
2019,894,1233.0,8616.55,6986.9
2019,901,129152.0,2360985.51,18280.7
2019,902,235380.0,4703711.91,19983.5
2020,1,1039144.0,27607560.68,26567.6
2020,2,368905.0,5390527.57,14612.2
2020,5,141314.0,4667244.04,33027.4
2020,9,4725.0,114977.55,24334.2
2020,11,226608.0,2760562.84,12182.1
2020,13,86935.0,4495862.23,51715.3
2020,14,70898.0,1350175.21,19043.8
2020,15,897.0,3988.73,4447.6
2020,17,59341.0,1126223.4,18978.7
2020,18,11160.0,149577.39,13402.7
2020,19,249510.0,9847931.97,39469.1
2020,21,5769.0,168283.73,29168.9
2020,24,36212.0,637630.0,17608.3
2020,28,3.0,46.8,14625.0
2020,29,15492.0,516541.96,33343.4
2020,30,74030.0,2274359.07,30722.2
2020,32,178.0,3223.27,18153.7
2020,34,125800.0,2017804.71,16039.8
2020,35,216046.0,7956958.81,36829.9
2020,36,2119.0,77311.01,36476.6
2020,50,15047.0,218048.0,14491.1
2020,53,2119.0,77311.01,36476.6
2020,54,2245.0,30241.93,13469.7
2020,61,360.0,7424.6,20607.5
2020,64,15.0,161.71,10780.7
2020,68,5019.0,85964.0,17127.7
2020,76,64792.0,2456154.0,37908.3
2020,84,370.0,3828.0,10345.9
2020,96,142.0,1232.53,8695.8
2020,116,2375.0,24885.6,10476.6
2020,120,10822.0,281837.0,26043.2
2020,140,3459.0,15286.57,4419.7
2020,142,416004.0,12254123.59,29456.8
2020,144,3636.0,53145.0,14616.7
2020,145,128.0,5001.0,39070.3
2020,156,65800.0,1847000.0,28069.9
2020,158,7877.0,419028.0,53194.7
2020,159,73677.0,2266028.0,30756.1
2020,170,21009.0,834719.23,39732.2
2020,178,1026.0,3770.69,3673.9
2020,180,7636.0,186444.26,24417.5
2020,184,6.0,16.76,2872.1
2020,188,40000.0,2648138.0,66203.4
2020,192,4573.0,28057.0,6135.5
2020,199,155633.0,2614757.13,16800.8
2020,204,5644.0,362964.0,64307.3
2020,212,119.0,2450.66,20545.4
2020,214,7415.0,428599.29,57801.9
2020,218,3270.0,104058.66,31819.0
2020,222,132.0,4526.34,34172.1
2020,231,906.0,2558.94,2825.9
2020,242,1060.0,7423.1,7000.0
2020,258,198.0,2747.0,13862.8
2020,266,187.0,1254.88,6723.6
2020,288,10824.0,699627.67,64638.0
2020,308,7.0,90.0,13044.2
2020,320,12909.0,358714.0,27787.9
2020,324,15772.0,66428.0,4211.8
2020,328,1042.0,37550.27,36035.9
2020,332,585.0,7196.65,12302.3
2020,340,2111.0,103000.0,48782.6
2020,356,106000.0,1732000.0,16339.6
2020,360,19048.0,2447243.46,128478.2
2020,376,128.0,5001.0,39070.3
2020,384,500.0,30000.0,59990.4
2020,388,2184.0,41536.0,19018.3
2020,392,320.0,7390.0,23093.8
2020,404,9838.0,330330.6,33576.4
2020,410,33.0,941.07,28886.2
2020,418,4910.0,64553.49,13146.7
2020,430,1699.0,9416.63,5544.1
2020,432,41045.0,748253.56,18230.0
2020,450,15626.0,85708.17,5485.1
2020,454,9227.0,391181.0,42395.9
2020,458,11317.0,323420.45,28578.7
2020,480,464.0,9674.0,20849.1
2020,484,25470.0,1208247.35,47437.6
2020,508,8516.0,54734.84,6427.4
2020,524,1102.0,14450.0,13112.5
2020,558,4590.0,68281.54,14877.0
2020,566,191826.0,1589792.75,8287.7
2020,591,1352.0,101127.0,74798.1
2020,598,1185.0,22818.83,19260.7
2020,600,7142.0,85136.0,11920.5
2020,604,16262.0,583627.79,35889.9
2020,608,66858.0,2702553.81,40422.2
2020,624,104.0,406.15,3919.7
2020,626,10.0,135.91,13669.5
2020,630,320.0,6371.56,19925.6
2020,646,3579.0,17828.74,4982.1
2020,659,0.0,0.0,
2020,662,1.0,30.0,50000.0
2020,690,2.0,33.13,18493.5
2020,704,39422.0,712049.54,18062.4
2020,710,9954.0,113469.0,11398.9
2020,716,653.0,9142.0,14000.0
2020,722,20278.0,609630.95,30063.0
2020,728,1095.0,4177.31,3814.2
2020,729,897.0,3988.73,4447.6
2020,740,190.0,3795.0,19973.7
2020,748,1206.0,36108.39,29944.3
2020,764,71964.0,1680884.0,23357.2
2020,768,240.0,1927.64,8018.8
2020,780,285.0,2164.0,7593.0
2020,800,1469.0,12500.0,8508.8
2020,834,18261.0,423101.08,23170.2
2020,840,5769.0,168283.73,29168.9
2020,862,22411.0,473015.83,21106.3
2020,882,156.0,4660.84,29821.1
2020,894,1264.0,9205.4,7282.8
2020,901,122744.0,2353660.54,19175.4
2020,902,227138.0,4747236.25,20900.2
2021,1,1056359.0,28928202.24,27384.8
2021,2,374415.0,5481675.68,14640.6
2021,5,141180.0,4726848.43,33480.9
2021,9,4316.0,108681.8,25182.8
2021,11,231848.0,2848261.17,12285.1
2021,13,85867.0,4835709.13,56316.6
2021,14,68910.0,1305481.2,18944.7
2021,15,834.0,3711.93,4448.7
2021,17,60165.0,1160598.38,19290.1
2021,18,12658.0,163623.0,12926.8
2021,19,249735.0,10267408.12,41113.3
2021,21,5701.0,168018.41,29472.7
2021,24,36794.0,663263.0,18026.4
2021,28,3.0,35.32,14128.0
2021,29,16987.0,536832.15,31602.9
2021,30,75679.0,2296689.4,30347.8
2021,32,178.0,3226.03,18138.7
2021,34,125292.0,2070346.0,16524.2
2021,35,226787.0,8697051.23,38349.0
2021,36,1803.0,71084.0,39424.7
2021,50,13854.0,208141.0,15023.9
2021,53,1803.0,71084.0,39424.7
2021,54,2127.0,29864.65,14043.9
2021,61,386.0,7733.15,20025.6
2021,64,12.0,128.0,10666.7
2021,68,5008.0,86720.37,17316.7
2021,76,63610.0,2323485.0,36527.0
2021,84,421.0,4441.0,10548.7
2021,96,143.0,1239.6,8697.3
2021,116,2337.0,24490.17,10477.3
2021,120,10913.0,289630.21,26538.9
2021,140,3594.0,15857.47,4412.6
2021,142,427894.0,13070436.63,30546.0
2021,144,4463.0,49106.0,11002.9
2021,145,136.0,6350.0,46794.4
2021,156,67543.0,1885900.0,27921.5
2021,158,7797.0,402836.0,51665.5
2021,159,75340.0,2288736.0,30378.8
2021,170,22876.0,927050.01,40525.3
2021,178,1020.0,3745.73,3671.7
2021,180,7661.0,186838.12,24388.7
2021,184,6.0,16.81,2766.6
2021,188,40000.0,2938334.0,73458.4
2021,192,5414.0,25825.0,4770.2
2021,199,156616.0,2691898.03,17187.9
2021,204,6227.0,406220.0,65240.1
2021,212,123.0,2401.42,19577.5
2021,214,7641.0,443226.26,58004.8
2021,218,4905.0,206660.42,42133.4
2021,222,44.0,987.82,22240.6
2021,231,1046.0,1545.64,1478.1
2021,242,907.0,6350.0,7000.0
2021,258,217.0,3065.35,14099.8
2021,266,183.0,1263.85,6892.8
2021,288,10927.0,693569.48,63475.4
2021,308,7.0,94.0,13294.0
2021,320,11605.0,340515.0,29342.4
2021,324,16237.0,68887.0,4242.6
2021,328,928.0,32856.0,35411.0
2021,332,607.0,7227.31,11915.8
2021,340,2088.0,105000.0,50285.5
2021,356,106000.0,1799000.0,16971.7
2021,360,22213.0,2886416.84,129945.1
2021,376,136.0,6350.0,46794.4
2021,384,703.0,42297.0,60137.3
2021,388,2547.0,48634.0,19094.6
2021,392,308.0,6990.0,22694.8
2021,404,8184.0,282655.48,34536.8
2021,410,31.0,963.4,31062.6
2021,418,5710.0,74600.0,13064.8
2021,430,1712.0,9294.21,5429.4
2021,432,41091.0,737088.41,17937.9
2021,450,16127.0,88363.59,5479.1
2021,454,8722.0,369796.0,42395.9
2021,458,16204.0,375423.24,23169.0
2021,480,316.0,6547.0,20718.4
2021,484,25522.0,1271520.75,49820.6
2021,508,8635.0,54278.48,6285.7
2021,524,963.0,13971.0,14507.8
2021,558,4622.0,68756.56,14875.3
2021,566,195699.0,1625676.57,8307.0
2021,591,1564.0,106154.0,67873.4
2021,598,1219.0,23514.66,19284.1
2021,600,7358.0,86092.0,11700.5
2021,604,16904.0,588840.6,34834.2
2021,608,67117.0,2860202.36,42615.0
2021,624,104.0,400.73,3843.3
2021,626,10.0,134.25,13664.3
2021,630,370.0,7660.33,20703.6
2021,646,3319.0,20786.92,6263.9
2021,659,1.0,8.5,8500.0
2021,662,3.0,52.0,17333.3
2021,690,2.0,32.07,19969.4
2021,704,39550.0,723914.77,18303.6
2021,710,11491.0,128623.0,11193.7
2021,716,675.0,9300.99,13787.8
2021,722,21472.0,622668.01,28999.0
2021,728,1109.0,4209.1,3794.9
2021,729,834.0,3711.93,4448.7
2021,740,192.0,3827.0,19932.3
2021,748,1167.0,35000.0,29990.1
2021,764,73503.0,1750630.0,23817.1
2021,768,239.0,1916.18,8015.4
2021,780,272.0,1668.0,6132.4
2021,800,1102.0,9379.66,8514.6
2021,834,18366.0,448885.0,24441.0
2021,840,5701.0,168018.41,29472.7
2021,862,19222.0,468091.0,24351.8
2021,882,163.0,4650.99,28589.5
2021,894,1308.0,9701.27,7419.5
2021,901,122018.0,2365657.31,19387.8
2021,902,226076.0,4798410.28,21224.7
2022,1,1066668.0,29662837.95,27808.9
2022,2,379024.0,5601147.23,14777.8
2022,5,143930.0,4833085.18,33579.4
2022,9,4188.0,117090.06,27959.0
2022,11,233759.0,2897068.71,12393.4
2022,13,88495.0,4642334.4,52458.7
2022,14,70373.0,1297205.24,18433.3
2022,15,844.0,3760.79,4458.4
2022,17,61078.0,1232183.09,20173.9
2022,18,12970.0,170929.39,13179.0
2022,19,257072.0,10242517.29,39843.1
2022,21,5696.0,168322.46,29551.3
2022,24,36946.0,710530.0,19231.6
2022,28,1.0,1.34,1585.5
2022,29,18951.0,598775.26,31596.5
2022,30,76760.0,2394207.28,31190.8
2022,32,178.0,3227.99,18109.1
2022,34,123354.0,2125454.76,17230.5
2022,35,226136.0,9175821.33,40576.6
2022,36,1794.0,74653.0,41615.8
2022,50,9138.0,206164.0,22561.2
2022,53,1794.0,74653.0,41615.8
2022,54,2001.0,34634.53,17306.0
2022,61,393.0,7802.53,19866.1
2022,64,9.0,97.76,10862.2
2022,68,5020.0,86513.6,17235.5
2022,76,64293.0,2356788.0,36657.0
2022,84,348.0,4208.0,12092.0
2022,96,143.0,1241.81,8698.0
2022,116,2350.0,24618.23,10477.7
2022,120,11642.0,313390.28,26919.5
2022,140,3588.0,15796.94,4402.8
2022,142,426385.0,13702083.37,32135.5
2022,144,5230.0,52869.0,10108.8
2022,145,135.0,6600.0,48888.9
2022,156,69000.0,2003500.0,29036.2
2022,158,7415.0,382333.0,51562.1
2022,159,76415.0,2385833.0,31222.1
2022,170,22870.0,919708.55,40214.1
2022,178,1015.0,3729.39,3672.5
2022,180,7703.0,187468.65,24338.4
2022,184,6.0,16.72,2808.0
2022,188,40000.0,2618629.65,65465.7
2022,192,7206.0,27854.0,3865.6
2022,199,154904.0,2830374.66,18271.8
2022,204,7156.0,472514.0,66031.2
2022,212,121.0,2389.53,19719.3
2022,214,7630.0,496872.87,65124.7
2022,218,6093.0,295310.8,48470.3
2022,222,48.0,1022.97,21411.5
2022,231,1798.0,1798.24,1000.3
2022,242,246.0,7392.5,30000.0
2022,258,224.0,3155.0,14099.9
2022,266,185.0,1267.83,6871.1
2022,288,10712.0,695801.96,64952.5
2022,308,6.0,78.0,13197.8
2022,320,12909.0,430183.0,33325.5
2022,324,16960.0,71437.0,4212.2
2022,328,918.0,34040.0,37093.7
2022,332,585.0,7191.22,12289.5
2022,340,2796.0,140000.0,50080.1
2022,356,108000.0,1851000.0,17138.9
2022,360,24619.0,3203775.15,130135.0
2022,376,135.0,6600.0,48888.9
2022,384,702.0,42550.85,60606.5
2022,388,2730.0,51652.0,18920.1
2022,392,313.0,7420.0,23706.1
2022,404,8628.0,252700.0,29288.4
2022,410,32.0,954.28,29672.8
2022,418,5806.0,74650.0,12857.4
2022,430,1716.0,9339.55,5442.4
2022,432,39468.0,726606.6,18409.9
2022,450,15739.0,89163.11,5665.0
2022,454,8573.0,363444.0,42395.9
2022,458,14276.0,537231.4,37633.0
2022,480,272.0,5578.5,20501.7
2022,484,25621.0,1251094.44,48829.9
2022,508,8724.0,53670.4,6151.9
2022,524,977.0,15324.0,15684.7
2022,548,540.0,3785.0,7009.3
2022,558,4633.0,68905.34,14873.7
2022,566,196170.0,1603112.18,8172.0
2022,591,2141.0,128291.0,59921.1
2022,598,1215.0,23457.03,19308.0
2022,600,5120.0,73830.0,14419.9
2022,604,16895.0,587731.23,34788.2
2022,608,67722.0,2914424.68,43035.1
2022,624,105.0,404.33,3862.0
2022,626,10.0,136.38,13681.2
2022,630,424.0,11116.0,26217.0
2022,646,3184.0,20917.29,6569.5
2022,659,3.0,19.0,7600.0
2022,662,4.0,80.0,20000.0
2022,690,2.0,32.68,20576.2
2022,704,39698.0,705542.68,17772.9
2022,710,11679.0,132429.39,11338.6
2022,716,688.0,9763.33,14195.8
2022,722,23177.0,689147.21,29734.4
2022,728,1111.0,4183.81,3764.6
2022,729,844.0,3760.79,4458.4
2022,740,178.0,3535.0,19859.6
2022,748,1290.0,38500.0,29837.5
2022,764,71513.0,1714201.0,23970.3
2022,768,238.0,1908.85,8014.9
2022,780,242.0,1521.3,6287.7
2022,800,1088.0,9237.76,8489.9
2022,834,19349.0,474166.24,24506.1
2022,840,5696.0,168322.46,29551.3
2022,862,22366.0,472400.0,21121.3
2022,882,163.0,4630.81,28402.8
2022,894,1217.0,12549.88,10311.3
2022,901,126043.0,2450214.52,19439.6
2022,902,231428.0,5010191.64,21649.0
2023,1,1056916.0,29792966.25,28188.6
2023,2,379462.0,5631324.06,14840.3
2023,5,143079.0,4993705.17,34901.8
2023,9,4145.0,115311.25,27818.7
2023,11,234530.0,2897084.22,12352.7
2023,13,92583.0,4986821.96,53863.3
2023,14,68364.0,1267216.85,18536.4
2023,15,833.0,3715.38,4458.0
2023,17,62337.0,1276888.03,20483.8
2023,18,13399.0,186419.58,13912.7
2023,19,262508.0,10809443.16,41177.6
2023,21,5722.0,168208.2,29396.7
2023,24,37950.0,759158.0,20004.2
2023,28,1.0,1.36,1571.6
2023,29,21124.0,660707.82,31277.4
2023,30,78661.0,2483040.71,31566.5
2023,32,179.0,3226.04,18071.7
2023,34,126179.0,2079939.86,16484.1
2023,35,205800.0,8667598.22,42116.7
2023,36,1748.0,72178.0,41285.9
2023,50,13143.0,196735.0,14968.8
2023,53,1748.0,72178.0,41285.9
2023,54,2049.0,35959.32,17553.7
2023,61,348.0,7173.93,20596.3
2023,64,13.0,139.35,10719.2
2023,68,5129.0,87084.23,16978.1
2023,76,63723.0,2381317.5,37369.8
2023,84,333.0,4258.0,12786.8
2023,96,142.0,1237.98,8697.0
2023,116,2354.0,24664.67,10477.2
2023,120,11881.0,309994.09,26092.6
2023,140,3604.0,15824.01,4390.8
2023,142,410801.0,13236887.79,32222.1
2023,144,4155.0,45325.0,10908.5
2023,145,162.0,6309.0,38944.4
2023,156,71187.0,2096717.79,29453.7
2023,158,7130.0,378620.0,53102.4
2023,159,78317.0,2475337.79,31606.7
2023,170,22526.0,853169.38,37874.3
2023,178,1021.0,3748.6,3672.7
2023,180,7697.0,186901.14,24283.5
2023,184,6.0,16.77,2814.9
2023,188,43000.0,2946205.08,68516.4
2023,192,8381.0,28454.06,3395.1
2023,199,158738.0,2852945.44,17972.7
2023,204,6957.0,477427.8,68629.5
2023,212,122.0,2413.87,19775.6
2023,214,8506.0,560000.0,65834.8
2023,218,6374.0,507987.49,79693.7
2023,222,47.0,1104.23,23369.5
2023,231,863.0,1986.35,2301.6
2023,242,286.0,8590.8,30000.0
2023,258,179.0,2518.77,14099.0
2023,266,185.0,1262.19,6828.6
2023,288,10730.0,696333.04,64896.8
2023,308,6.0,82.0,13332.3
2023,320,13726.0,425756.69,31018.3
2023,324,16852.0,71052.77,4216.3
2023,328,894.0,35576.0,39773.0
2023,332,585.0,7205.06,12319.5
2023,340,2761.0,140000.0,50706.6
2023,356,108000.0,1828000.0,16925.9
2023,360,23937.0,3156576.45,131868.1
2023,376,162.0,6309.0,38944.4
2023,384,565.0,34405.35,60945.9
2023,388,2696.0,49149.0,18230.3
2023,392,311.0,6750.0,21704.2
2023,404,7120.0,232078.0,32595.2
2023,410,33.0,952.92,29167.0
2023,418,5595.0,69910.0,12495.1
2023,430,1709.0,9350.13,5471.7
2023,432,40115.0,741500.59,18484.5
2023,450,15831.0,87744.96,5542.7
2023,454,8742.0,370626.0,42395.9
2023,458,8837.0,440848.47,49888.9
2023,480,293.0,5918.1,20205.2
2023,484,25960.0,1272559.15,49020.5
2023,508,8713.0,53450.02,6134.6
2023,524,868.0,9740.51,11223.1
2023,548,540.0,3800.0,7037.0
2023,558,4615.0,68647.81,14875.3
2023,566,197375.0,1606193.83,8137.8
2023,591,2141.0,128291.0,59921.1
2023,598,1222.0,23568.52,19284.1
2023,600,5132.0,71125.76,13860.3
2023,604,16533.0,583018.79,35263.2
2023,608,69149.0,2944259.54,42578.6
2023,624,104.0,403.74,3874.9
2023,626,10.0,135.51,13671.7
2023,630,585.0,12384.47,21178.1
2023,646,4020.0,23341.26,5805.7
2023,659,1.0,8.0,5793.5
2023,662,3.0,60.0,20000.0
2023,690,2.0,32.63,20985.4
2023,704,41620.0,780557.6,18754.2
2023,710,11437.0,128419.58,11228.2
2023,716,711.0,10383.96,14613.7
2023,722,25330.0,753591.05,29751.0
2023,728,1105.0,4190.07,3791.1
2023,729,833.0,3715.38,4458.0
2023,740,173.0,3426.0,19803.5
2023,748,1962.0,58000.0,29561.8
2023,764,54155.0,1249408.0,23070.9
2023,768,239.0,1917.56,8016.4
2023,780,238.0,950.0,3991.6
2023,800,992.0,8430.08,8496.3
2023,834,18593.0,458316.41,24649.5
2023,840,5722.0,168208.2,29396.7
2023,862,22415.0,467774.0,20868.8
2023,882,164.0,4638.4,28333.5
2023,894,1379.0,10719.02,7775.4
2023,901,123654.0,2416475.7,19542.3
2023,902,234905.0,5067727.14,21573.5
2024,1,1056112.0,29372685.19,27812.1
2024,2,378775.0,5671871.06,14974.3
2024,5,137894.0,4791910.85,34750.7
2024,9,4352.0,122716.19,28196.7
2024,11,231575.0,2886332.53,12463.9
2024,13,103481.0,5183278.14,50089.1
2024,14,69883.0,1257048.19,17988.0
2024,15,823.0,3669.97,4457.7
2024,17,63230.0,1334750.1,21109.4
2024,18,13264.0,190070.28,14329.7
2024,19,268375.0,10864342.7,40482.0
2024,21,5706.0,168183.03,29473.4
2024,24,38393.0,809041.0,21072.6
2024,28,1.0,6.59,4750.1
2024,29,21293.0,720970.68,33859.3
2024,30,78753.0,2529023.3,32113.4
2024,32,179.0,3224.38,18034.3
2024,34,124593.0,2001393.98,16063.5
2024,35,201125.0,8177226.97,40657.4
2024,36,1852.0,76220.0,41165.6
2024,50,13096.0,208827.0,15945.9
2024,53,1852.0,76220.0,41165.6
2024,54,2154.0,39343.41,18263.1
2024,61,346.0,7152.78,20651.8
2024,64,12.0,126.98,10581.7
2024,68,5034.0,86526.71,17189.8
2024,76,56955.0,2223204.0,39034.4
2024,84,257.0,3320.0,12918.3
2024,96,143.0,1239.79,8697.4
2024,116,2347.0,24591.02,10477.4
2024,120,12322.0,318508.28,25848.0
2024,140,3621.0,15861.33,4380.1
2024,142,404611.0,12713755.25,31422.2
2024,144,4692.0,50425.0,10747.0
2024,145,140.0,6111.0,43650.0
2024,156,71380.0,2145779.95,30061.4
2024,158,7047.0,375814.08,53326.8
2024,159,78427.0,2521594.03,32152.0
2024,170,23652.0,910264.53,38485.0
2024,178,1019.0,3741.24,3672.3
2024,180,7691.0,186333.62,24228.6
2024,184,6.0,16.77,2796.3
2024,188,53000.0,3118093.29,58831.9
2024,192,7687.0,23872.6,3105.4
2024,199,157703.0,2930034.21,18579.4
2024,204,7425.0,483538.83,65119.8
2024,212,123.0,2401.61,19534.6
2024,214,9739.0,630000.0,64685.1
2024,218,5654.0,390378.74,69046.0
2024,222,35.0,830.64,23920.5
2024,231,847.0,2097.51,2477.3
2024,242,395.0,11863.4,30000.0
2024,258,176.0,2490.02,14135.5
2024,266,184.0,1264.63,6864.1
2024,288,10748.0,695234.82,64685.0
2024,308,4.0,59.0,13466.1
2024,320,14830.0,436740.8,29449.8
2024,324,12241.0,51662.48,4220.5
2024,328,938.0,39231.0,41814.0
2024,332,585.0,7207.86,12321.7
2024,340,2685.0,137852.15,51333.2
2024,356,106020.0,1733499.0,16350.7
2024,360,20513.0,2740600.78,133601.2
2024,376,140.0,6111.0,43650.0
2024,384,532.0,32590.44,61285.3
2024,388,2688.0,51220.0,19055.1
2024,392,293.0,6472.4,22123.9
2024,404,6094.0,196039.0,32169.2
2024,410,33.0,956.86,28818.1
2024,418,5908.0,75110.0,12713.3
2024,430,1712.0,9327.96,5447.8
2024,432,44493.0,782802.31,17593.8
2024,450,15899.0,88423.89,5561.5
2024,454,9074.0,384714.46,42395.9
2024,458,12920.0,516870.27,40004.5
2024,480,301.0,5802.1,19295.3
2024,484,26025.0,1292644.69,49668.7
2024,508,8702.0,53229.63,6117.3
2024,524,773.0,8516.0,11016.8
2024,548,540.0,3800.0,7037.0
2024,566,198573.0,1611660.86,8116.2
2024,591,2025.0,125026.67,61727.3
2024,598,1219.0,23680.01,19428.8
2024,600,6837.0,83757.53,12249.9
2024,604,16663.0,585409.28,35131.5
2024,608,67549.0,2919939.73,43227.1
2024,624,104.0,402.93,3860.1
2024,626,10.0,135.38,13672.4
2024,630,271.0,5334.72,19669.5
2024,646,5730.0,22427.56,3913.7
2024,659,0.0,1.3,4912.3
2024,662,2.0,47.0,23466.7
2024,690,2.0,32.46,21207.0
2024,704,43816.0,806529.0,18407.2
2024,710,10919.0,121396.64,11117.8
2024,716,752.0,11280.0,15000.0
2024,722,25575.0,819839.79,32056.4
2024,728,1109.0,4194.33,3783.5
2024,729,823.0,3669.97,4457.7
2024,740,169.0,3449.06,20358.8
2024,748,2345.0,68673.64,29286.2
2024,764,47919.0,1092211.0,22792.7
2024,768,239.0,1914.2,8015.6
2024,780,191.0,820.0,4293.2
2024,800,1038.0,8828.37,8502.7
2024,834,18923.0,469291.0,24800.2
2024,840,5706.0,168183.03,29473.4
2024,862,21812.0,466465.63,21386.0
2024,882,164.0,4645.99,28294.5
2024,894,1412.0,10687.89,7567.0
2024,901,121347.0,2399980.34,19777.8
2024,902,233659.0,5188587.78,22205.8
