fecha,cliente,cod_bloque,calibre,cajas,usd
2025-03-01,Importador EE.UU. A,N-01,5,67,678.29
2025-03-01,Importador EE.UU. B,N-01,6,211,2420.87
2025-03-01,Importador EE.UU. A,N-01,7,289,2726.15
2025-03-01,Importador EE.UU. A,N-01,8,266,2460.13
2025-03-01,Distribuidor Europa B,N-01,9,144,1192.57
2025-03-01,Importador EE.UU. B,N-01,10,56,515.46
2025-03-08,Importador EE.UU. B,N-01,5,194,2119.41
2025-03-08,Importador EE.UU. B,N-01,6,562,5706.43
2025-03-08,Distribuidor Europa B,N-01,7,881,8929.05
2025-03-08,Cadena Reino Unido,N-01,8,831,8583.39
2025-03-08,Cadena Reino Unido,N-01,9,406,3342.6
2025-03-08,Cadena Reino Unido,N-01,10,172,1364.87
2025-03-15,Distribuidor Europa A,N-01,5,392,4310.85
2025-03-15,Cadena Reino Unido,N-01,6,1121,11012.28
2025-03-15,Cadena Reino Unido,N-01,7,1960,18772.06
2025-03-15,Importador EE.UU. B,N-01,8,1654,16575.27
2025-03-15,Importador EE.UU. A,N-01,9,904,8383.49
2025-03-15,Importador EE.UU. B,N-01,10,397,3539.47
2025-03-22,Distribuidor Europa B,N-01,5,183,1983.84
2025-03-22,Distribuidor Europa A,N-01,6,564,6084.69
2025-03-22,Cadena Reino Unido,N-01,7,932,9380.48
2025-03-22,Distribuidor Europa A,N-01,8,847,7742.01
2025-03-22,Importador EE.UU. A,N-01,9,415,3791.02
2025-03-22,Cadena Reino Unido,N-01,10,200,1718.02
2025-03-29,Importador EE.UU. A,N-01,5,619,7479.0
2025-03-29,Importador EE.UU. A,N-01,6,1906,18452.51
2025-03-29,Importador EE.UU. B,N-01,7,3181,34456.11
2025-03-29,Distribuidor Europa B,N-01,8,2693,26811.0
2025-03-29,Importador EE.UU. A,N-01,9,1506,13160.21
2025-03-29,Cadena Reino Unido,N-01,10,641,5967.31
2025-04-05,Cadena Reino Unido,N-01,5,112,1135.52
2025-04-05,Importador EE.UU. B,N-01,6,317,3269.43
2025-04-05,Cadena Reino Unido,N-01,7,615,6464.82
2025-04-05,Importador EE.UU. A,N-01,8,523,4587.02
2025-04-05,Importador EE.UU. A,N-01,9,257,2404.35
2025-04-05,Cadena Reino Unido,N-01,10,93,850.53
2026-10-06,Importador EE.UU. B,N-01,5,1119,11528.65
2026-10-06,Cadena Reino Unido,N-01,6,3486,39105.88
2026-10-06,Distribuidor Europa A,N-01,7,5923,63792.1
2026-10-06,Importador EE.UU. A,N-01,8,5109,52003.86
2026-10-06,Importador EE.UU. A,N-01,9,2762,24358.84
2026-10-06,Distribuidor Europa A,N-01,10,1234,10543.08
2024-01-13,Distribuidor Europa B,N-02,5,1069,10961.24
2024-01-13,Distribuidor Europa B,N-02,6,3067,29946.71
2024-01-13,Importador EE.UU. A,N-02,7,5036,52658.4
2024-01-13,Importador EE.UU. A,N-02,8,4581,42755.75
2024-01-13,Importador EE.UU. B,N-02,9,2384,19413.44
2024-01-13,Distribuidor Europa B,N-02,10,1063,8661.28
2025-08-03,Distribuidor Europa A,N-02,5,69,754.99
2025-08-03,Importador EE.UU. A,N-02,6,190,1814.85
2025-08-03,Distribuidor Europa A,N-02,7,316,3036.71
2025-08-03,Importador EE.UU. B,N-02,8,253,2282.68
2025-08-03,Cadena Reino Unido,N-02,9,134,1229.71
2025-08-03,Distribuidor Europa A,N-02,10,50,395.6
2025-08-10,Distribuidor Europa B,N-02,5,306,3514.27
2025-08-10,Importador EE.UU. B,N-02,6,929,8925.03
2025-08-10,Distribuidor Europa B,N-02,7,1476,13916.26
2025-08-10,Importador EE.UU. A,N-02,8,1284,13099.56
2025-08-10,Cadena Reino Unido,N-02,9,672,6276.99
2025-08-10,Importador EE.UU. B,N-02,10,315,2620.89
2025-08-17,Importador EE.UU. A,N-02,5,219,2228.32
2025-08-17,Cadena Reino Unido,N-02,6,654,6380.36
2025-08-17,Distribuidor Europa B,N-02,7,1096,10524.96
2025-08-17,Importador EE.UU. B,N-02,8,888,8286.77
2025-08-17,Distribuidor Europa A,N-02,9,538,5035.74
2025-08-17,Distribuidor Europa B,N-02,10,201,1699.05
2025-08-24,Cadena Reino Unido,N-02,5,813,8218.99
2025-08-24,Distribuidor Europa A,N-02,6,2455,27542.81
2025-08-24,Distribuidor Europa A,N-02,7,4169,45271.83
2025-08-24,Distribuidor Europa A,N-02,8,3588,34203.13
2025-08-24,Importador EE.UU. B,N-02,9,1900,15846.78
2025-08-24,Importador EE.UU. B,N-02,10,754,6303.78
2025-08-31,Distribuidor Europa B,N-02,5,116,1151.72
2025-08-31,Distribuidor Europa B,N-02,6,349,3662.01
2025-08-31,Cadena Reino Unido,N-02,7,610,5651.67
2025-08-31,Distribuidor Europa A,N-02,8,539,5219.94
2025-08-31,Distribuidor Europa A,N-02,9,296,2801.22
2025-08-31,Cadena Reino Unido,N-02,10,107,945.62
2025-09-07,Cadena Reino Unido,N-02,5,371,3848.64
2025-09-07,Distribuidor Europa B,N-02,6,1198,12689.48
2025-09-07,Cadena Reino Unido,N-02,7,1951,19493.32
2025-09-07,Cadena Reino Unido,N-02,8,1706,16503.33
2025-09-07,Distribuidor Europa A,N-02,9,908,7543.2
2025-09-07,Cadena Reino Unido,N-02,10,376,3334.15
2025-08-08,Distribuidor Europa A,N-03,5,272,2905.68
2025-08-08,Importador EE.UU. B,N-03,6,797,8785.01
2025-08-08,Distribuidor Europa B,N-03,7,1369,13469.81
2025-08-08,Distribuidor Europa A,N-03,8,1186,12340.94
2025-08-08,Importador EE.UU. A,N-03,9,630,5868.05
2025-08-08,Distribuidor Europa B,N-03,10,266,2457.2
2025-08-15,Distribuidor Europa A,N-03,5,575,5855.31
2025-08-15,Cadena Reino Unido,N-03,6,1587,15860.1
2025-08-15,Importador EE.UU. A,N-03,7,2797,27267.42
2025-08-15,Distribuidor Europa A,N-03,8,2340,22642.72
2025-08-15,Importador EE.UU. A,N-03,9,1227,12104.27
2025-08-15,Importador EE.UU. B,N-03,10,526,4169.1
2025-08-22,Importador EE.UU. B,N-03,5,675,7878.99
2025-08-22,Distribuidor Europa B,N-03,6,1949,21940.44
2025-08-22,Importador EE.UU. A,N-03,7,3357,34300.88
2025-08-22,Distribuidor Europa A,N-03,8,2823,28407.91
2025-08-22,Distribuidor Europa B,N-03,9,1506,12968.97
2025-08-22,Importador EE.UU. A,N-03,10,688,6140.36
2025-08-29,Importador EE.UU. B,N-03,5,781,8419.96
2025-08-29,Importador EE.UU. B,N-03,6,2297,22011.14
2025-08-29,Importador EE.UU. A,N-03,7,3829,36169.09
2025-08-29,Distribuidor Europa A,N-03,8,3278,33782.61
2025-08-29,Cadena Reino Unido,N-03,9,1859,16368.01
2025-08-29,Distribuidor Europa B,N-03,10,774,6090.57
2025-09-05,Distribuidor Europa B,N-03,5,386,4670.42
2025-09-05,Cadena Reino Unido,N-03,6,1292,14317.17
2025-09-05,Distribuidor Europa B,N-03,7,2179,22103.1
2025-09-05,Importador EE.UU. B,N-03,8,1878,16089.87
2025-09-05,Distribuidor Europa B,N-03,9,1013,8871.9
2025-09-05,Importador EE.UU. B,N-03,10,369,2873.97
2025-09-12,Importador EE.UU. B,N-03,5,139,1593.01
2025-09-12,Importador EE.UU. B,N-03,6,439,4168.16
2025-09-12,Cadena Reino Unido,N-03,7,670,7302.62
2025-09-12,Distribuidor Europa A,N-03,8,580,5287.95
2025-09-12,Cadena Reino Unido,N-03,9,305,2608.04
2025-09-12,Importador EE.UU. B,N-03,10,134,1156.74
2024-05-06,Distribuidor Europa B,N-04,5,382,4306.15
2024-05-06,Distribuidor Europa A,N-04,6,1028,11504.42
2024-05-06,Importador EE.UU. B,N-04,7,1721,15897.1
2024-05-06,Distribuidor Europa A,N-04,8,1533,15621.87
2024-05-06,Importador EE.UU. B,N-04,9,828,7742.26
2024-05-06,Importador EE.UU. A,N-04,10,327,2975.93
2024-05-13,Importador EE.UU. A,N-04,5,57,663.8
2024-05-13,Cadena Reino Unido,N-04,6,144,1657.11
2024-05-13,Importador EE.UU. B,N-04,7,216,1953.16
2024-05-13,Distribuidor Europa A,N-04,8,178,1542.61
2024-05-13,Importador EE.UU. B,N-04,9,111,998.26
2024-05-13,Distribuidor Europa A,N-04,10,42,336.99
2024-05-20,Importador EE.UU. A,N-04,5,20,208.4
2024-05-20,Distribuidor Europa B,N-04,6,94,924.72
2024-05-20,Importador EE.UU. B,N-04,7,153,1608.72
2024-05-20,Importador EE.UU. A,N-04,8,143,1383.0
2024-05-20,Distribuidor Europa A,N-04,9,77,672.07
2024-05-20,Distribuidor Europa B,N-04,10,30,274.73
2024-05-27,Importador EE.UU. B,N-04,5,503,5965.67
2024-05-27,Distribuidor Europa A,N-04,6,1574,16164.77
2024-05-27,Importador EE.UU. B,N-04,7,2742,29248.46
2024-05-27,Importador EE.UU. A,N-04,8,2311,22387.34
2024-05-27,Importador EE.UU. B,N-04,9,1308,12881.46
2024-05-27,Distribuidor Europa A,N-04,10,536,4375.45
2024-06-03,Cadena Reino Unido,N-04,5,31,312.8
2024-06-03,Distribuidor Europa A,N-04,6,83,920.48
2024-06-03,Distribuidor Europa A,N-04,7,154,1575.84
2024-06-03,Distribuidor Europa B,N-04,8,135,1177.92
2024-06-03,Cadena Reino Unido,N-04,9,69,630.82
2024-06-03,Distribuidor Europa A,N-04,10,23,176.51
2024-06-10,Cadena Reino Unido,N-04,5,160,1886.06
2024-06-10,Distribuidor Europa B,N-04,6,466,5182.68
2024-06-10,Distribuidor Europa B,N-04,7,776,8522.58
2024-06-10,Distribuidor Europa B,N-04,8,675,6607.52
2024-06-10,Importador EE.UU. A,N-04,9,366,3469.41
2024-06-10,Distribuidor Europa B,N-04,10,174,1613.6
2025-12-07,Importador EE.UU. B,N-04,5,106,1260.5
2025-12-07,Importador EE.UU. A,N-04,6,307,3285.12
2025-12-07,Distribuidor Europa B,N-04,7,516,4721.21
2025-12-07,Cadena Reino Unido,N-04,8,435,4003.6
2025-12-07,Distribuidor Europa A,N-04,9,230,2045.97
2025-12-07,Distribuidor Europa B,N-04,10,98,800.92
2025-12-14,Distribuidor Europa B,N-04,5,313,3755.28
2025-12-14,Importador EE.UU. A,N-04,6,910,9107.4
2025-12-14,Distribuidor Europa A,N-04,7,1585,14710.99
2025-12-14,Distribuidor Europa B,N-04,8,1297,11841.18
2025-12-14,Distribuidor Europa A,N-04,9,678,6002.61
2025-12-14,Distribuidor Europa B,N-04,10,306,2387.13
2025-12-21,Distribuidor Europa B,N-04,5,163,1726.5
2025-12-21,Importador EE.UU. A,N-04,6,530,5343.13
2025-12-21,Distribuidor Europa B,N-04,7,954,10310.34
2025-12-21,Cadena Reino Unido,N-04,8,833,8138.32
2025-12-21,Distribuidor Europa A,N-04,9,433,3601.44
2025-12-21,Cadena Reino Unido,N-04,10,173,1399.06
2025-12-28,Distribuidor Europa B,N-04,5,133,1599.12
2025-12-28,Importador EE.UU. A,N-04,6,422,4125.67
2025-12-28,Cadena Reino Unido,N-04,7,701,6321.86
2025-12-28,Distribuidor Europa A,N-04,8,653,6475.83
2025-12-28,Importador EE.UU. B,N-04,9,317,2783.63
2025-12-28,Importador EE.UU. B,N-04,10,129,1179.76
2026-01-04,Importador EE.UU. B,N-04,5,337,3784.46
2026-01-04,Importador EE.UU. B,N-04,6,1008,9642.01
2026-01-04,Distribuidor Europa B,N-04,7,1595,17045.32
2026-01-04,Cadena Reino Unido,N-04,8,1464,14764.24
2026-01-04,Importador EE.UU. A,N-04,9,751,6283.07
2026-01-04,Importador EE.UU. B,N-04,10,289,2534.23
2026-01-11,Importador EE.UU. B,N-04,5,260,3051.48
2026-01-11,Importador EE.UU. A,N-04,6,696,7795.67
2026-01-11,Distribuidor Europa B,N-04,7,1213,12878.2
2026-01-11,Distribuidor Europa A,N-04,8,1009,9943.37
2026-01-11,Cadena Reino Unido,N-04,9,554,4841.99
2026-01-11,Importador EE.UU. A,N-04,10,230,1787.28
2024-11-29,Distribuidor Europa A,N-05,5,200,2317.27
2024-11-29,Importador EE.UU. B,N-05,6,596,6056.89
2024-11-29,Cadena Reino Unido,N-05,7,951,10009.06
2024-11-29,Distribuidor Europa B,N-05,8,880,8595.92
2024-11-29,Importador EE.UU. B,N-05,9,450,3755.35
2024-11-29,Distribuidor Europa B,N-05,10,178,1541.81
2024-12-06,Importador EE.UU. B,N-05,5,161,1921.31
2024-12-06,Cadena Reino Unido,N-05,6,480,5203.95
2024-12-06,Distribuidor Europa A,N-05,7,739,7921.02
2024-12-06,Cadena Reino Unido,N-05,8,693,7175.44
2024-12-06,Distribuidor Europa A,N-05,9,382,3639.46
2024-12-06,Distribuidor Europa B,N-05,10,154,1435.39
2024-12-13,Importador EE.UU. A,N-05,5,141,1464.66
2024-12-13,Cadena Reino Unido,N-05,6,379,4050.11
2024-12-13,Importador EE.UU. A,N-05,7,601,5954.08
2024-12-13,Distribuidor Europa B,N-05,8,536,4894.47
2024-12-13,Importador EE.UU. A,N-05,9,294,2405.54
2024-12-13,Importador EE.UU. B,N-05,10,117,898.39
2024-12-20,Importador EE.UU. A,N-05,5,11,121.57
2024-12-20,Importador EE.UU. B,N-05,6,21,225.33
2024-12-20,Importador EE.UU. B,N-05,7,55,603.46
2024-12-20,Importador EE.UU. B,N-05,8,52,518.99
2024-12-20,Distribuidor Europa B,N-05,9,25,209.34
2024-12-20,Importador EE.UU. B,N-05,10,10,82.81
2024-12-27,Importador EE.UU. B,N-05,5,125,1500.23
2024-12-27,Importador EE.UU. B,N-05,6,374,4311.13
2024-12-27,Distribuidor Europa A,N-05,7,600,5483.79
2024-12-27,Distribuidor Europa B,N-05,8,564,4888.39
2024-12-27,Importador EE.UU. B,N-05,9,277,2290.69
2024-12-27,Cadena Reino Unido,N-05,10,116,944.17
2025-01-03,Cadena Reino Unido,N-05,5,93,959.69
2025-01-03,Importador EE.UU. A,N-05,6,294,3053.17
2025-01-03,Distribuidor Europa A,N-05,7,467,4922.92
2025-01-03,Cadena Reino Unido,N-05,8,486,4906.92
2025-01-03,Cadena Reino Unido,N-05,9,253,2270.68
2025-01-03,Cadena Reino Unido,N-05,10,107,984.89
2026-09-08,Importador EE.UU. A,N-05,5,109,1176.04
2026-09-08,Cadena Reino Unido,N-05,6,318,3215.4
2026-09-08,Importador EE.UU. A,N-05,7,566,5799.24
2026-09-08,Importador EE.UU. A,N-05,8,440,3873.7
2026-09-08,Importador EE.UU. B,N-05,9,257,2270.81
2026-09-08,Cadena Reino Unido,N-05,10,106,939.2
2026-09-15,Cadena Reino Unido,N-05,5,44,499.89
2026-09-15,Cadena Reino Unido,N-05,6,107,1205.65
2026-09-15,Cadena Reino Unido,N-05,7,188,2047.94
2026-09-15,Cadena Reino Unido,N-05,8,148,1520.2
2026-09-15,Cadena Reino Unido,N-05,9,92,908.11
2026-09-15,Cadena Reino Unido,N-05,10,36,297.22
2026-09-22,Importador EE.UU. A,N-05,5,202,2122.17
2026-09-22,Cadena Reino Unido,N-05,6,602,6733.78
2026-09-22,Distribuidor Europa A,N-05,7,961,10452.51
2026-09-22,Distribuidor Europa B,N-05,8,762,6831.88
2026-09-22,Distribuidor Europa B,N-05,9,415,3808.42
2026-09-22,Distribuidor Europa A,N-05,10,214,1821.79
2026-09-29,Cadena Reino Unido,N-05,5,35,366.15
2026-09-29,Distribuidor Europa B,N-05,6,105,1072.23
2026-09-29,Distribuidor Europa A,N-05,7,154,1503.78
2026-09-29,Distribuidor Europa B,N-05,8,133,1331.28
2026-09-29,Importador EE.UU. B,N-05,9,77,722.99
2026-09-29,Distribuidor Europa A,N-05,10,25,193.94
2026-10-06,Importador EE.UU. B,N-05,5,86,987.04
2026-10-06,Cadena Reino Unido,N-05,6,269,2716.04
2026-10-06,Cadena Reino Unido,N-05,7,487,4830.0
2026-10-06,Cadena Reino Unido,N-05,8,409,3692.05
2026-10-06,Distribuidor Europa B,N-05,9,208,1939.82
2026-10-06,Cadena Reino Unido,N-05,10,81,706.45
2025-04-03,Distribuidor Europa B,N-06,5,1526,16255.47
2025-04-03,Distribuidor Europa B,N-06,6,4629,52127.12
2025-04-03,Importador EE.UU. A,N-06,7,7671,69971.28
2025-04-03,Importador EE.UU. B,N-06,8,6636,62669.57
2025-04-03,Distribuidor Europa B,N-06,9,3584,34664.1
2025-04-03,Distribuidor Europa A,N-06,10,1516,12904.47
2025-04-10,Cadena Reino Unido,N-06,5,244,2462.81
2025-04-10,Importador EE.UU. A,N-06,6,829,9401.86
2025-04-10,Distribuidor Europa B,N-06,7,1419,14583.37
2025-04-10,Distribuidor Europa B,N-06,8,1159,12067.62
2025-04-10,Distribuidor Europa A,N-06,9,649,6347.13
2025-04-10,Importador EE.UU. A,N-06,10,277,2426.64
2025-04-17,Distribuidor Europa A,N-06,5,115,1169.62
2025-04-17,Importador EE.UU. B,N-06,6,295,3371.31
2025-04-17,Importador EE.UU. B,N-06,7,499,5078.67
2025-04-17,Cadena Reino Unido,N-06,8,470,4366.98
2025-04-17,Importador EE.UU. B,N-06,9,243,2037.87
2025-04-17,Importador EE.UU. B,N-06,10,107,926.58
2025-04-24,Distribuidor Europa A,N-06,5,33,388.18
2025-04-24,Importador EE.UU. B,N-06,6,162,1806.56
2025-04-24,Importador EE.UU. A,N-06,7,231,2305.07
2025-04-24,Distribuidor Europa B,N-06,8,219,1887.53
2025-04-24,Importador EE.UU. B,N-06,9,124,1086.97
2025-04-24,Importador EE.UU. A,N-06,10,61,549.49
2025-05-01,Importador EE.UU. B,N-06,5,44,469.59
2025-05-01,Cadena Reino Unido,N-06,6,143,1371.93
2025-05-01,Importador EE.UU. B,N-06,7,214,1946.98
2025-05-01,Importador EE.UU. B,N-06,8,209,1808.78
2025-05-01,Cadena Reino Unido,N-06,9,124,1156.11
2025-05-01,Importador EE.UU. A,N-06,10,55,491.98
2025-05-08,Distribuidor Europa B,N-06,5,636,6615.39
2025-05-08,Distribuidor Europa A,N-06,6,2063,22601.93
2025-05-08,Importador EE.UU. B,N-06,7,3334,33942.28
2025-05-08,Cadena Reino Unido,N-06,8,2857,28921.77
2025-05-08,Cadena Reino Unido,N-06,9,1614,13583.9
2025-05-08,Distribuidor Europa A,N-06,10,694,5577.17
2025-07-17,Importador EE.UU. A,N-07,5,446,5041.12
2025-07-17,Importador EE.UU. B,N-07,6,1246,12606.21
2025-07-17,Importador EE.UU. B,N-07,7,2077,22126.52
2025-07-17,Distribuidor Europa A,N-07,8,1767,16595.97
2025-07-17,Distribuidor Europa A,N-07,9,923,7795.51
2025-07-17,Distribuidor Europa B,N-07,10,442,4033.21
2025-07-24,Cadena Reino Unido,N-07,5,847,10187.38
2025-07-24,Cadena Reino Unido,N-07,6,2648,28796.15
2025-07-24,Cadena Reino Unido,N-07,7,4281,40820.42
2025-07-24,Distribuidor Europa B,N-07,8,3598,36959.97
2025-07-24,Importador EE.UU. B,N-07,9,1936,17907.4
2025-07-24,Importador EE.UU. B,N-07,10,873,8133.19
2025-07-31,Distribuidor Europa B,N-07,5,1884,19288.52
2025-07-31,Distribuidor Europa B,N-07,6,5648,54007.95
2025-07-31,Distribuidor Europa A,N-07,7,9323,84323.73
2025-07-31,Distribuidor Europa B,N-07,8,8107,74059.45
2025-07-31,Distribuidor Europa A,N-07,9,4448,40991.77
2025-07-31,Distribuidor Europa A,N-07,10,1897,17717.35
2025-08-07,Cadena Reino Unido,N-07,5,257,2786.16
2025-08-07,Importador EE.UU. A,N-07,6,813,8746.83
2025-08-07,Distribuidor Europa A,N-07,7,1289,13794.76
2025-08-07,Importador EE.UU. A,N-07,8,1125,11314.19
2025-08-07,Importador EE.UU. A,N-07,9,629,5544.89
2025-08-07,Importador EE.UU. B,N-07,10,268,2312.05
2025-08-14,Cadena Reino Unido,N-07,5,626,7218.93
2025-08-14,Importador EE.UU. B,N-07,6,1885,21486.27
2025-08-14,Cadena Reino Unido,N-07,7,3208,32296.69
2025-08-14,Importador EE.UU. A,N-07,8,2762,27390.41
2025-08-14,Cadena Reino Unido,N-07,9,1487,12528.76
2025-08-14,Distribuidor Europa A,N-07,10,643,5395.91
2025-08-21,Distribuidor Europa A,N-07,5,592,6822.36
2025-08-21,Distribuidor Europa B,N-07,6,1744,18195.07
2025-08-21,Distribuidor Europa B,N-07,7,2858,25994.15
2025-08-21,Distribuidor Europa A,N-07,8,2501,23788.9
2025-08-21,Cadena Reino Unido,N-07,9,1420,11615.49
2025-08-21,Importador EE.UU. B,N-07,10,565,4945.35
2024-03-22,Distribuidor Europa A,N-08,5,222,2594.46
2024-03-22,Importador EE.UU. A,N-08,6,767,7253.29
2024-03-22,Importador EE.UU. B,N-08,7,1327,12435.19
2024-03-22,Cadena Reino Unido,N-08,8,1094,10354.48
2024-03-22,Distribuidor Europa B,N-08,9,615,5175.03
2024-03-22,Importador EE.UU. B,N-08,10,258,2033.36
2024-03-29,Distribuidor Europa B,N-08,5,163,1831.65
2024-03-29,Distribuidor Europa A,N-08,6,511,5130.21
2024-03-29,Distribuidor Europa A,N-08,7,776,8305.56
2024-03-29,Cadena Reino Unido,N-08,8,722,7248.32
2024-03-29,Cadena Reino Unido,N-08,9,383,3720.9
2024-03-29,Distribuidor Europa A,N-08,10,177,1429.38
2024-04-05,Cadena Reino Unido,N-08,5,14,160.11
2024-04-05,Importador EE.UU. B,N-08,6,46,512.08
2024-04-05,Distribuidor Europa A,N-08,7,74,702.01
2024-04-05,Cadena Reino Unido,N-08,8,48,445.44
2024-04-05,Importador EE.UU. A,N-08,9,31,274.34
2024-04-05,Distribuidor Europa B,N-08,10,24,196.04
2024-04-12,Cadena Reino Unido,N-08,5,1440,16125.07
2024-04-12,Importador EE.UU. B,N-08,6,4168,42840.74
2024-04-12,Distribuidor Europa A,N-08,7,7096,68530.55
2024-04-12,Distribuidor Europa B,N-08,8,6090,52464.73
2024-04-12,Importador EE.UU. B,N-08,9,3225,30207.73
2024-04-12,Cadena Reino Unido,N-08,10,1399,11572.21
2024-04-19,Importador EE.UU. B,N-08,5,255,2564.48
2024-04-19,Cadena Reino Unido,N-08,6,737,8238.57
2024-04-19,Cadena Reino Unido,N-08,7,1172,12538.81
2024-04-19,Distribuidor Europa A,N-08,8,1027,9518.22
2024-04-19,Distribuidor Europa A,N-08,9,564,5303.85
2024-04-19,Cadena Reino Unido,N-08,10,251,2242.52
2024-04-26,Importador EE.UU. B,N-08,5,1035,10353.9
2024-04-26,Cadena Reino Unido,N-08,6,3183,34742.4
2024-04-26,Importador EE.UU. A,N-08,7,5241,48509.52
2024-04-26,Distribuidor Europa B,N-08,8,4499,41762.44
2024-04-26,Distribuidor Europa B,N-08,9,2331,22174.69
2024-04-26,Cadena Reino Unido,N-08,10,1046,8280.84
2025-09-18,Distribuidor Europa B,N-08,5,1124,11193.04
2025-09-18,Importador EE.UU. A,N-08,6,3266,33050.86
2025-09-18,Distribuidor Europa A,N-08,7,5422,57901.79
2025-09-18,Distribuidor Europa A,N-08,8,4785,46149.37
2025-09-18,Importador EE.UU. A,N-08,9,2599,22038.05
2025-09-18,Distribuidor Europa B,N-08,10,1152,10232.66
2025-09-25,Distribuidor Europa A,N-08,5,113,1190.28
2025-09-25,Cadena Reino Unido,N-08,6,334,3646.04
2025-09-25,Importador EE.UU. A,N-08,7,545,5059.14
2025-09-25,Distribuidor Europa A,N-08,8,474,4812.45
2025-09-25,Distribuidor Europa B,N-08,9,279,2333.32
2025-09-25,Cadena Reino Unido,N-08,10,111,1020.37
2025-10-02,Cadena Reino Unido,N-08,5,243,2705.02
2025-10-02,Cadena Reino Unido,N-08,6,784,7584.65
2025-10-02,Distribuidor Europa B,N-08,7,1314,14266.27
2025-10-02,Importador EE.UU. B,N-08,8,1075,11039.94
2025-10-02,Cadena Reino Unido,N-08,9,593,5735.35
2025-10-02,Importador EE.UU. A,N-08,10,265,2346.55
2025-10-09,Importador EE.UU. A,N-08,5,946,11101.27
2025-10-09,Cadena Reino Unido,N-08,6,2913,31495.53
2025-10-09,Cadena Reino Unido,N-08,7,4985,46797.26
2025-10-09,Cadena Reino Unido,N-08,8,4243,44057.08
2025-10-09,Cadena Reino Unido,N-08,9,2308,22509.25
2025-10-09,Distribuidor Europa A,N-08,10,1010,8453.78
2025-10-16,Distribuidor Europa B,N-08,5,312,3114.22
2025-10-16,Importador EE.UU. A,N-08,6,869,9738.06
2025-10-16,Distribuidor Europa B,N-08,7,1494,14339.15
2025-10-16,Cadena Reino Unido,N-08,8,1325,13214.05
2025-10-16,Importador EE.UU. B,N-08,9,687,6255.46
2025-10-16,Distribuidor Europa A,N-08,10,260,2331.19
2025-10-23,Importador EE.UU. A,N-08,5,302,3382.01
2025-10-23,Distribuidor Europa B,N-08,6,885,9634.87
2025-10-23,Distribuidor Europa A,N-08,7,1529,14602.87
2025-10-23,Distribuidor Europa B,N-08,8,1331,11760.41
2025-10-23,Distribuidor Europa B,N-08,9,700,5691.11
2025-10-23,Importador EE.UU. B,N-08,10,314,2682.84
2024-02-12,Cadena Reino Unido,N-09,5,620,6829.61
2024-02-12,Cadena Reino Unido,N-09,6,1963,19002.13
2024-02-12,Cadena Reino Unido,N-09,7,3310,32096.63
2024-02-12,Distribuidor Europa A,N-09,8,2767,24570.85
2024-02-12,Distribuidor Europa A,N-09,9,1472,12241.68
2024-02-12,Distribuidor Europa B,N-09,10,635,5259.56
2024-02-19,Distribuidor Europa A,N-09,5,633,6668.1
2024-02-19,Importador EE.UU. B,N-09,6,1812,18432.09
2024-02-19,Cadena Reino Unido,N-09,7,3118,33116.9
2024-02-19,Distribuidor Europa B,N-09,8,2688,25337.42
2024-02-19,Cadena Reino Unido,N-09,9,1442,11719.01
2024-02-19,Cadena Reino Unido,N-09,10,586,5204.67
2024-02-26,Importador EE.UU. A,N-09,5,647,7814.31
2024-02-26,Distribuidor Europa A,N-09,6,1989,22352.47
2024-02-26,Importador EE.UU. B,N-09,7,3302,33488.21
2024-02-26,Importador EE.UU. B,N-09,8,2914,25321.25
2024-02-26,Importador EE.UU. B,N-09,9,1548,13420.25
2024-02-26,Cadena Reino Unido,N-09,10,698,5944.9
2024-03-04,Importador EE.UU. A,N-09,5,828,8637.58
2024-03-04,Cadena Reino Unido,N-09,6,2376,26194.97
2024-03-04,Importador EE.UU. B,N-09,7,3955,39111.67
2024-03-04,Distribuidor Europa A,N-09,8,3417,34004.69
2024-03-04,Cadena Reino Unido,N-09,9,1889,16863.52
2024-03-04,Importador EE.UU. B,N-09,10,766,6312.79
2024-03-11,Distribuidor Europa B,N-09,5,270,2714.03
2024-03-11,Distribuidor Europa B,N-09,6,965,10732.68
2024-03-11,Distribuidor Europa A,N-09,7,1577,16007.27
2024-03-11,Importador EE.UU. A,N-09,8,1348,12460.32
2024-03-11,Importador EE.UU. B,N-09,9,741,7074.04
2024-03-11,Importador EE.UU. B,N-09,10,338,3060.87
2024-03-18,Importador EE.UU. A,N-09,5,510,5420.59
2024-03-18,Importador EE.UU. A,N-09,6,1465,14553.53
2024-03-18,Distribuidor Europa A,N-09,7,2502,23686.54
2024-03-18,Distribuidor Europa B,N-09,8,2142,19306.98
2024-03-18,Cadena Reino Unido,N-09,9,1061,8708.43
2024-03-18,Importador EE.UU. B,N-09,10,500,3985.63
2025-11-09,Distribuidor Europa A,N-09,5,577,5860.96
2025-11-09,Distribuidor Europa A,N-09,6,1663,16593.78
2025-11-09,Distribuidor Europa A,N-09,7,2902,26537.14
2025-11-09,Importador EE.UU. A,N-09,8,2413,21099.69
2025-11-09,Distribuidor Europa B,N-09,9,1357,12813.74
2025-11-09,Cadena Reino Unido,N-09,10,567,4586.12
2025-11-16,Distribuidor Europa B,N-09,5,81,877.1
2025-11-16,Distribuidor Europa B,N-09,6,300,3353.28
2025-11-16,Distribuidor Europa A,N-09,7,437,4523.82
2025-11-16,Importador EE.UU. B,N-09,8,414,4104.71
2025-11-16,Distribuidor Europa A,N-09,9,244,2390.35
2025-11-16,Distribuidor Europa A,N-09,10,102,833.93
2025-11-23,Distribuidor Europa A,N-09,5,143,1504.29
2025-11-23,Distribuidor Europa A,N-09,6,360,3973.25
2025-11-23,Importador EE.UU. A,N-09,7,641,6464.68
2025-11-23,Distribuidor Europa A,N-09,8,551,5220.63
2025-11-23,Distribuidor Europa B,N-09,9,321,3148.89
2025-11-23,Cadena Reino Unido,N-09,10,122,1037.19
2025-11-30,Importador EE.UU. A,N-09,5,473,5626.97
2025-11-30,Cadena Reino Unido,N-09,6,1519,16294.43
2025-11-30,Distribuidor Europa A,N-09,7,2508,25453.52
2025-11-30,Importador EE.UU. A,N-09,8,2098,19825.97
2025-11-30,Importador EE.UU. A,N-09,9,1081,9303.47
2025-11-30,Importador EE.UU. A,N-09,10,467,4064.92
2025-12-07,Distribuidor Europa A,N-09,5,384,3959.05
2025-12-07,Cadena Reino Unido,N-09,6,1126,11025.25
2025-12-07,Distribuidor Europa B,N-09,7,1828,16687.1
2025-12-07,Distribuidor Europa B,N-09,8,1637,15004.61
2025-12-07,Importador EE.UU. A,N-09,9,832,7536.9
2025-12-07,Importador EE.UU. B,N-09,10,355,2824.68
2025-12-14,Cadena Reino Unido,N-09,5,246,2586.38
2025-12-14,Distribuidor Europa B,N-09,6,687,6714.4
2025-12-14,Importador EE.UU. A,N-09,7,1179,11015.52
2025-12-14,Distribuidor Europa A,N-09,8,1040,10672.17
2025-12-14,Distribuidor Europa A,N-09,9,542,4850.99
2025-12-14,Distribuidor Europa A,N-09,10,230,2131.25
2024-10-18,Distribuidor Europa A,N-10,5,215,2430.15
2024-10-18,Cadena Reino Unido,N-10,6,641,6577.34
2024-10-18,Distribuidor Europa A,N-10,7,997,9179.51
2024-10-18,Importador EE.UU. B,N-10,8,922,8229.13
2024-10-18,Importador EE.UU. A,N-10,9,499,4689.42
2024-10-18,Distribuidor Europa B,N-10,10,221,1871.06
2024-10-25,Cadena Reino Unido,N-10,5,442,5043.81
2024-10-25,Importador EE.UU. A,N-10,6,1391,14928.28
2024-10-25,Distribuidor Europa A,N-10,7,2266,23753.07
2024-10-25,Importador EE.UU. B,N-10,8,2024,18361.66
2024-10-25,Importador EE.UU. B,N-10,9,1061,9464.88
2024-10-25,Importador EE.UU. B,N-10,10,469,3802.82
2024-11-01,Distribuidor Europa A,N-10,5,182,1892.78
2024-11-01,Importador EE.UU. A,N-10,6,567,5463.99
2024-11-01,Importador EE.UU. B,N-10,7,937,8473.74
2024-11-01,Importador EE.UU. A,N-10,8,827,8600.84
2024-11-01,Importador EE.UU. B,N-10,9,422,3550.36
2024-11-01,Importador EE.UU. B,N-10,10,192,1792.17
2024-11-08,Importador EE.UU. A,N-10,5,13,145.09
2024-11-08,Importador EE.UU. A,N-10,6,50,521.92
2024-11-08,Importador EE.UU. B,N-10,7,75,698.0
2024-11-08,Cadena Reino Unido,N-10,8,79,738.0
2024-11-08,Distribuidor Europa B,N-10,9,31,287.77
2024-11-08,Importador EE.UU. A,N-10,10,17,142.43
2024-11-15,Distribuidor Europa B,N-10,5,152,1678.75
2024-11-15,Cadena Reino Unido,N-10,6,442,4911.46
2024-11-15,Distribuidor Europa A,N-10,7,748,7782.73
2024-11-15,Distribuidor Europa A,N-10,8,614,6221.68
2024-11-15,Distribuidor Europa A,N-10,9,345,3218.6
2024-11-15,Distribuidor Europa B,N-10,10,140,1085.79
2024-11-22,Distribuidor Europa B,N-10,5,186,1960.51
2024-11-22,Distribuidor Europa A,N-10,6,588,5665.01
2024-11-22,Distribuidor Europa A,N-10,7,970,10120.7
2024-11-22,Cadena Reino Unido,N-10,8,853,8762.35
2024-11-22,Cadena Reino Unido,N-10,9,430,3938.93
2024-11-22,Importador EE.UU. B,N-10,10,205,1571.23
2026-06-16,Distribuidor Europa B,N-10,5,421,4524.11
2026-06-16,Cadena Reino Unido,N-10,6,1385,14630.25
2026-06-16,Importador EE.UU. A,N-10,7,2244,21220.02
2026-06-16,Distribuidor Europa A,N-10,8,1971,18299.87
2026-06-16,Distribuidor Europa B,N-10,9,1050,9422.17
2026-06-16,Distribuidor Europa B,N-10,10,452,4110.51
2026-06-23,Distribuidor Europa B,N-10,5,241,2451.02
2026-06-23,Importador EE.UU. A,N-10,6,793,8207.21
2026-06-23,Distribuidor Europa A,N-10,7,1306,13083.63
2026-06-23,Cadena Reino Unido,N-10,8,1135,10346.54
2026-06-23,Distribuidor Europa A,N-10,9,645,5628.27
2026-06-23,Cadena Reino Unido,N-10,10,261,2077.06
2026-06-30,Importador EE.UU. B,N-10,5,192,1964.22
2026-06-30,Importador EE.UU. A,N-10,6,499,5141.61
2026-06-30,Distribuidor Europa A,N-10,7,873,9111.26
2026-06-30,Distribuidor Europa B,N-10,8,704,6823.21
2026-06-30,Importador EE.UU. B,N-10,9,402,3690.58
2026-06-30,Importador EE.UU. B,N-10,10,189,1603.39
2026-07-07,Distribuidor Europa A,N-10,5,569,6434.36
2026-07-07,Importador EE.UU. B,N-10,6,1662,17495.89
2026-07-07,Distribuidor Europa A,N-10,7,2859,27553.62
2026-07-07,Cadena Reino Unido,N-10,8,2388,24730.28
2026-07-07,Importador EE.UU. B,N-10,9,1365,11243.83
2026-07-07,Cadena Reino Unido,N-10,10,590,5114.73
2026-07-14,Cadena Reino Unido,N-10,5,383,4623.11
2026-07-14,Distribuidor Europa A,N-10,6,1062,10457.43
2026-07-14,Importador EE.UU. A,N-10,7,1738,17433.5
2026-07-14,Importador EE.UU. A,N-10,8,1578,13847.53
2026-07-14,Importador EE.UU. B,N-10,9,840,8061.09
2026-07-14,Cadena Reino Unido,N-10,10,390,3261.13
2026-07-21,Importador EE.UU. B,N-10,5,121,1408.03
2026-07-21,Distribuidor Europa A,N-10,6,433,4678.05
2026-07-21,Importador EE.UU. B,N-10,7,705,6628.5
2026-07-21,Importador EE.UU. B,N-10,8,640,5973.84
2026-07-21,Importador EE.UU. A,N-10,9,347,2913.86
2026-07-21,Importador EE.UU. B,N-10,10,140,1266.21
2024-09-23,Importador EE.UU. B,N-11,5,398,4672.98
2024-09-23,Distribuidor Europa B,N-11,6,1286,12212.55
2024-09-23,Distribuidor Europa A,N-11,7,2172,21710.46
2024-09-23,Cadena Reino Unido,N-11,8,1893,17069.06
2024-09-23,Cadena Reino Unido,N-11,9,1022,8341.83
2024-09-23,Importador EE.UU. B,N-11,10,426,3579.61
2024-09-30,Importador EE.UU. A,N-11,5,849,9221.17
2024-09-30,Distribuidor Europa B,N-11,6,2749,30240.39
2024-09-30,Cadena Reino Unido,N-11,7,4453,40497.07
2024-09-30,Importador EE.UU. B,N-11,8,3940,39729.83
2024-09-30,Importador EE.UU. B,N-11,9,2110,20248.94
2024-09-30,Importador EE.UU. B,N-11,10,921,8298.46
2024-10-07,Distribuidor Europa B,N-11,5,1385,16585.32
2024-10-07,Importador EE.UU. B,N-11,6,4054,45353.59
2024-10-07,Cadena Reino Unido,N-11,7,6966,72843.65
2024-10-07,Distribuidor Europa A,N-11,8,6012,59911.64
2024-10-07,Distribuidor Europa A,N-11,9,3264,29359.25
2024-10-07,Distribuidor Europa B,N-11,10,1386,11434.61
2024-10-14,Distribuidor Europa A,N-11,5,680,8147.76
2024-10-14,Distribuidor Europa B,N-11,6,2135,21077.68
2024-10-14,Importador EE.UU. A,N-11,7,3373,33309.08
2024-10-14,Importador EE.UU. B,N-11,8,2943,27219.35
2024-10-14,Distribuidor Europa A,N-11,9,1577,13233.99
2024-10-14,Distribuidor Europa B,N-11,10,648,5314.64
2024-10-21,Importador EE.UU. A,N-11,5,435,4670.21
2024-10-21,Importador EE.UU. B,N-11,6,1327,15306.24
2024-10-21,Distribuidor Europa A,N-11,7,2216,20692.67
2024-10-21,Importador EE.UU. A,N-11,8,1907,16984.01
2024-10-21,Cadena Reino Unido,N-11,9,1011,9507.6
2024-10-21,Importador EE.UU. A,N-11,10,467,4040.79
2024-10-28,Distribuidor Europa A,N-11,5,441,5181.2
2024-10-28,Importador EE.UU. A,N-11,6,1263,11962.9
2024-10-28,Importador EE.UU. A,N-11,7,2067,18990.67
2024-10-28,Distribuidor Europa B,N-11,8,1867,17218.77
2024-10-28,Cadena Reino Unido,N-11,9,993,8320.95
2024-10-28,Distribuidor Europa B,N-11,10,425,3727.18
2026-06-28,Cadena Reino Unido,N-11,5,109,1242.52
2026-06-28,Distribuidor Europa B,N-11,6,292,3131.95
2026-06-28,Cadena Reino Unido,N-11,7,495,5060.69
2026-06-28,Importador EE.UU. B,N-11,8,452,4214.48
2026-06-28,Distribuidor Europa A,N-11,9,247,2136.73
2026-06-28,Distribuidor Europa A,N-11,10,114,914.76
2026-07-05,Importador EE.UU. B,N-11,5,190,2076.67
2026-07-05,Cadena Reino Unido,N-11,6,601,6466.99
2026-07-05,Distribuidor Europa B,N-11,7,945,9799.32
2026-07-05,Importador EE.UU. A,N-11,8,883,8512.68
2026-07-05,Importador EE.UU. A,N-11,9,410,3919.88
2026-07-05,Importador EE.UU. B,N-11,10,218,1927.58
2026-07-12,Importador EE.UU. A,N-11,5,622,6821.43
2026-07-12,Importador EE.UU. A,N-11,6,1899,19094.45
2026-07-12,Importador EE.UU. B,N-11,7,3152,32013.36
2026-07-12,Cadena Reino Unido,N-11,8,2826,24799.37
2026-07-12,Cadena Reino Unido,N-11,9,1490,12939.29
2026-07-12,Importador EE.UU. B,N-11,10,658,5116.48
2026-07-19,Importador EE.UU. B,N-11,5,180,2152.39
2026-07-19,Distribuidor Europa A,N-11,6,554,5961.24
2026-07-19,Cadena Reino Unido,N-11,7,882,9458.02
2026-07-19,Distribuidor Europa B,N-11,8,828,7586.49
2026-07-19,Importador EE.UU. A,N-11,9,425,4177.38
2026-07-19,Distribuidor Europa A,N-11,10,170,1513.79
2026-07-26,Cadena Reino Unido,N-11,5,932,10699.55
2026-07-26,Importador EE.UU. B,N-11,6,2779,27411.57
2026-07-26,Cadena Reino Unido,N-11,7,4806,51266.19
2026-07-26,Importador EE.UU. B,N-11,8,4084,39169.34
2026-07-26,Distribuidor Europa B,N-11,9,2195,18692.75
2026-07-26,Cadena Reino Unido,N-11,10,964,8181.94
2026-08-02,Distribuidor Europa B,N-11,5,177,1958.96
2026-08-02,Distribuidor Europa A,N-11,6,532,5501.12
2026-08-02,Distribuidor Europa B,N-11,7,854,9257.12
2026-08-02,Importador EE.UU. B,N-11,8,730,6455.64
2026-08-02,Distribuidor Europa B,N-11,9,355,3434.92
2026-08-02,Importador EE.UU. B,N-11,10,177,1532.3
2025-03-15,Cadena Reino Unido,N-12,5,212,2421.58
2025-03-15,Distribuidor Europa B,N-12,6,662,7383.25
2025-03-15,Importador EE.UU. B,N-12,7,1008,10504.53
2025-03-15,Distribuidor Europa B,N-12,8,910,8239.42
2025-03-15,Distribuidor Europa B,N-12,9,430,3847.02
2025-03-15,Cadena Reino Unido,N-12,10,202,1649.44
2025-03-22,Importador EE.UU. A,N-12,5,23,259.9
2025-03-22,Importador EE.UU. A,N-12,6,63,727.23
2025-03-22,Distribuidor Europa B,N-12,7,96,964.99
2025-03-22,Distribuidor Europa B,N-12,8,110,1012.54
2025-03-22,Cadena Reino Unido,N-12,9,60,526.79
2025-03-22,Distribuidor Europa B,N-12,10,19,157.73
2025-03-29,Distribuidor Europa A,N-12,5,604,6212.44
2025-03-29,Cadena Reino Unido,N-12,6,1691,16345.55
2025-03-29,Importador EE.UU. B,N-12,7,2880,31157.4
2025-03-29,Distribuidor Europa A,N-12,8,2465,24783.71
2025-03-29,Cadena Reino Unido,N-12,9,1323,12294.55
2025-03-29,Distribuidor Europa A,N-12,10,583,5263.17
2025-04-05,Cadena Reino Unido,N-12,5,258,2722.53
2025-04-05,Importador EE.UU. B,N-12,6,746,7264.77
2025-04-05,Importador EE.UU. A,N-12,7,1124,10431.56
2025-04-05,Importador EE.UU. B,N-12,8,1020,10074.8
2025-04-05,Cadena Reino Unido,N-12,9,565,5113.79
2025-04-05,Cadena Reino Unido,N-12,10,231,1872.32
2025-04-12,Importador EE.UU. A,N-12,5,680,6981.79
2025-04-12,Importador EE.UU. B,N-12,6,1992,22690.57
2025-04-12,Cadena Reino Unido,N-12,7,3276,32823.01
2025-04-12,Cadena Reino Unido,N-12,8,2939,25381.51
2025-04-12,Cadena Reino Unido,N-12,9,1502,13763.42
2025-04-12,Importador EE.UU. A,N-12,10,646,5286.17
2025-04-19,Importador EE.UU. A,N-12,5,548,6447.26
2025-04-19,Importador EE.UU. A,N-12,6,1699,19583.45
2025-04-19,Importador EE.UU. A,N-12,7,2840,29039.52
2025-04-19,Distribuidor Europa B,N-12,8,2421,20798.35
2025-04-19,Distribuidor Europa A,N-12,9,1304,11505.53
2025-04-19,Distribuidor Europa A,N-12,10,565,4330.51
2024-01-09,Cadena Reino Unido,N-13,5,211,2154.33
2024-01-09,Importador EE.UU. A,N-13,6,626,6580.87
2024-01-09,Distribuidor Europa A,N-13,7,1033,9908.23
2024-01-09,Importador EE.UU. A,N-13,8,906,8580.21
2024-01-09,Importador EE.UU. B,N-13,9,486,4787.4
2024-01-09,Cadena Reino Unido,N-13,10,224,1755.06
2024-01-16,Importador EE.UU. B,N-13,5,253,2951.7
2024-01-16,Distribuidor Europa A,N-13,6,882,9162.18
2024-01-16,Importador EE.UU. B,N-13,7,1479,13548.98
2024-01-16,Importador EE.UU. B,N-13,8,1280,12280.26
2024-01-16,Distribuidor Europa B,N-13,9,694,5970.8
2024-01-16,Distribuidor Europa A,N-13,10,296,2448.58
2024-01-23,Distribuidor Europa A,N-13,5,99,1106.54
2024-01-23,Cadena Reino Unido,N-13,6,333,3467.39
2024-01-23,Importador EE.UU. A,N-13,7,542,5787.12
2024-01-23,Importador EE.UU. B,N-13,8,486,4962.99
2024-01-23,Distribuidor Europa A,N-13,9,269,2333.48
2024-01-23,Distribuidor Europa B,N-13,10,123,955.59
2024-01-30,Cadena Reino Unido,N-13,5,38,450.69
2024-01-30,Importador EE.UU. B,N-13,6,126,1287.2
2024-01-30,Distribuidor Europa B,N-13,7,196,1884.24
2024-01-30,Distribuidor Europa A,N-13,8,165,1465.47
2024-01-30,Importador EE.UU. A,N-13,9,92,832.09
2024-01-30,Distribuidor Europa B,N-13,10,31,240.99
2025-08-08,Importador EE.UU. A,N-13,5,331,3341.0
2025-08-08,Distribuidor Europa A,N-13,6,960,10581.65
2025-08-08,Distribuidor Europa A,N-13,7,1600,15242.39
2025-08-08,Cadena Reino Unido,N-13,8,1389,13529.84
2025-08-08,Importador EE.UU. A,N-13,9,764,7466.69
2025-08-08,Cadena Reino Unido,N-13,10,339,2973.91
2025-08-15,Importador EE.UU. A,N-13,5,921,9287.4
2025-08-15,Cadena Reino Unido,N-13,6,2748,26204.0
2025-08-15,Distribuidor Europa B,N-13,7,4384,39781.19
2025-08-15,Importador EE.UU. A,N-13,8,3858,38004.07
2025-08-15,Cadena Reino Unido,N-13,9,2071,17773.26
2025-08-15,Cadena Reino Unido,N-13,10,901,8045.45
2025-08-22,Importador EE.UU. A,N-13,5,113,1316.63
2025-08-22,Importador EE.UU. B,N-13,6,376,3644.56
2025-08-22,Cadena Reino Unido,N-13,7,602,6434.15
2025-08-22,Distribuidor Europa B,N-13,8,504,4441.35
2025-08-22,Distribuidor Europa A,N-13,9,300,2589.19
2025-08-22,Cadena Reino Unido,N-13,10,132,1054.98
2025-08-29,Cadena Reino Unido,N-13,5,504,5621.78
2025-08-29,Distribuidor Europa A,N-13,6,1518,17339.55
2025-08-29,Distribuidor Europa A,N-13,7,2432,24563.26
2025-08-29,Distribuidor Europa A,N-13,8,2270,21449.71
2025-08-29,Importador EE.UU. B,N-13,9,1131,9716.54
2025-08-29,Cadena Reino Unido,N-13,10,535,4692.59
2025-09-05,Distribuidor Europa B,N-13,5,295,3186.01
2025-09-05,Distribuidor Europa A,N-13,6,861,9154.88
2025-09-05,Cadena Reino Unido,N-13,7,1441,15359.07
2025-09-05,Importador EE.UU. B,N-13,8,1289,11783.39
2025-09-05,Distribuidor Europa A,N-13,9,658,6196.26
2025-09-05,Importador EE.UU. B,N-13,10,302,2638.7
2025-09-12,Importador EE.UU. B,N-13,5,282,3356.28
2025-09-12,Distribuidor Europa B,N-13,6,765,8144.26
2025-09-12,Importador EE.UU. B,N-13,7,1276,12472.79
2025-09-12,Distribuidor Europa B,N-13,8,1155,10228.61
2025-09-12,Distribuidor Europa A,N-13,9,579,4882.98
2025-09-12,Distribuidor Europa B,N-13,10,291,2594.73
2024-02-09,Cadena Reino Unido,N-14,5,450,4709.01
2024-02-09,Distribuidor Europa A,N-14,6,1365,15135.38
2024-02-09,Distribuidor Europa A,N-14,7,2396,24983.19
2024-02-09,Importador EE.UU. A,N-14,8,1986,18215.27
2024-02-09,Cadena Reino Unido,N-14,9,1050,9253.43
2024-02-09,Distribuidor Europa A,N-14,10,466,4327.17
2024-02-16,Cadena Reino Unido,N-14,5,211,2153.69
2024-02-16,Distribuidor Europa B,N-14,6,649,6722.07
2024-02-16,Importador EE.UU. A,N-14,7,1013,11130.05
2024-02-16,Importador EE.UU. B,N-14,8,898,7763.16
2024-02-16,Distribuidor Europa A,N-14,9,498,4538.12
2024-02-16,Distribuidor Europa B,N-14,10,185,1673.22
2024-02-23,Cadena Reino Unido,N-14,5,763,7906.18
2024-02-23,Importador EE.UU. A,N-14,6,2224,23076.08
2024-02-23,Distribuidor Europa A,N-14,7,3863,35369.34
2024-02-23,Distribuidor Europa B,N-14,8,3285,33349.1
2024-02-23,Importador EE.UU. B,N-14,9,1727,15306.06
2024-02-23,Importador EE.UU. A,N-14,10,749,6914.97
2024-03-01,Distribuidor Europa B,N-14,5,75,812.69
2024-03-01,Distribuidor Europa A,N-14,6,225,2591.82
2024-03-01,Distribuidor Europa A,N-14,7,376,3459.75
2024-03-01,Distribuidor Europa A,N-14,8,300,2567.59
2024-03-01,Distribuidor Europa A,N-14,9,176,1463.64
2024-03-01,Importador EE.UU. B,N-14,10,80,740.38
2024-03-08,Cadena Reino Unido,N-14,5,756,8564.07
2024-03-08,Distribuidor Europa A,N-14,6,2227,25497.25
2024-03-08,Importador EE.UU. B,N-14,7,3546,38723.04
2024-03-08,Distribuidor Europa A,N-14,8,3181,28930.37
2024-03-08,Importador EE.UU. B,N-14,9,1706,15093.22
2024-03-08,Cadena Reino Unido,N-14,10,706,6191.23
2024-03-15,Distribuidor Europa A,N-14,5,297,3160.79
2024-03-15,Distribuidor Europa B,N-14,6,855,8870.55
2024-03-15,Distribuidor Europa A,N-14,7,1448,13879.55
2024-03-15,Importador EE.UU. B,N-14,8,1248,12613.99
2024-03-15,Importador EE.UU. A,N-14,9,659,6073.51
2024-03-15,Distribuidor Europa B,N-14,10,276,2278.18
2026-01-07,Importador EE.UU. A,N-14,5,828,8373.52
2026-01-07,Distribuidor Europa B,N-14,6,2583,29649.2
2026-01-07,Cadena Reino Unido,N-14,7,4371,47219.8
2026-01-07,Importador EE.UU. B,N-14,8,3789,33571.55
2026-01-07,Importador EE.UU. B,N-14,9,1996,17131.55
2026-01-07,Cadena Reino Unido,N-14,10,876,7347.02
2026-01-14,Cadena Reino Unido,N-14,5,90,934.73
2026-01-14,Cadena Reino Unido,N-14,6,272,2810.96
2026-01-14,Distribuidor Europa A,N-14,7,386,3949.11
2026-01-14,Cadena Reino Unido,N-14,8,373,3541.46
2026-01-14,Importador EE.UU. B,N-14,9,208,1733.0
2026-01-14,Importador EE.UU. B,N-14,10,109,859.22
2026-01-21,Distribuidor Europa A,N-14,5,591,6133.03
2026-01-21,Importador EE.UU. A,N-14,6,1870,21311.73
2026-01-21,Importador EE.UU. B,N-14,7,3014,32316.12
2026-01-21,Cadena Reino Unido,N-14,8,2608,22456.25
2026-01-21,Distribuidor Europa A,N-14,9,1393,13195.45
2026-01-21,Importador EE.UU. A,N-14,10,570,4650.87
2026-01-28,Importador EE.UU. A,N-14,5,174,1899.92
2026-01-28,Cadena Reino Unido,N-14,6,553,5371.1
2026-01-28,Importador EE.UU. A,N-14,7,923,8485.78
2026-01-28,Cadena Reino Unido,N-14,8,812,7345.96
2026-01-28,Distribuidor Europa B,N-14,9,413,3575.48
2026-01-28,Importador EE.UU. B,N-14,10,174,1492.0
2026-02-04,Cadena Reino Unido,N-14,5,512,5669.82
2026-02-04,Distribuidor Europa B,N-14,6,1692,16597.73
2026-02-04,Cadena Reino Unido,N-14,7,2840,27941.35
2026-02-04,Distribuidor Europa B,N-14,8,2488,24648.64
2026-02-04,Importador EE.UU. B,N-14,9,1242,11988.38
2026-02-04,Cadena Reino Unido,N-14,10,548,4697.59
2026-02-11,Distribuidor Europa A,N-14,5,549,6447.83
2026-02-11,Distribuidor Europa A,N-14,6,1611,18443.28
2026-02-11,Distribuidor Europa A,N-14,7,2607,27002.36
2026-02-11,Distribuidor Europa B,N-14,8,2287,20129.53
2026-02-11,Distribuidor Europa B,N-14,9,1264,11879.02
2026-02-11,Cadena Reino Unido,N-14,10,527,4739.21
2025-08-19,Distribuidor Europa B,N-15,5,190,1968.22
2025-08-19,Cadena Reino Unido,N-15,6,534,6062.75
2025-08-19,Cadena Reino Unido,N-15,7,933,9620.37
2025-08-19,Importador EE.UU. A,N-15,8,808,7471.41
2025-08-19,Distribuidor Europa A,N-15,9,429,3925.74
2025-08-19,Importador EE.UU. A,N-15,10,192,1562.58
2025-08-26,Importador EE.UU. A,N-15,5,54,577.82
2025-08-26,Importador EE.UU. A,N-15,6,147,1614.27
2025-08-26,Cadena Reino Unido,N-15,7,219,2042.12
2025-08-26,Importador EE.UU. B,N-15,8,212,2061.28
2025-08-26,Distribuidor Europa A,N-15,9,124,1142.81
2025-08-26,Cadena Reino Unido,N-15,10,35,273.62
2025-09-02,Cadena Reino Unido,N-15,5,224,2450.78
2025-09-02,Importador EE.UU. B,N-15,6,661,6591.65
2025-09-02,Importador EE.UU. A,N-15,7,1048,11184.82
2025-09-02,Distribuidor Europa A,N-15,8,943,8787.33
2025-09-02,Importador EE.UU. B,N-15,9,514,4255.08
2025-09-02,Importador EE.UU. A,N-15,10,219,1807.87
2025-09-09,Distribuidor Europa B,N-15,5,2,24.14
2025-09-09,Distribuidor Europa A,N-15,6,24,255.98
2025-09-09,Distribuidor Europa A,N-15,7,31,317.15
2025-09-09,Importador EE.UU. B,N-15,8,34,338.98
2025-09-09,Cadena Reino Unido,N-15,9,9,86.14
2025-09-09,Cadena Reino Unido,N-15,10,5,44.11
2025-09-16,Distribuidor Europa B,N-15,5,142,1470.11
2025-09-16,Importador EE.UU. A,N-15,6,407,3867.05
2025-09-16,Importador EE.UU. A,N-15,7,689,7174.38
2025-09-16,Distribuidor Europa A,N-15,8,584,5307.25
2025-09-16,Cadena Reino Unido,N-15,9,323,2911.42
2025-09-16,Importador EE.UU. A,N-15,10,120,1055.84
2025-09-23,Cadena Reino Unido,N-15,5,321,3794.6
2025-09-23,Distribuidor Europa B,N-15,6,1034,11428.51
2025-09-23,Importador EE.UU. A,N-15,7,1703,17276.57
2025-09-23,Distribuidor Europa A,N-15,8,1475,14586.22
2025-09-23,Cadena Reino Unido,N-15,9,778,7651.1
2025-09-23,Cadena Reino Unido,N-15,10,355,3118.99
2024-05-14,Distribuidor Europa A,N-16,5,275,3158.4
2024-05-14,Distribuidor Europa B,N-16,6,767,7525.58
2024-05-14,Importador EE.UU. B,N-16,7,1334,12679.47
2024-05-14,Distribuidor Europa A,N-16,8,1200,12306.68
2024-05-14,Importador EE.UU. A,N-16,9,642,5604.2
2024-05-14,Distribuidor Europa A,N-16,10,238,2078.04
2024-05-21,Importador EE.UU. B,N-16,5,275,3043.47
2024-05-21,Importador EE.UU. A,N-16,6,833,7905.26
2024-05-21,Cadena Reino Unido,N-16,7,1362,14377.05
2024-05-21,Cadena Reino Unido,N-16,8,1149,10971.29
2024-05-21,Cadena Reino Unido,N-16,9,630,5754.6
2024-05-21,Distribuidor Europa A,N-16,10,259,2075.96
2024-05-28,Importador EE.UU. B,N-16,5,72,837.43
2024-05-28,Distribuidor Europa A,N-16,6,173,1974.32
2024-05-28,Distribuidor Europa A,N-16,7,271,2834.4
2024-05-28,Cadena Reino Unido,N-16,8,235,2311.61
2024-05-28,Distribuidor Europa B,N-16,9,141,1313.72
2024-05-28,Importador EE.UU. B,N-16,10,50,451.27
2024-06-04,Cadena Reino Unido,N-16,5,41,469.43
2024-06-04,Distribuidor Europa B,N-16,6,111,1063.23
2024-06-04,Importador EE.UU. B,N-16,7,212,2206.98
2024-06-04,Distribuidor Europa B,N-16,8,180,1715.71
2024-06-04,Distribuidor Europa B,N-16,9,101,999.36
2024-06-04,Importador EE.UU. A,N-16,10,46,415.69
2024-06-11,Distribuidor Europa A,N-16,5,31,346.83
2024-06-11,Importador EE.UU. B,N-16,6,87,906.57
2024-06-11,Distribuidor Europa B,N-16,7,150,1363.19
2024-06-11,Importador EE.UU. A,N-16,8,138,1397.23
2024-06-11,Cadena Reino Unido,N-16,9,62,589.09
2024-06-11,Importador EE.UU. A,N-16,10,20,177.07
2024-06-18,Distribuidor Europa B,N-16,5,124,1448.42
2024-06-18,Importador EE.UU. B,N-16,6,403,4407.58
2024-06-18,Distribuidor Europa B,N-16,7,658,7174.95
2024-06-18,Distribuidor Europa B,N-16,8,568,5748.82
2024-06-18,Distribuidor Europa A,N-16,9,335,3308.28
2024-06-18,Distribuidor Europa A,N-16,10,136,1265.93
2026-01-30,Distribuidor Europa A,N-16,5,21,212.47
2026-01-30,Importador EE.UU. B,N-16,6,87,856.43
2026-01-30,Importador EE.UU. A,N-16,7,86,857.82
2026-01-30,Distribuidor Europa B,N-16,8,108,948.68
2026-01-30,Cadena Reino Unido,N-16,9,40,350.15
2026-01-30,Cadena Reino Unido,N-16,10,26,228.02
2026-02-06,Distribuidor Europa A,N-16,5,590,7024.3
2026-02-06,Cadena Reino Unido,N-16,6,1664,18218.56
2026-02-06,Cadena Reino Unido,N-16,7,2792,29338.15
2026-02-06,Cadena Reino Unido,N-16,8,2451,22360.21
2026-02-06,Distribuidor Europa B,N-16,9,1371,12988.94
2026-02-06,Importador EE.UU. B,N-16,10,568,4992.6
2026-02-13,Importador EE.UU. A,N-16,5,110,1122.52
2026-02-13,Distribuidor Europa B,N-16,6,305,3276.78
2026-02-13,Distribuidor Europa B,N-16,7,506,5085.66
2026-02-13,Distribuidor Europa B,N-16,8,394,3967.74
2026-02-13,Importador EE.UU. A,N-16,9,219,2145.66
2026-02-13,Distribuidor Europa A,N-16,10,112,881.85
2026-02-20,Distribuidor Europa A,N-16,5,187,2012.28
2026-02-20,Cadena Reino Unido,N-16,6,531,6111.72
2026-02-20,Importador EE.UU. B,N-16,7,898,9174.83
2026-02-20,Cadena Reino Unido,N-16,8,803,7106.06
2026-02-20,Importador EE.UU. A,N-16,9,442,3949.03
2026-02-20,Importador EE.UU. B,N-16,10,199,1730.37
2026-02-27,Importador EE.UU. B,N-16,5,70,719.81
2026-02-27,Distribuidor Europa B,N-16,6,215,2102.33
2026-02-27,Importador EE.UU. A,N-16,7,368,3974.25
2026-02-27,Distribuidor Europa B,N-16,8,330,3262.11
2026-02-27,Cadena Reino Unido,N-16,9,165,1388.38
2026-02-27,Distribuidor Europa A,N-16,10,73,595.16
2026-03-06,Distribuidor Europa B,N-16,5,783,8372.44
2026-03-06,Importador EE.UU. B,N-16,6,2422,24625.36
2026-03-06,Distribuidor Europa A,N-16,7,4019,41086.89
2026-03-06,Distribuidor Europa B,N-16,8,3400,34385.33
2026-03-06,Cadena Reino Unido,N-16,9,1737,16527.14
2026-03-06,Importador EE.UU. A,N-16,10,746,6871.91
2024-06-04,Cadena Reino Unido,N-17,5,197,2121.63
2024-06-04,Importador EE.UU. B,N-17,6,574,5846.34
2024-06-04,Distribuidor Europa B,N-17,7,916,9163.32
2024-06-04,Cadena Reino Unido,N-17,8,808,7962.51
2024-06-04,Distribuidor Europa B,N-17,9,433,3838.72
2024-06-04,Distribuidor Europa A,N-17,10,201,1575.56
2024-06-11,Cadena Reino Unido,N-17,5,238,2596.12
2024-06-11,Distribuidor Europa A,N-17,6,622,6412.31
2024-06-11,Distribuidor Europa A,N-17,7,1120,10597.75
2024-06-11,Cadena Reino Unido,N-17,8,994,8563.44
2024-06-11,Distribuidor Europa A,N-17,9,513,4713.14
2024-06-11,Importador EE.UU. B,N-17,10,225,2029.68
2024-06-18,Distribuidor Europa B,N-17,5,36,381.5
2024-06-18,Cadena Reino Unido,N-17,6,133,1281.17
2024-06-18,Importador EE.UU. B,N-17,7,181,1721.55
2024-06-18,Cadena Reino Unido,N-17,8,185,1844.71
2024-06-18,Cadena Reino Unido,N-17,9,73,709.22
2024-06-18,Distribuidor Europa A,N-17,10,36,295.18
2024-06-25,Distribuidor Europa A,N-17,5,439,5245.8
2024-06-25,Distribuidor Europa B,N-17,6,1170,12106.33
2024-06-25,Importador EE.UU. B,N-17,7,1999,21935.19
2024-06-25,Cadena Reino Unido,N-17,8,1737,15189.83
2024-06-25,Importador EE.UU. A,N-17,9,927,7886.25
2024-06-25,Distribuidor Europa B,N-17,10,424,3833.39
2024-07-02,Distribuidor Europa B,N-17,5,148,1529.87
2024-07-02,Distribuidor Europa A,N-17,6,387,3853.34
2024-07-02,Cadena Reino Unido,N-17,7,697,6878.71
2024-07-02,Distribuidor Europa A,N-17,8,637,5816.94
2024-07-02,Importador EE.UU. A,N-17,9,339,3115.68
2024-07-02,Importador EE.UU. A,N-17,10,124,1111.48
2024-07-09,Importador EE.UU. A,N-17,5,114,1345.73
2024-07-09,Cadena Reino Unido,N-17,6,296,2898.86
2024-07-09,Distribuidor Europa A,N-17,7,464,4559.0
2024-07-09,Distribuidor Europa A,N-17,8,413,4264.72
2024-07-09,Distribuidor Europa B,N-17,9,205,1937.51
2024-07-09,Importador EE.UU. A,N-17,10,87,799.65
2025-12-17,Distribuidor Europa A,N-17,5,108,1070.53
2025-12-17,Importador EE.UU. A,N-17,6,338,3274.04
2025-12-17,Importador EE.UU. A,N-17,7,616,6040.19
2025-12-17,Importador EE.UU. B,N-17,8,511,5313.78
2025-12-17,Cadena Reino Unido,N-17,9,255,2107.54
2025-12-17,Importador EE.UU. A,N-17,10,117,1066.59
2025-12-24,Distribuidor Europa B,N-17,5,258,3050.9
2025-12-24,Cadena Reino Unido,N-17,6,714,8202.9
2025-12-24,Distribuidor Europa B,N-17,7,1235,11313.04
2025-12-24,Importador EE.UU. B,N-17,8,1046,10227.25
2025-12-24,Cadena Reino Unido,N-17,9,555,5160.5
2025-12-24,Distribuidor Europa A,N-17,10,250,1957.43
2025-12-31,Distribuidor Europa B,N-17,5,40,483.96
2025-12-31,Distribuidor Europa B,N-17,6,106,1036.56
2025-12-31,Distribuidor Europa A,N-17,7,180,1808.65
2025-12-31,Importador EE.UU. B,N-17,8,147,1478.9
2025-12-31,Importador EE.UU. B,N-17,9,81,659.66
2025-12-31,Cadena Reino Unido,N-17,10,37,298.62
2026-01-07,Importador EE.UU. A,N-17,5,199,2274.22
2026-01-07,Distribuidor Europa A,N-17,6,667,7053.0
2026-01-07,Importador EE.UU. A,N-17,7,1016,11142.15
2026-01-07,Distribuidor Europa A,N-17,8,925,8148.39
2026-01-07,Distribuidor Europa A,N-17,9,503,4267.71
2026-01-07,Cadena Reino Unido,N-17,10,219,1685.83
2026-01-14,Distribuidor Europa B,N-17,5,292,3152.99
2026-01-14,Importador EE.UU. B,N-17,6,868,8227.52
2026-01-14,Importador EE.UU. B,N-17,7,1466,14675.69
2026-01-14,Importador EE.UU. A,N-17,8,1183,10791.66
2026-01-14,Distribuidor Europa A,N-17,9,647,5358.24
2026-01-14,Distribuidor Europa B,N-17,10,305,2376.97
2026-01-21,Importador EE.UU. B,N-17,5,86,927.93
2026-01-21,Importador EE.UU. B,N-17,6,254,2578.02
2026-01-21,Importador EE.UU. B,N-17,7,424,4340.53
2026-01-21,Cadena Reino Unido,N-17,8,400,4122.51
2026-01-21,Distribuidor Europa A,N-17,9,199,1747.17
2026-01-21,Importador EE.UU. B,N-17,10,77,670.49
2024-05-24,Distribuidor Europa B,N-18,5,168,1899.54
2024-05-24,Distribuidor Europa A,N-18,6,445,5100.62
2024-05-24,Distribuidor Europa A,N-18,7,798,7733.53
2024-05-24,Importador EE.UU. A,N-18,8,685,7137.44
2024-05-24,Importador EE.UU. A,N-18,9,357,3331.06
2024-05-24,Distribuidor Europa B,N-18,10,159,1245.35
2024-05-31,Distribuidor Europa A,N-18,5,471,5444.91
2024-05-31,Importador EE.UU. A,N-18,6,1332,13424.35
2024-05-31,Cadena Reino Unido,N-18,7,2319,22273.76
2024-05-31,Cadena Reino Unido,N-18,8,1916,17558.38
2024-05-31,Distribuidor Europa A,N-18,9,1027,8363.46
2024-05-31,Cadena Reino Unido,N-18,10,423,3933.72
2024-06-07,Importador EE.UU. B,N-18,5,238,2709.96
2024-06-07,Distribuidor Europa B,N-18,6,737,7275.97
2024-06-07,Importador EE.UU. A,N-18,7,1274,12606.72
2024-06-07,Distribuidor Europa A,N-18,8,1083,10716.89
2024-06-07,Distribuidor Europa B,N-18,9,607,5297.0
2024-06-07,Cadena Reino Unido,N-18,10,241,2064.12
2024-06-14,Distribuidor Europa B,N-18,5,488,5162.67
2024-06-14,Cadena Reino Unido,N-18,6,1662,17232.45
2024-06-14,Importador EE.UU. B,N-18,7,2679,29235.92
2024-06-14,Importador EE.UU. B,N-18,8,2301,19851.86
2024-06-14,Importador EE.UU. A,N-18,9,1190,11191.82
2024-06-14,Importador EE.UU. B,N-18,10,532,4537.46
2024-06-21,Cadena Reino Unido,N-18,5,306,3237.55
2024-06-21,Distribuidor Europa B,N-18,6,984,10696.38
2024-06-21,Distribuidor Europa B,N-18,7,1653,17851.35
2024-06-21,Importador EE.UU. A,N-18,8,1444,14341.96
2024-06-21,Importador EE.UU. B,N-18,9,743,6382.36
2024-06-21,Distribuidor Europa A,N-18,10,278,2285.56
2024-06-28,Distribuidor Europa B,N-18,5,93,1085.58
2024-06-28,Importador EE.UU. A,N-18,6,364,3690.04
2024-06-28,Importador EE.UU. A,N-18,7,580,5615.85
2024-06-28,Importador EE.UU. A,N-18,8,488,4423.3
2024-06-28,Distribuidor Europa B,N-18,9,261,2291.32
2024-06-28,Cadena Reino Unido,N-18,10,108,975.59
2026-02-17,Cadena Reino Unido,N-18,5,783,7779.22
2026-02-17,Cadena Reino Unido,N-18,6,2218,21935.62
2026-02-17,Distribuidor Europa A,N-18,7,3630,33805.78
2026-02-17,Distribuidor Europa B,N-18,8,3287,32998.88
2026-02-17,Cadena Reino Unido,N-18,9,1782,15763.62
2026-02-17,Importador EE.UU. A,N-18,10,797,7158.95
2026-02-24,Cadena Reino Unido,N-18,5,42,484.36
2026-02-24,Importador EE.UU. A,N-18,6,121,1258.55
2026-02-24,Distribuidor Europa B,N-18,7,223,2245.65
2026-02-24,Distribuidor Europa A,N-18,8,189,1654.22
2026-02-24,Distribuidor Europa A,N-18,9,97,809.62
2026-02-24,Distribuidor Europa B,N-18,10,47,421.78
2026-03-03,Distribuidor Europa A,N-18,5,525,5646.52
2026-03-03,Importador EE.UU. B,N-18,6,1625,17656.93
2026-03-03,Distribuidor Europa B,N-18,7,2646,28029.07
2026-03-03,Distribuidor Europa B,N-18,8,2355,22688.13
2026-03-03,Importador EE.UU. B,N-18,9,1230,10124.49
2026-03-03,Cadena Reino Unido,N-18,10,503,3889.24
2026-03-10,Distribuidor Europa A,N-18,5,202,2054.97
2026-03-10,Importador EE.UU. A,N-18,6,684,6910.32
2026-03-10,Distribuidor Europa B,N-18,7,1069,10359.2
2026-03-10,Importador EE.UU. B,N-18,8,934,9626.64
2026-03-10,Importador EE.UU. B,N-18,9,521,4476.5
2026-03-10,Distribuidor Europa A,N-18,10,198,1786.57
2026-03-17,Distribuidor Europa B,N-18,5,546,5509.41
2026-03-17,Cadena Reino Unido,N-18,6,1655,18683.39
2026-03-17,Cadena Reino Unido,N-18,7,2816,28319.67
2026-03-17,Importador EE.UU. A,N-18,8,2390,22787.26
2026-03-17,Distribuidor Europa B,N-18,9,1332,11384.58
2026-03-17,Importador EE.UU. B,N-18,10,520,4231.79
2026-03-24,Importador EE.UU. A,N-18,5,149,1764.63
2026-03-24,Importador EE.UU. A,N-18,6,493,5190.8
2026-03-24,Distribuidor Europa A,N-18,7,724,6927.78
2026-03-24,Distribuidor Europa B,N-18,8,708,6146.0
2026-03-24,Importador EE.UU. A,N-18,9,381,3239.23
2026-03-24,Cadena Reino Unido,N-18,10,133,1214.89
2024-07-12,Importador EE.UU. B,N-19,5,85,859.84
2024-07-12,Importador EE.UU. B,N-19,6,245,2351.78
2024-07-12,Cadena Reino Unido,N-19,7,441,4247.59
2024-07-12,Distribuidor Europa B,N-19,8,350,3297.1
2024-07-12,Importador EE.UU. A,N-19,9,220,1902.4
2024-07-12,Importador EE.UU. A,N-19,10,91,835.67
2024-07-19,Cadena Reino Unido,N-19,5,105,1165.47
2024-07-19,Importador EE.UU. A,N-19,6,271,2672.63
2024-07-19,Distribuidor Europa B,N-19,7,458,4837.92
2024-07-19,Importador EE.UU. A,N-19,8,395,3795.41
2024-07-19,Importador EE.UU. B,N-19,9,210,1919.42
2024-07-19,Distribuidor Europa A,N-19,10,110,995.28
2024-07-26,Distribuidor Europa B,N-19,5,244,2659.04
2024-07-26,Distribuidor Europa A,N-19,6,714,7246.33
2024-07-26,Cadena Reino Unido,N-19,7,1175,11412.82
2024-07-26,Distribuidor Europa A,N-19,8,958,9407.13
2024-07-26,Importador EE.UU. B,N-19,9,516,5078.56
2024-07-26,Importador EE.UU. B,N-19,10,249,2317.72
2024-08-02,Distribuidor Europa A,N-19,5,21,242.49
2024-08-02,Cadena Reino Unido,N-19,6,80,778.56
2024-08-02,Cadena Reino Unido,N-19,7,102,1005.74
2024-08-02,Cadena Reino Unido,N-19,8,118,1069.4
2024-08-02,Distribuidor Europa B,N-19,9,61,535.92
2024-08-02,Distribuidor Europa B,N-19,10,32,285.33
2024-08-09,Distribuidor Europa B,N-19,5,190,2065.8
2024-08-09,Cadena Reino Unido,N-19,6,554,5819.56
2024-08-09,Importador EE.UU. A,N-19,7,960,10101.71
2024-08-09,Distribuidor Europa A,N-19,8,802,8326.82
2024-08-09,Distribuidor Europa B,N-19,9,443,4282.56
2024-08-09,Importador EE.UU. B,N-19,10,191,1565.49
2024-08-16,Cadena Reino Unido,N-19,5,132,1475.33
2024-08-16,Importador EE.UU. B,N-19,6,388,4277.15
2024-08-16,Cadena Reino Unido,N-19,7,680,7251.83
2024-08-16,Importador EE.UU. B,N-19,8,606,5817.95
2024-08-16,Cadena Reino Unido,N-19,9,290,2694.84
2024-08-16,Distribuidor Europa B,N-19,10,131,1082.68
2026-04-11,Distribuidor Europa B,N-19,5,6,72.57
2026-04-11,Distribuidor Europa A,N-19,6,33,365.2
2026-04-11,Distribuidor Europa A,N-19,7,51,543.99
2026-04-11,Importador EE.UU. B,N-19,8,53,544.92
2026-04-11,Importador EE.UU. A,N-19,9,22,182.72
2026-04-11,Distribuidor Europa B,N-19,10,11,93.54
2026-04-18,Importador EE.UU. B,N-19,5,353,4113.52
2026-04-18,Distribuidor Europa A,N-19,6,1051,10626.75
2026-04-18,Importador EE.UU. A,N-19,7,1802,18566.63
2026-04-18,Distribuidor Europa A,N-19,8,1525,15069.14
2026-04-18,Cadena Reino Unido,N-19,9,796,7834.63
2026-04-18,Importador EE.UU. A,N-19,10,326,2641.15
2026-04-25,Distribuidor Europa B,N-19,5,59,700.33
2026-04-25,Importador EE.UU. A,N-19,6,108,1115.87
2026-04-25,Distribuidor Europa B,N-19,7,242,2297.44
2026-04-25,Importador EE.UU. A,N-19,8,203,1984.12
2026-04-25,Distribuidor Europa B,N-19,9,109,1011.26
2026-04-25,Cadena Reino Unido,N-19,10,33,307.38
2026-05-02,Importador EE.UU. B,N-19,5,907,9262.16
2026-05-02,Importador EE.UU. A,N-19,6,2745,31239.73
2026-05-02,Cadena Reino Unido,N-19,7,4512,46529.77
2026-05-02,Cadena Reino Unido,N-19,8,4040,41150.12
2026-05-02,Distribuidor Europa A,N-19,9,2195,18402.78
2026-05-02,Importador EE.UU. B,N-19,10,857,7445.5
2026-05-09,Importador EE.UU. A,N-19,5,334,3394.62
2026-05-09,Importador EE.UU. A,N-19,6,936,9340.0
2026-05-09,Distribuidor Europa B,N-19,7,1522,13727.93
2026-05-09,Importador EE.UU. B,N-19,8,1334,11494.5
2026-05-09,Cadena Reino Unido,N-19,9,754,6622.95
2026-05-09,Distribuidor Europa B,N-19,10,287,2581.09
2026-05-16,Distribuidor Europa B,N-19,5,523,5934.34
2026-05-16,Distribuidor Europa B,N-19,6,1456,14078.56
2026-05-16,Cadena Reino Unido,N-19,7,2384,23183.67
2026-05-16,Importador EE.UU. A,N-19,8,2092,21581.59
2026-05-16,Cadena Reino Unido,N-19,9,1120,10361.5
2026-05-16,Importador EE.UU. A,N-19,10,436,3625.37
2024-09-22,Importador EE.UU. A,N-20,5,235,2814.78
2024-09-22,Distribuidor Europa B,N-20,6,652,7516.35
2024-09-22,Distribuidor Europa A,N-20,7,1002,9861.53
2024-09-22,Importador EE.UU. B,N-20,8,896,8707.0
2024-09-22,Distribuidor Europa B,N-20,9,519,4798.56
2024-09-22,Importador EE.UU. B,N-20,10,236,2029.23
2024-09-29,Cadena Reino Unido,N-20,5,937,9965.96
2024-09-29,Distribuidor Europa A,N-20,6,2713,26214.2
2024-09-29,Importador EE.UU. B,N-20,7,4410,47639.96
2024-09-29,Distribuidor Europa A,N-20,8,3930,34895.81
2024-09-29,Distribuidor Europa A,N-20,9,2094,19332.71
2024-09-29,Cadena Reino Unido,N-20,10,865,6964.09
2024-10-06,Importador EE.UU. B,N-20,5,122,1402.49
2024-10-06,Distribuidor Europa B,N-20,6,309,3076.28
2024-10-06,Importador EE.UU. B,N-20,7,489,4986.19
2024-10-06,Cadena Reino Unido,N-20,8,448,4638.79
2024-10-06,Cadena Reino Unido,N-20,9,248,2371.23
2024-10-06,Cadena Reino Unido,N-20,10,124,994.71
2024-10-13,Distribuidor Europa A,N-20,5,170,1733.17
2024-10-13,Cadena Reino Unido,N-20,6,505,5658.26
2024-10-13,Distribuidor Europa A,N-20,7,790,7821.56
2024-10-13,Importador EE.UU. A,N-20,8,718,7252.74
2024-10-13,Distribuidor Europa A,N-20,9,381,3557.32
2024-10-13,Distribuidor Europa B,N-20,10,172,1527.02
2024-10-20,Importador EE.UU. A,N-20,5,653,7488.4
2024-10-20,Importador EE.UU. B,N-20,6,1826,18295.03
2024-10-20,Importador EE.UU. B,N-20,7,3013,30918.99
2024-10-20,Distribuidor Europa B,N-20,8,2691,24832.84
2024-10-20,Cadena Reino Unido,N-20,9,1404,13608.2
2024-10-20,Distribuidor Europa A,N-20,10,588,4920.26
2024-10-27,Importador EE.UU. B,N-20,5,657,7924.71
2024-10-27,Cadena Reino Unido,N-20,6,2039,19278.93
2024-10-27,Cadena Reino Unido,N-20,7,3439,34008.45
2024-10-27,Importador EE.UU. A,N-20,8,2991,27701.02
2024-10-27,Distribuidor Europa A,N-20,9,1621,14151.17
2024-10-27,Distribuidor Europa A,N-20,10,707,5542.0
2026-06-19,Importador EE.UU. A,N-20,5,319,3513.15
2026-06-19,Importador EE.UU. A,N-20,6,945,10682.44
2026-06-19,Cadena Reino Unido,N-20,7,1573,15563.42
2026-06-19,Distribuidor Europa B,N-20,8,1321,11597.11
2026-06-19,Distribuidor Europa A,N-20,9,791,7521.96
2026-06-19,Importador EE.UU. B,N-20,10,317,2954.13
2026-06-26,Distribuidor Europa A,N-20,5,31,339.25
2026-06-26,Distribuidor Europa A,N-20,6,74,708.41
2026-06-26,Cadena Reino Unido,N-20,7,128,1275.62
2026-06-26,Distribuidor Europa B,N-20,8,119,1138.79
2026-06-26,Importador EE.UU. B,N-20,9,57,546.91
2026-06-26,Importador EE.UU. A,N-20,10,18,161.28
2026-07-03,Importador EE.UU. A,N-20,5,160,1770.6
2026-07-03,Importador EE.UU. B,N-20,6,538,5997.22
2026-07-03,Cadena Reino Unido,N-20,7,941,9647.01
2026-07-03,Importador EE.UU. A,N-20,8,754,7057.97
2026-07-03,Distribuidor Europa A,N-20,9,424,4131.46
2026-07-03,Distribuidor Europa A,N-20,10,192,1741.71
2026-07-10,Distribuidor Europa A,N-20,5,550,6000.29
2026-07-10,Cadena Reino Unido,N-20,6,1803,18509.04
2026-07-10,Importador EE.UU. B,N-20,7,2888,29631.45
2026-07-10,Importador EE.UU. A,N-20,8,2450,22556.65
2026-07-10,Distribuidor Europa A,N-20,9,1387,12515.51
2026-07-10,Importador EE.UU. B,N-20,10,586,4870.55
2026-07-17,Importador EE.UU. A,N-20,5,131,1473.63
2026-07-17,Importador EE.UU. B,N-20,6,380,4005.92
2026-07-17,Distribuidor Europa A,N-20,7,600,5786.22
2026-07-17,Distribuidor Europa B,N-20,8,567,5014.29
2026-07-17,Distribuidor Europa B,N-20,9,286,2681.98
2026-07-17,Distribuidor Europa B,N-20,10,124,1157.71
2026-07-24,Cadena Reino Unido,N-20,5,118,1232.31
2026-07-24,Importador EE.UU. A,N-20,6,396,4126.26
2026-07-24,Importador EE.UU. A,N-20,7,682,7478.5
2026-07-24,Distribuidor Europa B,N-20,8,592,5201.81
2026-07-24,Distribuidor Europa B,N-20,9,331,2896.05
2026-07-24,Importador EE.UU. B,N-20,10,141,1098.67
2025-06-09,Distribuidor Europa A,N-21,5,76,776.84
2025-06-09,Importador EE.UU. A,N-21,6,180,1939.47
2025-06-09,Distribuidor Europa B,N-21,7,296,2703.14
2025-06-09,Cadena Reino Unido,N-21,8,288,2720.8
2025-06-09,Distribuidor Europa B,N-21,9,161,1336.59
2025-06-09,Importador EE.UU. B,N-21,10,77,675.93
2025-06-16,Importador EE.UU. B,N-21,5,654,7711.78
2025-06-16,Importador EE.UU. B,N-21,6,2002,19058.7
2025-06-16,Importador EE.UU. B,N-21,7,3262,33306.23
2025-06-16,Importador EE.UU. A,N-21,8,2784,28718.22
2025-06-16,Distribuidor Europa B,N-21,9,1510,14927.73
2025-06-16,Distribuidor Europa A,N-21,10,619,4872.44
2025-06-23,Distribuidor Europa B,N-21,5,440,5060.58
2025-06-23,Importador EE.UU. B,N-21,6,1183,13529.86
2025-06-23,Distribuidor Europa B,N-21,7,2105,19935.91
2025-06-23,Cadena Reino Unido,N-21,8,1866,18747.55
2025-06-23,Importador EE.UU. A,N-21,9,989,9687.54
2025-06-23,Cadena Reino Unido,N-21,10,408,3581.57
2025-06-30,Cadena Reino Unido,N-21,5,817,8646.66
2025-06-30,Importador EE.UU. A,N-21,6,2368,25529.84
2025-06-30,Distribuidor Europa B,N-21,7,4023,36267.97
2025-06-30,Cadena Reino Unido,N-21,8,3529,30922.87
2025-06-30,Importador EE.UU. A,N-21,9,1854,17611.88
2025-06-30,Importador EE.UU. A,N-21,10,813,7502.64
2025-07-07,Importador EE.UU. B,N-21,5,678,8105.97
2025-07-07,Distribuidor Europa A,N-21,6,2044,19649.98
2025-07-07,Importador EE.UU. B,N-21,7,3435,37098.08
2025-07-07,Distribuidor Europa B,N-21,8,2934,30499.54
2025-07-07,Distribuidor Europa B,N-21,9,1603,13429.04
2025-07-07,Importador EE.UU. B,N-21,10,716,5766.62
2025-07-14,Distribuidor Europa A,N-21,5,310,3141.09
2025-07-14,Distribuidor Europa B,N-21,6,996,10878.28
2025-07-14,Importador EE.UU. B,N-21,7,1572,15405.26
2025-07-14,Distribuidor Europa B,N-21,8,1383,11945.67
2025-07-14,Distribuidor Europa A,N-21,9,752,6604.61
2025-07-14,Importador EE.UU. A,N-21,10,347,2971.16
2024-01-11,Cadena Reino Unido,N-22,5,688,6996.15
2024-01-11,Cadena Reino Unido,N-22,6,2101,23287.56
2024-01-11,Cadena Reino Unido,N-22,7,3417,32310.63
2024-01-11,Importador EE.UU. A,N-22,8,2957,25605.59
2024-01-11,Importador EE.UU. B,N-22,9,1620,13688.45
2024-01-11,Cadena Reino Unido,N-22,10,719,5650.28
2024-01-18,Distribuidor Europa A,N-22,5,1055,11544.17
2024-01-18,Cadena Reino Unido,N-22,6,3245,36806.48
2024-01-18,Distribuidor Europa B,N-22,7,5256,50991.89
2024-01-18,Cadena Reino Unido,N-22,8,4490,45844.96
2024-01-18,Distribuidor Europa B,N-22,9,2439,21106.86
2024-01-18,Cadena Reino Unido,N-22,10,1032,8129.86
2024-01-25,Cadena Reino Unido,N-22,5,663,6986.61
2024-01-25,Importador EE.UU. B,N-22,6,1928,20113.92
2024-01-25,Importador EE.UU. A,N-22,7,3186,30043.77
2024-01-25,Importador EE.UU. B,N-22,8,2885,25146.81
2024-01-25,Importador EE.UU. B,N-22,9,1553,13830.06
2024-01-25,Distribuidor Europa A,N-22,10,691,5896.24
2024-02-01,Distribuidor Europa A,N-22,5,643,6991.28
2024-02-01,Distribuidor Europa B,N-22,6,1901,20412.17
2024-02-01,Importador EE.UU. B,N-22,7,3086,31405.19
2024-02-01,Distribuidor Europa A,N-22,8,2616,26817.64
2024-02-01,Importador EE.UU. A,N-22,9,1410,11979.08
2024-02-01,Distribuidor Europa B,N-22,10,624,5224.8
2025-07-23,Importador EE.UU. A,N-22,5,926,11157.58
2025-07-23,Distribuidor Europa A,N-22,6,2842,32432.43
2025-07-23,Distribuidor Europa B,N-22,7,4835,50776.68
2025-07-23,Distribuidor Europa A,N-22,8,4122,40296.49
2025-07-23,Distribuidor Europa B,N-22,9,2267,19780.23
2025-07-23,Distribuidor Europa A,N-22,10,952,8698.54
2025-07-30,Distribuidor Europa B,N-22,5,249,2848.95
2025-07-30,Importador EE.UU. A,N-22,6,716,7340.27
2025-07-30,Importador EE.UU. B,N-22,7,1143,11633.12
2025-07-30,Cadena Reino Unido,N-22,8,981,8567.21
2025-07-30,Importador EE.UU. B,N-22,9,537,4845.75
2025-07-30,Importador EE.UU. B,N-22,10,215,1731.04
2025-08-06,Importador EE.UU. A,N-22,5,135,1628.82
2025-08-06,Importador EE.UU. B,N-22,6,423,3997.75
2025-08-06,Cadena Reino Unido,N-22,7,765,7615.38
2025-08-06,Importador EE.UU. A,N-22,8,648,6510.82
2025-08-06,Distribuidor Europa B,N-22,9,348,3258.16
2025-08-06,Cadena Reino Unido,N-22,10,175,1557.48
2025-08-13,Importador EE.UU. B,N-22,5,78,940.27
2025-08-13,Importador EE.UU. B,N-22,6,294,2824.8
2025-08-13,Importador EE.UU. A,N-22,7,430,4615.53
2025-08-13,Cadena Reino Unido,N-22,8,408,4119.03
2025-08-13,Importador EE.UU. B,N-22,9,231,1963.27
2025-08-13,Cadena Reino Unido,N-22,10,77,592.84
2025-08-20,Distribuidor Europa B,N-22,5,359,4034.59
2025-08-20,Importador EE.UU. A,N-22,6,1008,10835.37
2025-08-20,Distribuidor Europa A,N-22,7,1798,17502.58
2025-08-20,Distribuidor Europa B,N-22,8,1577,14216.44
2025-08-20,Distribuidor Europa B,N-22,9,844,7661.3
2025-08-20,Importador EE.UU. A,N-22,10,358,3204.62
2025-08-27,Importador EE.UU. A,N-22,5,40,438.6
2025-08-27,Importador EE.UU. A,N-22,6,135,1433.44
2025-08-27,Distribuidor Europa B,N-22,7,203,1847.95
2025-08-27,Distribuidor Europa B,N-22,8,183,1794.62
2025-08-27,Cadena Reino Unido,N-22,9,90,759.94
2025-08-27,Cadena Reino Unido,N-22,10,34,272.38
2024-09-11,Importador EE.UU. A,N-23,5,462,5491.92
2024-09-11,Importador EE.UU. A,N-23,6,1533,14771.99
2024-09-11,Distribuidor Europa B,N-23,7,2506,25641.87
2024-09-11,Distribuidor Europa B,N-23,8,2178,19866.59
2024-09-11,Distribuidor Europa B,N-23,9,1215,11039.11
2024-09-11,Distribuidor Europa B,N-23,10,495,4470.23
2024-09-18,Distribuidor Europa A,N-23,5,689,8150.6
2024-09-18,Cadena Reino Unido,N-23,6,2112,21320.74
2024-09-18,Cadena Reino Unido,N-23,7,3390,32198.16
2024-09-18,Distribuidor Europa A,N-23,8,2940,28110.74
2024-09-18,Distribuidor Europa A,N-23,9,1602,14216.09
2024-09-18,Importador EE.UU. A,N-23,10,665,5807.02
2024-09-25,Importador EE.UU. A,N-23,5,158,1607.36
2024-09-25,Distribuidor Europa A,N-23,6,579,5879.88
2024-09-25,Cadena Reino Unido,N-23,7,891,8513.77
2024-09-25,Distribuidor Europa A,N-23,8,765,7109.87
2024-09-25,Distribuidor Europa B,N-23,9,431,4170.22
2024-09-25,Cadena Reino Unido,N-23,10,162,1470.11
2024-10-02,Distribuidor Europa B,N-23,5,199,2123.63
2024-10-02,Cadena Reino Unido,N-23,6,481,5137.51
2024-10-02,Cadena Reino Unido,N-23,7,860,7955.16
2024-10-02,Distribuidor Europa B,N-23,8,768,7703.85
2024-10-02,Distribuidor Europa B,N-23,9,383,3645.08
2024-10-02,Importador EE.UU. B,N-23,10,153,1220.31
2024-10-09,Importador EE.UU. B,N-23,7,1,9.41
2024-10-09,Importador EE.UU. B,N-23,8,1,8.95
2024-10-16,Distribuidor Europa A,N-23,5,801,7931.24
2024-10-16,Importador EE.UU. A,N-23,6,2378,25239.74
2024-10-16,Importador EE.UU. B,N-23,7,4030,38474.79
2024-10-16,Cadena Reino Unido,N-23,8,3389,33273.32
2024-10-16,Distribuidor Europa A,N-23,9,1860,15201.93
2024-10-16,Cadena Reino Unido,N-23,10,732,6083.11
2026-05-09,Cadena Reino Unido,N-23,5,144,1722.73
2026-05-09,Cadena Reino Unido,N-23,6,453,4627.7
2026-05-09,Cadena Reino Unido,N-23,7,753,7841.2
2026-05-09,Importador EE.UU. B,N-23,8,618,5880.97
2026-05-09,Importador EE.UU. A,N-23,9,330,2778.1
2026-05-09,Cadena Reino Unido,N-23,10,143,1164.78
2026-05-16,Importador EE.UU. A,N-23,5,356,3758.64
2026-05-16,Importador EE.UU. B,N-23,6,1047,10170.22
2026-05-16,Distribuidor Europa A,N-23,7,1795,16771.14
2026-05-16,Distribuidor Europa B,N-23,8,1562,16081.45
2026-05-16,Importador EE.UU. A,N-23,9,859,8019.91
2026-05-16,Cadena Reino Unido,N-23,10,366,2902.74
2026-05-23,Cadena Reino Unido,N-23,5,951,9595.38
2026-05-23,Distribuidor Europa B,N-23,6,2992,29159.02
2026-05-23,Importador EE.UU. A,N-23,7,4954,46694.83
2026-05-23,Cadena Reino Unido,N-23,8,4428,38113.19
2026-05-23,Distribuidor Europa B,N-23,9,2400,22687.17
2026-05-23,Importador EE.UU. B,N-23,10,1073,9289.65
2026-05-30,Importador EE.UU. B,N-23,5,278,3249.53
2026-05-30,Importador EE.UU. A,N-23,6,845,8272.93
2026-05-30,Cadena Reino Unido,N-23,7,1317,13510.91
2026-05-30,Cadena Reino Unido,N-23,8,1180,10238.53
2026-05-30,Cadena Reino Unido,N-23,9,617,5599.23
2026-05-30,Cadena Reino Unido,N-23,10,269,2280.04
2026-06-06,Distribuidor Europa A,N-23,5,229,2367.93
2026-06-06,Distribuidor Europa A,N-23,6,714,7405.97
2026-06-06,Cadena Reino Unido,N-23,7,1192,11645.91
2026-06-06,Importador EE.UU. A,N-23,8,1020,10302.06
2026-06-06,Distribuidor Europa A,N-23,9,605,5059.88
2026-06-06,Importador EE.UU. A,N-23,10,250,2113.71
2026-06-13,Importador EE.UU. A,N-23,5,276,3042.2
2026-06-13,Importador EE.UU. A,N-23,6,777,8675.04
2026-06-13,Distribuidor Europa A,N-23,7,1399,13066.64
2026-06-13,Importador EE.UU. A,N-23,8,1166,11888.01
2026-06-13,Distribuidor Europa B,N-23,9,627,5247.36
2026-06-13,Distribuidor Europa B,N-23,10,261,2248.92
2024-10-30,Cadena Reino Unido,N-24,5,209,2320.46
2024-10-30,Importador EE.UU. B,N-24,6,716,7182.22
2024-10-30,Cadena Reino Unido,N-24,7,1164,12602.03
2024-10-30,Importador EE.UU. A,N-24,8,947,9697.12
2024-10-30,Cadena Reino Unido,N-24,9,525,4694.51
2024-10-30,Distribuidor Europa B,N-24,10,252,2015.59
2024-11-06,Importador EE.UU. A,N-24,5,866,9311.86
2024-11-06,Importador EE.UU. A,N-24,6,2751,26202.27
2024-11-06,Cadena Reino Unido,N-24,7,4496,41272.93
2024-11-06,Distribuidor Europa A,N-24,8,3848,39338.94
2024-11-06,Importador EE.UU. B,N-24,9,2144,21034.56
2024-11-06,Importador EE.UU. A,N-24,10,917,7853.62
2024-11-13,Distribuidor Europa A,N-24,5,530,6226.35
2024-11-13,Distribuidor Europa B,N-24,6,1490,14383.13
2024-11-13,Importador EE.UU. B,N-24,7,2592,23586.48
2024-11-13,Importador EE.UU. B,N-24,8,2183,19504.72
2024-11-13,Importador EE.UU. B,N-24,9,1194,10461.97
2024-11-13,Distribuidor Europa A,N-24,10,528,4385.97
2024-11-20,Importador EE.UU. A,N-24,5,551,6025.57
2024-11-20,Cadena Reino Unido,N-24,6,1832,17840.12
2024-11-20,Distribuidor Europa B,N-24,7,2996,32045.43
2024-11-20,Distribuidor Europa B,N-24,8,2690,25062.13
2024-11-20,Cadena Reino Unido,N-24,9,1394,13319.6
2024-11-20,Cadena Reino Unido,N-24,10,617,5712.79
2024-11-27,Importador EE.UU. B,N-24,5,713,7481.08
2024-11-27,Distribuidor Europa A,N-24,6,2194,24897.05
2024-11-27,Distribuidor Europa B,N-24,7,3671,36180.31
2024-11-27,Cadena Reino Unido,N-24,8,3210,32138.67
2024-11-27,Importador EE.UU. B,N-24,9,1739,16930.5
2024-11-27,Distribuidor Europa B,N-24,10,745,6789.54
2024-12-04,Distribuidor Europa A,N-24,5,586,6332.27
2024-12-04,Importador EE.UU. A,N-24,6,1877,18817.43
2024-12-04,Importador EE.UU. B,N-24,7,3036,33120.57
2024-12-04,Importador EE.UU. B,N-24,8,2690,25594.13
2024-12-04,Distribuidor Europa A,N-24,9,1490,12387.43
2024-12-04,Importador EE.UU. A,N-24,10,601,5433.02
2026-05-29,Cadena Reino Unido,N-24,5,915,9578.4
2026-05-29,Importador EE.UU. B,N-24,6,2826,28022.79
2026-05-29,Distribuidor Europa B,N-24,7,4612,48382.41
2026-05-29,Distribuidor Europa A,N-24,8,3997,35500.02
2026-05-29,Cadena Reino Unido,N-24,9,2212,20778.98
2026-05-29,Distribuidor Europa A,N-24,10,906,7474.05
2026-06-05,Importador EE.UU. A,N-24,5,445,4813.47
2026-06-05,Distribuidor Europa A,N-24,6,1336,12956.19
2026-06-05,Distribuidor Europa B,N-24,7,2267,20922.03
2026-06-05,Importador EE.UU. A,N-24,8,1966,18370.37
2026-06-05,Importador EE.UU. B,N-24,9,1067,9043.04
2026-06-05,Distribuidor Europa B,N-24,10,468,3840.72
2026-06-12,Distribuidor Europa B,N-24,5,1319,15825.9
2026-06-12,Cadena Reino Unido,N-24,6,4202,46501.71
2026-06-12,Cadena Reino Unido,N-24,7,6858,64226.41
2026-06-12,Importador EE.UU. A,N-24,8,5938,54079.87
2026-06-12,Distribuidor Europa A,N-24,9,3159,29796.24
2026-06-12,Importador EE.UU. A,N-24,10,1366,11313.16
2026-06-19,Distribuidor Europa B,N-24,5,509,5061.37
2026-06-19,Cadena Reino Unido,N-24,6,1626,17863.65
2026-06-19,Importador EE.UU. B,N-24,7,2526,23241.41
2026-06-19,Cadena Reino Unido,N-24,8,2247,20275.02
2026-06-19,Importador EE.UU. B,N-24,9,1186,11635.29
2026-06-19,Importador EE.UU. B,N-24,10,530,4800.53
2026-06-26,Distribuidor Europa A,N-24,5,491,5932.8
2026-06-26,Importador EE.UU. B,N-24,6,1542,15195.71
2026-06-26,Importador EE.UU. B,N-24,7,2561,25485.45
2026-06-26,Distribuidor Europa B,N-24,8,2206,22527.44
2026-06-26,Cadena Reino Unido,N-24,9,1228,11808.04
2026-06-26,Importador EE.UU. B,N-24,10,495,3829.83
2026-07-03,Distribuidor Europa A,N-24,5,569,6239.01
2026-07-03,Distribuidor Europa B,N-24,6,1811,17663.54
2026-07-03,Distribuidor Europa A,N-24,7,2936,26854.6
2026-07-03,Importador EE.UU. B,N-24,8,2638,23465.67
2026-07-03,Importador EE.UU. B,N-24,9,1384,13542.31
2026-07-03,Importador EE.UU. A,N-24,10,585,4516.27
2025-02-23,Importador EE.UU. B,S-01,5,519,6212.27
2025-02-23,Importador EE.UU. A,S-01,6,1580,16552.86
2025-02-23,Distribuidor Europa B,S-01,7,2732,28394.9
2025-02-23,Importador EE.UU. A,S-01,8,2239,19874.25
2025-02-23,Distribuidor Europa A,S-01,9,1168,10971.38
2025-02-23,Importador EE.UU. B,S-01,10,584,4587.52
2025-03-02,Importador EE.UU. B,S-01,5,2,24.01
2025-03-02,Distribuidor Europa B,S-01,6,8,90.36
2025-03-02,Distribuidor Europa B,S-01,7,13,135.13
2025-03-02,Importador EE.UU. B,S-01,8,14,142.73
2025-03-02,Importador EE.UU. A,S-01,9,7,60.94
2025-03-02,Cadena Reino Unido,S-01,10,3,23.98
2025-03-09,Distribuidor Europa A,S-01,5,230,2682.97
2025-03-09,Distribuidor Europa A,S-01,6,706,7598.6
2025-03-09,Distribuidor Europa A,S-01,7,1256,13623.69
2025-03-09,Importador EE.UU. B,S-01,8,997,8852.99
2025-03-09,Importador EE.UU. A,S-01,9,556,4695.66
2025-03-09,Cadena Reino Unido,S-01,10,266,2123.91
2025-03-16,Distribuidor Europa B,S-01,5,98,1134.48
2025-03-16,Distribuidor Europa B,S-01,6,260,2961.57
2025-03-16,Cadena Reino Unido,S-01,7,436,3952.52
2025-03-16,Importador EE.UU. A,S-01,8,369,3236.81
2025-03-16,Distribuidor Europa B,S-01,9,213,1807.69
2025-03-16,Distribuidor Europa B,S-01,10,94,872.41
2025-03-23,Distribuidor Europa A,S-01,5,27,310.5
2025-03-23,Cadena Reino Unido,S-01,6,67,653.85
2025-03-23,Importador EE.UU. A,S-01,7,109,1050.81
2025-03-23,Importador EE.UU. B,S-01,8,89,908.6
2025-03-23,Distribuidor Europa A,S-01,9,54,459.64
2025-03-23,Importador EE.UU. B,S-01,10,23,196.29
2025-03-30,Importador EE.UU. B,S-01,5,407,4350.3
2025-03-30,Distribuidor Europa A,S-01,6,1197,12416.61
2025-03-30,Importador EE.UU. A,S-01,7,2038,18575.74
2025-03-30,Distribuidor Europa A,S-01,8,1682,16873.49
2025-03-30,Distribuidor Europa A,S-01,9,939,7738.11
2025-03-30,Distribuidor Europa B,S-01,10,437,3604.93
2026-09-12,Importador EE.UU. B,S-01,5,160,1628.17
2026-09-12,Cadena Reino Unido,S-01,6,482,4586.87
2026-09-12,Importador EE.UU. A,S-01,7,806,8734.69
2026-09-12,Importador EE.UU. A,S-01,8,694,6836.99
2026-09-12,Distribuidor Europa A,S-01,9,336,2938.58
2026-09-12,Importador EE.UU. B,S-01,10,159,1234.8
2026-09-19,Distribuidor Europa B,S-01,5,508,5778.88
2026-09-19,Importador EE.UU. B,S-01,6,1456,14872.23
2026-09-19,Distribuidor Europa A,S-01,7,2511,27163.25
2026-09-19,Distribuidor Europa A,S-01,8,2086,18613.19
2026-09-19,Importador EE.UU. B,S-01,9,1130,10953.33
2026-09-19,Cadena Reino Unido,S-01,10,475,3902.02
2026-09-26,Importador EE.UU. B,S-01,5,508,5288.27
2026-09-26,Importador EE.UU. A,S-01,6,1661,19022.34
2026-09-26,Importador EE.UU. B,S-01,7,2611,27882.27
2026-09-26,Distribuidor Europa B,S-01,8,2269,23023.68
2026-09-26,Distribuidor Europa B,S-01,9,1269,10417.56
2026-09-26,Distribuidor Europa A,S-01,10,529,4837.14
2026-10-03,Distribuidor Europa A,S-01,5,670,7180.07
2026-10-03,Importador EE.UU. A,S-01,6,2084,23436.94
2026-10-03,Distribuidor Europa B,S-01,7,3479,31417.76
2026-10-03,Importador EE.UU. B,S-01,8,3066,29601.72
2026-10-03,Distribuidor Europa B,S-01,9,1711,15643.48
2026-10-03,Importador EE.UU. B,S-01,10,722,6593.58
2024-09-03,Importador EE.UU. A,S-02,5,668,7430.63
2024-09-03,Distribuidor Europa B,S-02,6,1920,18757.2
2024-09-03,Importador EE.UU. B,S-02,7,3274,31985.73
2024-09-03,Distribuidor Europa A,S-02,8,2955,29821.49
2024-09-03,Distribuidor Europa A,S-02,9,1542,15046.43
2024-09-03,Cadena Reino Unido,S-02,10,661,5574.61
2024-09-10,Importador EE.UU. B,S-02,5,161,1769.27
2024-09-10,Distribuidor Europa A,S-02,6,518,5470.87
2024-09-10,Importador EE.UU. B,S-02,7,862,9022.62
2024-09-10,Importador EE.UU. B,S-02,8,684,6646.77
2024-09-10,Importador EE.UU. B,S-02,9,388,3386.47
2024-09-10,Cadena Reino Unido,S-02,10,171,1495.12
2024-09-17,Distribuidor Europa A,S-02,5,58,591.28
2024-09-17,Distribuidor Europa B,S-02,6,131,1292.25
2024-09-17,Distribuidor Europa B,S-02,7,208,1896.17
2024-09-17,Cadena Reino Unido,S-02,8,151,1382.58
2024-09-17,Importador EE.UU. B,S-02,9,91,800.87
2024-09-17,Cadena Reino Unido,S-02,10,34,307.6
2024-09-24,Distribuidor Europa A,S-02,5,861,9630.01
2024-09-24,Cadena Reino Unido,S-02,6,2561,25190.61
2024-09-24,Distribuidor Europa B,S-02,7,4393,44405.96
2024-09-24,Distribuidor Europa A,S-02,8,3663,33920.92
2024-09-24,Importador EE.UU. B,S-02,9,2012,18280.1
2024-09-24,Cadena Reino Unido,S-02,10,845,7468.85
2024-10-01,Distribuidor Europa A,S-02,5,501,5203.09
2024-10-01,Distribuidor Europa A,S-02,6,1397,16126.19
2024-10-01,Distribuidor Europa A,S-02,7,2404,24347.67
2024-10-01,Distribuidor Europa A,S-02,8,2005,17479.57
2024-10-01,Distribuidor Europa B,S-02,9,1114,9391.51
2024-10-01,Importador EE.UU. A,S-02,10,478,3891.27
2024-10-08,Distribuidor Europa A,S-02,5,123,1252.9
2024-10-08,Distribuidor Europa A,S-02,6,302,3373.59
2024-10-08,Distribuidor Europa B,S-02,7,456,4286.16
2024-10-08,Cadena Reino Unido,S-02,8,451,4583.12
2024-10-08,Distribuidor Europa B,S-02,9,242,2109.77
2024-10-08,Distribuidor Europa A,S-02,10,94,756.59
2026-04-21,Distribuidor Europa A,S-02,5,550,6298.06
2026-04-21,Importador EE.UU. A,S-02,6,1745,20092.16
2026-04-21,Importador EE.UU. B,S-02,7,2899,26498.55
2026-04-21,Cadena Reino Unido,S-02,8,2585,26218.47
2026-04-21,Importador EE.UU. B,S-02,9,1324,11581.99
2026-04-21,Distribuidor Europa A,S-02,10,577,4661.97
2026-04-28,Importador EE.UU. A,S-02,5,59,703.68
2026-04-28,Distribuidor Europa A,S-02,6,240,2637.93
2026-04-28,Distribuidor Europa B,S-02,7,351,3467.09
2026-04-28,Distribuidor Europa A,S-02,8,294,2642.65
2026-04-28,Distribuidor Europa B,S-02,9,168,1379.58
2026-04-28,Distribuidor Europa B,S-02,10,67,542.29
2026-05-05,Importador EE.UU. A,S-02,5,850,9369.48
2026-05-05,Distribuidor Europa B,S-02,6,2570,26524.48
2026-05-05,Importador EE.UU. B,S-02,7,4270,40116.19
2026-05-05,Distribuidor Europa A,S-02,8,3793,36773.24
2026-05-05,Distribuidor Europa B,S-02,9,2037,17411.55
2026-05-05,Cadena Reino Unido,S-02,10,884,8206.29
2026-05-12,Cadena Reino Unido,S-02,5,98,1059.56
2026-05-12,Distribuidor Europa B,S-02,6,292,3326.99
2026-05-12,Cadena Reino Unido,S-02,7,434,3998.34
2026-05-12,Cadena Reino Unido,S-02,8,441,4584.23
2026-05-12,Importador EE.UU. B,S-02,9,226,1842.62
2026-05-12,Importador EE.UU. A,S-02,10,82,647.15
2026-05-19,Distribuidor Europa A,S-02,5,635,7099.98
2026-05-19,Distribuidor Europa A,S-02,6,1976,20956.7
2026-05-19,Importador EE.UU. B,S-02,7,3197,34565.46
2026-05-19,Importador EE.UU. A,S-02,8,2820,24399.91
2026-05-19,Importador EE.UU. B,S-02,9,1506,14066.05
2026-05-19,Distribuidor Europa B,S-02,10,641,5159.25
2026-05-26,Cadena Reino Unido,S-02,5,266,3021.33
2026-05-26,Importador EE.UU. B,S-02,6,769,7509.19
2026-05-26,Distribuidor Europa A,S-02,7,1258,13805.93
2026-05-26,Distribuidor Europa A,S-02,8,1162,11642.24
2026-05-26,Distribuidor Europa B,S-02,9,552,5445.55
2026-05-26,Distribuidor Europa A,S-02,10,241,1927.89
2025-06-16,Distribuidor Europa A,S-03,5,388,4506.74
2025-06-16,Distribuidor Europa B,S-03,6,1116,11857.1
2025-06-16,Distribuidor Europa A,S-03,7,1939,21185.91
2025-06-16,Distribuidor Europa B,S-03,8,1652,15415.5
2025-06-16,Distribuidor Europa B,S-03,9,853,8166.68
2025-06-16,Distribuidor Europa B,S-03,10,370,3329.39
2025-06-23,Importador EE.UU. B,S-03,5,726,7762.45
2025-06-23,Importador EE.UU. A,S-03,6,2029,21121.64
2025-06-23,Distribuidor Europa A,S-03,7,3433,32379.65
2025-06-23,Importador EE.UU. A,S-03,8,2972,25933.91
2025-06-23,Distribuidor Europa B,S-03,9,1532,14196.19
2025-06-23,Distribuidor Europa B,S-03,10,635,5005.42
2025-06-30,Importador EE.UU. A,S-03,5,304,3073.53
2025-06-30,Importador EE.UU. B,S-03,6,962,11097.5
2025-06-30,Importador EE.UU. B,S-03,7,1501,15882.07
2025-06-30,Cadena Reino Unido,S-03,8,1345,11837.15
2025-06-30,Cadena Reino Unido,S-03,9,697,6657.27
2025-06-30,Distribuidor Europa A,S-03,10,298,2301.68
2025-07-07,Distribuidor Europa A,S-03,5,407,4459.68
2025-07-07,Importador EE.UU. B,S-03,6,1093,11118.32
2025-07-07,Cadena Reino Unido,S-03,7,1931,18082.47
2025-07-07,Distribuidor Europa B,S-03,8,1739,18162.16
2025-07-07,Cadena Reino Unido,S-03,9,859,8176.77
2025-07-07,Importador EE.UU. B,S-03,10,396,3433.26
2025-07-14,Importador EE.UU. B,S-03,5,105,1223.78
2025-07-14,Distribuidor Europa B,S-03,6,297,3232.71
2025-07-14,Cadena Reino Unido,S-03,7,479,5025.36
2025-07-14,Importador EE.UU. A,S-03,8,394,4009.76
2025-07-14,Importador EE.UU. B,S-03,9,263,2152.59
2025-07-14,Importador EE.UU. A,S-03,10,96,735.09
2025-07-21,Distribuidor Europa B,S-03,5,446,5367.58
2025-07-21,Cadena Reino Unido,S-03,6,1257,12060.1
2025-07-21,Cadena Reino Unido,S-03,7,2102,20410.55
2025-07-21,Importador EE.UU. A,S-03,8,1759,15438.34
2025-07-21,Importador EE.UU. B,S-03,9,923,7700.34
2025-07-21,Cadena Reino Unido,S-03,10,401,3553.34
2024-03-05,Distribuidor Europa B,S-04,5,5,58.51
2024-03-05,Importador EE.UU. A,S-04,6,7,80.02
2024-03-05,Distribuidor Europa B,S-04,7,11,109.99
2024-03-05,Importador EE.UU. B,S-04,8,11,114.17
2024-03-05,Importador EE.UU. B,S-04,9,4,38.34
2024-03-05,Importador EE.UU. A,S-04,10,2,16.91
2024-03-12,Importador EE.UU. B,S-04,5,291,3361.3
2024-03-12,Distribuidor Europa B,S-04,6,942,9164.04
2024-03-12,Importador EE.UU. A,S-04,7,1536,15102.0
2024-03-12,Importador EE.UU. B,S-04,8,1351,12488.79
2024-03-12,Distribuidor Europa B,S-04,9,724,6378.49
2024-03-12,Cadena Reino Unido,S-04,10,306,2476.86
2024-03-19,Importador EE.UU. A,S-04,5,488,5519.2
2024-03-19,Importador EE.UU. A,S-04,6,1383,14072.73
2024-03-19,Importador EE.UU. B,S-04,7,2277,24447.64
2024-03-19,Importador EE.UU. B,S-04,8,1941,19869.34
2024-03-19,Distribuidor Europa B,S-04,9,1020,8603.85
2024-03-19,Distribuidor Europa B,S-04,10,473,3952.91
2024-03-26,Importador EE.UU. B,S-04,5,28,301.21
2024-03-26,Distribuidor Europa B,S-04,6,76,806.0
2024-03-26,Distribuidor Europa B,S-04,7,155,1542.07
2024-03-26,Distribuidor Europa A,S-04,8,130,1182.24
2024-03-26,Importador EE.UU. A,S-04,9,55,475.74
2024-03-26,Distribuidor Europa A,S-04,10,40,316.8
2024-04-02,Cadena Reino Unido,S-04,5,270,3011.29
2024-04-02,Importador EE.UU. A,S-04,6,800,8051.85
2024-04-02,Importador EE.UU. A,S-04,7,1369,12628.25
2024-04-02,Importador EE.UU. B,S-04,8,1209,11002.08
2024-04-02,Distribuidor Europa B,S-04,9,667,5625.7
2024-04-02,Importador EE.UU. A,S-04,10,271,2228.07
2024-04-09,Importador EE.UU. A,S-04,5,394,4212.05
2024-04-09,Importador EE.UU. B,S-04,6,1271,14589.06
2024-04-09,Cadena Reino Unido,S-04,7,2051,20281.01
2024-04-09,Importador EE.UU. B,S-04,8,1825,17582.49
2024-04-09,Cadena Reino Unido,S-04,9,969,8669.8
2024-04-09,Importador EE.UU. A,S-04,10,373,3078.48
2026-01-15,Distribuidor Europa B,S-04,5,56,575.44
2026-01-15,Importador EE.UU. A,S-04,6,149,1688.68
2026-01-15,Distribuidor Europa A,S-04,7,267,2930.98
2026-01-15,Importador EE.UU. A,S-04,8,213,2109.35
2026-01-15,Importador EE.UU. B,S-04,9,107,956.61
2026-01-15,Cadena Reino Unido,S-04,10,45,384.6
2026-01-22,Cadena Reino Unido,S-04,5,430,5056.46
2026-01-22,Importador EE.UU. A,S-04,6,1310,12844.7
2026-01-22,Distribuidor Europa B,S-04,7,2121,21188.0
2026-01-22,Importador EE.UU. A,S-04,8,1894,18666.06
2026-01-22,Distribuidor Europa A,S-04,9,1018,8381.41
2026-01-22,Distribuidor Europa A,S-04,10,440,3657.92
2026-01-29,Importador EE.UU. B,S-04,5,19,207.34
2026-01-29,Importador EE.UU. B,S-04,6,73,732.07
2026-01-29,Cadena Reino Unido,S-04,7,94,997.2
2026-01-29,Importador EE.UU. A,S-04,8,96,852.05
2026-01-29,Distribuidor Europa B,S-04,9,55,460.0
2026-01-29,Distribuidor Europa B,S-04,10,16,134.95
2026-02-05,Importador EE.UU. B,S-04,5,130,1316.48
2026-02-05,Distribuidor Europa B,S-04,6,479,5148.61
2026-02-05,Distribuidor Europa B,S-04,7,823,8473.12
2026-02-05,Cadena Reino Unido,S-04,8,734,6540.83
2026-02-05,Importador EE.UU. A,S-04,9,368,3074.13
2026-02-05,Distribuidor Europa A,S-04,10,156,1215.42
2026-02-12,Importador EE.UU. A,S-04,5,149,1560.56
2026-02-12,Distribuidor Europa B,S-04,6,401,4491.96
2026-02-12,Importador EE.UU. A,S-04,7,635,6096.02
2026-02-12,Importador EE.UU. B,S-04,8,588,5925.51
2026-02-12,Cadena Reino Unido,S-04,9,334,2837.14
2026-02-12,Importador EE.UU. A,S-04,10,109,982.6
2026-02-19,Distribuidor Europa A,S-04,5,61,672.01
2026-02-19,Cadena Reino Unido,S-04,6,165,1842.63
2026-02-19,Importador EE.UU. A,S-04,7,246,2500.59
2026-02-19,Importador EE.UU. A,S-04,8,247,2258.76
2026-02-19,Distribuidor Europa B,S-04,9,128,1126.87
2026-02-19,Cadena Reino Unido,S-04,10,52,431.12
2025-08-23,Distribuidor Europa A,S-05,5,180,1821.93
2025-08-23,Importador EE.UU. B,S-05,6,505,5592.27
2025-08-23,Distribuidor Europa A,S-05,7,829,8043.86
2025-08-23,Importador EE.UU. B,S-05,8,726,6721.05
2025-08-23,Importador EE.UU. A,S-05,9,426,4166.47
2025-08-23,Distribuidor Europa B,S-05,10,169,1484.98
2025-08-30,Distribuidor Europa B,S-05,5,494,5149.52
2025-08-30,Distribuidor Europa A,S-05,6,1551,16490.44
2025-08-30,Importador EE.UU. A,S-05,7,2581,28192.75
2025-08-30,Importador EE.UU. A,S-05,8,2307,21185.19
2025-08-30,Importador EE.UU. A,S-05,9,1246,10378.09
2025-08-30,Importador EE.UU. B,S-05,10,525,4024.72
2025-09-06,Distribuidor Europa B,S-05,5,142,1471.8
2025-09-06,Importador EE.UU. A,S-05,6,454,4541.36
2025-09-06,Distribuidor Europa B,S-05,7,715,7217.15
2025-09-06,Distribuidor Europa B,S-05,8,645,6626.77
2025-09-06,Cadena Reino Unido,S-05,9,327,2710.09
2025-09-06,Importador EE.UU. B,S-05,10,147,1227.81
2025-09-13,Distribuidor Europa A,S-05,5,94,1009.58
2025-09-13,Distribuidor Europa B,S-05,6,242,2310.96
2025-09-13,Importador EE.UU. A,S-05,7,396,3783.98
2025-09-13,Distribuidor Europa A,S-05,8,409,4098.79
2025-09-13,Cadena Reino Unido,S-05,9,189,1760.34
2025-09-13,Distribuidor Europa B,S-05,10,93,867.3
2025-09-20,Distribuidor Europa B,S-05,5,2,23.1
2025-09-20,Importador EE.UU. A,S-05,6,17,190.79
2025-09-20,Distribuidor Europa B,S-05,7,31,337.7
2025-09-20,Cadena Reino Unido,S-05,8,17,167.38
2025-09-20,Distribuidor Europa B,S-05,9,16,144.63
2025-09-20,Importador EE.UU. B,S-05,10,6,48.61
2025-09-27,Importador EE.UU. A,S-05,5,192,2304.11
2025-09-27,Cadena Reino Unido,S-05,6,539,5400.63
2025-09-27,Importador EE.UU. B,S-05,7,901,9192.2
2025-09-27,Distribuidor Europa B,S-05,8,740,7148.18
2025-09-27,Distribuidor Europa A,S-05,9,412,3492.71
2025-09-27,Importador EE.UU. B,S-05,10,151,1364.98
2024-01-30,Importador EE.UU. A,S-06,5,294,2992.83
2024-01-30,Distribuidor Europa B,S-06,6,917,10255.93
2024-01-30,Importador EE.UU. B,S-06,7,1570,17195.14
2024-01-30,Distribuidor Europa B,S-06,8,1332,11948.58
2024-01-30,Importador EE.UU. B,S-06,9,690,6717.07
2024-01-30,Importador EE.UU. A,S-06,10,298,2490.05
2024-02-06,Distribuidor Europa B,S-06,5,637,7022.69
2024-02-06,Importador EE.UU. B,S-06,6,1857,21339.81
2024-02-06,Cadena Reino Unido,S-06,7,3209,33693.02
2024-02-06,Importador EE.UU. A,S-06,8,2833,26014.91
2024-02-06,Distribuidor Europa A,S-06,9,1534,14374.09
2024-02-06,Distribuidor Europa B,S-06,10,668,5809.95
2024-02-13,Distribuidor Europa B,S-06,5,381,3924.63
2024-02-13,Distribuidor Europa B,S-06,6,1156,12839.16
2024-02-13,Importador EE.UU. A,S-06,7,1878,20012.65
2024-02-13,Distribuidor Europa A,S-06,8,1614,16723.64
2024-02-13,Importador EE.UU. B,S-06,9,902,7606.85
2024-02-13,Cadena Reino Unido,S-06,10,402,3219.47
2024-02-20,Cadena Reino Unido,S-06,5,23,267.21
2024-02-20,Cadena Reino Unido,S-06,6,72,828.77
2024-02-20,Distribuidor Europa B,S-06,7,88,828.53
2024-02-20,Cadena Reino Unido,S-06,8,110,953.11
2024-02-20,Cadena Reino Unido,S-06,9,47,401.49
2024-02-20,Importador EE.UU. A,S-06,10,31,279.19
2024-02-27,Importador EE.UU. A,S-06,5,1018,11128.8
2024-02-27,Importador EE.UU. A,S-06,6,2867,30109.35
2024-02-27,Distribuidor Europa B,S-06,7,4668,44053.8
2024-02-27,Importador EE.UU. A,S-06,8,4263,40774.05
2024-02-27,Distribuidor Europa A,S-06,9,2213,20285.66
2024-02-27,Cadena Reino Unido,S-06,10,1001,9296.45
2024-03-05,Distribuidor Europa B,S-06,5,176,2013.12
2024-03-05,Importador EE.UU. B,S-06,6,561,6162.85
2024-03-05,Importador EE.UU. B,S-06,7,968,10630.29
2024-03-05,Cadena Reino Unido,S-06,8,800,7686.66
2024-03-05,Distribuidor Europa B,S-06,9,460,4099.77
2024-03-05,Distribuidor Europa A,S-06,10,180,1544.13
2025-11-13,Distribuidor Europa B,S-06,5,325,3898.42
2025-11-13,Distribuidor Europa B,S-06,6,1130,12566.74
2025-11-13,Distribuidor Europa A,S-06,7,1828,19730.29
2025-11-13,Importador EE.UU. B,S-06,8,1640,15685.53
2025-11-13,Importador EE.UU. A,S-06,9,810,7286.58
2025-11-13,Distribuidor Europa A,S-06,10,353,3168.79
2025-11-20,Distribuidor Europa A,S-06,5,791,8975.09
2025-11-20,Importador EE.UU. A,S-06,6,2334,22369.77
2025-11-20,Distribuidor Europa B,S-06,7,3911,40384.04
2025-11-20,Importador EE.UU. A,S-06,8,3303,29952.1
2025-11-20,Importador EE.UU. A,S-06,9,1799,15582.43
2025-11-20,Importador EE.UU. B,S-06,10,797,6580.63
2025-11-27,Cadena Reino Unido,S-06,5,432,4843.96
2025-11-27,Importador EE.UU. B,S-06,6,1227,13906.67
2025-11-27,Distribuidor Europa B,S-06,7,2006,18259.38
2025-11-27,Cadena Reino Unido,S-06,8,1763,15093.6
2025-11-27,Cadena Reino Unido,S-06,9,1003,9908.05
2025-11-27,Cadena Reino Unido,S-06,10,422,3798.83
2025-12-04,Distribuidor Europa A,S-06,5,102,1195.86
2025-12-04,Distribuidor Europa B,S-06,6,291,2846.83
2025-12-04,Importador EE.UU. A,S-06,7,542,5207.69
2025-12-04,Importador EE.UU. A,S-06,8,430,3774.9
2025-12-04,Distribuidor Europa B,S-06,9,241,2089.67
2025-12-04,Distribuidor Europa A,S-06,10,104,901.5
2025-12-11,Distribuidor Europa B,S-06,5,472,5415.04
2025-12-11,Distribuidor Europa B,S-06,6,1457,16142.68
2025-12-11,Distribuidor Europa A,S-06,7,2327,24247.65
2025-12-11,Distribuidor Europa B,S-06,8,2070,19668.69
2025-12-11,Distribuidor Europa A,S-06,9,1129,9437.29
2025-12-11,Importador EE.UU. A,S-06,10,446,3873.72
2025-12-18,Distribuidor Europa A,S-06,5,115,1156.42
2025-12-18,Cadena Reino Unido,S-06,6,339,3647.18
2025-12-18,Importador EE.UU. A,S-06,7,572,6151.0
2025-12-18,Distribuidor Europa A,S-06,8,470,4886.88
2025-12-18,Importador EE.UU. B,S-06,9,264,2265.04
2025-12-18,Cadena Reino Unido,S-06,10,99,910.76
2024-08-19,Importador EE.UU. A,S-07,5,406,4114.75
2024-08-19,Distribuidor Europa B,S-07,6,1248,12570.56
2024-08-19,Distribuidor Europa A,S-07,7,2005,19716.25
2024-08-19,Distribuidor Europa B,S-07,8,1723,17455.72
2024-08-19,Importador EE.UU. A,S-07,9,931,7589.9
2024-08-19,Distribuidor Europa B,S-07,10,417,3639.14
2024-08-26,Cadena Reino Unido,S-07,5,195,2062.82
2024-08-26,Distribuidor Europa B,S-07,6,641,6753.81
2024-08-26,Importador EE.UU. B,S-07,7,1133,12421.2
2024-08-26,Importador EE.UU. A,S-07,8,889,8857.48
2024-08-26,Importador EE.UU. A,S-07,9,530,4351.8
2024-08-26,Importador EE.UU. A,S-07,10,202,1741.19
2024-09-02,Distribuidor Europa B,S-07,5,260,2706.9
2024-09-02,Importador EE.UU. B,S-07,6,864,8232.83
2024-09-02,Importador EE.UU. A,S-07,7,1517,16396.15
2024-09-02,Importador EE.UU. B,S-07,8,1277,11617.48
2024-09-02,Cadena Reino Unido,S-07,9,696,6017.97
2024-09-02,Importador EE.UU. A,S-07,10,318,2705.91
2024-09-09,Importador EE.UU. B,S-07,5,87,1034.22
2024-09-09,Importador EE.UU. A,S-07,6,258,2557.05
2024-09-09,Cadena Reino Unido,S-07,7,399,4264.37
2024-09-09,Distribuidor Europa B,S-07,8,411,3877.45
2024-09-09,Distribuidor Europa A,S-07,9,191,1649.54
2024-09-09,Cadena Reino Unido,S-07,10,85,688.06
2024-09-16,Importador EE.UU. A,S-07,5,66,700.67
2024-09-16,Distribuidor Europa B,S-07,6,184,1753.2
2024-09-16,Importador EE.UU. A,S-07,7,333,3014.96
2024-09-16,Cadena Reino Unido,S-07,8,277,2702.19
2024-09-16,Importador EE.UU. B,S-07,9,141,1253.36
2024-09-16,Importador EE.UU. A,S-07,10,66,602.91
2024-09-23,Distribuidor Europa A,S-07,5,146,1587.63
2024-09-23,Cadena Reino Unido,S-07,6,429,4054.26
2024-09-23,Cadena Reino Unido,S-07,7,817,8936.71
2024-09-23,Distribuidor Europa A,S-07,8,678,5846.94
2024-09-23,Importador EE.UU. A,S-07,9,316,2639.16
2024-09-23,Distribuidor Europa A,S-07,10,130,1138.73
2026-04-03,Distribuidor Europa A,S-07,5,322,3780.09
2026-04-03,Distribuidor Europa B,S-07,6,955,10418.91
2026-04-03,Importador EE.UU. B,S-07,7,1651,15457.4
2026-04-03,Cadena Reino Unido,S-07,8,1388,14433.64
2026-04-03,Importador EE.UU. A,S-07,9,778,6880.78
2026-04-03,Distribuidor Europa A,S-07,10,301,2708.19
2026-04-10,Distribuidor Europa B,S-07,5,647,7075.81
2026-04-10,Importador EE.UU. B,S-07,6,1955,20491.61
2026-04-10,Importador EE.UU. A,S-07,7,3231,34538.18
2026-04-10,Importador EE.UU. A,S-07,8,2907,28145.54
2026-04-10,Distribuidor Europa A,S-07,9,1534,14604.65
2026-04-10,Distribuidor Europa B,S-07,10,647,4970.37
2026-04-17,Distribuidor Europa B,S-07,5,385,4285.8
2026-04-17,Importador EE.UU. B,S-07,6,1160,11888.36
2026-04-17,Importador EE.UU. B,S-07,7,1769,18480.5
2026-04-17,Importador EE.UU. B,S-07,8,1672,16154.34
2026-04-17,Distribuidor Europa A,S-07,9,835,7798.41
2026-04-17,Importador EE.UU. B,S-07,10,377,3291.46
2026-04-24,Distribuidor Europa B,S-07,5,329,3640.64
2026-04-24,Distribuidor Europa B,S-07,6,1016,10420.01
2026-04-24,Distribuidor Europa A,S-07,7,1712,17372.88
2026-04-24,Distribuidor Europa A,S-07,8,1408,14613.25
2026-04-24,Distribuidor Europa B,S-07,9,795,6714.47
2026-04-24,Importador EE.UU. B,S-07,10,347,3067.52
2026-05-01,Cadena Reino Unido,S-07,5,17,205.55
2026-05-01,Cadena Reino Unido,S-07,6,58,640.89
2026-05-01,Importador EE.UU. A,S-07,7,85,775.72
2026-05-01,Importador EE.UU. B,S-07,8,81,802.0
2026-05-01,Distribuidor Europa B,S-07,9,38,319.63
2026-05-01,Cadena Reino Unido,S-07,10,13,120.54
2026-05-08,Importador EE.UU. B,S-07,5,432,4488.14
2026-05-08,Cadena Reino Unido,S-07,6,1265,13697.85
2026-05-08,Distribuidor Europa A,S-07,7,2086,19658.87
2026-05-08,Importador EE.UU. B,S-07,8,1816,18275.84
2026-05-08,Importador EE.UU. B,S-07,9,957,8749.12
2026-05-08,Importador EE.UU. B,S-07,10,443,3981.06
2024-06-21,Importador EE.UU. B,S-08,5,83,971.79
2024-06-21,Importador EE.UU. B,S-08,6,239,2687.95
2024-06-21,Distribuidor Europa B,S-08,7,406,4373.81
2024-06-21,Importador EE.UU. B,S-08,8,305,2851.61
2024-06-21,Importador EE.UU. A,S-08,9,179,1628.09
2024-06-21,Importador EE.UU. B,S-08,10,79,677.2
2024-06-28,Importador EE.UU. A,S-08,5,296,3400.11
2024-06-28,Cadena Reino Unido,S-08,6,867,9633.03
2024-06-28,Importador EE.UU. B,S-08,7,1413,15291.54
2024-06-28,Distribuidor Europa A,S-08,8,1288,12677.47
2024-06-28,Cadena Reino Unido,S-08,9,685,6744.93
2024-06-28,Importador EE.UU. B,S-08,10,289,2332.78
2024-07-05,Importador EE.UU. B,S-08,5,97,1136.81
2024-07-05,Importador EE.UU. A,S-08,6,244,2573.48
2024-07-05,Distribuidor Europa B,S-08,7,427,4641.32
2024-07-05,Importador EE.UU. B,S-08,8,384,3411.08
2024-07-05,Distribuidor Europa A,S-08,9,176,1615.62
2024-07-05,Cadena Reino Unido,S-08,10,96,744.96
2024-07-12,Importador EE.UU. A,S-08,5,122,1388.46
2024-07-12,Importador EE.UU. B,S-08,6,359,3408.35
2024-07-12,Cadena Reino Unido,S-08,7,549,5202.55
2024-07-12,Importador EE.UU. B,S-08,8,525,5303.99
2024-07-12,Distribuidor Europa A,S-08,9,277,2293.91
2024-07-12,Distribuidor Europa A,S-08,10,129,1169.03
2024-07-19,Distribuidor Europa A,S-08,5,50,518.67
2024-07-19,Importador EE.UU. A,S-08,6,149,1609.24
2024-07-19,Importador EE.UU. A,S-08,7,215,2303.33
2024-07-19,Distribuidor Europa A,S-08,8,206,2098.35
2024-07-19,Importador EE.UU. A,S-08,9,91,837.73
2024-07-19,Importador EE.UU. A,S-08,10,45,372.61
2024-07-26,Distribuidor Europa B,S-08,5,118,1318.04
2024-07-26,Distribuidor Europa A,S-08,6,324,3295.49
2024-07-26,Importador EE.UU. A,S-08,7,524,5326.33
2024-07-26,Importador EE.UU. B,S-08,8,462,3958.41
2024-07-26,Distribuidor Europa B,S-08,9,268,2561.15
2024-07-26,Distribuidor Europa B,S-08,10,103,864.29
2026-03-29,Cadena Reino Unido,S-08,5,374,3771.41
2026-03-29,Cadena Reino Unido,S-08,6,1290,13452.74
2026-03-29,Importador EE.UU. B,S-08,7,2106,20739.78
2026-03-29,Importador EE.UU. B,S-08,8,1769,16431.06
2026-03-29,Distribuidor Europa B,S-08,9,950,9373.93
2026-03-29,Importador EE.UU. B,S-08,10,433,3458.52
2026-04-05,Importador EE.UU. B,S-08,5,757,8265.21
2026-04-05,Importador EE.UU. B,S-08,6,2173,23113.83
2026-04-05,Cadena Reino Unido,S-08,7,3531,37169.01
2026-04-05,Distribuidor Europa A,S-08,8,3034,30509.42
2026-04-05,Distribuidor Europa A,S-08,9,1667,14814.29
2026-04-05,Importador EE.UU. A,S-08,10,754,6196.17
2026-04-12,Importador EE.UU. A,S-08,5,251,2910.07
2026-04-12,Importador EE.UU. A,S-08,6,923,10307.19
2026-04-12,Importador EE.UU. A,S-08,7,1421,13577.42
2026-04-12,Distribuidor Europa A,S-08,8,1282,12698.96
2026-04-12,Cadena Reino Unido,S-08,9,645,5388.31
2026-04-12,Distribuidor Europa B,S-08,10,296,2738.28
2026-04-19,Cadena Reino Unido,S-08,5,207,2265.88
2026-04-19,Distribuidor Europa B,S-08,6,592,6388.81
2026-04-19,Distribuidor Europa A,S-08,7,1010,10360.21
2026-04-19,Importador EE.UU. B,S-08,8,891,8970.56
2026-04-19,Importador EE.UU. A,S-08,9,489,4733.26
2026-04-19,Distribuidor Europa A,S-08,10,185,1675.39
2026-04-26,Importador EE.UU. B,S-08,5,110,1293.8
2026-04-26,Importador EE.UU. A,S-08,6,318,3608.44
2026-04-26,Distribuidor Europa B,S-08,7,534,5305.17
2026-04-26,Distribuidor Europa B,S-08,8,454,4367.46
2026-04-26,Importador EE.UU. B,S-08,9,246,2125.02
2026-04-26,Importador EE.UU. B,S-08,10,88,723.33
2026-05-03,Distribuidor Europa A,S-08,5,151,1699.86
2026-05-03,Importador EE.UU. B,S-08,6,471,4647.14
2026-05-03,Distribuidor Europa A,S-08,7,752,8057.38
2026-05-03,Cadena Reino Unido,S-08,8,673,6046.76
2026-05-03,Importador EE.UU. A,S-08,9,368,3431.65
2026-05-03,Distribuidor Europa B,S-08,10,129,1040.97
2024-01-24,Importador EE.UU. B,S-09,5,291,2949.25
2024-01-24,Importador EE.UU. A,S-09,6,862,9296.8
2024-01-24,Distribuidor Europa A,S-09,7,1465,13609.83
2024-01-24,Importador EE.UU. B,S-09,8,1295,11888.38
2024-01-24,Distribuidor Europa B,S-09,9,691,6312.69
2024-01-24,Distribuidor Europa B,S-09,10,272,2201.2
2024-01-31,Distribuidor Europa A,S-09,5,135,1584.9
2024-01-31,Cadena Reino Unido,S-09,6,415,4299.47
2024-01-31,Importador EE.UU. B,S-09,7,737,7678.8
2024-01-31,Distribuidor Europa A,S-09,8,685,5893.47
2024-01-31,Distribuidor Europa B,S-09,9,348,2916.76
2024-01-31,Distribuidor Europa A,S-09,10,149,1261.49
2024-02-07,Importador EE.UU. B,S-09,5,298,3360.36
2024-02-07,Distribuidor Europa A,S-09,6,847,9188.22
2024-02-07,Cadena Reino Unido,S-09,7,1479,15051.47
2024-02-07,Distribuidor Europa B,S-09,8,1282,11707.01
2024-02-07,Importador EE.UU. A,S-09,9,710,6097.95
2024-02-07,Cadena Reino Unido,S-09,10,304,2613.83
2024-02-14,Cadena Reino Unido,S-09,5,168,1743.09
2024-02-14,Importador EE.UU. B,S-09,6,522,5922.95
2024-02-14,Importador EE.UU. A,S-09,7,929,9677.41
2024-02-14,Distribuidor Europa B,S-09,8,795,8085.72
2024-02-14,Distribuidor Europa A,S-09,9,474,3882.3
2024-02-14,Cadena Reino Unido,S-09,10,184,1675.67
2024-02-21,Distribuidor Europa B,S-09,5,105,1253.95
2024-02-21,Importador EE.UU. B,S-09,6,291,2974.83
2024-02-21,Distribuidor Europa B,S-09,7,465,4414.03
2024-02-21,Distribuidor Europa A,S-09,8,395,3471.25
2024-02-21,Importador EE.UU. A,S-09,9,207,1871.45
2024-02-21,Distribuidor Europa B,S-09,10,84,764.89
2024-02-28,Importador EE.UU. B,S-09,5,808,8239.74
2024-02-28,Distribuidor Europa B,S-09,6,2517,27758.31
2024-02-28,Distribuidor Europa A,S-09,7,4130,43064.24
2024-02-28,Distribuidor Europa B,S-09,8,3464,32794.51
2024-02-28,Importador EE.UU. A,S-09,9,1909,17581.26
2024-02-28,Importador EE.UU. B,S-09,10,776,6717.3
2025-08-24,Distribuidor Europa B,S-09,5,537,6311.66
2025-08-24,Cadena Reino Unido,S-09,6,1495,16477.71
2025-08-24,Distribuidor Europa B,S-09,7,2567,23634.51
2025-08-24,Distribuidor Europa A,S-09,8,2213,20602.43
2025-08-24,Distribuidor Europa B,S-09,9,1217,11520.23
2025-08-24,Importador EE.UU. A,S-09,10,499,4435.6
2025-08-31,Cadena Reino Unido,S-09,5,655,7052.38
2025-08-31,Distribuidor Europa A,S-09,6,2054,19625.09
2025-08-31,Importador EE.UU. B,S-09,7,3309,35215.87
2025-08-31,Distribuidor Europa A,S-09,8,2860,26777.78
2025-08-31,Importador EE.UU. A,S-09,9,1431,13252.78
2025-08-31,Importador EE.UU. B,S-09,10,679,5882.5
2025-09-07,Distribuidor Europa B,S-09,5,119,1215.86
2025-09-07,Distribuidor Europa B,S-09,6,315,3318.12
2025-09-07,Importador EE.UU. A,S-09,7,537,5528.37
2025-09-07,Importador EE.UU. A,S-09,8,444,4585.98
2025-09-07,Importador EE.UU. B,S-09,9,270,2661.66
2025-09-07,Distribuidor Europa B,S-09,10,112,926.92
2025-09-14,Importador EE.UU. B,S-09,5,313,3596.77
2025-09-14,Cadena Reino Unido,S-09,6,931,9780.93
2025-09-14,Importador EE.UU. B,S-09,7,1671,16513.45
2025-09-14,Distribuidor Europa B,S-09,8,1405,13164.88
2025-09-14,Distribuidor Europa A,S-09,9,694,6785.63
2025-09-14,Cadena Reino Unido,S-09,10,301,2539.27
2025-09-21,Cadena Reino Unido,S-09,5,210,2461.07
2025-09-21,Importador EE.UU. A,S-09,6,711,7441.31
2025-09-21,Cadena Reino Unido,S-09,7,1230,13055.29
2025-09-21,Cadena Reino Unido,S-09,8,1079,10036.06
2025-09-21,Distribuidor Europa A,S-09,9,577,5696.68
2025-09-21,Distribuidor Europa A,S-09,10,240,2215.98
2025-09-28,Importador EE.UU. B,S-09,5,114,1287.48
2025-09-28,Distribuidor Europa A,S-09,6,309,2941.87
2025-09-28,Distribuidor Europa B,S-09,7,502,5192.2
2025-09-28,Distribuidor Europa B,S-09,8,403,4151.1
2025-09-28,Importador EE.UU. A,S-09,9,258,2242.39
2025-09-28,Distribuidor Europa B,S-09,10,113,873.65
2024-11-16,Cadena Reino Unido,S-10,5,215,2433.17
2024-11-16,Importador EE.UU. A,S-10,6,692,7644.91
2024-11-16,Cadena Reino Unido,S-10,7,1099,10130.41
2024-11-16,Distribuidor Europa B,S-10,8,931,9701.57
2024-11-16,Importador EE.UU. A,S-10,9,493,4098.56
2024-11-16,Importador EE.UU. A,S-10,10,199,1770.38
2024-11-23,Importador EE.UU. A,S-10,5,48,485.56
2024-11-23,Importador EE.UU. A,S-10,6,194,1951.9
2024-11-23,Cadena Reino Unido,S-10,7,332,3030.24
2024-11-23,Distribuidor Europa A,S-10,8,321,3276.98
2024-11-23,Distribuidor Europa B,S-10,9,142,1212.51
2024-11-23,Distribuidor Europa A,S-10,10,49,457.35
2024-11-30,Importador EE.UU. A,S-10,5,738,8411.18
2024-11-30,Distribuidor Europa A,S-10,6,2158,23329.25
2024-11-30,Cadena Reino Unido,S-10,7,3513,35155.1
2024-11-30,Cadena Reino Unido,S-10,8,3087,27245.75
2024-11-30,Importador EE.UU. A,S-10,9,1699,14169.07
2024-11-30,Importador EE.UU. A,S-10,10,715,5949.07
2024-12-07,Importador EE.UU. A,S-10,5,370,3988.29
2024-12-07,Distribuidor Europa B,S-10,6,1051,10881.48
2024-12-07,Importador EE.UU. A,S-10,7,1743,16511.74
2024-12-07,Distribuidor Europa B,S-10,8,1476,13756.43
2024-12-07,Cadena Reino Unido,S-10,9,816,8034.26
2024-12-07,Importador EE.UU. A,S-10,10,352,2697.38
2024-12-14,Importador EE.UU. A,S-10,5,145,1548.39
2024-12-14,Importador EE.UU. A,S-10,6,447,4699.61
2024-12-14,Distribuidor Europa A,S-10,7,700,6830.25
2024-12-14,Cadena Reino Unido,S-10,8,652,6254.87
2024-12-14,Distribuidor Europa B,S-10,9,310,2692.32
2024-12-14,Importador EE.UU. A,S-10,10,153,1205.5
2024-12-21,Cadena Reino Unido,S-10,5,671,7522.91
2024-12-21,Cadena Reino Unido,S-10,6,2054,21387.27
2024-12-21,Importador EE.UU. B,S-10,7,3459,32907.08
2024-12-21,Importador EE.UU. B,S-10,8,2903,26223.55
2024-12-21,Distribuidor Europa B,S-10,9,1492,14425.47
2024-12-21,Cadena Reino Unido,S-10,10,646,5445.59
2026-08-26,Importador EE.UU. A,S-10,5,116,1314.46
2026-08-26,Distribuidor Europa B,S-10,6,329,3395.19
2026-08-26,Importador EE.UU. B,S-10,7,590,5965.01
2026-08-26,Distribuidor Europa B,S-10,8,517,5400.3
2026-08-26,Importador EE.UU. A,S-10,9,271,2339.45
2026-08-26,Distribuidor Europa A,S-10,10,112,889.99
2026-09-02,Distribuidor Europa A,S-10,5,103,1091.19
2026-09-02,Cadena Reino Unido,S-10,6,360,3507.95
2026-09-02,Cadena Reino Unido,S-10,7,570,5294.24
2026-09-02,Importador EE.UU. A,S-10,8,469,4394.23
2026-09-02,Importador EE.UU. A,S-10,9,268,2453.8
2026-09-02,Importador EE.UU. B,S-10,10,132,1203.43
2026-09-09,Distribuidor Europa B,S-10,5,367,4378.29
2026-09-09,Importador EE.UU. A,S-10,6,1114,12824.33
2026-09-09,Distribuidor Europa B,S-10,7,1974,20993.76
2026-09-09,Distribuidor Europa A,S-10,8,1668,15531.14
2026-09-09,Distribuidor Europa A,S-10,9,884,8452.54
2026-09-09,Distribuidor Europa A,S-10,10,376,3043.1
2026-09-16,Importador EE.UU. B,S-10,5,127,1309.97
2026-09-16,Importador EE.UU. B,S-10,6,382,4165.36
2026-09-16,Distribuidor Europa A,S-10,7,581,6287.5
2026-09-16,Distribuidor Europa A,S-10,8,547,5699.39
2026-09-16,Importador EE.UU. B,S-10,9,321,2789.12
2026-09-16,Importador EE.UU. A,S-10,10,124,1025.4
2026-09-23,Importador EE.UU. B,S-10,5,105,1070.86
2026-09-23,Importador EE.UU. A,S-10,6,339,3351.62
2026-09-23,Importador EE.UU. B,S-10,7,617,6255.96
2026-09-23,Distribuidor Europa A,S-10,8,529,5429.7
2026-09-23,Distribuidor Europa B,S-10,9,255,2485.04
2026-09-23,Distribuidor Europa A,S-10,10,136,1085.4
2026-09-30,Importador EE.UU. B,S-10,5,196,2104.84
2026-09-30,Cadena Reino Unido,S-10,6,664,7378.39
2026-09-30,Cadena Reino Unido,S-10,7,1099,10120.66
2026-09-30,Importador EE.UU. A,S-10,8,928,9020.79
2026-09-30,Importador EE.UU. A,S-10,9,517,4335.49
2026-09-30,Distribuidor Europa B,S-10,10,227,1852.0
2025-08-06,Cadena Reino Unido,S-11,5,100,1023.03
2025-08-06,Cadena Reino Unido,S-11,6,296,2971.61
2025-08-06,Importador EE.UU. B,S-11,7,516,4740.16
2025-08-06,Distribuidor Europa B,S-11,8,465,4307.3
2025-08-06,Importador EE.UU. A,S-11,9,246,2332.87
2025-08-06,Distribuidor Europa A,S-11,10,131,1055.43
2025-08-13,Cadena Reino Unido,S-11,5,201,2396.32
2025-08-13,Importador EE.UU. B,S-11,6,538,5763.66
2025-08-13,Distribuidor Europa A,S-11,7,842,7909.17
2025-08-13,Importador EE.UU. B,S-11,8,721,7428.15
2025-08-13,Cadena Reino Unido,S-11,9,391,3529.59
2025-08-13,Importador EE.UU. B,S-11,10,168,1485.4
2025-08-20,Importador EE.UU. A,S-11,5,76,788.64
2025-08-20,Distribuidor Europa A,S-11,6,286,3019.84
2025-08-20,Importador EE.UU. A,S-11,7,468,4342.66
2025-08-20,Importador EE.UU. A,S-11,8,432,3922.31
2025-08-20,Distribuidor Europa B,S-11,9,232,1893.93
2025-08-20,Importador EE.UU. B,S-11,10,79,708.57
2025-08-27,Distribuidor Europa A,S-11,5,101,1178.57
2025-08-27,Importador EE.UU. A,S-11,6,246,2821.44
2025-08-27,Distribuidor Europa A,S-11,7,467,4521.61
2025-08-27,Cadena Reino Unido,S-11,8,397,3461.11
2025-08-27,Distribuidor Europa B,S-11,9,226,1865.89
2025-08-27,Importador EE.UU. B,S-11,10,97,788.8
2025-09-03,Importador EE.UU. B,S-11,5,513,5919.81
2025-09-03,Importador EE.UU. A,S-11,6,1499,15195.82
2025-09-03,Importador EE.UU. B,S-11,7,2492,25844.28
2025-09-03,Importador EE.UU. A,S-11,8,2142,20344.04
2025-09-03,Importador EE.UU. B,S-11,9,1140,10801.8
2025-09-03,Distribuidor Europa B,S-11,10,485,3830.28
2024-04-07,Importador EE.UU. B,S-12,5,919,9542.97
2024-04-07,Cadena Reino Unido,S-12,6,2725,31167.96
2024-04-07,Distribuidor Europa B,S-12,7,4395,42322.18
2024-04-07,Distribuidor Europa A,S-12,8,3977,34529.31
2024-04-07,Importador EE.UU. A,S-12,9,2001,16836.75
2024-04-07,Cadena Reino Unido,S-12,10,866,7997.37
2024-04-14,Importador EE.UU. A,S-12,5,43,453.42
2024-04-14,Importador EE.UU. A,S-12,6,128,1395.26
2024-04-14,Importador EE.UU. A,S-12,7,188,2053.83
2024-04-14,Distribuidor Europa B,S-12,8,176,1681.38
2024-04-14,Distribuidor Europa B,S-12,9,92,790.13
2024-04-14,Distribuidor Europa A,S-12,10,48,400.91
2024-04-21,Importador EE.UU. A,S-12,5,49,489.51
2024-04-21,Importador EE.UU. B,S-12,6,155,1491.82
2024-04-21,Cadena Reino Unido,S-12,7,233,2270.33
2024-04-21,Importador EE.UU. B,S-12,8,225,2022.39
2024-04-21,Distribuidor Europa A,S-12,9,114,1072.62
2024-04-21,Importador EE.UU. B,S-12,10,39,312.43
2024-04-28,Importador EE.UU. B,S-12,5,193,1911.62
2024-04-28,Distribuidor Europa A,S-12,6,559,6176.98
2024-04-28,Importador EE.UU. B,S-12,7,886,8823.83
2024-04-28,Distribuidor Europa B,S-12,8,805,7715.95
2024-04-28,Importador EE.UU. B,S-12,9,438,4065.11
2024-04-28,Importador EE.UU. B,S-12,10,174,1502.47
2024-05-05,Distribuidor Europa B,S-12,5,233,2636.32
2024-05-05,Cadena Reino Unido,S-12,6,728,7531.97
2024-05-05,Importador EE.UU. B,S-12,7,1248,13614.38
2024-05-05,Cadena Reino Unido,S-12,8,1018,8714.92
2024-05-05,Cadena Reino Unido,S-12,9,577,5268.68
2024-05-05,Cadena Reino Unido,S-12,10,223,1899.01
2024-05-12,Distribuidor Europa A,S-12,5,230,2699.59
2024-05-12,Cadena Reino Unido,S-12,6,649,7006.53
2024-05-12,Cadena Reino Unido,S-12,7,1082,11213.64
2024-05-12,Cadena Reino Unido,S-12,8,992,10188.59
2024-05-12,Cadena Reino Unido,S-12,9,544,5315.86
2024-05-12,Importador EE.UU. B,S-12,10,226,1937.35
2025-12-10,Importador EE.UU. A,S-12,5,528,6315.78
2025-12-10,Importador EE.UU. A,S-12,6,1672,16690.63
2025-12-10,Importador EE.UU. B,S-12,7,2717,25785.95
2025-12-10,Importador EE.UU. A,S-12,8,2317,23938.43
2025-12-10,Importador EE.UU. A,S-12,9,1266,11888.05
2025-12-10,Distribuidor Europa B,S-12,10,563,4768.98
2025-12-17,Cadena Reino Unido,S-12,5,989,11232.22
2025-12-17,Distribuidor Europa A,S-12,6,2956,33369.32
2025-12-17,Distribuidor Europa A,S-12,7,4953,53159.22
2025-12-17,Cadena Reino Unido,S-12,8,4330,40386.64
2025-12-17,Importador EE.UU. A,S-12,9,2266,21624.4
2025-12-17,Distribuidor Europa A,S-12,10,1002,9210.66
2025-12-24,Importador EE.UU. B,S-12,5,140,1485.94
2025-12-24,Importador EE.UU. B,S-12,6,354,3860.71
2025-12-24,Distribuidor Europa B,S-12,7,650,6548.23
2025-12-24,Distribuidor Europa B,S-12,8,549,5564.84
2025-12-24,Cadena Reino Unido,S-12,9,267,2595.77
2025-12-24,Importador EE.UU. A,S-12,10,118,1103.22
2025-12-31,Importador EE.UU. B,S-12,5,227,2721.22
2025-12-31,Cadena Reino Unido,S-12,6,769,8227.4
2025-12-31,Importador EE.UU. B,S-12,7,1305,14164.83
2025-12-31,Importador EE.UU. A,S-12,8,1069,10718.8
2025-12-31,Distribuidor Europa A,S-12,9,585,5261.0
2025-12-31,Importador EE.UU. B,S-12,10,267,2254.94
2026-01-07,Importador EE.UU. B,S-12,5,693,7072.58
2026-01-07,Importador EE.UU. B,S-12,6,1942,20973.92
2026-01-07,Importador EE.UU. B,S-12,7,3229,30076.97
2026-01-07,Cadena Reino Unido,S-12,8,2919,30195.43
2026-01-07,Importador EE.UU. B,S-12,9,1474,12517.53
2026-01-07,Distribuidor Europa A,S-12,10,615,5300.84
2026-01-14,Importador EE.UU. B,S-12,5,53,570.39
2026-01-14,Importador EE.UU. B,S-12,6,119,1211.56
2026-01-14,Distribuidor Europa B,S-12,7,163,1532.64
2026-01-14,Importador EE.UU. B,S-12,8,145,1458.83
2026-01-14,Importador EE.UU. A,S-12,9,86,698.38
2026-01-14,Cadena Reino Unido,S-12,10,45,410.29
2025-02-01,Importador EE.UU. B,S-13,5,1491,17279.98
2025-02-01,Importador EE.UU. B,S-13,6,4612,49278.07
2025-02-01,Importador EE.UU. A,S-13,7,7483,76291.37
2025-02-01,Cadena Reino Unido,S-13,8,6488,57375.18
2025-02-01,Importador EE.UU. A,S-13,9,3612,30596.6
2025-02-01,Importador EE.UU. A,S-13,10,1545,13269.33
2025-02-08,Importador EE.UU. B,S-13,5,576,6356.1
2025-02-08,Importador EE.UU. A,S-13,6,1793,20040.45
2025-02-08,Distribuidor Europa B,S-13,7,3044,30108.81
2025-02-08,Cadena Reino Unido,S-13,8,2724,24800.48
2025-02-08,Distribuidor Europa B,S-13,9,1448,12268.03
2025-02-08,Cadena Reino Unido,S-13,10,595,4621.13
2025-02-15,Importador EE.UU. B,S-13,6,7,72.47
2025-02-15,Distribuidor Europa A,S-13,7,13,122.68
2025-02-15,Importador EE.UU. A,S-13,8,7,70.61
2025-02-15,Cadena Reino Unido,S-13,9,4,38.82
2025-02-15,Importador EE.UU. B,S-13,10,2,18.4
2025-02-22,Importador EE.UU. B,S-13,5,605,7125.99
2025-02-22,Distribuidor Europa A,S-13,6,1732,17998.41
2025-02-22,Importador EE.UU. A,S-13,7,2847,26434.12
2025-02-22,Distribuidor Europa A,S-13,8,2551,24948.57
2025-02-22,Distribuidor Europa A,S-13,9,1309,12590.59
2025-02-22,Distribuidor Europa A,S-13,10,568,4377.6
2025-03-01,Importador EE.UU. A,S-13,5,300,3469.82
2025-03-01,Distribuidor Europa A,S-13,6,964,10477.36
2025-03-01,Importador EE.UU. A,S-13,7,1691,15718.14
2025-03-01,Distribuidor Europa B,S-13,8,1459,14936.44
2025-03-01,Importador EE.UU. A,S-13,9,819,7068.94
2025-03-01,Importador EE.UU. B,S-13,10,323,2636.99
2025-03-08,Cadena Reino Unido,S-13,5,1355,14686.59
2025-03-08,Cadena Reino Unido,S-13,6,3756,40523.38
2025-03-08,Distribuidor Europa A,S-13,7,6411,68891.73
2025-03-08,Importador EE.UU. B,S-13,8,5704,57993.35
2025-03-08,Distribuidor Europa B,S-13,9,2969,26400.81
2025-03-08,Distribuidor Europa A,S-13,10,1339,11060.24
2024-07-07,Importador EE.UU. B,S-14,5,305,3053.27
2024-07-07,Cadena Reino Unido,S-14,6,1017,9850.02
2024-07-07,Cadena Reino Unido,S-14,7,1594,15691.44
2024-07-07,Distribuidor Europa A,S-14,8,1363,12603.99
2024-07-07,Distribuidor Europa B,S-14,9,776,7389.47
2024-07-07,Distribuidor Europa A,S-14,10,344,2876.27
2024-07-14,Cadena Reino Unido,S-14,5,229,2745.09
2024-07-14,Cadena Reino Unido,S-14,6,595,6337.31
2024-07-14,Distribuidor Europa A,S-14,7,1037,10068.52
2024-07-14,Cadena Reino Unido,S-14,8,916,8057.02
2024-07-14,Distribuidor Europa A,S-14,9,465,4255.96
2024-07-14,Distribuidor Europa A,S-14,10,189,1453.37
2024-07-21,Importador EE.UU. B,S-14,5,157,1678.9
2024-07-21,Distribuidor Europa A,S-14,6,485,4665.17
2024-07-21,Cadena Reino Unido,S-14,7,867,9297.45
2024-07-21,Importador EE.UU. B,S-14,8,697,6362.65
2024-07-21,Distribuidor Europa A,S-14,9,404,3363.67
2024-07-21,Importador EE.UU. B,S-14,10,201,1685.22
2024-07-28,Cadena Reino Unido,S-14,5,301,3330.08
2024-07-28,Distribuidor Europa A,S-14,6,875,9340.64
2024-07-28,Cadena Reino Unido,S-14,7,1496,13606.88
2024-07-28,Importador EE.UU. A,S-14,8,1366,11732.12
2024-07-28,Distribuidor Europa B,S-14,9,700,6391.67
2024-07-28,Importador EE.UU. A,S-14,10,290,2507.97
2024-08-04,Importador EE.UU. B,S-14,5,358,4286.0
2024-08-04,Distribuidor Europa A,S-14,6,1026,10966.31
2024-08-04,Importador EE.UU. A,S-14,7,1668,15250.14
2024-08-04,Cadena Reino Unido,S-14,8,1449,14134.4
2024-08-04,Importador EE.UU. A,S-14,9,816,7949.22
2024-08-04,Importador EE.UU. B,S-14,10,340,3036.4
2024-08-11,Cadena Reino Unido,S-14,5,499,5576.16
2024-08-11,Importador EE.UU. A,S-14,6,1516,16935.72
2024-08-11,Cadena Reino Unido,S-14,7,2519,22873.95
2024-08-11,Importador EE.UU. B,S-14,8,2229,21739.96
2024-08-11,Importador EE.UU. B,S-14,9,1217,9953.92
2024-08-11,Importador EE.UU. A,S-14,10,519,4281.08
2026-04-23,Importador EE.UU. B,S-14,5,129,1460.53
2026-04-23,Distribuidor Europa B,S-14,6,376,4121.17
2026-04-23,Distribuidor Europa A,S-14,7,643,7069.9
2026-04-23,Cadena Reino Unido,S-14,8,551,4864.74
2026-04-23,Cadena Reino Unido,S-14,9,271,2636.72
2026-04-23,Distribuidor Europa B,S-14,10,116,944.03
2026-04-30,Distribuidor Europa B,S-14,5,177,1928.6
2026-04-30,Importador EE.UU. A,S-14,6,533,6105.71
2026-04-30,Cadena Reino Unido,S-14,7,763,7971.0
2026-04-30,Distribuidor Europa A,S-14,8,760,6550.51
2026-04-30,Distribuidor Europa B,S-14,9,404,3576.02
2026-04-30,Importador EE.UU. A,S-14,10,153,1210.16
2026-05-07,Distribuidor Europa B,S-14,5,143,1679.75
2026-05-07,Importador EE.UU. A,S-14,6,412,3998.04
2026-05-07,Cadena Reino Unido,S-14,7,643,6361.67
2026-05-07,Cadena Reino Unido,S-14,8,636,5527.6
2026-05-07,Distribuidor Europa B,S-14,9,359,3549.22
2026-05-07,Importador EE.UU. A,S-14,10,146,1342.17
2026-05-14,Importador EE.UU. B,S-14,5,149,1717.75
2026-05-14,Importador EE.UU. B,S-14,6,510,5352.39
2026-05-14,Importador EE.UU. B,S-14,7,802,8216.37
2026-05-14,Cadena Reino Unido,S-14,8,691,6664.98
2026-05-14,Distribuidor Europa A,S-14,9,382,3281.28
2026-05-14,Importador EE.UU. B,S-14,10,168,1393.88
2026-05-21,Importador EE.UU. A,S-14,5,389,3863.25
2026-05-21,Importador EE.UU. B,S-14,6,1193,11781.27
2026-05-21,Distribuidor Europa B,S-14,7,1931,17765.26
2026-05-21,Distribuidor Europa A,S-14,8,1624,15068.67
2026-05-21,Importador EE.UU. B,S-14,9,943,8374.27
2026-05-21,Cadena Reino Unido,S-14,10,376,3463.4
2026-05-28,Cadena Reino Unido,S-14,5,73,741.56
2026-05-28,Distribuidor Europa A,S-14,6,212,2130.2
2026-05-28,Distribuidor Europa B,S-14,7,355,3424.15
2026-05-28,Cadena Reino Unido,S-14,8,307,2941.92
2026-05-28,Importador EE.UU. A,S-14,9,167,1534.69
2026-05-28,Distribuidor Europa A,S-14,10,54,483.41
2025-04-23,Importador EE.UU. A,S-15,5,28,288.78
2025-04-23,Distribuidor Europa B,S-15,6,65,622.37
2025-04-23,Importador EE.UU. A,S-15,7,95,1013.85
2025-04-23,Distribuidor Europa B,S-15,8,92,829.2
2025-04-23,Distribuidor Europa B,S-15,9,55,529.36
2025-04-23,Distribuidor Europa B,S-15,10,28,215.9
2025-04-30,Importador EE.UU. A,S-15,5,154,1702.17
2025-04-30,Distribuidor Europa A,S-15,6,418,4165.7
2025-04-30,Distribuidor Europa B,S-15,7,741,7443.99
2025-04-30,Distribuidor Europa B,S-15,8,649,6583.14
2025-04-30,Importador EE.UU. A,S-15,9,325,2699.33
2025-04-30,Importador EE.UU. B,S-15,10,146,1157.88
2025-05-07,Importador EE.UU. B,S-15,5,43,518.66
2025-05-07,Importador EE.UU. B,S-15,6,157,1564.01
2025-05-07,Importador EE.UU. B,S-15,7,265,2583.89
2025-05-07,Distribuidor Europa A,S-15,8,253,2163.3
2025-05-07,Importador EE.UU. B,S-15,9,138,1153.22
2025-05-07,Distribuidor Europa B,S-15,10,58,501.13
2025-05-14,Importador EE.UU. A,S-15,5,52,518.54
2025-05-14,Distribuidor Europa A,S-15,6,140,1479.57
2025-05-14,Cadena Reino Unido,S-15,7,252,2642.63
2025-05-14,Cadena Reino Unido,S-15,8,201,1740.51
2025-05-14,Cadena Reino Unido,S-15,9,128,1217.27
2025-05-14,Importador EE.UU. B,S-15,10,53,466.13
2025-05-21,Distribuidor Europa A,S-15,5,34,392.54
2025-05-21,Importador EE.UU. B,S-15,6,129,1226.93
2025-05-21,Cadena Reino Unido,S-15,7,235,2225.61
2025-05-21,Distribuidor Europa A,S-15,8,224,2305.66
2025-05-21,Cadena Reino Unido,S-15,9,114,1106.65
2025-05-21,Distribuidor Europa B,S-15,10,42,362.39
2025-05-28,Distribuidor Europa A,S-15,5,311,3325.54
2025-05-28,Importador EE.UU. A,S-15,6,959,9342.87
2025-05-28,Importador EE.UU. B,S-15,7,1528,15354.04
2025-05-28,Cadena Reino Unido,S-15,8,1286,11199.49
2025-05-28,Cadena Reino Unido,S-15,9,684,6457.84
2025-05-28,Importador EE.UU. B,S-15,10,286,2583.43
2024-07-04,Importador EE.UU. A,S-16,5,38,386.03
2024-07-04,Cadena Reino Unido,S-16,6,124,1388.02
2024-07-04,Importador EE.UU. A,S-16,7,189,2015.86
2024-07-04,Distribuidor Europa A,S-16,8,174,1817.64
2024-07-04,Cadena Reino Unido,S-16,9,88,816.97
2024-07-04,Cadena Reino Unido,S-16,10,27,234.98
2024-07-11,Distribuidor Europa A,S-16,5,114,1223.01
2024-07-11,Importador EE.UU. B,S-16,6,314,3426.48
2024-07-11,Distribuidor Europa A,S-16,7,574,5421.27
2024-07-11,Importador EE.UU. B,S-16,8,475,4631.9
2024-07-11,Cadena Reino Unido,S-16,9,273,2297.73
2024-07-11,Distribuidor Europa B,S-16,10,130,1156.98
2024-07-18,Distribuidor Europa A,S-16,5,1111,11063.13
2024-07-18,Distribuidor Europa A,S-16,6,3366,33488.12
2024-07-18,Distribuidor Europa B,S-16,7,5471,53010.2
2024-07-18,Importador EE.UU. A,S-16,8,4884,44645.38
2024-07-18,Cadena Reino Unido,S-16,9,2638,22130.07
2024-07-18,Importador EE.UU. A,S-16,10,1170,9084.51
2024-07-25,Importador EE.UU. A,S-16,5,255,2661.45
2024-07-25,Importador EE.UU. A,S-16,6,722,7520.85
2024-07-25,Distribuidor Europa A,S-16,7,1252,11810.7
2024-07-25,Cadena Reino Unido,S-16,8,1132,10610.37
2024-07-25,Importador EE.UU. B,S-16,9,574,4817.49
2024-07-25,Distribuidor Europa B,S-16,10,241,2233.22
2024-08-01,Distribuidor Europa B,S-16,5,263,2658.34
2024-08-01,Distribuidor Europa B,S-16,6,726,6997.03
2024-08-01,Distribuidor Europa A,S-16,7,1180,10794.46
2024-08-01,Distribuidor Europa B,S-16,8,1059,10427.26
2024-08-01,Importador EE.UU. B,S-16,9,637,5687.14
2024-08-01,Importador EE.UU. B,S-16,10,249,2033.95
2024-08-08,Distribuidor Europa B,S-16,5,24,240.24
2024-08-08,Importador EE.UU. A,S-16,6,63,627.69
2024-08-08,Importador EE.UU. B,S-16,7,129,1250.42
2024-08-08,Cadena Reino Unido,S-16,8,110,993.03
2024-08-08,Importador EE.UU. B,S-16,9,44,357.63
2024-08-08,Importador EE.UU. B,S-16,10,25,228.61
2025-12-18,Distribuidor Europa B,S-16,5,379,4512.75
2025-12-18,Distribuidor Europa A,S-16,6,1128,11467.3
2025-12-18,Distribuidor Europa B,S-16,7,1931,19459.69
2025-12-18,Distribuidor Europa B,S-16,8,1717,16936.91
2025-12-18,Distribuidor Europa B,S-16,9,898,7842.01
2025-12-18,Importador EE.UU. B,S-16,10,401,3693.0
2025-12-25,Distribuidor Europa A,S-16,5,845,8595.14
2025-12-25,Distribuidor Europa A,S-16,6,2629,25677.83
2025-12-25,Distribuidor Europa A,S-16,7,4400,43568.01
2025-12-25,Importador EE.UU. B,S-16,8,3885,33687.18
2025-12-25,Distribuidor Europa B,S-16,9,2069,17270.19
2025-12-25,Distribuidor Europa B,S-16,10,843,7228.48
2026-01-01,Importador EE.UU. B,S-16,5,314,3700.99
2026-01-01,Cadena Reino Unido,S-16,6,939,9460.74
2026-01-01,Cadena Reino Unido,S-16,7,1592,15603.48
2026-01-01,Importador EE.UU. B,S-16,8,1429,13749.6
2026-01-01,Distribuidor Europa A,S-16,9,728,6921.66
2026-01-01,Importador EE.UU. B,S-16,10,319,2840.31
2026-01-08,Distribuidor Europa B,S-16,5,1192,12455.4
2026-01-08,Importador EE.UU. A,S-16,6,3532,39792.33
2026-01-08,Importador EE.UU. A,S-16,7,6144,59973.97
2026-01-08,Distribuidor Europa A,S-16,8,5278,46540.5
2026-01-08,Cadena Reino Unido,S-16,9,2854,24252.06
2026-01-08,Distribuidor Europa A,S-16,10,1293,11000.57
2026-01-15,Importador EE.UU. B,S-16,5,81,877.83
2026-01-15,Distribuidor Europa B,S-16,6,193,2192.42
2026-01-15,Distribuidor Europa B,S-16,7,342,3400.79
2026-01-15,Importador EE.UU. B,S-16,8,281,2497.31
2026-01-15,Cadena Reino Unido,S-16,9,151,1254.28
2026-01-15,Cadena Reino Unido,S-16,10,66,538.35
2026-01-22,Distribuidor Europa A,S-16,5,532,6061.89
2026-01-22,Importador EE.UU. A,S-16,6,1544,15061.05
2026-01-22,Cadena Reino Unido,S-16,7,2545,25985.02
2026-01-22,Cadena Reino Unido,S-16,8,2207,21101.86
2026-01-22,Cadena Reino Unido,S-16,9,1172,10789.28
2026-01-22,Distribuidor Europa A,S-16,10,560,4373.04
2025-02-12,Distribuidor Europa B,S-17,5,318,3726.03
2025-02-12,Importador EE.UU. B,S-17,6,1019,9888.32
2025-02-12,Cadena Reino Unido,S-17,7,1668,16180.17
2025-02-12,Importador EE.UU. B,S-17,8,1378,12734.9
2025-02-12,Cadena Reino Unido,S-17,9,775,7197.75
2025-02-12,Distribuidor Europa A,S-17,10,342,2684.08
2025-02-19,Importador EE.UU. A,S-17,5,362,4144.34
2025-02-19,Distribuidor Europa B,S-17,6,1116,10590.7
2025-02-19,Importador EE.UU. A,S-17,7,1832,18183.85
2025-02-19,Distribuidor Europa B,S-17,8,1643,14670.09
2025-02-19,Distribuidor Europa B,S-17,9,880,7725.45
2025-02-19,Distribuidor Europa A,S-17,10,374,3403.56
2025-02-26,Importador EE.UU. B,S-17,5,789,8602.75
2025-02-26,Distribuidor Europa B,S-17,6,2432,27784.34
2025-02-26,Distribuidor Europa A,S-17,7,4068,37577.26
2025-02-26,Importador EE.UU. B,S-17,8,3436,29447.3
2025-02-26,Distribuidor Europa B,S-17,9,1958,19288.15
2025-02-26,Cadena Reino Unido,S-17,10,797,7182.96
2025-03-05,Importador EE.UU. A,S-17,5,204,2215.15
2025-03-05,Importador EE.UU. B,S-17,6,699,6799.94
2025-03-05,Cadena Reino Unido,S-17,7,1103,10306.29
2025-03-05,Importador EE.UU. A,S-17,8,1033,10783.28
2025-03-05,Distribuidor Europa A,S-17,9,492,4383.68
2025-03-05,Importador EE.UU. B,S-17,10,246,2124.13
2025-03-12,Distribuidor Europa B,S-17,5,427,4393.71
2025-03-12,Importador EE.UU. B,S-17,6,1196,12299.39
2025-03-12,Distribuidor Europa A,S-17,7,2054,20547.58
2025-03-12,Cadena Reino Unido,S-17,8,1793,17318.46
2025-03-12,Distribuidor Europa A,S-17,9,953,8496.76
2025-03-12,Importador EE.UU. A,S-17,10,400,3456.1
2025-03-19,Distribuidor Europa B,S-17,5,99,1091.61
2025-03-19,Importador EE.UU. A,S-17,6,313,3297.2
2025-03-19,Cadena Reino Unido,S-17,7,490,4908.88
2025-03-19,Importador EE.UU. A,S-17,8,459,4316.93
2025-03-19,Cadena Reino Unido,S-17,9,209,1738.55
2025-03-19,Importador EE.UU. A,S-17,10,95,881.3
2024-09-06,Distribuidor Europa B,S-18,5,587,6790.59
2024-09-06,Distribuidor Europa B,S-18,6,1712,17217.18
2024-09-06,Distribuidor Europa B,S-18,7,2879,30521.88
2024-09-06,Cadena Reino Unido,S-18,8,2556,24174.98
2024-09-06,Importador EE.UU. A,S-18,9,1331,12703.25
2024-09-06,Cadena Reino Unido,S-18,10,596,4689.3
2024-09-13,Cadena Reino Unido,S-18,5,555,6069.36
2024-09-13,Importador EE.UU. A,S-18,6,1651,18384.23
2024-09-13,Cadena Reino Unido,S-18,7,2687,25567.4
2024-09-13,Importador EE.UU. B,S-18,8,2339,21611.91
2024-09-13,Importador EE.UU. B,S-18,9,1242,11749.04
2024-09-13,Distribuidor Europa A,S-18,10,531,4395.32
2024-09-20,Cadena Reino Unido,S-18,5,679,7539.42
2024-09-20,Distribuidor Europa B,S-18,6,1997,22592.3
2024-09-20,Cadena Reino Unido,S-18,7,3256,32615.79
2024-09-20,Importador EE.UU. B,S-18,8,2930,27880.93
2024-09-20,Distribuidor Europa B,S-18,9,1504,12910.65
2024-09-20,Cadena Reino Unido,S-18,10,596,5253.1
2024-09-27,Cadena Reino Unido,S-18,5,979,11459.74
2024-09-27,Distribuidor Europa A,S-18,6,2930,28017.17
2024-09-27,Cadena Reino Unido,S-18,7,4873,49732.29
2024-09-27,Cadena Reino Unido,S-18,8,4166,35970.98
2024-09-27,Distribuidor Europa B,S-18,9,2327,19968.43
2024-09-27,Importador EE.UU. A,S-18,10,988,8755.99
2024-10-04,Distribuidor Europa A,S-18,5,268,2655.63
2024-10-04,Importador EE.UU. A,S-18,6,727,7537.33
2024-10-04,Distribuidor Europa B,S-18,7,1302,12117.35
2024-10-04,Importador EE.UU. B,S-18,8,1079,10924.38
2024-10-04,Distribuidor Europa A,S-18,9,616,5466.34
2024-10-04,Importador EE.UU. B,S-18,10,258,2373.36
2024-10-11,Distribuidor Europa B,S-18,5,957,10330.49
2024-10-11,Importador EE.UU. A,S-18,6,2890,32845.61
2024-10-11,Distribuidor Europa A,S-18,7,4769,45583.8
2024-10-11,Importador EE.UU. B,S-18,8,4271,44532.57
2024-10-11,Cadena Reino Unido,S-18,9,2223,19993.96
2024-10-11,Cadena Reino Unido,S-18,10,974,8236.14
2026-04-22,Cadena Reino Unido,S-18,5,1010,11459.61
2026-04-22,Importador EE.UU. A,S-18,6,3206,33607.09
2026-04-22,Distribuidor Europa A,S-18,7,5184,54966.49
2026-04-22,Cadena Reino Unido,S-18,8,4565,41260.73
2026-04-22,Importador EE.UU. B,S-18,9,2491,24148.89
2026-04-22,Importador EE.UU. A,S-18,10,1049,8383.72
2026-04-29,Distribuidor Europa B,S-18,5,406,4076.75
2026-04-29,Cadena Reino Unido,S-18,6,1260,12224.03
2026-04-29,Importador EE.UU. A,S-18,7,2036,21790.7
2026-04-29,Importador EE.UU. B,S-18,8,1850,18905.52
2026-04-29,Distribuidor Europa A,S-18,9,937,8316.94
2026-04-29,Importador EE.UU. B,S-18,10,389,3106.45
2026-05-06,Distribuidor Europa B,S-18,5,470,5111.89
2026-05-06,Distribuidor Europa B,S-18,6,1397,14801.22
2026-05-06,Importador EE.UU. A,S-18,7,2379,23655.3
2026-05-06,Distribuidor Europa A,S-18,8,2088,21652.38
2026-05-06,Importador EE.UU. B,S-18,9,1138,10721.2
2026-05-06,Importador EE.UU. A,S-18,10,494,3878.27
2026-05-13,Importador EE.UU. B,S-18,5,25,301.34
2026-05-13,Importador EE.UU. B,S-18,6,80,828.94
2026-05-13,Distribuidor Europa B,S-18,7,156,1647.76
2026-05-13,Importador EE.UU. A,S-18,8,102,1055.33
2026-05-13,Importador EE.UU. A,S-18,9,60,573.91
2026-05-13,Cadena Reino Unido,S-18,10,44,405.82
2026-05-20,Cadena Reino Unido,S-18,5,768,7969.5
2026-05-20,Importador EE.UU. A,S-18,6,2263,23453.15
2026-05-20,Distribuidor Europa B,S-18,7,3894,42131.54
2026-05-20,Cadena Reino Unido,S-18,8,3321,34353.82
2026-05-20,Distribuidor Europa A,S-18,9,1811,17866.6
2026-05-20,Importador EE.UU. A,S-18,10,791,6281.91
2026-05-27,Importador EE.UU. B,S-18,5,226,2605.71
2026-05-27,Distribuidor Europa A,S-18,6,620,6867.76
2026-05-27,Importador EE.UU. A,S-18,7,978,10646.27
2026-05-27,Distribuidor Europa B,S-18,8,887,8500.79
2026-05-27,Importador EE.UU. A,S-18,9,436,3612.43
2026-05-27,Cadena Reino Unido,S-18,10,208,1761.78
