{
"type": "FeatureCollection",
"name": "distritos",
"crs": { "type": "name", "properties": { "name": "urn:ogc:def:crs:OGC:1.3:CRS84" } },
"xy_coordinate_resolution": 1e-05,
"features": [
{ "type": "Feature", "properties": { "cod_distrito": 21304, "distrito": "Bijagua", "canton": "Upala", "ha_2000": 0.0, "ha_2015": 10.0, "ha_2017": 0.0, "ha_2018": 0.0, "ha_2019": 0.0 }, "geometry": { "type": "Polygon", "coordinates": [ [ [ -85.02369, 10.80027 ], [ -85.00656, 10.79634 ], [ -84.99841, 10.78483 ], [ -84.97283, 10.76668 ], [ -84.96797, 10.7697 ], [ -84.95084, 10.77256 ], [ -84.9633, 10.75853 ], [ -84.96139, 10.75692 ], [ -84.96042, 10.75135 ], [ -84.95479, 10.74852 ], [ -84.95004, 10.73824 ], [ -84.94952, 10.73514 ], [ -84.95188, 10.73257 ], [ -84.95726, 10.73372 ], [ -84.95607, 10.7307 ], [ -84.95738, 10.7277 ], [ -84.95537, 10.72339 ], [ -84.9573, 10.72086 ], [ -84.96439, 10.71892 ], [ -84.97107, 10.71989 ], [ -84.97594, 10.71742 ], [ -84.97886, 10.72102 ], [ -84.98077, 10.72131 ], [ -84.98957, 10.7101 ], [ -84.99805, 10.70591 ], [ -85.00037, 10.69481 ], [ -85.0049, 10.68273 ], [ -85.01238, 10.67112 ], [ -85.01423, 10.67079 ], [ -85.01956, 10.67399 ], [ -85.01973, 10.67976 ], [ -85.02184, 10.68212 ], [ -85.02192, 10.68642 ], [ -85.02709, 10.69294 ], [ -85.0375, 10.69571 ], [ -85.04084, 10.69811 ], [ -85.05184, 10.69618 ], [ -85.05577, 10.69706 ], [ -85.06078, 10.70386 ], [ -85.06166, 10.70845 ], [ -85.06754, 10.70819 ], [ -85.07202, 10.71288 ], [ -85.07808, 10.71332 ], [ -85.08448, 10.71165 ], [ -85.09747, 10.71723 ], [ -85.10205, 10.71277 ], [ -85.10709, 10.71307 ], [ -85.11484, 10.71018 ], [ -85.11671, 10.71101 ], [ -85.12473, 10.71033 ], [ -85.12543, 10.71235 ], [ -85.12433, 10.71455 ], [ -85.12949, 10.71809 ], [ -85.12804, 10.7276 ], [ -85.12954, 10.73031 ], [ -85.1289, 10.73304 ], [ -85.13743, 10.73939 ], [ -85.13962, 10.74493 ], [ -85.14363, 10.74627 ], [ -85.1447, 10.75233 ], [ -85.13542, 10.75884 ], [ -85.13259, 10.76516 ], [ -85.12338, 10.76992 ], [ -85.12124, 10.77403 ], [ -85.12075, 10.78071 ], [ -85.11437, 10.78984 ], [ -85.10941, 10.79179 ], [ -85.09768, 10.78924 ], [ -85.09276, 10.79061 ], [ -85.08995, 10.79323 ], [ -85.08727, 10.79882 ], [ -85.08149, 10.79889 ], [ -85.07222, 10.80511 ], [ -85.06968, 10.80958 ], [ -85.04782, 10.80942 ], [ -85.04287, 10.81245 ], [ -85.03761, 10.82094 ], [ -85.03185, 10.82304 ], [ -85.03144, 10.8191 ], [ -85.0283, 10.81245 ], [ -85.03119, 10.80048 ], [ -85.02369, 10.80027 ] ] ] } },
{ "type": "Feature", "properties": { "cod_distrito": 21504, "distrito": "Katira", "canton": "Guatuso", "ha_2000": 3.0, "ha_2015": 810.0, "ha_2017": 545.0, "ha_2018": 636.0, "ha_2019": 587.0 }, "geometry": { "type": "Polygon", "coordinates": [ [ [ -84.89761, 10.82733 ], [ -84.89121, 10.8188 ], [ -84.88839, 10.81709 ], [ -84.88792, 10.81488 ], [ -84.88138, 10.81219 ], [ -84.8788, 10.80887 ], [ -84.87525, 10.81063 ], [ -84.86883, 10.80556 ], [ -84.86431, 10.80797 ], [ -84.86637, 10.79984 ], [ -84.87106, 10.7967 ], [ -84.86772, 10.79555 ], [ -84.86554, 10.78982 ], [ -84.85642, 10.78073 ], [ -84.8552, 10.77683 ], [ -84.8553, 10.76787 ], [ -84.85034, 10.76035 ], [ -84.86407, 10.76145 ], [ -84.86519, 10.75115 ], [ -84.87929, 10.74519 ], [ -84.88242, 10.74697 ], [ -84.88633, 10.74686 ], [ -84.88476, 10.74265 ], [ -84.8861, 10.73625 ], [ -84.88865, 10.73129 ], [ -84.8829, 10.71361 ], [ -84.87578, 10.70983 ], [ -84.86785, 10.71111 ], [ -84.86311, 10.70499 ], [ -84.86363, 10.70378 ], [ -84.86603, 10.70169 ], [ -84.87075, 10.70062 ], [ -84.87424, 10.7024 ], [ -84.88277, 10.69747 ], [ -84.88646, 10.7013 ], [ -84.88958, 10.69903 ], [ -84.89058, 10.70183 ], [ -84.9093, 10.70077 ], [ -84.91264, 10.70114 ], [ -84.91487, 10.70283 ], [ -84.91621, 10.70165 ], [ -84.9238, 10.7014 ], [ -84.92488, 10.70261 ], [ -84.93242, 10.704 ], [ -84.93396, 10.70272 ], [ -84.93919, 10.70405 ], [ -84.95295, 10.70206 ], [ -84.96844, 10.70285 ], [ -84.97652, 10.69942 ], [ -84.98448, 10.69363 ], [ -84.98778, 10.68959 ], [ -84.9846, 10.67192 ], [ -84.98648, 10.6692 ], [ -84.9916, 10.66631 ], [ -84.99866, 10.6688 ], [ -85.00175, 10.6715 ], [ -85.00593, 10.66779 ], [ -85.01016, 10.66792 ], [ -85.01238, 10.67112 ], [ -85.0049, 10.68273 ], [ -85.00037, 10.69481 ], [ -84.99805, 10.70591 ], [ -84.98957, 10.7101 ], [ -84.98077, 10.72131 ], [ -84.97886, 10.72102 ], [ -84.97558, 10.71742 ], [ -84.97003, 10.72005 ], [ -84.96224, 10.71944 ], [ -84.9573, 10.72086 ], [ -84.95554, 10.7226 ], [ -84.95738, 10.7277 ], [ -84.95607, 10.7307 ], [ -84.95726, 10.73372 ], [ -84.95123, 10.73272 ], [ -84.94963, 10.73651 ], [ -84.95479, 10.74852 ], [ -84.96042, 10.75135 ], [ -84.96139, 10.75692 ], [ -84.9633, 10.75853 ], [ -84.95057, 10.77284 ], [ -84.94694, 10.7744 ], [ -84.93691, 10.77482 ], [ -84.93345, 10.77612 ], [ -84.929, 10.77561 ], [ -84.92692, 10.77692 ], [ -84.922, 10.7845 ], [ -84.92184, 10.79039 ], [ -84.91922, 10.79235 ], [ -84.91537, 10.79284 ], [ -84.91623, 10.79678 ], [ -84.91808, 10.79879 ], [ -84.91656, 10.80315 ], [ -84.90447, 10.80401 ], [ -84.90338, 10.80943 ], [ -84.90145, 10.81211 ], [ -84.90314, 10.81453 ], [ -84.90174, 10.81996 ], [ -84.90318, 10.82315 ], [ -84.90258, 10.82687 ], [ -84.90124, 10.8286 ], [ -84.89937, 10.82699 ], [ -84.89761, 10.82733 ] ] ] } },
{ "type": "Feature", "properties": { "cod_distrito": 21308, "distrito": "Canalete", "canton": "Upala", "ha_2000": 0.0, "ha_2015": 354.0, "ha_2017": 449.0, "ha_2018": 444.0, "ha_2019": 403.0 }, "geometry": { "type": "Polygon", "coordinates": [ [ [ -85.01123, 10.79775 ], [ -85.02369, 10.80027 ], [ -85.03119, 10.80048 ], [ -85.0283, 10.81245 ], [ -85.03144, 10.8191 ], [ -85.03185, 10.82304 ], [ -85.03509, 10.82245 ], [ -85.03761, 10.82094 ], [ -85.04287, 10.81245 ], [ -85.04782, 10.80942 ], [ -85.06968, 10.80958 ], [ -85.07222, 10.80511 ], [ -85.08149, 10.79889 ], [ -85.08727, 10.79882 ], [ -85.08995, 10.79323 ], [ -85.09276, 10.79061 ], [ -85.09768, 10.78924 ], [ -85.10892, 10.79176 ], [ -85.11347, 10.79053 ], [ -85.12075, 10.78071 ], [ -85.12124, 10.77403 ], [ -85.12338, 10.76992 ], [ -85.13259, 10.76516 ], [ -85.13125, 10.78074 ], [ -85.13196, 10.79223 ], [ -85.12857, 10.80616 ], [ -85.13519, 10.81851 ], [ -85.13276, 10.82194 ], [ -85.12962, 10.82372 ], [ -85.1266, 10.83045 ], [ -85.11959, 10.82839 ], [ -85.1177, 10.82899 ], [ -85.11607, 10.8322 ], [ -85.1164, 10.83912 ], [ -85.11372, 10.84245 ], [ -85.11322, 10.84669 ], [ -85.09512, 10.86876 ], [ -85.0949, 10.87463 ], [ -85.09198, 10.87742 ], [ -85.09006, 10.88279 ], [ -85.09217, 10.88624 ], [ -85.08744, 10.88841 ], [ -85.08312, 10.88665 ], [ -85.07645, 10.89053 ], [ -85.07145, 10.87707 ], [ -85.06089, 10.88156 ], [ -85.05542, 10.88083 ], [ -85.04717, 10.87477 ], [ -85.03738, 10.87474 ], [ -85.03789, 10.87875 ], [ -85.03686, 10.88153 ], [ -85.0274, 10.87589 ], [ -85.03074, 10.8662 ], [ -85.0302, 10.86088 ], [ -85.02774, 10.86114 ], [ -85.02722, 10.85988 ], [ -85.0252, 10.86201 ], [ -85.026, 10.8675 ], [ -85.02479, 10.87011 ], [ -85.01929, 10.86918 ], [ -85.02002, 10.87255 ], [ -85.01717, 10.87531 ], [ -85.01211, 10.86191 ], [ -85.00884, 10.85681 ], [ -85.01496, 10.8501 ], [ -85.01905, 10.8414 ], [ -85.02309, 10.83773 ], [ -85.00409, 10.83727 ], [ -84.99981, 10.83666 ], [ -84.99654, 10.83458 ], [ -84.98774, 10.83613 ], [ -84.98331, 10.83517 ], [ -84.98642, 10.82971 ], [ -84.9913, 10.82555 ], [ -84.99209, 10.82148 ], [ -84.99114, 10.82048 ], [ -84.99342, 10.81844 ], [ -84.9945, 10.81437 ], [ -84.9971, 10.81236 ], [ -84.9968, 10.80887 ], [ -85.01123, 10.79775 ] ] ] } },
{ "type": "Feature", "properties": { "cod_distrito": 21301, "distrito": "Upala", "canton": "Upala", "ha_2000": 0.0, "ha_2015": 1213.0, "ha_2017": 1332.0, "ha_2018": 1504.0, "ha_2019": 1394.0 }, "geometry": { "type": "Polygon", "coordinates": [ [ [ -84.90195, 10.82818 ], [ -84.9032, 10.82334 ], [ -84.90174, 10.81996 ], [ -84.90315, 10.81474 ], [ -84.90145, 10.81211 ], [ -84.90338, 10.80943 ], [ -84.90447, 10.80401 ], [ -84.91656, 10.80315 ], [ -84.91808, 10.79879 ], [ -84.91623, 10.79678 ], [ -84.91537, 10.79284 ], [ -84.91922, 10.79235 ], [ -84.92184, 10.79039 ], [ -84.922, 10.7845 ], [ -84.92692, 10.77692 ], [ -84.929, 10.77561 ], [ -84.93345, 10.77612 ], [ -84.93691, 10.77482 ], [ -84.94694, 10.7744 ], [ -84.95084, 10.77256 ], [ -84.96797, 10.7697 ], [ -84.97283, 10.76668 ], [ -84.99841, 10.78483 ], [ -85.00656, 10.79634 ], [ -85.01123, 10.79775 ], [ -84.9968, 10.80887 ], [ -84.9971, 10.81236 ], [ -84.9945, 10.81437 ], [ -84.99342, 10.81844 ], [ -84.99114, 10.82048 ], [ -84.99209, 10.82148 ], [ -84.9913, 10.82555 ], [ -84.98642, 10.82971 ], [ -84.98331, 10.83517 ], [ -84.98774, 10.83613 ], [ -84.99654, 10.83458 ], [ -84.99981, 10.83666 ], [ -85.00409, 10.83727 ], [ -85.02309, 10.83773 ], [ -85.01905, 10.8414 ], [ -85.01496, 10.8501 ], [ -85.00884, 10.85681 ], [ -85.01211, 10.86191 ], [ -85.01717, 10.87531 ], [ -85.02002, 10.87255 ], [ -85.01929, 10.86918 ], [ -85.02479, 10.87011 ], [ -85.026, 10.8675 ], [ -85.0252, 10.86201 ], [ -85.02684, 10.85986 ], [ -85.02774, 10.86114 ], [ -85.0302, 10.86088 ], [ -85.03074, 10.8662 ], [ -85.0274, 10.87589 ], [ -85.03686, 10.88153 ], [ -85.03789, 10.87875 ], [ -85.03738, 10.87474 ], [ -85.04717, 10.87477 ], [ -85.05542, 10.88083 ], [ -85.06089, 10.88156 ], [ -85.07145, 10.87707 ], [ -85.07645, 10.89053 ], [ -85.08312, 10.88665 ], [ -85.08706, 10.88844 ], [ -85.09184, 10.88682 ], [ -85.09127, 10.89184 ], [ -85.08738, 10.89991 ], [ -85.0881, 10.90326 ], [ -85.08668, 10.90551 ], [ -85.08718, 10.90823 ], [ -85.07778, 10.90841 ], [ -85.07028, 10.9064 ], [ -85.06399, 10.90753 ], [ -85.05633, 10.90531 ], [ -85.05319, 10.90688 ], [ -85.04314, 10.89901 ], [ -85.04535, 10.90498 ], [ -85.04272, 10.90909 ], [ -85.04458, 10.91224 ], [ -85.04434, 10.91518 ], [ -85.0407, 10.91779 ], [ -85.04105, 10.91998 ], [ -85.03905, 10.92114 ], [ -85.04, 10.92414 ], [ -85.03872, 10.92669 ], [ -85.03052, 10.9265 ], [ -85.02713, 10.93077 ], [ -85.02741, 10.93413 ], [ -85.02166, 10.93397 ], [ -85.02042, 10.93957 ], [ -85.0216, 10.94502 ], [ -85.01951, 10.94709 ], [ -85.01531, 10.95662 ], [ -85.0119, 10.95664 ], [ -85.00874, 10.95927 ], [ -85.00546, 10.96012 ], [ -85.00107, 10.95942 ], [ -84.99903, 10.96393 ], [ -84.99768, 10.96431 ], [ -84.99355, 10.95115 ], [ -84.99395, 10.94785 ], [ -84.9967, 10.94371 ], [ -84.9957, 10.93661 ], [ -84.99666, 10.93366 ], [ -84.99058, 10.92932 ], [ -84.98909, 10.92563 ], [ -84.995, 10.91876 ], [ -84.99655, 10.91417 ], [ -84.98861, 10.89457 ], [ -84.99014, 10.89426 ], [ -84.99143, 10.88941 ], [ -84.98582, 10.87174 ], [ -84.98643, 10.86965 ], [ -84.98495, 10.86558 ], [ -84.98643, 10.86168 ], [ -84.98537, 10.85937 ], [ -84.98045, 10.85494 ], [ -84.93502, 10.85503 ], [ -84.90195, 10.82818 ] ] ] } },
{ "type": "Feature", "properties": { "cod_distrito": 60601, "distrito": "Quepos", "canton": "Quepos", "ha_2000": 0.0, "ha_2015": 222.0, "ha_2017": 0.0, "ha_2018": 0.0, "ha_2019": 0.0 }, "geometry": { "type": "Polygon", "coordinates": [ [ [ -84.13849, 9.57165 ], [ -84.13115, 9.57134 ], [ -84.12867, 9.5695 ], [ -84.12532, 9.56399 ], [ -84.1258, 9.56055 ], [ -84.12044, 9.55429 ], [ -84.11875, 9.55745 ], [ -84.11898, 9.56005 ], [ -84.10997, 9.56155 ], [ -84.10856, 9.56422 ], [ -84.10628, 9.56353 ], [ -84.09913, 9.56912 ], [ -84.09254, 9.56806 ], [ -84.0826, 9.56372 ], [ -84.07476, 9.56693 ], [ -84.07196, 9.57099 ], [ -84.07458, 9.55964 ], [ -84.07652, 9.55884 ], [ -84.0771, 9.56042 ], [ -84.08066, 9.5582 ], [ -84.08525, 9.5591 ], [ -84.08696, 9.55723 ], [ -84.08663, 9.55597 ], [ -84.08825, 9.55737 ], [ -84.08878, 9.55653 ], [ -84.09287, 9.55849 ], [ -84.09513, 9.55803 ], [ -84.09833, 9.55319 ], [ -84.09746, 9.55012 ], [ -84.09931, 9.54936 ], [ -84.10078, 9.54647 ], [ -84.10763, 9.54484 ], [ -84.11051, 9.53929 ], [ -84.11822, 9.53161 ], [ -84.11692, 9.52687 ], [ -84.11972, 9.52048 ], [ -84.11539, 9.51575 ], [ -84.11355, 9.51537 ], [ -84.11328, 9.51201 ], [ -84.11087, 9.51133 ], [ -84.10986, 9.5088 ], [ -84.11029, 9.50662 ], [ -84.11205, 9.50552 ], [ -84.11221, 9.50145 ], [ -84.11433, 9.49899 ], [ -84.13068, 9.49688 ], [ -84.13141, 9.49348 ], [ -84.13895, 9.49571 ], [ -84.1396, 9.49368 ], [ -84.14461, 9.49109 ], [ -84.14643, 9.48568 ], [ -84.14954, 9.48653 ], [ -84.15217, 9.48447 ], [ -84.15478, 9.48625 ], [ -84.15508, 9.48493 ], [ -84.15331, 9.483 ], [ -84.1517, 9.47602 ], [ -84.14924, 9.47289 ], [ -84.14911, 9.46856 ], [ -84.14522, 9.46487 ], [ -84.13211, 9.46468 ], [ -84.1263, 9.46817 ], [ -84.11911, 9.46819 ], [ -84.11518, 9.46957 ], [ -84.11125, 9.46811 ], [ -84.11264, 9.46252 ], [ -84.09532, 9.44886 ], [ -84.09473, 9.44522 ], [ -84.08415, 9.43382 ], [ -84.08273, 9.42968 ], [ -84.07883, 9.42678 ], [ -84.07689, 9.42675 ], [ -84.07549, 9.42468 ], [ -84.07399, 9.42542 ], [ -84.07009, 9.42315 ], [ -84.0654, 9.41427 ], [ -84.06035, 9.4107 ], [ -84.06141, 9.40854 ], [ -84.05628, 9.40538 ], [ -84.04326, 9.40538 ], [ -84.04146, 9.40162 ], [ -84.03274, 9.39178 ], [ -84.0325, 9.38888 ], [ -84.0367, 9.38571 ], [ -84.0372, 9.38352 ], [ -84.03486, 9.37801 ], [ -84.0316, 9.37458 ], [ -84.02824, 9.37451 ], [ -84.02456, 9.37197 ], [ -84.0239, 9.36197 ], [ -84.02591, 9.36195 ], [ -84.02803, 9.36427 ], [ -84.0326, 9.36285 ], [ -84.03209, 9.36039 ], [ -84.02751, 9.36098 ], [ -84.02623, 9.35868 ], [ -84.02935, 9.35514 ], [ -84.03406, 9.35693 ], [ -84.03601, 9.35468 ], [ -84.03566, 9.35326 ], [ -84.03123, 9.35062 ], [ -84.03212, 9.34531 ], [ -84.08015, 9.36765 ], [ -84.09255, 9.37213 ], [ -84.11243, 9.37399 ], [ -84.11705, 9.37665 ], [ -84.11807, 9.37373 ], [ -84.12105, 9.37441 ], [ -84.12323, 9.37336 ], [ -84.12346, 9.36919 ], [ -84.1264, 9.37926 ], [ -84.12893, 9.38148 ], [ -84.12793, 9.38258 ], [ -84.13053, 9.38667 ], [ -84.13554, 9.38437 ], [ -84.13666, 9.38035 ], [ -84.13457, 9.37985 ], [ -84.13526, 9.37711 ], [ -84.13699, 9.37849 ], [ -84.13894, 9.37697 ], [ -84.13948, 9.37988 ], [ -84.14393, 9.38173 ], [ -84.14614, 9.3796 ], [ -84.14445, 9.37706 ], [ -84.14764, 9.37652 ], [ -84.14946, 9.38096 ], [ -84.14747, 9.38016 ], [ -84.14648, 9.38126 ], [ -84.14652, 9.38584 ], [ -84.14826, 9.38953 ], [ -84.15319, 9.39361 ], [ -84.16435, 9.39718 ], [ -84.17319, 9.3945 ], [ -84.17536, 9.39578 ], [ -84.17607, 9.39425 ], [ -84.17657, 9.39993 ], [ -84.17259, 9.40283 ], [ -84.16872, 9.40256 ], [ -84.16864, 9.4011 ], [ -84.16733, 9.40075 ], [ -84.16339, 9.40587 ], [ -84.16367, 9.40839 ], [ -84.16692, 9.41035 ], [ -84.1668, 9.41186 ], [ -84.16373, 9.41312 ], [ -84.16639, 9.41442 ], [ -84.16475, 9.41621 ], [ -84.16861, 9.41932 ], [ -84.1664, 9.42125 ], [ -84.16851, 9.42272 ], [ -84.16946, 9.42184 ], [ -84.16965, 9.42433 ], [ -84.17258, 9.42425 ], [ -84.17017, 9.42481 ], [ -84.17121, 9.42646 ], [ -84.16991, 9.425 ], [ -84.16811, 9.42495 ], [ -84.16793, 9.42795 ], [ -84.1701, 9.428 ], [ -84.16993, 9.42577 ], [ -84.1704, 9.42782 ], [ -84.16947, 9.42847 ], [ -84.16626, 9.42759 ], [ -84.16511, 9.43242 ], [ -84.16729, 9.43223 ], [ -84.17376, 9.4384 ], [ -84.18961, 9.44709 ], [ -84.18947, 9.45248 ], [ -84.19168, 9.45524 ], [ -84.20023, 9.45802 ], [ -84.20623, 9.46172 ], [ -84.22031, 9.46062 ], [ -84.22635, 9.46299 ], [ -84.23822, 9.47717 ], [ -84.24345, 9.49007 ], [ -84.25354, 9.4957 ], [ -84.2536, 9.49745 ], [ -84.24871, 9.50323 ], [ -84.24926, 9.50521 ], [ -84.24702, 9.50511 ], [ -84.24544, 9.50748 ], [ -84.24527, 9.51052 ], [ -84.23626, 9.51573 ], [ -84.23094, 9.51661 ], [ -84.22585, 9.51388 ], [ -84.22205, 9.51465 ], [ -84.22052, 9.5121 ], [ -84.21726, 9.51229 ], [ -84.21668, 9.51394 ], [ -84.21526, 9.51089 ], [ -84.21351, 9.51042 ], [ -84.21085, 9.51243 ], [ -84.20776, 9.51139 ], [ -84.20638, 9.51375 ], [ -84.20387, 9.5136 ], [ -84.20114, 9.5159 ], [ -84.20117, 9.51764 ], [ -84.19658, 9.52459 ], [ -84.19135, 9.52701 ], [ -84.18669, 9.52643 ], [ -84.18401, 9.53061 ], [ -84.182, 9.53525 ], [ -84.18838, 9.54535 ], [ -84.18767, 9.54665 ], [ -84.18518, 9.54757 ], [ -84.18189, 9.54697 ], [ -84.1806, 9.54542 ], [ -84.17947, 9.54669 ], [ -84.1739, 9.5469 ], [ -84.17408, 9.54878 ], [ -84.17115, 9.55121 ], [ -84.17165, 9.5529 ], [ -84.17029, 9.55311 ], [ -84.17029, 9.55433 ], [ -84.16642, 9.55521 ], [ -84.15847, 9.56087 ], [ -84.14964, 9.56321 ], [ -84.13849, 9.57165 ] ] ] } },
{ "type": "Feature", "properties": { "cod_distrito": 60308, "distrito": "Biolley", "canton": "Buenos Aires", "ha_2000": 0.0, "ha_2015": 2.0, "ha_2017": 365.0, "ha_2018": 493.0, "ha_2019": 519.0 }, "geometry": { "type": "Polygon", "coordinates": [ [ [ -82.97159, 9.09639 ], [ -82.97161, 9.09427 ], [ -82.96847, 9.09173 ], [ -82.97164, 9.08534 ], [ -82.9731, 9.0758 ], [ -82.96984, 9.06591 ], [ -82.97224, 9.06199 ], [ -82.97299, 9.05728 ], [ -82.97181, 9.05559 ], [ -82.9749, 9.05329 ], [ -82.97131, 9.04813 ], [ -82.975, 9.03994 ], [ -82.97453, 9.03808 ], [ -82.97734, 9.03455 ], [ -82.977, 9.02728 ], [ -82.97575, 9.02666 ], [ -82.97522, 9.02364 ], [ -82.97659, 9.01907 ], [ -82.97891, 9.01815 ], [ -82.98248, 9.01327 ], [ -82.98579, 9.01291 ], [ -82.99365, 9.00677 ], [ -82.99804, 8.99989 ], [ -83.00624, 9.00066 ], [ -83.00821, 8.99874 ], [ -83.01367, 8.99065 ], [ -83.01559, 8.98386 ], [ -83.02042, 8.97615 ], [ -83.01993, 8.97383 ], [ -83.02263, 8.97261 ], [ -83.02211, 8.96811 ], [ -83.02346, 8.96666 ], [ -83.02718, 8.9672 ], [ -83.02947, 8.96539 ], [ -83.03076, 8.96663 ], [ -83.03439, 8.96439 ], [ -83.03872, 8.96526 ], [ -83.04635, 8.96161 ], [ -83.05188, 8.96639 ], [ -83.06331, 8.96642 ], [ -83.0658, 8.96454 ], [ -83.06797, 8.96513 ], [ -83.07552, 8.96309 ], [ -83.08275, 8.95585 ], [ -83.08709, 8.9556 ], [ -83.09023, 8.9536 ], [ -83.09331, 8.95695 ], [ -83.09652, 8.95719 ], [ -83.10072, 8.96252 ], [ -83.10527, 8.96308 ], [ -83.11006, 8.95994 ], [ -83.11486, 8.96003 ], [ -83.11814, 8.96602 ], [ -83.12216, 8.9663 ], [ -83.12634, 8.96885 ], [ -83.12604, 8.97177 ], [ -83.13128, 8.97847 ], [ -83.1361, 8.97772 ], [ -83.1368, 8.98076 ], [ -83.14434, 8.99035 ], [ -83.14047, 8.99076 ], [ -83.13296, 8.98521 ], [ -83.13006, 8.98601 ], [ -83.12558, 8.98252 ], [ -83.12297, 8.9837 ], [ -83.12106, 8.98221 ], [ -83.11562, 8.98612 ], [ -83.11468, 8.98875 ], [ -83.11004, 8.99089 ], [ -83.10704, 8.99474 ], [ -83.10785, 8.99894 ], [ -83.10395, 9.0024 ], [ -83.0998, 9.00927 ], [ -83.10089, 9.01045 ], [ -83.09993, 9.01328 ], [ -83.09712, 9.01507 ], [ -83.0978, 9.0171 ], [ -83.09346, 9.02092 ], [ -83.09406, 9.02626 ], [ -83.09211, 9.02721 ], [ -83.09273, 9.02965 ], [ -83.09024, 9.03166 ], [ -83.08972, 9.03497 ], [ -83.08857, 9.03596 ], [ -83.08524, 9.03539 ], [ -83.08375, 9.03743 ], [ -83.0809, 9.03846 ], [ -83.08247, 9.04148 ], [ -83.08059, 9.04518 ], [ -83.08326, 9.05186 ], [ -83.07478, 9.06171 ], [ -83.06579, 9.0673 ], [ -83.06131, 9.07218 ], [ -83.0592, 9.07812 ], [ -83.05398, 9.08446 ], [ -83.05022, 9.09165 ], [ -83.05452, 9.09308 ], [ -83.05603, 9.09552 ], [ -83.05459, 9.09853 ], [ -83.05085, 9.10035 ], [ -83.04845, 9.10475 ], [ -83.04884, 9.10812 ], [ -83.04596, 9.11375 ], [ -83.04579, 9.11708 ], [ -83.04727, 9.1204 ], [ -83.04667, 9.12679 ], [ -83.04068, 9.13358 ], [ -83.03986, 9.13822 ], [ -83.03617, 9.14466 ], [ -83.03145, 9.14743 ], [ -83.02847, 9.15229 ], [ -83.02868, 9.15469 ], [ -83.03091, 9.15739 ], [ -83.03739, 9.16133 ], [ -83.03235, 9.16192 ], [ -83.0282, 9.15979 ], [ -83.0036, 9.15535 ], [ -82.99742, 9.15863 ], [ -82.99475, 9.15572 ], [ -82.99168, 9.15517 ], [ -82.9919, 9.15218 ], [ -82.99583, 9.14487 ], [ -82.9923, 9.13649 ], [ -82.99603, 9.12714 ], [ -82.98753, 9.12347 ], [ -82.987, 9.12181 ], [ -82.98905, 9.12002 ], [ -82.98969, 9.11683 ], [ -82.9811, 9.11288 ], [ -82.9805, 9.11031 ], [ -82.98168, 9.10673 ], [ -82.97953, 9.1025 ], [ -82.98107, 9.10062 ], [ -82.98041, 9.09808 ], [ -82.97777, 9.09696 ], [ -82.97734, 9.09407 ], [ -82.97159, 9.09639 ] ] ] } },
{ "type": "Feature", "properties": { "cod_distrito": 11912, "distrito": "La  Amistad", "canton": "Pérez Zeledón", "ha_2000": 0.0, "ha_2015": 0.0, "ha_2017": 0.0, "ha_2018": 20.0, "ha_2019": 15.0 }, "geometry": { "type": "Polygon", "coordinates": [ [ [ -83.57427, 9.23694 ], [ -83.56558, 9.2328 ], [ -83.5639, 9.22884 ], [ -83.56437, 9.22584 ], [ -83.55569, 9.22746 ], [ -83.55373, 9.21929 ], [ -83.54555, 9.23033 ], [ -83.54331, 9.23271 ], [ -83.54202, 9.23222 ], [ -83.54007, 9.23003 ], [ -83.54143, 9.22586 ], [ -83.54026, 9.2235 ], [ -83.53693, 9.21962 ], [ -83.53411, 9.219 ], [ -83.53166, 9.21312 ], [ -83.52946, 9.21252 ], [ -83.52631, 9.21452 ], [ -83.52241, 9.21485 ], [ -83.5255, 9.21121 ], [ -83.52387, 9.20784 ], [ -83.5211, 9.20923 ], [ -83.51856, 9.21497 ], [ -83.51556, 9.21462 ], [ -83.51427, 9.21073 ], [ -83.51621, 9.20633 ], [ -83.51242, 9.20009 ], [ -83.50933, 9.20021 ], [ -83.50603, 9.20228 ], [ -83.50316, 9.20199 ], [ -83.49863, 9.19806 ], [ -83.49512, 9.19728 ], [ -83.48989, 9.19259 ], [ -83.48829, 9.19399 ], [ -83.48959, 9.19685 ], [ -83.48687, 9.20032 ], [ -83.48201, 9.19588 ], [ -83.48145, 9.19298 ], [ -83.48345, 9.19073 ], [ -83.48145, 9.18627 ], [ -83.47674, 9.18506 ], [ -83.47351, 9.18115 ], [ -83.47823, 9.17162 ], [ -83.47643, 9.16717 ], [ -83.47349, 9.16651 ], [ -83.47304, 9.16274 ], [ -83.47054, 9.15962 ], [ -83.4719, 9.15447 ], [ -83.47076, 9.15179 ], [ -83.47236, 9.15161 ], [ -83.47356, 9.14902 ], [ -83.47577, 9.15156 ], [ -83.4797, 9.15221 ], [ -83.4806, 9.1511 ], [ -83.47911, 9.1485 ], [ -83.48133, 9.14628 ], [ -83.4827, 9.14716 ], [ -83.48285, 9.15183 ], [ -83.48662, 9.15386 ], [ -83.49335, 9.1525 ], [ -83.49678, 9.14797 ], [ -83.50065, 9.15086 ], [ -83.50536, 9.14959 ], [ -83.50958, 9.15214 ], [ -83.51145, 9.1477 ], [ -83.51727, 9.14943 ], [ -83.52133, 9.14587 ], [ -83.52413, 9.14866 ], [ -83.54081, 9.152 ], [ -83.54043, 9.15526 ], [ -83.54204, 9.15713 ], [ -83.5425, 9.16257 ], [ -83.54185, 9.16827 ], [ -83.5567, 9.18495 ], [ -83.55758, 9.18867 ], [ -83.56041, 9.18978 ], [ -83.56178, 9.18843 ], [ -83.56577, 9.19009 ], [ -83.56732, 9.19368 ], [ -83.57181, 9.18865 ], [ -83.57403, 9.19345 ], [ -83.57671, 9.19485 ], [ -83.57749, 9.19828 ], [ -83.57974, 9.19977 ], [ -83.58254, 9.19857 ], [ -83.58074, 9.202 ], [ -83.57929, 9.20192 ], [ -83.57743, 9.20408 ], [ -83.57757, 9.20536 ], [ -83.57853, 9.20586 ], [ -83.57887, 9.20413 ], [ -83.58028, 9.20403 ], [ -83.57967, 9.20559 ], [ -83.58186, 9.20572 ], [ -83.58134, 9.20761 ], [ -83.58409, 9.21051 ], [ -83.58492, 9.20923 ], [ -83.58307, 9.20649 ], [ -83.58495, 9.20555 ], [ -83.58519, 9.20749 ], [ -83.58702, 9.20685 ], [ -83.58816, 9.21015 ], [ -83.59096, 9.20946 ], [ -83.59009, 9.21122 ], [ -83.5911, 9.21334 ], [ -83.59417, 9.2127 ], [ -83.59405, 9.2146 ], [ -83.59616, 9.21371 ], [ -83.60098, 9.21894 ], [ -83.59355, 9.22364 ], [ -83.59198, 9.23051 ], [ -83.59452, 9.22812 ], [ -83.60017, 9.22639 ], [ -83.60103, 9.22491 ], [ -83.6036, 9.2256 ], [ -83.60441, 9.22717 ], [ -83.60522, 9.22629 ], [ -83.60635, 9.22753 ], [ -83.60671, 9.23343 ], [ -83.60812, 9.2338 ], [ -83.61001, 9.24002 ], [ -83.60677, 9.24467 ], [ -83.59943, 9.24696 ], [ -83.5976, 9.25202 ], [ -83.59466, 9.25198 ], [ -83.59241, 9.2547 ], [ -83.59021, 9.25523 ], [ -83.58441, 9.24884 ], [ -83.57947, 9.24694 ], [ -83.57607, 9.24328 ], [ -83.5743, 9.24009 ], [ -83.57427, 9.23694 ] ] ] } },
{ "type": "Feature", "properties": { "cod_distrito": 60309, "distrito": "Brunka", "canton": "Buenos Aires", "ha_2000": 1393.0, "ha_2015": 1550.0, "ha_2017": 1649.0, "ha_2018": 1586.0, "ha_2019": 1501.0 }, "geometry": { "type": "Polygon", "coordinates": [ [ [ -83.38633, 9.10363 ], [ -83.39064, 9.10765 ], [ -83.3916, 9.11017 ], [ -83.39118, 9.11255 ], [ -83.38725, 9.11457 ], [ -83.38716, 9.11573 ], [ -83.38832, 9.1173 ], [ -83.39259, 9.11781 ], [ -83.39432, 9.12132 ], [ -83.39394, 9.12325 ], [ -83.38914, 9.12231 ], [ -83.38689, 9.12418 ], [ -83.38611, 9.1266 ], [ -83.38765, 9.12878 ], [ -83.39374, 9.13338 ], [ -83.39545, 9.13341 ], [ -83.39923, 9.12359 ], [ -83.40534, 9.12495 ], [ -83.41002, 9.12953 ], [ -83.41635, 9.12851 ], [ -83.41887, 9.13103 ], [ -83.4164, 9.13794 ], [ -83.41811, 9.14069 ], [ -83.41698, 9.14494 ], [ -83.41987, 9.14693 ], [ -83.42022, 9.1487 ], [ -83.41702, 9.15154 ], [ -83.42068, 9.15655 ], [ -83.41827, 9.15911 ], [ -83.42132, 9.15985 ], [ -83.41852, 9.16281 ], [ -83.42303, 9.16734 ], [ -83.4216, 9.1696 ], [ -83.42276, 9.17055 ], [ -83.42225, 9.17233 ], [ -83.42396, 9.17259 ], [ -83.42597, 9.17696 ], [ -83.428, 9.17676 ], [ -83.42643, 9.18357 ], [ -83.42384, 9.18553 ], [ -83.42542, 9.1873 ], [ -83.42309, 9.1912 ], [ -83.42619, 9.19421 ], [ -83.42428, 9.19668 ], [ -83.42321, 9.19601 ], [ -83.41984, 9.2089 ], [ -83.41809, 9.20998 ], [ -83.41805, 9.21163 ], [ -83.41282, 9.21493 ], [ -83.41195, 9.21768 ], [ -83.41693, 9.22945 ], [ -83.41842, 9.23724 ], [ -83.41431, 9.24908 ], [ -83.41148, 9.25218 ], [ -83.40798, 9.25968 ], [ -83.40835, 9.26474 ], [ -83.4069, 9.27106 ], [ -83.40822, 9.27768 ], [ -83.40486, 9.28201 ], [ -83.40719, 9.28619 ], [ -83.40806, 9.29756 ], [ -83.41286, 9.29946 ], [ -83.40908, 9.3025 ], [ -83.40779, 9.31309 ], [ -83.40611, 9.31665 ], [ -83.40838, 9.32699 ], [ -83.4016, 9.33338 ], [ -83.3989, 9.3377 ], [ -83.39662, 9.33796 ], [ -83.39473, 9.34237 ], [ -83.39037, 9.34304 ], [ -83.38457, 9.34665 ], [ -83.37854, 9.34633 ], [ -83.37501, 9.34778 ], [ -83.36658, 9.34622 ], [ -83.36209, 9.3478 ], [ -83.36042, 9.35045 ], [ -83.35519, 9.3522 ], [ -83.35102, 9.35094 ], [ -83.34896, 9.35337 ], [ -83.34743, 9.35026 ], [ -83.34306, 9.34647 ], [ -83.34475, 9.33847 ], [ -83.33906, 9.32762 ], [ -83.3389, 9.32084 ], [ -83.34371, 9.31488 ], [ -83.34683, 9.31341 ], [ -83.34604, 9.30902 ], [ -83.3505, 9.30499 ], [ -83.3495, 9.29841 ], [ -83.3524, 9.29662 ], [ -83.35287, 9.29316 ], [ -83.3551, 9.29012 ], [ -83.35325, 9.28563 ], [ -83.35499, 9.27995 ], [ -83.35257, 9.27165 ], [ -83.35277, 9.26674 ], [ -83.35896, 9.26098 ], [ -83.36143, 9.25405 ], [ -83.35966, 9.25177 ], [ -83.35972, 9.24859 ], [ -83.35808, 9.24519 ], [ -83.35931, 9.24071 ], [ -83.35554, 9.23608 ], [ -83.35329, 9.22398 ], [ -83.351, 9.22076 ], [ -83.34552, 9.21833 ], [ -83.34587, 9.21577 ], [ -83.34438, 9.21416 ], [ -83.33966, 9.21318 ], [ -83.3361, 9.20942 ], [ -83.33379, 9.21039 ], [ -83.33256, 9.20865 ], [ -83.33454, 9.20294 ], [ -83.32985, 9.1975 ], [ -83.33206, 9.19398 ], [ -83.33577, 9.19371 ], [ -83.33944, 9.19106 ], [ -83.34032, 9.18886 ], [ -83.34861, 9.18166 ], [ -83.35605, 9.1729 ], [ -83.37047, 9.16227 ], [ -83.37078, 9.15616 ], [ -83.37579, 9.14937 ], [ -83.37487, 9.14644 ], [ -83.37753, 9.14329 ], [ -83.3785, 9.13907 ], [ -83.37702, 9.13345 ], [ -83.37873, 9.11751 ], [ -83.37691, 9.11628 ], [ -83.37703, 9.115 ], [ -83.3811, 9.1083 ], [ -83.38381, 9.10977 ], [ -83.385, 9.10887 ], [ -83.38413, 9.10661 ], [ -83.3863, 9.10643 ], [ -83.38633, 9.10363 ] ] ] } },
{ "type": "Feature", "properties": { "cod_distrito": 60302, "distrito": "Volcán", "canton": "Buenos Aires", "ha_2000": 2419.0, "ha_2015": 2971.0, "ha_2017": 2998.0, "ha_2018": 2793.0, "ha_2019": 2700.0 }, "geometry": { "type": "Polygon", "coordinates": [ [ [ -83.3989, 9.3377 ], [ -83.4016, 9.33338 ], [ -83.40838, 9.32699 ], [ -83.40611, 9.31665 ], [ -83.40779, 9.31309 ], [ -83.40908, 9.3025 ], [ -83.41286, 9.29946 ], [ -83.40806, 9.29756 ], [ -83.40719, 9.28619 ], [ -83.40486, 9.28201 ], [ -83.40822, 9.27768 ], [ -83.4069, 9.27106 ], [ -83.40835, 9.26474 ], [ -83.40798, 9.25968 ], [ -83.41148, 9.25218 ], [ -83.41431, 9.24908 ], [ -83.41842, 9.23724 ], [ -83.41693, 9.22945 ], [ -83.41195, 9.21768 ], [ -83.41282, 9.21493 ], [ -83.41805, 9.21163 ], [ -83.41809, 9.20998 ], [ -83.41984, 9.2089 ], [ -83.42321, 9.19601 ], [ -83.42428, 9.19668 ], [ -83.42622, 9.19412 ], [ -83.42309, 9.1912 ], [ -83.42542, 9.1873 ], [ -83.42384, 9.18553 ], [ -83.42643, 9.18357 ], [ -83.428, 9.17676 ], [ -83.42597, 9.17696 ], [ -83.42396, 9.17259 ], [ -83.42215, 9.17214 ], [ -83.42276, 9.17055 ], [ -83.4216, 9.1696 ], [ -83.42303, 9.16734 ], [ -83.41852, 9.16281 ], [ -83.42119, 9.16027 ], [ -83.41819, 9.1589 ], [ -83.42068, 9.15655 ], [ -83.41702, 9.15154 ], [ -83.42022, 9.14828 ], [ -83.41698, 9.14494 ], [ -83.41811, 9.14069 ], [ -83.41639, 9.13751 ], [ -83.419, 9.13133 ], [ -83.41635, 9.12851 ], [ -83.4231, 9.12614 ], [ -83.42707, 9.12892 ], [ -83.43237, 9.13768 ], [ -83.43541, 9.13875 ], [ -83.44253, 9.137 ], [ -83.44561, 9.13824 ], [ -83.44713, 9.14312 ], [ -83.44554, 9.14918 ], [ -83.44626, 9.15084 ], [ -83.45666, 9.15203 ], [ -83.46262, 9.14554 ], [ -83.4652, 9.14616 ], [ -83.46589, 9.14783 ], [ -83.46403, 9.15302 ], [ -83.46214, 9.15444 ], [ -83.46382, 9.15711 ], [ -83.46732, 9.1567 ], [ -83.4686, 9.15258 ], [ -83.47076, 9.15179 ], [ -83.4719, 9.15447 ], [ -83.47054, 9.15962 ], [ -83.47304, 9.16274 ], [ -83.47349, 9.16651 ], [ -83.47643, 9.16717 ], [ -83.47823, 9.17162 ], [ -83.47351, 9.18115 ], [ -83.47674, 9.18506 ], [ -83.48145, 9.18627 ], [ -83.48345, 9.19073 ], [ -83.48141, 9.19308 ], [ -83.48187, 9.19562 ], [ -83.48669, 9.20021 ], [ -83.48946, 9.19722 ], [ -83.48829, 9.19399 ], [ -83.48997, 9.1926 ], [ -83.49512, 9.19728 ], [ -83.49863, 9.19806 ], [ -83.50316, 9.20199 ], [ -83.50603, 9.20228 ], [ -83.5094, 9.20018 ], [ -83.51252, 9.20014 ], [ -83.51621, 9.20633 ], [ -83.51425, 9.21117 ], [ -83.51614, 9.21509 ], [ -83.51883, 9.21471 ], [ -83.5211, 9.20923 ], [ -83.52293, 9.20786 ], [ -83.52482, 9.20873 ], [ -83.5255, 9.21121 ], [ -83.52232, 9.21382 ], [ -83.52323, 9.21679 ], [ -83.5204, 9.2196 ], [ -83.5175, 9.22054 ], [ -83.5165, 9.22369 ], [ -83.51474, 9.22448 ], [ -83.51533, 9.22842 ], [ -83.51316, 9.22895 ], [ -83.51169, 9.23279 ], [ -83.51272, 9.23671 ], [ -83.51065, 9.24086 ], [ -83.512, 9.24381 ], [ -83.51025, 9.24502 ], [ -83.50879, 9.25118 ], [ -83.50959, 9.253 ], [ -83.50559, 9.26178 ], [ -83.4942, 9.26457 ], [ -83.48222, 9.28033 ], [ -83.48207, 9.28313 ], [ -83.47655, 9.29144 ], [ -83.47334, 9.30426 ], [ -83.46863, 9.31202 ], [ -83.46844, 9.31599 ], [ -83.45833, 9.33047 ], [ -83.45569, 9.34076 ], [ -83.45312, 9.34537 ], [ -83.44617, 9.34986 ], [ -83.4367, 9.36106 ], [ -83.43146, 9.36388 ], [ -83.42936, 9.36737 ], [ -83.42614, 9.36791 ], [ -83.42267, 9.36704 ], [ -83.419, 9.3638 ], [ -83.41523, 9.35711 ], [ -83.40566, 9.35361 ], [ -83.40362, 9.34845 ], [ -83.40121, 9.34809 ], [ -83.40135, 9.34446 ], [ -83.3989, 9.3377 ] ] ] } },
{ "type": "Feature", "properties": { "cod_distrito": 60303, "distrito": "Potrero Grande", "canton": "Buenos Aires", "ha_2000": 0.0, "ha_2015": 903.0, "ha_2017": 906.0, "ha_2018": 854.0, "ha_2019": 854.0 }, "geometry": { "type": "MultiPolygon", "coordinates": [ [ [ [ -83.04659, 9.16026 ], [ -83.03552, 9.16084 ], [ -83.03111, 9.15758 ], [ -83.02877, 9.15486 ], [ -83.02847, 9.15229 ], [ -83.03145, 9.14743 ], [ -83.03617, 9.14466 ], [ -83.03986, 9.13822 ], [ -83.04068, 9.13358 ], [ -83.04667, 9.12679 ], [ -83.04727, 9.1204 ], [ -83.04579, 9.11708 ], [ -83.04596, 9.11375 ], [ -83.04884, 9.10812 ], [ -83.04845, 9.10475 ], [ -83.05085, 9.10035 ], [ -83.05459, 9.09853 ], [ -83.05603, 9.09552 ], [ -83.05452, 9.09308 ], [ -83.05022, 9.09158 ], [ -83.05455, 9.08352 ], [ -83.05667, 9.08217 ], [ -83.05765, 9.07884 ], [ -83.0592, 9.07812 ], [ -83.06131, 9.07218 ], [ -83.06579, 9.0673 ], [ -83.07478, 9.06171 ], [ -83.08326, 9.05186 ], [ -83.08059, 9.04518 ], [ -83.08247, 9.04148 ], [ -83.0809, 9.03846 ], [ -83.08375, 9.03743 ], [ -83.08524, 9.03539 ], [ -83.08857, 9.03596 ], [ -83.08972, 9.03497 ], [ -83.09024, 9.03166 ], [ -83.09273, 9.02965 ], [ -83.09211, 9.02721 ], [ -83.09406, 9.02626 ], [ -83.09346, 9.02092 ], [ -83.0978, 9.0171 ], [ -83.09704, 9.01522 ], [ -83.09993, 9.01328 ], [ -83.10089, 9.01045 ], [ -83.0998, 9.00927 ], [ -83.10395, 9.0024 ], [ -83.10785, 8.99894 ], [ -83.10716, 8.99453 ], [ -83.11004, 8.99089 ], [ -83.11468, 8.98875 ], [ -83.11562, 8.98612 ], [ -83.12106, 8.98221 ], [ -83.12297, 8.9837 ], [ -83.12558, 8.98252 ], [ -83.13006, 8.98601 ], [ -83.13296, 8.98521 ], [ -83.14047, 8.99076 ], [ -83.14445, 8.99011 ], [ -83.1368, 8.98076 ], [ -83.1361, 8.97772 ], [ -83.13128, 8.97847 ], [ -83.12604, 8.97177 ], [ -83.12634, 8.96885 ], [ -83.12216, 8.9663 ], [ -83.11814, 8.96602 ], [ -83.11506, 8.96013 ], [ -83.11006, 8.95994 ], [ -83.10527, 8.96308 ], [ -83.10072, 8.96252 ], [ -83.09652, 8.95719 ], [ -83.09331, 8.95695 ], [ -83.09057, 8.95371 ], [ -83.08659, 8.95564 ], [ -83.08541, 8.95375 ], [ -83.0763, 8.95191 ], [ -83.07183, 8.94808 ], [ -83.06977, 8.9482 ], [ -83.06795, 8.94531 ], [ -83.06513, 8.9437 ], [ -83.06123, 8.94517 ], [ -83.06222, 8.94052 ], [ -83.06105, 8.9367 ], [ -83.05628, 8.93556 ], [ -83.06068, 8.93072 ], [ -83.05601, 8.92707 ], [ -83.05743, 8.92493 ], [ -83.05877, 8.92546 ], [ -83.05811, 8.92149 ], [ -83.06081, 8.92097 ], [ -83.06083, 8.9193 ], [ -83.06401, 8.91928 ], [ -83.06703, 8.91294 ], [ -83.08141, 8.90972 ], [ -83.08475, 8.90554 ], [ -83.08399, 8.90337 ], [ -83.08534, 8.90257 ], [ -83.08504, 8.89981 ], [ -83.08246, 8.89918 ], [ -83.08145, 8.90007 ], [ -83.08057, 8.89692 ], [ -83.07677, 8.89433 ], [ -83.07917, 8.88476 ], [ -83.07325, 8.88404 ], [ -83.07448, 8.88023 ], [ -83.07925, 8.87917 ], [ -83.08577, 8.88038 ], [ -83.08998, 8.87635 ], [ -83.09203, 8.87788 ], [ -83.09335, 8.87718 ], [ -83.09331, 8.87535 ], [ -83.0951, 8.87427 ], [ -83.10302, 8.87735 ], [ -83.10284, 8.87617 ], [ -83.10416, 8.87649 ], [ -83.10504, 8.87525 ], [ -83.10667, 8.87671 ], [ -83.10908, 8.87546 ], [ -83.11062, 8.87683 ], [ -83.11056, 8.87929 ], [ -83.11275, 8.87948 ], [ -83.11416, 8.88277 ], [ -83.11771, 8.8838 ], [ -83.12032, 8.88635 ], [ -83.12106, 8.89004 ], [ -83.11887, 8.89121 ], [ -83.12238, 8.89142 ], [ -83.12565, 8.89333 ], [ -83.12927, 8.89904 ], [ -83.12818, 8.9032 ], [ -83.13031, 8.90745 ], [ -83.12809, 8.91056 ], [ -83.12878, 8.91501 ], [ -83.1304, 8.91625 ], [ -83.12945, 8.91756 ], [ -83.1307, 8.92157 ], [ -83.12956, 8.92422 ], [ -83.13375, 8.92786 ], [ -83.13757, 8.92668 ], [ -83.13926, 8.93173 ], [ -83.14243, 8.93309 ], [ -83.14115, 8.93924 ], [ -83.1357, 8.94337 ], [ -83.13715, 8.95312 ], [ -83.14568, 8.94974 ], [ -83.1497, 8.9523 ], [ -83.15162, 8.95781 ], [ -83.15517, 8.9564 ], [ -83.15633, 8.95372 ], [ -83.16359, 8.95561 ], [ -83.16703, 8.9505 ], [ -83.16897, 8.95329 ], [ -83.17295, 8.95403 ], [ -83.17627, 8.95924 ], [ -83.17999, 8.9608 ], [ -83.18223, 8.95912 ], [ -83.18456, 8.95961 ], [ -83.18794, 8.96572 ], [ -83.19064, 8.9745 ], [ -83.19938, 8.97528 ], [ -83.20064, 8.97741 ], [ -83.19885, 8.97981 ], [ -83.19979, 8.98054 ], [ -83.20615, 8.97968 ], [ -83.20531, 8.98258 ], [ -83.20272, 8.98376 ], [ -83.20581, 8.98612 ], [ -83.20948, 8.98488 ], [ -83.21106, 8.98552 ], [ -83.21048, 8.99333 ], [ -83.20864, 8.99546 ], [ -83.21414, 8.99536 ], [ -83.21727, 8.99848 ], [ -83.22059, 8.9957 ], [ -83.22121, 8.99155 ], [ -83.22312, 8.98858 ], [ -83.22813, 8.98617 ], [ -83.23056, 8.97673 ], [ -83.23387, 8.97321 ], [ -83.2528, 8.97641 ], [ -83.25749, 8.98344 ], [ -83.26044, 8.98335 ], [ -83.25889, 8.98809 ], [ -83.2602, 8.98955 ], [ -83.25753, 8.99023 ], [ -83.25676, 8.99582 ], [ -83.259, 8.99939 ], [ -83.26059, 8.99892 ], [ -83.26597, 9.00329 ], [ -83.2719, 9.01136 ], [ -83.27362, 9.01195 ], [ -83.27432, 9.01495 ], [ -83.27741, 9.015 ], [ -83.28324, 9.01965 ], [ -83.2852, 9.01918 ], [ -83.29161, 9.02154 ], [ -83.29521, 9.02099 ], [ -83.30387, 9.02503 ], [ -83.2985, 9.0473 ], [ -83.29564, 9.05315 ], [ -83.29662, 9.05673 ], [ -83.29422, 9.06418 ], [ -83.29297, 9.06454 ], [ -83.29058, 9.07042 ], [ -83.29296, 9.07622 ], [ -83.29296, 9.08208 ], [ -83.28732, 9.08389 ], [ -83.28216, 9.0899 ], [ -83.26623, 9.09338 ], [ -83.26322, 9.09187 ], [ -83.26344, 9.08933 ], [ -83.2761, 9.08729 ], [ -83.28161, 9.08078 ], [ -83.27955, 9.07788 ], [ -83.27078, 9.07223 ], [ -83.26953, 9.06365 ], [ -83.26673, 9.06257 ], [ -83.26326, 9.06388 ], [ -83.25371, 9.05794 ], [ -83.24746, 9.05894 ], [ -83.24378, 9.06127 ], [ -83.23867, 9.05988 ], [ -83.23642, 9.05436 ], [ -83.23357, 9.05132 ], [ -83.23302, 9.04712 ], [ -83.2411, 9.03708 ], [ -83.2389, 9.03212 ], [ -83.23296, 9.02784 ], [ -83.22321, 9.02397 ], [ -83.21397, 9.02195 ], [ -83.21459, 9.01588 ], [ -83.21726, 9.01257 ], [ -83.21675, 9.00819 ], [ -83.21198, 9.00628 ], [ -83.20729, 9.00608 ], [ -83.198, 9.008 ], [ -83.18827, 9.01646 ], [ -83.18457, 9.02558 ], [ -83.18127, 9.02997 ], [ -83.18224, 9.03265 ], [ -83.18119, 9.0354 ], [ -83.18291, 9.0404 ], [ -83.18341, 9.0509 ], [ -83.18703, 9.05917 ], [ -83.19229, 9.06184 ], [ -83.19693, 9.06633 ], [ -83.19986, 9.07213 ], [ -83.19909, 9.0805 ], [ -83.19601, 9.08378 ], [ -83.18946, 9.0871 ], [ -83.18657, 9.0926 ], [ -83.18509, 9.10001 ], [ -83.17402, 9.10905 ], [ -83.16438, 9.11084 ], [ -83.15974, 9.10658 ], [ -83.15416, 9.10492 ], [ -83.15032, 9.10109 ], [ -83.1475, 9.10104 ], [ -83.14447, 9.10296 ], [ -83.13277, 9.10062 ], [ -83.12614, 9.10142 ], [ -83.12283, 9.10415 ], [ -83.11951, 9.11252 ], [ -83.12063, 9.11857 ], [ -83.11518, 9.1224 ], [ -83.11329, 9.12527 ], [ -83.10918, 9.12704 ], [ -83.10634, 9.13823 ], [ -83.10632, 9.14349 ], [ -83.10384, 9.14637 ], [ -83.10344, 9.15101 ], [ -83.09746, 9.1569 ], [ -83.09151, 9.16587 ], [ -83.09091, 9.17144 ], [ -83.08658, 9.17629 ], [ -83.08542, 9.17941 ], [ -83.08706, 9.18127 ], [ -83.08693, 9.18601 ], [ -83.07926, 9.19383 ], [ -83.06992, 9.21195 ], [ -83.06704, 9.21069 ], [ -83.06395, 9.20489 ], [ -83.05739, 9.20236 ], [ -83.05745, 9.19832 ], [ -83.05563, 9.19511 ], [ -83.06648, 9.19035 ], [ -83.0683, 9.18401 ], [ -83.06563, 9.18136 ], [ -83.06571, 9.17807 ], [ -83.06076, 9.17162 ], [ -83.05861, 9.17083 ], [ -83.05863, 9.16897 ], [ -83.04721, 9.16234 ], [ -83.04659, 9.16026 ] ] ], [ [ [ -83.20964, 9.17912 ], [ -83.20968, 9.17917 ], [ -83.20963, 9.17921 ], [ -83.20964, 9.17912 ] ] ] ] } },
{ "type": "Feature", "properties": { "cod_distrito": 11908, "distrito": "Cajón", "canton": "Pérez Zeledón", "ha_2000": 0.0, "ha_2015": 758.0, "ha_2017": 838.0, "ha_2018": 772.0, "ha_2019": 748.0 }, "geometry": { "type": "Polygon", "coordinates": [ [ [ -83.51345, 9.42208 ], [ -83.51676, 9.42139 ], [ -83.52193, 9.41441 ], [ -83.52608, 9.41248 ], [ -83.52761, 9.40914 ], [ -83.53738, 9.40509 ], [ -83.54038, 9.39888 ], [ -83.54607, 9.39243 ], [ -83.54761, 9.38858 ], [ -83.54626, 9.38364 ], [ -83.5506, 9.37884 ], [ -83.54744, 9.37348 ], [ -83.55317, 9.36334 ], [ -83.55122, 9.35978 ], [ -83.55103, 9.35246 ], [ -83.55793, 9.34802 ], [ -83.56845, 9.3344 ], [ -83.56633, 9.33005 ], [ -83.56889, 9.31987 ], [ -83.56668, 9.31528 ], [ -83.56293, 9.31163 ], [ -83.56284, 9.30127 ], [ -83.55798, 9.28812 ], [ -83.55951, 9.28458 ], [ -83.56331, 9.28805 ], [ -83.56866, 9.28712 ], [ -83.5762, 9.27653 ], [ -83.57368, 9.26336 ], [ -83.5707, 9.25579 ], [ -83.56885, 9.25383 ], [ -83.56549, 9.25294 ], [ -83.5663, 9.24153 ], [ -83.56869, 9.23898 ], [ -83.56859, 9.23437 ], [ -83.57427, 9.23694 ], [ -83.5743, 9.24009 ], [ -83.57607, 9.24328 ], [ -83.57947, 9.24694 ], [ -83.58441, 9.24884 ], [ -83.58994, 9.25517 ], [ -83.59241, 9.2547 ], [ -83.59466, 9.25198 ], [ -83.5976, 9.25202 ], [ -83.59943, 9.24696 ], [ -83.60227, 9.2456 ], [ -83.60703, 9.25066 ], [ -83.60853, 9.25076 ], [ -83.61145, 9.25633 ], [ -83.61465, 9.25286 ], [ -83.61685, 9.25455 ], [ -83.62801, 9.25521 ], [ -83.63249, 9.26774 ], [ -83.63131, 9.27144 ], [ -83.62862, 9.27366 ], [ -83.62657, 9.28314 ], [ -83.6307, 9.29156 ], [ -83.62928, 9.29527 ], [ -83.63049, 9.30157 ], [ -83.62925, 9.30277 ], [ -83.62973, 9.30448 ], [ -83.6246, 9.31232 ], [ -83.62411, 9.31552 ], [ -83.62605, 9.31865 ], [ -83.62644, 9.33067 ], [ -83.62378, 9.33313 ], [ -83.62623, 9.33696 ], [ -83.6254, 9.34216 ], [ -83.6215, 9.34792 ], [ -83.61876, 9.34851 ], [ -83.61692, 9.35128 ], [ -83.61377, 9.35276 ], [ -83.61229, 9.35758 ], [ -83.60817, 9.361 ], [ -83.60891, 9.37132 ], [ -83.60318, 9.37823 ], [ -83.59628, 9.39283 ], [ -83.591, 9.39627 ], [ -83.58515, 9.39765 ], [ -83.57868, 9.40445 ], [ -83.57517, 9.40559 ], [ -83.57107, 9.40923 ], [ -83.56033, 9.41213 ], [ -83.54064, 9.42604 ], [ -83.53452, 9.42623 ], [ -83.52822, 9.42308 ], [ -83.52278, 9.42789 ], [ -83.51695, 9.42441 ], [ -83.51424, 9.42437 ], [ -83.51345, 9.42208 ] ] ] } },
{ "type": "Feature", "properties": { "cod_distrito": 11905, "distrito": "San Pedro", "canton": "Pérez Zeledón", "ha_2000": 0.0, "ha_2015": 461.0, "ha_2017": 472.0, "ha_2018": 451.0, "ha_2019": 435.0 }, "geometry": { "type": "Polygon", "coordinates": [ [ [ -83.42936, 9.36737 ], [ -83.43146, 9.36388 ], [ -83.4367, 9.36106 ], [ -83.44617, 9.34986 ], [ -83.44824, 9.34941 ], [ -83.45445, 9.34396 ], [ -83.45833, 9.33047 ], [ -83.46851, 9.31585 ], [ -83.46863, 9.31202 ], [ -83.47334, 9.30426 ], [ -83.47656, 9.29139 ], [ -83.48207, 9.28313 ], [ -83.48222, 9.28033 ], [ -83.48911, 9.27238 ], [ -83.4901, 9.26875 ], [ -83.49645, 9.26328 ], [ -83.49959, 9.26359 ], [ -83.50559, 9.26178 ], [ -83.50959, 9.253 ], [ -83.50879, 9.25118 ], [ -83.51025, 9.24502 ], [ -83.512, 9.24381 ], [ -83.51065, 9.24086 ], [ -83.51272, 9.23671 ], [ -83.5117, 9.23277 ], [ -83.51316, 9.22895 ], [ -83.51531, 9.22847 ], [ -83.51474, 9.22448 ], [ -83.5165, 9.22369 ], [ -83.5175, 9.22054 ], [ -83.52185, 9.21834 ], [ -83.52331, 9.21667 ], [ -83.52302, 9.21494 ], [ -83.52946, 9.21252 ], [ -83.53179, 9.21325 ], [ -83.53411, 9.219 ], [ -83.53693, 9.21962 ], [ -83.54008, 9.22322 ], [ -83.54143, 9.22586 ], [ -83.54012, 9.2302 ], [ -83.54318, 9.2327 ], [ -83.55354, 9.21931 ], [ -83.55475, 9.22061 ], [ -83.55569, 9.22746 ], [ -83.56473, 9.22605 ], [ -83.56443, 9.23101 ], [ -83.56859, 9.23437 ], [ -83.56878, 9.23842 ], [ -83.56632, 9.24142 ], [ -83.56549, 9.25294 ], [ -83.57064, 9.25567 ], [ -83.57626, 9.27525 ], [ -83.56866, 9.28712 ], [ -83.56331, 9.28805 ], [ -83.55951, 9.28458 ], [ -83.55798, 9.28801 ], [ -83.56284, 9.30127 ], [ -83.56293, 9.31163 ], [ -83.56668, 9.31528 ], [ -83.56889, 9.31987 ], [ -83.56633, 9.33005 ], [ -83.56845, 9.3344 ], [ -83.55793, 9.34802 ], [ -83.55103, 9.35246 ], [ -83.55122, 9.35978 ], [ -83.55317, 9.36334 ], [ -83.54744, 9.37352 ], [ -83.5506, 9.37884 ], [ -83.54626, 9.38364 ], [ -83.54761, 9.38858 ], [ -83.54607, 9.39243 ], [ -83.54038, 9.39888 ], [ -83.53738, 9.40509 ], [ -83.52746, 9.40926 ], [ -83.5258, 9.41278 ], [ -83.5224, 9.41398 ], [ -83.51826, 9.41978 ], [ -83.51495, 9.42215 ], [ -83.51345, 9.42208 ], [ -83.5116, 9.41673 ], [ -83.50934, 9.41585 ], [ -83.50654, 9.41183 ], [ -83.50704, 9.40872 ], [ -83.50384, 9.408 ], [ -83.49959, 9.41203 ], [ -83.5018, 9.41948 ], [ -83.49921, 9.42591 ], [ -83.49424, 9.42591 ], [ -83.48241, 9.42935 ], [ -83.47248, 9.41955 ], [ -83.46961, 9.4084 ], [ -83.46595, 9.40637 ], [ -83.46126, 9.39098 ], [ -83.45649, 9.38133 ], [ -83.45044, 9.37781 ], [ -83.44027, 9.37758 ], [ -83.43866, 9.3719 ], [ -83.43465, 9.37094 ], [ -83.43184, 9.37215 ], [ -83.43133, 9.36911 ], [ -83.42936, 9.36737 ] ] ] } },
{ "type": "Feature", "properties": { "cod_distrito": 60301, "distrito": "Buenos Aires", "canton": "Buenos Aires", "ha_2000": 1271.0, "ha_2015": 1384.0, "ha_2017": 1423.0, "ha_2018": 1330.0, "ha_2019": 1297.0 }, "geometry": { "type": "Polygon", "coordinates": [ [ [ -83.17877, 9.32687 ], [ -83.17817, 9.32283 ], [ -83.18371, 9.31187 ], [ -83.1826, 9.30604 ], [ -83.18611, 9.29613 ], [ -83.18515, 9.29188 ], [ -83.18713, 9.28885 ], [ -83.18707, 9.28549 ], [ -83.18998, 9.28265 ], [ -83.19285, 9.28235 ], [ -83.19377, 9.27914 ], [ -83.1979, 9.27616 ], [ -83.19717, 9.27025 ], [ -83.19973, 9.2671 ], [ -83.19867, 9.26596 ], [ -83.19948, 9.26122 ], [ -83.19837, 9.25377 ], [ -83.20239, 9.24616 ], [ -83.20132, 9.24158 ], [ -83.20238, 9.23835 ], [ -83.20092, 9.2368 ], [ -83.20167, 9.23582 ], [ -83.2002, 9.23083 ], [ -83.19661, 9.22833 ], [ -83.19372, 9.22133 ], [ -83.19916, 9.21451 ], [ -83.20394, 9.21123 ], [ -83.20743, 9.21059 ], [ -83.20784, 9.2076 ], [ -83.21028, 9.20636 ], [ -83.21302, 9.20103 ], [ -83.21474, 9.20013 ], [ -83.2144, 9.19381 ], [ -83.21128, 9.18673 ], [ -83.2089, 9.18463 ], [ -83.20912, 9.17991 ], [ -83.20968, 9.17917 ], [ -83.2123, 9.18214 ], [ -83.2165, 9.18221 ], [ -83.21958, 9.18027 ], [ -83.22497, 9.18261 ], [ -83.22722, 9.17918 ], [ -83.23041, 9.17876 ], [ -83.2363, 9.17401 ], [ -83.23734, 9.17114 ], [ -83.24212, 9.16762 ], [ -83.2439, 9.16082 ], [ -83.24978, 9.15581 ], [ -83.24864, 9.15301 ], [ -83.25102, 9.1435 ], [ -83.24889, 9.13172 ], [ -83.2438, 9.13365 ], [ -83.24264, 9.13539 ], [ -83.2414, 9.13405 ], [ -83.24091, 9.13641 ], [ -83.23887, 9.13675 ], [ -83.2295, 9.13511 ], [ -83.22643, 9.13606 ], [ -83.22482, 9.1322 ], [ -83.22651, 9.13027 ], [ -83.22762, 9.12362 ], [ -83.23133, 9.12138 ], [ -83.23236, 9.11514 ], [ -83.23444, 9.11279 ], [ -83.23592, 9.11374 ], [ -83.23542, 9.11218 ], [ -83.2365, 9.11214 ], [ -83.23695, 9.10998 ], [ -83.2356, 9.11007 ], [ -83.23646, 9.10756 ], [ -83.23796, 9.10751 ], [ -83.23753, 9.10554 ], [ -83.225, 9.10201 ], [ -83.22652, 9.09758 ], [ -83.22387, 9.09546 ], [ -83.22215, 9.09595 ], [ -83.21936, 9.09191 ], [ -83.21392, 9.0906 ], [ -83.2136, 9.08594 ], [ -83.20858, 9.08448 ], [ -83.2061, 9.08159 ], [ -83.20165, 9.08218 ], [ -83.19974, 9.08124 ], [ -83.19988, 9.07223 ], [ -83.19708, 9.06654 ], [ -83.19229, 9.06184 ], [ -83.18727, 9.05954 ], [ -83.18341, 9.0509 ], [ -83.18291, 9.0404 ], [ -83.18119, 9.0354 ], [ -83.18223, 9.03221 ], [ -83.18121, 9.03022 ], [ -83.18457, 9.02558 ], [ -83.18827, 9.01646 ], [ -83.198, 9.008 ], [ -83.20353, 9.00609 ], [ -83.21165, 9.00622 ], [ -83.21733, 9.00894 ], [ -83.21726, 9.01257 ], [ -83.21412, 9.01748 ], [ -83.21397, 9.02195 ], [ -83.22321, 9.02397 ], [ -83.23296, 9.02784 ], [ -83.23975, 9.03344 ], [ -83.2411, 9.03708 ], [ -83.23302, 9.04712 ], [ -83.23357, 9.05132 ], [ -83.23642, 9.05436 ], [ -83.2378, 9.05908 ], [ -83.24378, 9.06127 ], [ -83.24746, 9.05894 ], [ -83.25371, 9.05794 ], [ -83.26326, 9.06388 ], [ -83.26673, 9.06257 ], [ -83.26896, 9.06323 ], [ -83.27078, 9.07223 ], [ -83.28089, 9.0792 ], [ -83.28151, 9.08113 ], [ -83.27827, 9.08361 ], [ -83.2761, 9.08729 ], [ -83.26344, 9.08933 ], [ -83.26298, 9.09136 ], [ -83.2643, 9.09283 ], [ -83.2685, 9.09342 ], [ -83.28216, 9.0899 ], [ -83.28987, 9.08233 ], [ -83.29944, 9.08294 ], [ -83.30863, 9.08002 ], [ -83.3172, 9.08401 ], [ -83.33362, 9.08339 ], [ -83.33504, 9.087 ], [ -83.33853, 9.08901 ], [ -83.34388, 9.08805 ], [ -83.34652, 9.08892 ], [ -83.34834, 9.08404 ], [ -83.3516, 9.08319 ], [ -83.378, 9.09445 ], [ -83.38345, 9.09953 ], [ -83.38671, 9.10555 ], [ -83.38422, 9.10643 ], [ -83.385, 9.10887 ], [ -83.38395, 9.10973 ], [ -83.3811, 9.1083 ], [ -83.37703, 9.115 ], [ -83.37691, 9.11628 ], [ -83.37873, 9.11751 ], [ -83.37702, 9.13345 ], [ -83.3785, 9.13907 ], [ -83.37753, 9.14329 ], [ -83.37487, 9.14644 ], [ -83.37579, 9.14937 ], [ -83.37078, 9.15616 ], [ -83.37047, 9.16227 ], [ -83.35605, 9.1729 ], [ -83.34861, 9.18166 ], [ -83.34032, 9.18886 ], [ -83.33944, 9.19106 ], [ -83.33577, 9.19371 ], [ -83.33206, 9.19398 ], [ -83.32985, 9.1975 ], [ -83.33454, 9.20294 ], [ -83.33256, 9.20865 ], [ -83.33379, 9.21039 ], [ -83.3361, 9.20942 ], [ -83.33966, 9.21318 ], [ -83.34438, 9.21416 ], [ -83.34587, 9.21577 ], [ -83.34552, 9.21833 ], [ -83.351, 9.22076 ], [ -83.35329, 9.22398 ], [ -83.35554, 9.23608 ], [ -83.35931, 9.24071 ], [ -83.35808, 9.24519 ], [ -83.35972, 9.24859 ], [ -83.35966, 9.25177 ], [ -83.36143, 9.25405 ], [ -83.35896, 9.26098 ], [ -83.35277, 9.26674 ], [ -83.35257, 9.27165 ], [ -83.35499, 9.27995 ], [ -83.35325, 9.28563 ], [ -83.3551, 9.29012 ], [ -83.35287, 9.29316 ], [ -83.3524, 9.29662 ], [ -83.3495, 9.29841 ], [ -83.3505, 9.30499 ], [ -83.34604, 9.30902 ], [ -83.34683, 9.31341 ], [ -83.34371, 9.31488 ], [ -83.3389, 9.32084 ], [ -83.33906, 9.32762 ], [ -83.34475, 9.33847 ], [ -83.34306, 9.34647 ], [ -83.3489, 9.35265 ], [ -83.34808, 9.35519 ], [ -83.34522, 9.35648 ], [ -83.34379, 9.35897 ], [ -83.34415, 9.36543 ], [ -83.34691, 9.36955 ], [ -83.34019, 9.37051 ], [ -83.33816, 9.37314 ], [ -83.33448, 9.37446 ], [ -83.33236, 9.38317 ], [ -83.33111, 9.38095 ], [ -83.32728, 9.38163 ], [ -83.32329, 9.38414 ], [ -83.31462, 9.38327 ], [ -83.31231, 9.38233 ], [ -83.30692, 9.37621 ], [ -83.30269, 9.37448 ], [ -83.2974, 9.36649 ], [ -83.29101, 9.3632 ], [ -83.28958, 9.3577 ], [ -83.2876, 9.35533 ], [ -83.27968, 9.35645 ], [ -83.2726, 9.35282 ], [ -83.26962, 9.34816 ], [ -83.26239, 9.34592 ], [ -83.2595, 9.34207 ], [ -83.24168, 9.33925 ], [ -83.2371, 9.33414 ], [ -83.236, 9.32891 ], [ -83.23271, 9.32846 ], [ -83.23068, 9.32656 ], [ -83.22863, 9.32683 ], [ -83.22781, 9.3238 ], [ -83.2242, 9.32054 ], [ -83.21635, 9.31987 ], [ -83.21269, 9.32134 ], [ -83.20623, 9.32085 ], [ -83.19446, 9.32393 ], [ -83.18892, 9.32212 ], [ -83.17877, 9.32687 ] ] ] } },
{ "type": "Feature", "properties": { "cod_distrito": 70202, "distrito": "Jiménez", "canton": "Pococí", "ha_2000": 196.0, "ha_2015": 634.0, "ha_2017": 836.0, "ha_2018": 836.0, "ha_2019": 824.0 }, "geometry": { "type": "Polygon", "coordinates": [ [ [ -83.66738, 10.29048 ], [ -83.66932, 10.28724 ], [ -83.67047, 10.28859 ], [ -83.67206, 10.28822 ], [ -83.67193, 10.28645 ], [ -83.67351, 10.28701 ], [ -83.6743, 10.28524 ], [ -83.67217, 10.28432 ], [ -83.67492, 10.28194 ], [ -83.6751, 10.28 ], [ -83.67404, 10.27939 ], [ -83.67491, 10.27782 ], [ -83.68168, 10.2777 ], [ -83.68027, 10.2734 ], [ -83.68605, 10.27027 ], [ -83.68665, 10.26768 ], [ -83.6896, 10.26679 ], [ -83.693, 10.26357 ], [ -83.69712, 10.26341 ], [ -83.70033, 10.26097 ], [ -83.70087, 10.25833 ], [ -83.70242, 10.25962 ], [ -83.70502, 10.25691 ], [ -83.70589, 10.25764 ], [ -83.71075, 10.25604 ], [ -83.71592, 10.25 ], [ -83.71976, 10.24947 ], [ -83.72108, 10.24652 ], [ -83.72735, 10.24352 ], [ -83.72626, 10.24173 ], [ -83.72805, 10.24101 ], [ -83.72777, 10.23832 ], [ -83.72954, 10.23778 ], [ -83.73007, 10.23615 ], [ -83.72949, 10.22917 ], [ -83.73335, 10.22448 ], [ -83.73614, 10.21485 ], [ -83.73916, 10.21095 ], [ -83.74287, 10.19988 ], [ -83.74491, 10.19802 ], [ -83.74791, 10.1921 ], [ -83.74823, 10.18803 ], [ -83.74947, 10.18756 ], [ -83.7507, 10.17945 ], [ -83.75254, 10.17746 ], [ -83.7514, 10.17577 ], [ -83.75231, 10.17223 ], [ -83.75089, 10.17056 ], [ -83.75279, 10.16696 ], [ -83.75243, 10.16445 ], [ -83.75488, 10.16241 ], [ -83.75427, 10.16088 ], [ -83.75741, 10.15553 ], [ -83.7573, 10.15324 ], [ -83.7623, 10.14524 ], [ -83.76077, 10.13184 ], [ -83.76488, 10.12401 ], [ -83.76717, 10.12205 ], [ -83.76692, 10.11864 ], [ -83.77264, 10.11188 ], [ -83.77337, 10.10543 ], [ -83.77118, 10.10251 ], [ -83.77081, 10.0984 ], [ -83.76832, 10.09671 ], [ -83.77026, 10.09152 ], [ -83.77229, 10.08999 ], [ -83.77131, 10.08743 ], [ -83.77179, 10.07978 ], [ -83.775, 10.07524 ], [ -83.77533, 10.06807 ], [ -83.77405, 10.06351 ], [ -83.81563, 10.08367 ], [ -83.80888, 10.08921 ], [ -83.80785, 10.09303 ], [ -83.80594, 10.09407 ], [ -83.80778, 10.09808 ], [ -83.8064, 10.10639 ], [ -83.80838, 10.11061 ], [ -83.81041, 10.11141 ], [ -83.80936, 10.1167 ], [ -83.80395, 10.12431 ], [ -83.80405, 10.13166 ], [ -83.80615, 10.13709 ], [ -83.8042, 10.1395 ], [ -83.80229, 10.14768 ], [ -83.787, 10.17299 ], [ -83.78583, 10.18738 ], [ -83.78402, 10.19218 ], [ -83.78115, 10.19521 ], [ -83.77855, 10.20546 ], [ -83.77527, 10.21153 ], [ -83.77639, 10.21491 ], [ -83.7749, 10.21753 ], [ -83.77554, 10.22325 ], [ -83.77309, 10.22756 ], [ -83.76442, 10.23346 ], [ -83.76422, 10.23533 ], [ -83.75841, 10.24038 ], [ -83.75706, 10.24677 ], [ -83.75276, 10.25633 ], [ -83.75067, 10.25674 ], [ -83.74988, 10.25913 ], [ -83.74815, 10.25939 ], [ -83.748, 10.26246 ], [ -83.73937, 10.2712 ], [ -83.73143, 10.27205 ], [ -83.73074, 10.27409 ], [ -83.72865, 10.27474 ], [ -83.72606, 10.27411 ], [ -83.72434, 10.27671 ], [ -83.71783, 10.28047 ], [ -83.71339, 10.29474 ], [ -83.71111, 10.2936 ], [ -83.70868, 10.29585 ], [ -83.70703, 10.29505 ], [ -83.70168, 10.29711 ], [ -83.70007, 10.29935 ], [ -83.6959, 10.29779 ], [ -83.69482, 10.29919 ], [ -83.69236, 10.29808 ], [ -83.68754, 10.30007 ], [ -83.67998, 10.29507 ], [ -83.67684, 10.2956 ], [ -83.67532, 10.29279 ], [ -83.67173, 10.29382 ], [ -83.66824, 10.2928 ], [ -83.66892, 10.29085 ], [ -83.66738, 10.29048 ] ] ] } },
{ "type": "Feature", "properties": { "cod_distrito": 70207, "distrito": "La Colonia", "canton": "Pococí", "ha_2000": 0.0, "ha_2015": 30.0, "ha_2017": 28.0, "ha_2018": 0.0, "ha_2019": 0.0 }, "geometry": { "type": "Polygon", "coordinates": [ [ [ -83.77732, 10.25991 ], [ -83.77908, 10.25539 ], [ -83.75315, 10.25537 ], [ -83.75706, 10.24677 ], [ -83.75841, 10.24038 ], [ -83.76691, 10.23159 ], [ -83.81464, 10.23122 ], [ -83.81464, 10.23422 ], [ -83.81905, 10.24365 ], [ -83.8237, 10.24487 ], [ -83.82471, 10.24015 ], [ -83.82842, 10.24016 ], [ -83.83573, 10.24609 ], [ -83.83745, 10.24569 ], [ -83.84124, 10.24758 ], [ -83.84114, 10.2521 ], [ -83.84287, 10.25402 ], [ -83.84375, 10.26032 ], [ -83.8383, 10.28391 ], [ -83.84231, 10.29138 ], [ -83.83998, 10.29623 ], [ -83.83876, 10.30529 ], [ -83.83517, 10.31239 ], [ -83.8258, 10.30578 ], [ -83.82633, 10.30273 ], [ -83.82355, 10.29724 ], [ -83.82611, 10.29031 ], [ -83.81824, 10.28311 ], [ -83.8093, 10.28281 ], [ -83.80846, 10.27759 ], [ -83.80626, 10.27677 ], [ -83.80575, 10.27515 ], [ -83.80468, 10.26867 ], [ -83.80557, 10.26752 ], [ -83.80393, 10.26711 ], [ -83.80268, 10.25991 ], [ -83.77732, 10.25991 ] ] ] } },
{ "type": "Feature", "properties": { "cod_distrito": 21008, "distrito": "La Tigra", "canton": "San Carlos", "ha_2000": 0.0, "ha_2015": 3.0, "ha_2017": 0.0, "ha_2018": 0.0, "ha_2019": 0.0 }, "geometry": { "type": "Polygon", "coordinates": [ [ [ -84.53313, 10.37643 ], [ -84.53165, 10.36921 ], [ -84.53295, 10.36611 ], [ -84.53143, 10.36328 ], [ -84.5345, 10.35747 ], [ -84.54679, 10.35408 ], [ -84.55236, 10.34798 ], [ -84.55772, 10.34424 ], [ -84.58008, 10.33102 ], [ -84.58301, 10.32295 ], [ -84.58607, 10.32048 ], [ -84.58773, 10.32065 ], [ -84.58968, 10.31643 ], [ -84.59122, 10.31639 ], [ -84.59163, 10.31425 ], [ -84.5944, 10.31328 ], [ -84.59631, 10.31068 ], [ -84.60245, 10.30914 ], [ -84.60691, 10.31134 ], [ -84.6154, 10.31201 ], [ -84.61736, 10.31065 ], [ -84.62336, 10.31108 ], [ -84.62464, 10.31297 ], [ -84.62917, 10.31445 ], [ -84.63109, 10.32025 ], [ -84.63438, 10.32335 ], [ -84.63559, 10.32918 ], [ -84.63255, 10.33577 ], [ -84.63236, 10.33888 ], [ -84.63433, 10.34762 ], [ -84.63289, 10.34867 ], [ -84.63279, 10.35226 ], [ -84.63104, 10.35567 ], [ -84.63366, 10.35949 ], [ -84.62902, 10.36501 ], [ -84.62621, 10.36475 ], [ -84.61861, 10.36869 ], [ -84.61492, 10.36769 ], [ -84.60708, 10.36851 ], [ -84.60322, 10.36544 ], [ -84.59623, 10.36511 ], [ -84.58588, 10.37143 ], [ -84.57747, 10.37111 ], [ -84.5698, 10.38031 ], [ -84.55704, 10.38979 ], [ -84.55453, 10.39389 ], [ -84.55434, 10.4003 ], [ -84.55244, 10.39946 ], [ -84.54031, 10.38246 ], [ -84.53793, 10.37637 ], [ -84.53621, 10.37506 ], [ -84.53313, 10.37643 ] ] ] } },
{ "type": "Feature", "properties": { "cod_distrito": 20114, "distrito": "Sarapiquí", "canton": "Alajuela", "ha_2000": 7.0, "ha_2015": 104.0, "ha_2017": 127.0, "ha_2018": 130.0, "ha_2019": 127.0 }, "geometry": { "type": "Polygon", "coordinates": [ [ [ -84.16125, 10.41367 ], [ -84.16127, 10.19695 ], [ -84.16309, 10.1935 ], [ -84.16432, 10.1956 ], [ -84.16608, 10.19217 ], [ -84.17001, 10.1892 ], [ -84.17373, 10.18816 ], [ -84.17514, 10.18393 ], [ -84.18164, 10.18167 ], [ -84.18337, 10.18228 ], [ -84.18671, 10.17997 ], [ -84.1913, 10.17952 ], [ -84.19447, 10.18165 ], [ -84.19747, 10.18151 ], [ -84.20501, 10.18435 ], [ -84.20823, 10.18293 ], [ -84.21301, 10.18303 ], [ -84.21702, 10.18089 ], [ -84.21981, 10.18117 ], [ -84.2242, 10.18484 ], [ -84.23074, 10.19806 ], [ -84.22691, 10.20723 ], [ -84.22632, 10.21188 ], [ -84.24137, 10.23535 ], [ -84.24198, 10.24192 ], [ -84.23096, 10.24695 ], [ -84.22465, 10.24693 ], [ -84.21543, 10.25144 ], [ -84.21213, 10.25845 ], [ -84.21057, 10.26772 ], [ -84.20107, 10.27723 ], [ -84.19988, 10.28527 ], [ -84.20168, 10.28432 ], [ -84.20251, 10.28631 ], [ -84.20534, 10.28651 ], [ -84.20222, 10.29178 ], [ -84.19446, 10.29687 ], [ -84.19263, 10.29946 ], [ -84.19189, 10.30247 ], [ -84.1972, 10.306 ], [ -84.19794, 10.30749 ], [ -84.1967, 10.30901 ], [ -84.1981, 10.31045 ], [ -84.19411, 10.31818 ], [ -84.19513, 10.32625 ], [ -84.1924, 10.33082 ], [ -84.18954, 10.33278 ], [ -84.18907, 10.33542 ], [ -84.18462, 10.33883 ], [ -84.1866, 10.34534 ], [ -84.18544, 10.34911 ], [ -84.18239, 10.35083 ], [ -84.18105, 10.35388 ], [ -84.18333, 10.36744 ], [ -84.18176, 10.36932 ], [ -84.18284, 10.37097 ], [ -84.18076, 10.37304 ], [ -84.18122, 10.37524 ], [ -84.17931, 10.37721 ], [ -84.18001, 10.37993 ], [ -84.17759, 10.3829 ], [ -84.17728, 10.38641 ], [ -84.17854, 10.3861 ], [ -84.17865, 10.38778 ], [ -84.17577, 10.39074 ], [ -84.17646, 10.39357 ], [ -84.17489, 10.39508 ], [ -84.17503, 10.39698 ], [ -84.17199, 10.39859 ], [ -84.16695, 10.40992 ], [ -84.16531, 10.40922 ], [ -84.16262, 10.41352 ], [ -84.16125, 10.41367 ] ] ] } },
{ "type": "Feature", "properties": { "cod_distrito": 21005, "distrito": "Venecia", "canton": "San Carlos", "ha_2000": 409.0, "ha_2015": 1026.0, "ha_2017": 952.0, "ha_2018": 891.0, "ha_2019": 891.0 }, "geometry": { "type": "Polygon", "coordinates": [ [ [ -84.25807, 10.41568 ], [ -84.25663, 10.41294 ], [ -84.25863, 10.3995 ], [ -84.25555, 10.39035 ], [ -84.25314, 10.38728 ], [ -84.25346, 10.38261 ], [ -84.24962, 10.376 ], [ -84.25243, 10.37362 ], [ -84.24906, 10.37271 ], [ -84.25007, 10.37103 ], [ -84.2496, 10.36803 ], [ -84.24508, 10.35969 ], [ -84.24644, 10.35728 ], [ -84.24489, 10.35472 ], [ -84.2433, 10.35561 ], [ -84.24256, 10.35431 ], [ -84.24492, 10.3527 ], [ -84.24312, 10.3503 ], [ -84.24458, 10.34989 ], [ -84.24547, 10.34443 ], [ -84.24844, 10.34073 ], [ -84.2479, 10.33726 ], [ -84.24594, 10.33327 ], [ -84.24172, 10.33234 ], [ -84.24037, 10.33337 ], [ -84.23887, 10.33235 ], [ -84.24063, 10.33086 ], [ -84.24066, 10.32914 ], [ -84.24404, 10.32769 ], [ -84.24319, 10.32498 ], [ -84.24483, 10.3259 ], [ -84.24581, 10.32511 ], [ -84.24578, 10.32297 ], [ -84.24325, 10.32205 ], [ -84.24307, 10.32069 ], [ -84.24585, 10.32029 ], [ -84.24487, 10.3175 ], [ -84.2478, 10.31629 ], [ -84.24802, 10.31338 ], [ -84.25097, 10.31244 ], [ -84.24964, 10.31097 ], [ -84.25004, 10.30932 ], [ -84.25304, 10.30658 ], [ -84.25362, 10.30388 ], [ -84.2568, 10.30163 ], [ -84.25764, 10.2985 ], [ -84.25671, 10.29629 ], [ -84.25788, 10.29406 ], [ -84.25653, 10.29141 ], [ -84.25849, 10.28815 ], [ -84.25991, 10.28787 ], [ -84.25997, 10.28491 ], [ -84.26195, 10.28373 ], [ -84.26169, 10.28199 ], [ -84.26564, 10.27322 ], [ -84.27049, 10.268 ], [ -84.28172, 10.26194 ], [ -84.28876, 10.26031 ], [ -84.30507, 10.26185 ], [ -84.31205, 10.26062 ], [ -84.31736, 10.25675 ], [ -84.3215, 10.25709 ], [ -84.32531, 10.26092 ], [ -84.32924, 10.26055 ], [ -84.33308, 10.26402 ], [ -84.33272, 10.26682 ], [ -84.32956, 10.26935 ], [ -84.33255, 10.27752 ], [ -84.33193, 10.28272 ], [ -84.32911, 10.28952 ], [ -84.33229, 10.30525 ], [ -84.33078, 10.30982 ], [ -84.33205, 10.31466 ], [ -84.33117, 10.32093 ], [ -84.3284, 10.32095 ], [ -84.32933, 10.32227 ], [ -84.3276, 10.32322 ], [ -84.32603, 10.32693 ], [ -84.33168, 10.33666 ], [ -84.33112, 10.33973 ], [ -84.33381, 10.34832 ], [ -84.33061, 10.35105 ], [ -84.32598, 10.36356 ], [ -84.32173, 10.36856 ], [ -84.31984, 10.3777 ], [ -84.31426, 10.38403 ], [ -84.31334, 10.38735 ], [ -84.30969, 10.39202 ], [ -84.30945, 10.39461 ], [ -84.3065, 10.39899 ], [ -84.30692, 10.40066 ], [ -84.30496, 10.40163 ], [ -84.30501, 10.40477 ], [ -84.30269, 10.40706 ], [ -84.30115, 10.41129 ], [ -84.29938, 10.41184 ], [ -84.29875, 10.41568 ], [ -84.25807, 10.41568 ] ] ] } },
{ "type": "Feature", "properties": { "cod_distrito": 20213, "distrito": "Peñas Blancas", "canton": "San Ramón", "ha_2000": 0.0, "ha_2015": 3.0, "ha_2017": 0.0, "ha_2018": 0.0, "ha_2019": 0.0 }, "geometry": { "type": "Polygon", "coordinates": [ [ [ -84.54363, 10.437 ], [ -84.5488, 10.43497 ], [ -84.55279, 10.43597 ], [ -84.55742, 10.42903 ], [ -84.5579, 10.41578 ], [ -84.55428, 10.40574 ], [ -84.55453, 10.39389 ], [ -84.56015, 10.38678 ], [ -84.5698, 10.38031 ], [ -84.57736, 10.37116 ], [ -84.58588, 10.37143 ], [ -84.59623, 10.36511 ], [ -84.60322, 10.36544 ], [ -84.60708, 10.36851 ], [ -84.61492, 10.36769 ], [ -84.6191, 10.36865 ], [ -84.62621, 10.36475 ], [ -84.62902, 10.36501 ], [ -84.63217, 10.36188 ], [ -84.63463, 10.36249 ], [ -84.63708, 10.36068 ], [ -84.64132, 10.36006 ], [ -84.65295, 10.34652 ], [ -84.66259, 10.34431 ], [ -84.66446, 10.34187 ], [ -84.66762, 10.34161 ], [ -84.67783, 10.33333 ], [ -84.67899, 10.33007 ], [ -84.68529, 10.32797 ], [ -84.68977, 10.32259 ], [ -84.69497, 10.32118 ], [ -84.6975, 10.32217 ], [ -84.6988, 10.32054 ], [ -84.69975, 10.32188 ], [ -84.70632, 10.32173 ], [ -84.71485, 10.31425 ], [ -84.71558, 10.312 ], [ -84.7178, 10.31143 ], [ -84.71946, 10.30732 ], [ -84.72434, 10.30923 ], [ -84.7276, 10.30897 ], [ -84.73004, 10.30528 ], [ -84.7406, 10.30308 ], [ -84.74811, 10.29861 ], [ -84.75112, 10.29828 ], [ -84.75506, 10.29503 ], [ -84.75835, 10.29437 ], [ -84.7607, 10.29034 ], [ -84.75936, 10.28778 ], [ -84.75923, 10.28312 ], [ -84.75588, 10.2807 ], [ -84.75668, 10.2797 ], [ -84.75511, 10.27579 ], [ -84.75709, 10.27569 ], [ -84.75615, 10.27319 ], [ -84.7637, 10.2691 ], [ -84.76732, 10.26972 ], [ -84.76548, 10.27404 ], [ -84.76692, 10.27609 ], [ -84.76666, 10.27958 ], [ -84.76991, 10.27938 ], [ -84.77144, 10.28251 ], [ -84.77774, 10.28654 ], [ -84.78343, 10.29283 ], [ -84.78311, 10.29816 ], [ -84.78632, 10.30271 ], [ -84.78643, 10.31077 ], [ -84.7905, 10.31158 ], [ -84.79125, 10.31499 ], [ -84.79369, 10.3165 ], [ -84.79392, 10.32082 ], [ -84.78807, 10.32086 ], [ -84.78553, 10.32258 ], [ -84.78492, 10.32687 ], [ -84.7784, 10.33754 ], [ -84.77905, 10.33945 ], [ -84.77731, 10.3402 ], [ -84.77641, 10.34691 ], [ -84.77393, 10.34741 ], [ -84.77449, 10.35026 ], [ -84.77104, 10.35039 ], [ -84.7669, 10.35241 ], [ -84.76624, 10.35489 ], [ -84.76855, 10.35699 ], [ -84.76844, 10.36296 ], [ -84.76982, 10.36781 ], [ -84.77156, 10.36959 ], [ -84.77108, 10.37429 ], [ -84.77342, 10.37478 ], [ -84.7735, 10.37708 ], [ -84.77925, 10.3797 ], [ -84.78122, 10.38522 ], [ -84.77485, 10.39437 ], [ -84.77193, 10.40621 ], [ -84.76994, 10.40998 ], [ -84.76714, 10.41211 ], [ -84.76597, 10.42882 ], [ -84.76376, 10.4321 ], [ -84.76311, 10.43125 ], [ -84.76194, 10.43209 ], [ -84.76112, 10.43053 ], [ -84.75688, 10.43081 ], [ -84.75599, 10.42912 ], [ -84.75547, 10.43166 ], [ -84.75232, 10.42979 ], [ -84.75304, 10.43311 ], [ -84.75087, 10.43072 ], [ -84.75203, 10.42753 ], [ -84.75024, 10.43068 ], [ -84.75172, 10.43367 ], [ -84.75062, 10.43366 ], [ -84.75095, 10.43506 ], [ -84.74928, 10.43299 ], [ -84.74978, 10.43132 ], [ -84.7476, 10.42958 ], [ -84.75198, 10.42207 ], [ -84.75102, 10.41732 ], [ -84.7526, 10.41696 ], [ -84.75322, 10.41285 ], [ -84.74949, 10.40762 ], [ -84.74976, 10.40521 ], [ -84.74729, 10.40134 ], [ -84.74722, 10.39871 ], [ -84.74482, 10.39933 ], [ -84.74329, 10.39789 ], [ -84.73995, 10.39789 ], [ -84.73845, 10.39594 ], [ -84.73675, 10.39661 ], [ -84.73727, 10.39527 ], [ -84.73376, 10.39399 ], [ -84.73121, 10.3949 ], [ -84.72664, 10.39127 ], [ -84.72685, 10.38746 ], [ -84.72128, 10.38017 ], [ -84.72128, 10.37669 ], [ -84.68828, 10.44282 ], [ -84.66861, 10.41088 ], [ -84.66516, 10.41578 ], [ -84.66483, 10.41871 ], [ -84.65609, 10.42907 ], [ -84.65085, 10.44161 ], [ -84.65102, 10.447 ], [ -84.64989, 10.44737 ], [ -84.64966, 10.45032 ], [ -84.64152, 10.4547 ], [ -84.63385, 10.45374 ], [ -84.63024, 10.45641 ], [ -84.62869, 10.45671 ], [ -84.62827, 10.45534 ], [ -84.62653, 10.45684 ], [ -84.62451, 10.45496 ], [ -84.62345, 10.45554 ], [ -84.62034, 10.45392 ], [ -84.61745, 10.44867 ], [ -84.61551, 10.44922 ], [ -84.61023, 10.44699 ], [ -84.60877, 10.44514 ], [ -84.60144, 10.44309 ], [ -84.6014, 10.44518 ], [ -84.59685, 10.44631 ], [ -84.59448, 10.44563 ], [ -84.59249, 10.44273 ], [ -84.59033, 10.44423 ], [ -84.58695, 10.44358 ], [ -84.58271, 10.44199 ], [ -84.58384, 10.43856 ], [ -84.58267, 10.43808 ], [ -84.57714, 10.44134 ], [ -84.57491, 10.43974 ], [ -84.57343, 10.44092 ], [ -84.57123, 10.43893 ], [ -84.56734, 10.444 ], [ -84.56193, 10.44514 ], [ -84.56481, 10.44779 ], [ -84.56413, 10.44893 ], [ -84.5571, 10.44864 ], [ -84.55929, 10.44492 ], [ -84.55525, 10.44486 ], [ -84.55519, 10.44314 ], [ -84.54971, 10.44169 ], [ -84.54674, 10.43662 ], [ -84.54363, 10.437 ] ] ] } },
{ "type": "Feature", "properties": { "cod_distrito": 41003, "distrito": "Las Horquetas", "canton": "Sarapiquí", "ha_2000": 0.0, "ha_2015": 1948.0, "ha_2017": 2061.0, "ha_2018": 2076.0, "ha_2019": 2086.0 }, "geometry": { "type": "Polygon", "coordinates": [ [ [ -83.83208, 10.46066 ], [ -83.83932, 10.45511 ], [ -83.84219, 10.44803 ], [ -83.8447, 10.44507 ], [ -83.85352, 10.44712 ], [ -83.85602, 10.44659 ], [ -83.85936, 10.44461 ], [ -83.85973, 10.43782 ], [ -83.86648, 10.43537 ], [ -83.87402, 10.42901 ], [ -83.87532, 10.41636 ], [ -83.88036, 10.40504 ], [ -83.88023, 10.40057 ], [ -83.87499, 10.38918 ], [ -83.86909, 10.37954 ], [ -83.85686, 10.36509 ], [ -83.85032, 10.34441 ], [ -83.85, 10.33847 ], [ -83.85237, 10.32948 ], [ -83.85349, 10.30751 ], [ -83.85153, 10.30223 ], [ -83.85134, 10.29379 ], [ -83.84912, 10.28898 ], [ -83.84925, 10.28097 ], [ -83.85261, 10.27329 ], [ -83.85371, 10.26389 ], [ -83.85876, 10.25211 ], [ -83.86148, 10.25104 ], [ -83.86576, 10.24518 ], [ -83.86944, 10.24483 ], [ -83.8734, 10.24248 ], [ -83.8783, 10.236 ], [ -83.8862, 10.23045 ], [ -83.89322, 10.22084 ], [ -83.89617, 10.21913 ], [ -83.90692, 10.20659 ], [ -83.9206, 10.19867 ], [ -83.92408, 10.1981 ], [ -83.9339, 10.20004 ], [ -83.93868, 10.19933 ], [ -83.94244, 10.20085 ], [ -83.94966, 10.20062 ], [ -83.95301, 10.1993 ], [ -83.9537, 10.19633 ], [ -83.95959, 10.19455 ], [ -83.96945, 10.18811 ], [ -83.97255, 10.1873 ], [ -83.98326, 10.1865 ], [ -83.98547, 10.18795 ], [ -83.9972, 10.18887 ], [ -84.00022, 10.19062 ], [ -84.00563, 10.18842 ], [ -84.01863, 10.18687 ], [ -84.02258, 10.18493 ], [ -84.02992, 10.18555 ], [ -84.0346, 10.18247 ], [ -84.03776, 10.18385 ], [ -84.04353, 10.19729 ], [ -84.05233, 10.19961 ], [ -84.05776, 10.20433 ], [ -84.0584, 10.2082 ], [ -84.0613, 10.20555 ], [ -84.06311, 10.20625 ], [ -84.06629, 10.20477 ], [ -84.06757, 10.20688 ], [ -84.06908, 10.20571 ], [ -84.07005, 10.20682 ], [ -84.07324, 10.20579 ], [ -84.07484, 10.2025 ], [ -84.07975, 10.20189 ], [ -84.08105, 10.19797 ], [ -84.08247, 10.19899 ], [ -84.08639, 10.19333 ], [ -84.09095, 10.19161 ], [ -84.09617, 10.19163 ], [ -84.10111, 10.19934 ], [ -84.10036, 10.21065 ], [ -84.09879, 10.21459 ], [ -84.09952, 10.21733 ], [ -84.09561, 10.22534 ], [ -84.09086, 10.2294 ], [ -84.08478, 10.23232 ], [ -84.08339, 10.24179 ], [ -84.08019, 10.25077 ], [ -84.08179, 10.25395 ], [ -84.08079, 10.2574 ], [ -84.07762, 10.25845 ], [ -84.07363, 10.2645 ], [ -84.07054, 10.26556 ], [ -84.06694, 10.27085 ], [ -84.06488, 10.27665 ], [ -84.06095, 10.28 ], [ -84.05999, 10.28487 ], [ -84.05862, 10.2852 ], [ -84.05284, 10.29504 ], [ -84.04907, 10.29859 ], [ -84.04983, 10.30046 ], [ -84.04761, 10.30534 ], [ -84.04604, 10.30615 ], [ -84.04687, 10.3082 ], [ -84.04591, 10.31075 ], [ -84.04217, 10.31425 ], [ -84.0416, 10.31629 ], [ -84.04272, 10.31816 ], [ -84.04131, 10.31907 ], [ -84.04418, 10.32303 ], [ -84.04382, 10.32669 ], [ -84.04496, 10.32847 ], [ -84.04372, 10.33215 ], [ -84.04512, 10.33582 ], [ -84.04072, 10.33673 ], [ -84.04226, 10.33805 ], [ -84.04, 10.34117 ], [ -84.04075, 10.34254 ], [ -84.03842, 10.34466 ], [ -84.03993, 10.34567 ], [ -84.03867, 10.34812 ], [ -84.03968, 10.3491 ], [ -84.03825, 10.35191 ], [ -84.03614, 10.35207 ], [ -84.03641, 10.35554 ], [ -84.03431, 10.35559 ], [ -84.03596, 10.3576 ], [ -84.0336, 10.35827 ], [ -84.03242, 10.36032 ], [ -84.03244, 10.36461 ], [ -84.03399, 10.36491 ], [ -84.03082, 10.36955 ], [ -84.0323, 10.3708 ], [ -84.03026, 10.37066 ], [ -84.03004, 10.37892 ], [ -84.0256, 10.38321 ], [ -84.0249, 10.38539 ], [ -84.02279, 10.38478 ], [ -84.02362, 10.38618 ], [ -84.02239, 10.38702 ], [ -84.02245, 10.38954 ], [ -84.02065, 10.38928 ], [ -84.01909, 10.39185 ], [ -84.01661, 10.39114 ], [ -84.01561, 10.39279 ], [ -84.00757, 10.39562 ], [ -84.00598, 10.39819 ], [ -84.00282, 10.39774 ], [ -83.99976, 10.39892 ], [ -83.99903, 10.40334 ], [ -83.99638, 10.40549 ], [ -83.99792, 10.40685 ], [ -83.99586, 10.40864 ], [ -83.99724, 10.41115 ], [ -83.99592, 10.41098 ], [ -83.99558, 10.41504 ], [ -83.99479, 10.41423 ], [ -83.99339, 10.41585 ], [ -83.99747, 10.42068 ], [ -83.99853, 10.4268 ], [ -84.00121, 10.42752 ], [ -84.00072, 10.4296 ], [ -84.00174, 10.43058 ], [ -84.00334, 10.42852 ], [ -84.00815, 10.43748 ], [ -84.01109, 10.43912 ], [ -84.00607, 10.43862 ], [ -84.00619, 10.44367 ], [ -83.99609, 10.44189 ], [ -83.99357, 10.44008 ], [ -83.98793, 10.44165 ], [ -83.9784, 10.44079 ], [ -83.97114, 10.44388 ], [ -83.95766, 10.44081 ], [ -83.94236, 10.44517 ], [ -83.94005, 10.44271 ], [ -83.93539, 10.44236 ], [ -83.93591, 10.44949 ], [ -83.94232, 10.45877 ], [ -83.94527, 10.46075 ], [ -83.83208, 10.46066 ] ] ] } },
{ "type": "Feature", "properties": { "cod_distrito": 21002, "distrito": "Florencia", "canton": "San Carlos", "ha_2000": 159.0, "ha_2015": 285.0, "ha_2017": 284.0, "ha_2018": 253.0, "ha_2019": 252.0 }, "geometry": { "type": "Polygon", "coordinates": [ [ [ -84.45413, 10.48268 ], [ -84.4541, 10.47556 ], [ -84.45186, 10.47332 ], [ -84.45318, 10.47245 ], [ -84.45293, 10.47099 ], [ -84.4563, 10.46939 ], [ -84.45526, 10.46804 ], [ -84.45662, 10.46667 ], [ -84.45511, 10.4641 ], [ -84.45742, 10.463 ], [ -84.4582, 10.45949 ], [ -84.45459, 10.45754 ], [ -84.45232, 10.45871 ], [ -84.45008, 10.45743 ], [ -84.45141, 10.45582 ], [ -84.44699, 10.45418 ], [ -84.44604, 10.45031 ], [ -84.4423, 10.44712 ], [ -84.43934, 10.44742 ], [ -84.43539, 10.44415 ], [ -84.4348, 10.43249 ], [ -84.4324, 10.42838 ], [ -84.42674, 10.42797 ], [ -84.42411, 10.43104 ], [ -84.4142, 10.43494 ], [ -84.41438, 10.43647 ], [ -84.40394, 10.43594 ], [ -84.5174, 10.24942 ], [ -84.51926, 10.26113 ], [ -84.51697, 10.26482 ], [ -84.51784, 10.27222 ], [ -84.52177, 10.27795 ], [ -84.52105, 10.28068 ], [ -84.52264, 10.28399 ], [ -84.52221, 10.28817 ], [ -84.52484, 10.29457 ], [ -84.52446, 10.29956 ], [ -84.52557, 10.30128 ], [ -84.52372, 10.30948 ], [ -84.52471, 10.31404 ], [ -84.523, 10.31909 ], [ -84.52326, 10.32385 ], [ -84.51995, 10.3333 ], [ -84.51949, 10.34511 ], [ -84.52039, 10.34876 ], [ -84.51844, 10.3581 ], [ -84.52085, 10.35983 ], [ -84.52282, 10.36556 ], [ -84.52654, 10.3662 ], [ -84.52877, 10.37396 ], [ -84.53187, 10.37275 ], [ -84.53313, 10.37643 ], [ -84.53621, 10.37506 ], [ -84.53793, 10.37637 ], [ -84.54031, 10.38246 ], [ -84.55244, 10.39946 ], [ -84.55434, 10.4003 ], [ -84.55428, 10.40574 ], [ -84.5579, 10.41578 ], [ -84.55742, 10.42903 ], [ -84.55279, 10.43597 ], [ -84.5488, 10.43497 ], [ -84.54363, 10.437 ], [ -84.54037, 10.4356 ], [ -84.53527, 10.43841 ], [ -84.53178, 10.4427 ], [ -84.52982, 10.44236 ], [ -84.53006, 10.43965 ], [ -84.52876, 10.43952 ], [ -84.52564, 10.44568 ], [ -84.52142, 10.44712 ], [ -84.51873, 10.44528 ], [ -84.51671, 10.44855 ], [ -84.51865, 10.45196 ], [ -84.52345, 10.45258 ], [ -84.52333, 10.45437 ], [ -84.52093, 10.4568 ], [ -84.5237, 10.46023 ], [ -84.52316, 10.46597 ], [ -84.52429, 10.46796 ], [ -84.51888, 10.4701 ], [ -84.5199, 10.47178 ], [ -84.51861, 10.47349 ], [ -84.51311, 10.47362 ], [ -84.51, 10.47829 ], [ -84.50702, 10.47728 ], [ -84.50591, 10.48106 ], [ -84.49928, 10.47963 ], [ -84.49438, 10.4844 ], [ -84.49194, 10.48267 ], [ -84.48788, 10.48357 ], [ -84.48837, 10.48511 ], [ -84.4605, 10.48515 ], [ -84.45942, 10.48352 ], [ -84.4558, 10.48382 ], [ -84.45413, 10.48268 ] ] ] } },
{ "type": "Feature", "properties": { "cod_distrito": 21009, "distrito": "La Palmera", "canton": "San Carlos", "ha_2000": 18.0, "ha_2015": 102.0, "ha_2017": 0.0, "ha_2018": 0.0, "ha_2019": 0.0 }, "geometry": { "type": "Polygon", "coordinates": [ [ [ -84.40366, 10.47302 ], [ -84.40045, 10.47081 ], [ -84.40139, 10.46791 ], [ -84.39981, 10.46439 ], [ -84.39574, 10.46597 ], [ -84.39333, 10.46473 ], [ -84.39233, 10.46875 ], [ -84.3908, 10.46724 ], [ -84.38865, 10.46888 ], [ -84.3875, 10.46839 ], [ -84.38706, 10.46528 ], [ -84.38095, 10.46545 ], [ -84.37737, 10.4635 ], [ -84.37646, 10.45914 ], [ -84.37321, 10.45531 ], [ -84.37396, 10.45297 ], [ -84.37043, 10.44801 ], [ -84.37153, 10.44605 ], [ -84.36972, 10.44416 ], [ -84.37103, 10.44062 ], [ -84.36932, 10.43333 ], [ -84.36576, 10.43225 ], [ -84.36581, 10.43027 ], [ -84.36397, 10.42933 ], [ -84.36413, 10.42655 ], [ -84.3609, 10.42324 ], [ -84.35852, 10.42163 ], [ -84.35062, 10.42003 ], [ -84.35093, 10.41754 ], [ -84.34676, 10.40755 ], [ -84.34588, 10.40049 ], [ -84.35063, 10.39072 ], [ -84.35381, 10.37965 ], [ -84.35248, 10.37818 ], [ -84.35194, 10.36805 ], [ -84.35431, 10.36219 ], [ -84.34889, 10.35569 ], [ -84.34925, 10.34882 ], [ -84.34587, 10.3463 ], [ -84.34726, 10.34467 ], [ -84.34645, 10.34173 ], [ -84.34725, 10.3409 ], [ -84.34499, 10.33673 ], [ -84.34669, 10.33534 ], [ -84.34354, 10.33236 ], [ -84.34368, 10.32085 ], [ -84.33999, 10.31496 ], [ -84.34092, 10.31226 ], [ -84.33917, 10.30971 ], [ -84.34001, 10.30331 ], [ -84.33868, 10.29991 ], [ -84.34118, 10.29169 ], [ -84.34485, 10.28663 ], [ -84.34728, 10.27379 ], [ -84.34963, 10.27118 ], [ -84.34912, 10.26659 ], [ -84.35395, 10.26212 ], [ -84.35471, 10.25951 ], [ -84.35253, 10.25614 ], [ -84.35176, 10.24648 ], [ -84.35688, 10.24747 ], [ -84.35987, 10.25773 ], [ -84.35814, 10.25922 ], [ -84.3591, 10.26193 ], [ -84.35822, 10.26464 ], [ -84.36119, 10.27334 ], [ -84.3576, 10.28004 ], [ -84.36024, 10.28209 ], [ -84.35806, 10.28639 ], [ -84.36191, 10.29041 ], [ -84.36383, 10.29559 ], [ -84.36294, 10.29711 ], [ -84.36411, 10.30032 ], [ -84.36194, 10.30443 ], [ -84.36671, 10.31545 ], [ -84.36333, 10.32816 ], [ -84.36517, 10.32977 ], [ -84.3665, 10.334 ], [ -84.36969, 10.33658 ], [ -84.37007, 10.3388 ], [ -84.37341, 10.33864 ], [ -84.37424, 10.34322 ], [ -84.37773, 10.34414 ], [ -84.37973, 10.34955 ], [ -84.38242, 10.35183 ], [ -84.38147, 10.35371 ], [ -84.38402, 10.35704 ], [ -84.38356, 10.36376 ], [ -84.37709, 10.37012 ], [ -84.38559, 10.38296 ], [ -84.39263, 10.38829 ], [ -84.39787, 10.3885 ], [ -84.39942, 10.39164 ], [ -84.40186, 10.39176 ], [ -84.40276, 10.39547 ], [ -84.39912, 10.3985 ], [ -84.39951, 10.4002 ], [ -84.39749, 10.40317 ], [ -84.39753, 10.40491 ], [ -84.39972, 10.4044 ], [ -84.40135, 10.4074 ], [ -84.39978, 10.40816 ], [ -84.40111, 10.40978 ], [ -84.39814, 10.41216 ], [ -84.39957, 10.413 ], [ -84.39882, 10.41452 ], [ -84.39988, 10.41599 ], [ -84.39868, 10.41821 ], [ -84.40029, 10.41901 ], [ -84.39858, 10.42134 ], [ -84.40007, 10.423 ], [ -84.39854, 10.42442 ], [ -84.4014, 10.42542 ], [ -84.39941, 10.42901 ], [ -84.40064, 10.43089 ], [ -84.40261, 10.4311 ], [ -84.40026, 10.43319 ], [ -84.40485, 10.43626 ], [ -84.41438, 10.43647 ], [ -84.4142, 10.43494 ], [ -84.42411, 10.43104 ], [ -84.42674, 10.42797 ], [ -84.43214, 10.42817 ], [ -84.4348, 10.43249 ], [ -84.43539, 10.44415 ], [ -84.43934, 10.44742 ], [ -84.4423, 10.44712 ], [ -84.44604, 10.45031 ], [ -84.44699, 10.45418 ], [ -84.45141, 10.45582 ], [ -84.45008, 10.45743 ], [ -84.45232, 10.45871 ], [ -84.45459, 10.45754 ], [ -84.45823, 10.45962 ], [ -84.45742, 10.463 ], [ -84.45511, 10.4641 ], [ -84.45662, 10.46667 ], [ -84.45526, 10.46804 ], [ -84.4563, 10.46939 ], [ -84.45293, 10.47099 ], [ -84.45318, 10.47245 ], [ -84.45186, 10.47332 ], [ -84.4541, 10.47556 ], [ -84.45413, 10.48268 ], [ -84.45249, 10.48524 ], [ -84.45037, 10.48574 ], [ -84.44533, 10.48315 ], [ -84.44419, 10.48503 ], [ -84.442, 10.48377 ], [ -84.44091, 10.48554 ], [ -84.43851, 10.48094 ], [ -84.43515, 10.47992 ], [ -84.43251, 10.48062 ], [ -84.43078, 10.48269 ], [ -84.4292, 10.48157 ], [ -84.42835, 10.48316 ], [ -84.42387, 10.48279 ], [ -84.42256, 10.48409 ], [ -84.42307, 10.48173 ], [ -84.41728, 10.478 ], [ -84.41561, 10.47449 ], [ -84.41352, 10.47671 ], [ -84.41179, 10.47337 ], [ -84.41126, 10.47455 ], [ -84.40884, 10.47332 ], [ -84.40759, 10.4745 ], [ -84.40547, 10.47257 ], [ -84.40366, 10.47302 ] ] ] } },
{ "type": "Feature", "properties": { "cod_distrito": 21004, "distrito": "Aguas Zarcas", "canton": "San Carlos", "ha_2000": 783.0, "ha_2015": 2880.0, "ha_2017": 3000.0, "ha_2018": 2811.0, "ha_2019": 2789.0 }, "geometry": { "type": "Polygon", "coordinates": [ [ [ -84.33183, 10.5902 ], [ -84.33272, 10.58125 ], [ -84.32974, 10.57932 ], [ -84.33096, 10.56979 ], [ -84.32853, 10.56874 ], [ -84.32862, 10.56331 ], [ -84.32519, 10.56237 ], [ -84.32823, 10.55898 ], [ -84.32514, 10.55539 ], [ -84.32916, 10.55294 ], [ -84.33021, 10.55 ], [ -84.32632, 10.54919 ], [ -84.32535, 10.5449 ], [ -84.32638, 10.54085 ], [ -84.32933, 10.53959 ], [ -84.32926, 10.5363 ], [ -84.32699, 10.53664 ], [ -84.32785, 10.53211 ], [ -84.32546, 10.52846 ], [ -84.32259, 10.52929 ], [ -84.32009, 10.5263 ], [ -84.31762, 10.51851 ], [ -84.31896, 10.51405 ], [ -84.31586, 10.51385 ], [ -84.31533, 10.51277 ], [ -84.32511, 10.49092 ], [ -84.32344, 10.48822 ], [ -84.32307, 10.48419 ], [ -84.31883, 10.48072 ], [ -84.32036, 10.47556 ], [ -84.31862, 10.46964 ], [ -84.31449, 10.46886 ], [ -84.31446, 10.46181 ], [ -84.31161, 10.45878 ], [ -84.30861, 10.45861 ], [ -84.30784, 10.45425 ], [ -84.30534, 10.45216 ], [ -84.30312, 10.44647 ], [ -84.30129, 10.44603 ], [ -84.30169, 10.44242 ], [ -84.29857, 10.42854 ], [ -84.29905, 10.42428 ], [ -84.30079, 10.42269 ], [ -84.29912, 10.4203 ], [ -84.29859, 10.41417 ], [ -84.30501, 10.40477 ], [ -84.30495, 10.40165 ], [ -84.30692, 10.40066 ], [ -84.30749, 10.39667 ], [ -84.31413, 10.38423 ], [ -84.31984, 10.3777 ], [ -84.32173, 10.36856 ], [ -84.32598, 10.36356 ], [ -84.33061, 10.35105 ], [ -84.33385, 10.34816 ], [ -84.33112, 10.33973 ], [ -84.33168, 10.33666 ], [ -84.32604, 10.32723 ], [ -84.32745, 10.32343 ], [ -84.32933, 10.32227 ], [ -84.3284, 10.32095 ], [ -84.33117, 10.32093 ], [ -84.33205, 10.31466 ], [ -84.33078, 10.30982 ], [ -84.33229, 10.30525 ], [ -84.32911, 10.28952 ], [ -84.33193, 10.28272 ], [ -84.33255, 10.27752 ], [ -84.3299, 10.27236 ], [ -84.32969, 10.26877 ], [ -84.33272, 10.26682 ], [ -84.33454, 10.25886 ], [ -84.34077, 10.25854 ], [ -84.34335, 10.25695 ], [ -84.34403, 10.25377 ], [ -84.34841, 10.25164 ], [ -84.35176, 10.24648 ], [ -84.35253, 10.25614 ], [ -84.35471, 10.25951 ], [ -84.35395, 10.26212 ], [ -84.34912, 10.26659 ], [ -84.34963, 10.27118 ], [ -84.34728, 10.27379 ], [ -84.34485, 10.28663 ], [ -84.34118, 10.29169 ], [ -84.33868, 10.29991 ], [ -84.34001, 10.30331 ], [ -84.33917, 10.30971 ], [ -84.34092, 10.31226 ], [ -84.33999, 10.31496 ], [ -84.34368, 10.32085 ], [ -84.34354, 10.33236 ], [ -84.34669, 10.33534 ], [ -84.34499, 10.33673 ], [ -84.34725, 10.3409 ], [ -84.34645, 10.34173 ], [ -84.34726, 10.34467 ], [ -84.34587, 10.3463 ], [ -84.34925, 10.34882 ], [ -84.34889, 10.35569 ], [ -84.35431, 10.36219 ], [ -84.35194, 10.36805 ], [ -84.35248, 10.37818 ], [ -84.35381, 10.37965 ], [ -84.35063, 10.39072 ], [ -84.34588, 10.40049 ], [ -84.34676, 10.40755 ], [ -84.35093, 10.41754 ], [ -84.35062, 10.42003 ], [ -84.35852, 10.42163 ], [ -84.3609, 10.42324 ], [ -84.36413, 10.42655 ], [ -84.36397, 10.42933 ], [ -84.36581, 10.43027 ], [ -84.36576, 10.43225 ], [ -84.36932, 10.43333 ], [ -84.37103, 10.44062 ], [ -84.36972, 10.44416 ], [ -84.37153, 10.44605 ], [ -84.37043, 10.44801 ], [ -84.37396, 10.45297 ], [ -84.37321, 10.45531 ], [ -84.37646, 10.45914 ], [ -84.37737, 10.4635 ], [ -84.38095, 10.46545 ], [ -84.38706, 10.46528 ], [ -84.3875, 10.46839 ], [ -84.38865, 10.46888 ], [ -84.3908, 10.46724 ], [ -84.39233, 10.46875 ], [ -84.39333, 10.46473 ], [ -84.39574, 10.46597 ], [ -84.39989, 10.4645 ], [ -84.40139, 10.46791 ], [ -84.40045, 10.47081 ], [ -84.40255, 10.47199 ], [ -84.39781, 10.47475 ], [ -84.3951, 10.47262 ], [ -84.39144, 10.47283 ], [ -84.39044, 10.47478 ], [ -84.38502, 10.47619 ], [ -84.38936, 10.48159 ], [ -84.38884, 10.48592 ], [ -84.39055, 10.48778 ], [ -84.39618, 10.50245 ], [ -84.39963, 10.50458 ], [ -84.40476, 10.51228 ], [ -84.4041, 10.51639 ], [ -84.40628, 10.52072 ], [ -84.40598, 10.52443 ], [ -84.40328, 10.52821 ], [ -84.39666, 10.5297 ], [ -84.41232, 10.54218 ], [ -84.4096, 10.54643 ], [ -84.40215, 10.54857 ], [ -84.40216, 10.55413 ], [ -84.40131, 10.55295 ], [ -84.39413, 10.56675 ], [ -84.39079, 10.56808 ], [ -84.39346, 10.57098 ], [ -84.3916, 10.57224 ], [ -84.38826, 10.57377 ], [ -84.38754, 10.57274 ], [ -84.38547, 10.57561 ], [ -84.38362, 10.57586 ], [ -84.38185, 10.57462 ], [ -84.38261, 10.5731 ], [ -84.38074, 10.57262 ], [ -84.37586, 10.57732 ], [ -84.37085, 10.5735 ], [ -84.36985, 10.57492 ], [ -84.37073, 10.57532 ], [ -84.36922, 10.57602 ], [ -84.3704, 10.57701 ], [ -84.36824, 10.57953 ], [ -84.36026, 10.57631 ], [ -84.35711, 10.57669 ], [ -84.35571, 10.5755 ], [ -84.35479, 10.57788 ], [ -84.35152, 10.576 ], [ -84.34663, 10.5782 ], [ -84.3472, 10.57963 ], [ -84.34931, 10.57926 ], [ -84.34956, 10.58185 ], [ -84.34347, 10.58218 ], [ -84.3409, 10.58657 ], [ -84.34183, 10.58834 ], [ -84.34007, 10.59013 ], [ -84.33183, 10.5902 ] ] ] } },
{ "type": "Feature", "properties": { "cod_distrito": 41002, "distrito": "La Virgen", "canton": "Sarapiquí", "ha_2000": 1392.0, "ha_2015": 2006.0, "ha_2017": 2462.0, "ha_2018": 2427.0, "ha_2019": 2428.0 }, "geometry": { "type": "Polygon", "coordinates": [ [ [ -84.01109, 10.43912 ], [ -84.00815, 10.43748 ], [ -84.00334, 10.42852 ], [ -84.00174, 10.43058 ], [ -84.00072, 10.4296 ], [ -84.00121, 10.42752 ], [ -83.99853, 10.4268 ], [ -83.99747, 10.42068 ], [ -83.99339, 10.41585 ], [ -83.99479, 10.41423 ], [ -83.99558, 10.41504 ], [ -83.99592, 10.41098 ], [ -83.99724, 10.41115 ], [ -83.99586, 10.40864 ], [ -83.99792, 10.40685 ], [ -83.99638, 10.40549 ], [ -83.99903, 10.40334 ], [ -83.99976, 10.39892 ], [ -84.00282, 10.39774 ], [ -84.00598, 10.39819 ], [ -84.00757, 10.39562 ], [ -84.01561, 10.39279 ], [ -84.01661, 10.39114 ], [ -84.01909, 10.39185 ], [ -84.02065, 10.38928 ], [ -84.02245, 10.38954 ], [ -84.02239, 10.38702 ], [ -84.02362, 10.38618 ], [ -84.02279, 10.38478 ], [ -84.0249, 10.38539 ], [ -84.0256, 10.38321 ], [ -84.03004, 10.37892 ], [ -84.03026, 10.37066 ], [ -84.0323, 10.3708 ], [ -84.03082, 10.36955 ], [ -84.03399, 10.36491 ], [ -84.03244, 10.36461 ], [ -84.03242, 10.36032 ], [ -84.0336, 10.35827 ], [ -84.03596, 10.3576 ], [ -84.03431, 10.35559 ], [ -84.03641, 10.35554 ], [ -84.03614, 10.35207 ], [ -84.03825, 10.35191 ], [ -84.03968, 10.3491 ], [ -84.03867, 10.34812 ], [ -84.03993, 10.34567 ], [ -84.03842, 10.34466 ], [ -84.04075, 10.34254 ], [ -84.04, 10.34117 ], [ -84.04226, 10.33805 ], [ -84.04072, 10.33673 ], [ -84.04512, 10.33582 ], [ -84.04372, 10.33215 ], [ -84.04496, 10.32847 ], [ -84.04382, 10.32669 ], [ -84.04418, 10.32303 ], [ -84.04131, 10.31907 ], [ -84.04272, 10.31816 ], [ -84.0416, 10.31629 ], [ -84.04217, 10.31425 ], [ -84.04591, 10.31075 ], [ -84.04687, 10.3082 ], [ -84.04604, 10.30615 ], [ -84.04761, 10.30534 ], [ -84.04983, 10.30046 ], [ -84.04907, 10.29859 ], [ -84.05284, 10.29504 ], [ -84.05862, 10.2852 ], [ -84.05999, 10.28487 ], [ -84.06095, 10.28 ], [ -84.06488, 10.27665 ], [ -84.06694, 10.27085 ], [ -84.07054, 10.26556 ], [ -84.07363, 10.2645 ], [ -84.07762, 10.25845 ], [ -84.08061, 10.25773 ], [ -84.08179, 10.25395 ], [ -84.08019, 10.25077 ], [ -84.08339, 10.24179 ], [ -84.08478, 10.23232 ], [ -84.09086, 10.2294 ], [ -84.09667, 10.22369 ], [ -84.09952, 10.21733 ], [ -84.09879, 10.21459 ], [ -84.10036, 10.21065 ], [ -84.10111, 10.19934 ], [ -84.10449, 10.20018 ], [ -84.10352, 10.21277 ], [ -84.10428, 10.21857 ], [ -84.10222, 10.22071 ], [ -84.10305, 10.22461 ], [ -84.10503, 10.22646 ], [ -84.10466, 10.23431 ], [ -84.10692, 10.23533 ], [ -84.10649, 10.23741 ], [ -84.10979, 10.24064 ], [ -84.11008, 10.24205 ], [ -84.10861, 10.24315 ], [ -84.10973, 10.24578 ], [ -84.1079, 10.2495 ], [ -84.11244, 10.25248 ], [ -84.11289, 10.26029 ], [ -84.11476, 10.26199 ], [ -84.11898, 10.26171 ], [ -84.12241, 10.26622 ], [ -84.12528, 10.26548 ], [ -84.12871, 10.26927 ], [ -84.13063, 10.26946 ], [ -84.13189, 10.27181 ], [ -84.13481, 10.27295 ], [ -84.14342, 10.28136 ], [ -84.14427, 10.28534 ], [ -84.14689, 10.2864 ], [ -84.1471, 10.28921 ], [ -84.14949, 10.28768 ], [ -84.15076, 10.28978 ], [ -84.15606, 10.28995 ], [ -84.15731, 10.29543 ], [ -84.15878, 10.29488 ], [ -84.15821, 10.29694 ], [ -84.16039, 10.2956 ], [ -84.16107, 10.29729 ], [ -84.16123, 10.5753 ], [ -84.15768, 10.57536 ], [ -84.15502, 10.57825 ], [ -84.15304, 10.57792 ], [ -84.14959, 10.57464 ], [ -84.14661, 10.57585 ], [ -84.14336, 10.57377 ], [ -84.14118, 10.57523 ], [ -84.14129, 10.5782 ], [ -84.13698, 10.57637 ], [ -84.13263, 10.57618 ], [ -84.12944, 10.57876 ], [ -84.13183, 10.58249 ], [ -84.13016, 10.58411 ], [ -84.12288, 10.58516 ], [ -84.12368, 10.58803 ], [ -84.1215, 10.58984 ], [ -84.118, 10.58816 ], [ -84.11452, 10.59097 ], [ -84.10947, 10.58992 ], [ -84.10619, 10.59069 ], [ -84.10868, 10.59287 ], [ -84.10871, 10.59496 ], [ -84.10643, 10.59305 ], [ -84.10256, 10.59324 ], [ -84.09995, 10.58999 ], [ -84.09662, 10.59127 ], [ -84.09275, 10.58735 ], [ -84.08821, 10.59298 ], [ -84.08423, 10.59316 ], [ -84.08336, 10.59045 ], [ -84.08066, 10.59287 ], [ -84.08045, 10.58885 ], [ -84.07753, 10.58784 ], [ -84.07666, 10.59131 ], [ -84.07087, 10.59207 ], [ -84.06994, 10.59668 ], [ -84.0663, 10.60366 ], [ -84.06263, 10.60309 ], [ -84.06077, 10.60463 ], [ -84.06086, 10.60666 ], [ -84.05882, 10.6077 ], [ -84.05705, 10.61455 ], [ -84.05515, 10.61654 ], [ -84.04887, 10.616 ], [ -84.04766, 10.62006 ], [ -84.04253, 10.62158 ], [ -84.03973, 10.62608 ], [ -84.0386, 10.63365 ], [ -84.03548, 10.63448 ], [ -84.03451, 10.63319 ], [ -84.03195, 10.63338 ], [ -84.03018, 10.6383 ], [ -84.02278, 10.63881 ], [ -84.02269, 10.64062 ], [ -84.02456, 10.64284 ], [ -84.02094, 10.64585 ], [ -84.01924, 10.64564 ], [ -84.01952, 10.64951 ], [ -84.016, 10.64869 ], [ -84.01667, 10.6534 ], [ -84.01504, 10.65553 ], [ -84.00633, 10.65872 ], [ -84.00667, 10.66053 ], [ -84.00391, 10.6626 ], [ -84.00378, 10.6647 ], [ -84.00028, 10.66931 ], [ -84.00009, 10.65255 ], [ -83.99624, 10.64702 ], [ -84.00016, 10.6367 ], [ -83.99529, 10.63373 ], [ -83.9953, 10.63152 ], [ -83.99876, 10.62757 ], [ -83.9945, 10.62469 ], [ -83.99355, 10.62258 ], [ -84.00073, 10.62029 ], [ -84.00176, 10.61695 ], [ -84.00041, 10.61407 ], [ -83.99319, 10.61228 ], [ -83.99615, 10.60554 ], [ -83.99383, 10.59684 ], [ -83.99513, 10.5925 ], [ -83.99644, 10.59125 ], [ -84.00092, 10.59286 ], [ -84.0046, 10.59149 ], [ -84.00268, 10.5848 ], [ -84.00909, 10.57621 ], [ -84.009, 10.57338 ], [ -84.01082, 10.57282 ], [ -84.00908, 10.56999 ], [ -84.0112, 10.5671 ], [ -84.0106, 10.56511 ], [ -84.01274, 10.56524 ], [ -84.01262, 10.56372 ], [ -84.01419, 10.56393 ], [ -84.01518, 10.56188 ], [ -84.01893, 10.56184 ], [ -84.0191, 10.55834 ], [ -84.02017, 10.56029 ], [ -84.02453, 10.5586 ], [ -84.02311, 10.5549 ], [ -84.02581, 10.5562 ], [ -84.02678, 10.55308 ], [ -84.02653, 10.55486 ], [ -84.02844, 10.55554 ], [ -84.02999, 10.54985 ], [ -84.0331, 10.54915 ], [ -84.03539, 10.54637 ], [ -84.03973, 10.54705 ], [ -84.04482, 10.54431 ], [ -84.0432, 10.54222 ], [ -84.04429, 10.53958 ], [ -84.04303, 10.53883 ], [ -84.04439, 10.53809 ], [ -84.04373, 10.53651 ], [ -84.04576, 10.53264 ], [ -84.04768, 10.53518 ], [ -84.04867, 10.53248 ], [ -84.0502, 10.53372 ], [ -84.04963, 10.53151 ], [ -84.05171, 10.53096 ], [ -84.05197, 10.52886 ], [ -84.05229, 10.53035 ], [ -84.05719, 10.52787 ], [ -84.05564, 10.52648 ], [ -84.06097, 10.52605 ], [ -84.06244, 10.52785 ], [ -84.06204, 10.52673 ], [ -84.06378, 10.52681 ], [ -84.06504, 10.52517 ], [ -84.06817, 10.52549 ], [ -84.07029, 10.52206 ], [ -84.06907, 10.52065 ], [ -84.07082, 10.51885 ], [ -84.07355, 10.52089 ], [ -84.07333, 10.51903 ], [ -84.0756, 10.5202 ], [ -84.07618, 10.51853 ], [ -84.07865, 10.51821 ], [ -84.07806, 10.51678 ], [ -84.07627, 10.51742 ], [ -84.0755, 10.51462 ], [ -84.07734, 10.51406 ], [ -84.07955, 10.5156 ], [ -84.08123, 10.51354 ], [ -84.07953, 10.51177 ], [ -84.08201, 10.51145 ], [ -84.08255, 10.50999 ], [ -84.08219, 10.50883 ], [ -84.0791, 10.50949 ], [ -84.07703, 10.49594 ], [ -84.07461, 10.49571 ], [ -84.07383, 10.49114 ], [ -84.07188, 10.48817 ], [ -84.07258, 10.48497 ], [ -84.0681, 10.48023 ], [ -84.06873, 10.47503 ], [ -84.06584, 10.47389 ], [ -84.06316, 10.47078 ], [ -84.06489, 10.46139 ], [ -84.07406, 10.45582 ], [ -84.07508, 10.44943 ], [ -84.07126, 10.44856 ], [ -84.06563, 10.45074 ], [ -84.06143, 10.44951 ], [ -84.05545, 10.45023 ], [ -84.04918, 10.44502 ], [ -84.04406, 10.44331 ], [ -84.04091, 10.4378 ], [ -84.03449, 10.43972 ], [ -84.03451, 10.43659 ], [ -84.03017, 10.43612 ], [ -84.02688, 10.43222 ], [ -84.02467, 10.43267 ], [ -84.02495, 10.43793 ], [ -84.02295, 10.43967 ], [ -84.0198, 10.43727 ], [ -84.01864, 10.44032 ], [ -84.01318, 10.44035 ], [ -84.01419, 10.44404 ], [ -84.0111, 10.44409 ], [ -84.01015, 10.44025 ], [ -84.01109, 10.43912 ] ] ] } },
{ "type": "Feature", "properties": { "cod_distrito": 21601, "distrito": "Río Cuarto", "canton": "Río Cuarto", "ha_2000": 156.0, "ha_2015": 321.0, "ha_2017": 358.0, "ha_2018": 351.0, "ha_2019": 350.0 }, "geometry": { "type": "Polygon", "coordinates": [ [ [ -84.18168, 10.37231 ], [ -84.18284, 10.37097 ], [ -84.1817, 10.36961 ], [ -84.18327, 10.36799 ], [ -84.18349, 10.36451 ], [ -84.18079, 10.35677 ], [ -84.18105, 10.35388 ], [ -84.18239, 10.35083 ], [ -84.18544, 10.34911 ], [ -84.1866, 10.34534 ], [ -84.18462, 10.33883 ], [ -84.18907, 10.33542 ], [ -84.18954, 10.33278 ], [ -84.1924, 10.33082 ], [ -84.19513, 10.32625 ], [ -84.19411, 10.31818 ], [ -84.1981, 10.31045 ], [ -84.1967, 10.30901 ], [ -84.19794, 10.30749 ], [ -84.1972, 10.306 ], [ -84.19189, 10.30247 ], [ -84.19263, 10.29946 ], [ -84.19446, 10.29687 ], [ -84.20222, 10.29178 ], [ -84.20534, 10.28651 ], [ -84.20251, 10.28631 ], [ -84.20168, 10.28432 ], [ -84.19988, 10.28527 ], [ -84.2001, 10.27945 ], [ -84.20183, 10.27566 ], [ -84.20442, 10.27462 ], [ -84.20625, 10.27093 ], [ -84.21057, 10.26772 ], [ -84.21215, 10.25841 ], [ -84.21533, 10.25154 ], [ -84.21822, 10.24937 ], [ -84.22465, 10.24693 ], [ -84.23096, 10.24695 ], [ -84.24198, 10.24192 ], [ -84.24755, 10.2448 ], [ -84.24932, 10.24423 ], [ -84.25392, 10.2491 ], [ -84.25912, 10.25045 ], [ -84.25926, 10.25192 ], [ -84.26306, 10.25524 ], [ -84.26278, 10.2583 ], [ -84.26519, 10.25937 ], [ -84.26579, 10.26115 ], [ -84.26217, 10.26704 ], [ -84.26484, 10.27642 ], [ -84.26169, 10.28199 ], [ -84.26195, 10.28373 ], [ -84.25997, 10.28491 ], [ -84.25991, 10.28787 ], [ -84.25825, 10.28841 ], [ -84.25645, 10.29175 ], [ -84.25788, 10.29406 ], [ -84.25671, 10.29629 ], [ -84.25764, 10.2985 ], [ -84.25682, 10.30157 ], [ -84.25362, 10.30388 ], [ -84.25304, 10.30658 ], [ -84.25004, 10.30932 ], [ -84.24964, 10.31097 ], [ -84.25097, 10.31244 ], [ -84.24802, 10.31338 ], [ -84.2478, 10.31629 ], [ -84.24487, 10.3175 ], [ -84.24585, 10.32029 ], [ -84.24307, 10.32069 ], [ -84.24325, 10.32205 ], [ -84.24578, 10.32297 ], [ -84.24578, 10.32517 ], [ -84.24319, 10.32498 ], [ -84.24404, 10.32769 ], [ -84.24066, 10.32914 ], [ -84.24063, 10.33086 ], [ -84.23886, 10.33223 ], [ -84.24037, 10.33337 ], [ -84.24172, 10.33234 ], [ -84.24594, 10.33327 ], [ -84.24779, 10.33684 ], [ -84.24844, 10.34073 ], [ -84.24547, 10.34443 ], [ -84.24458, 10.34989 ], [ -84.24312, 10.3503 ], [ -84.24492, 10.3527 ], [ -84.24256, 10.35431 ], [ -84.2433, 10.35561 ], [ -84.24489, 10.35472 ], [ -84.24644, 10.35728 ], [ -84.24508, 10.35969 ], [ -84.2496, 10.36803 ], [ -84.25007, 10.37103 ], [ -84.24906, 10.37271 ], [ -84.25234, 10.37333 ], [ -84.25218, 10.37471 ], [ -84.24965, 10.37616 ], [ -84.25346, 10.38261 ], [ -84.25314, 10.38728 ], [ -84.25555, 10.39035 ], [ -84.25814, 10.39872 ], [ -84.23864, 10.39645 ], [ -84.23887, 10.38186 ], [ -84.22892, 10.3809 ], [ -84.22849, 10.38195 ], [ -84.2141, 10.38284 ], [ -84.21228, 10.38025 ], [ -84.20578, 10.37786 ], [ -84.20254, 10.3779 ], [ -84.2001, 10.38085 ], [ -84.20041, 10.38581 ], [ -84.20281, 10.38594 ], [ -84.20208, 10.3928 ], [ -84.1961, 10.38806 ], [ -84.19353, 10.38764 ], [ -84.19263, 10.38271 ], [ -84.18901, 10.37785 ], [ -84.18616, 10.37951 ], [ -84.18457, 10.37236 ], [ -84.18168, 10.37231 ] ] ] } },
{ "type": "Feature", "properties": { "cod_distrito": 21007, "distrito": "La Fortuna", "canton": "San Carlos", "ha_2000": 0.0, "ha_2015": 401.0, "ha_2017": 100.0, "ha_2018": 94.0, "ha_2019": 92.0 }, "geometry": { "type": "Polygon", "coordinates": [ [ [ -84.53878, 10.49573 ], [ -84.53763, 10.4943 ], [ -84.53783, 10.49128 ], [ -84.53408, 10.49104 ], [ -84.52922, 10.49324 ], [ -84.52622, 10.49024 ], [ -84.52484, 10.48884 ], [ -84.525, 10.48189 ], [ -84.52024, 10.48144 ], [ -84.51036, 10.47752 ], [ -84.51311, 10.47362 ], [ -84.51861, 10.47349 ], [ -84.5199, 10.47178 ], [ -84.51888, 10.4701 ], [ -84.52429, 10.46796 ], [ -84.52316, 10.46597 ], [ -84.5237, 10.46023 ], [ -84.52093, 10.4568 ], [ -84.52333, 10.45437 ], [ -84.52345, 10.45258 ], [ -84.519, 10.45238 ], [ -84.51682, 10.44902 ], [ -84.51896, 10.44506 ], [ -84.52265, 10.44699 ], [ -84.52697, 10.44459 ], [ -84.52876, 10.43952 ], [ -84.53006, 10.43965 ], [ -84.52982, 10.44236 ], [ -84.53178, 10.4427 ], [ -84.53545, 10.43826 ], [ -84.54083, 10.43557 ], [ -84.54412, 10.43742 ], [ -84.54674, 10.43662 ], [ -84.54971, 10.44169 ], [ -84.55519, 10.44314 ], [ -84.55525, 10.44486 ], [ -84.55929, 10.44492 ], [ -84.55701, 10.44861 ], [ -84.56166, 10.44826 ], [ -84.56285, 10.44959 ], [ -84.56483, 10.44785 ], [ -84.56196, 10.44509 ], [ -84.56734, 10.444 ], [ -84.56879, 10.44118 ], [ -84.57051, 10.44099 ], [ -84.57078, 10.43916 ], [ -84.57247, 10.43924 ], [ -84.57345, 10.44092 ], [ -84.575, 10.43975 ], [ -84.57714, 10.44134 ], [ -84.58267, 10.43808 ], [ -84.58384, 10.43856 ], [ -84.58271, 10.44199 ], [ -84.58695, 10.44358 ], [ -84.59033, 10.44423 ], [ -84.59249, 10.44273 ], [ -84.59448, 10.44563 ], [ -84.59685, 10.44631 ], [ -84.6014, 10.44518 ], [ -84.60144, 10.44309 ], [ -84.60877, 10.44514 ], [ -84.61023, 10.44699 ], [ -84.61551, 10.44922 ], [ -84.61745, 10.44867 ], [ -84.62034, 10.45392 ], [ -84.62345, 10.45554 ], [ -84.62451, 10.45496 ], [ -84.62653, 10.45684 ], [ -84.62827, 10.45534 ], [ -84.62869, 10.45671 ], [ -84.63024, 10.45641 ], [ -84.63385, 10.45374 ], [ -84.64152, 10.4547 ], [ -84.64966, 10.45032 ], [ -84.64989, 10.44737 ], [ -84.65102, 10.447 ], [ -84.65085, 10.44161 ], [ -84.65609, 10.42907 ], [ -84.66483, 10.41871 ], [ -84.66516, 10.41578 ], [ -84.66861, 10.41088 ], [ -84.68828, 10.44282 ], [ -84.72128, 10.37669 ], [ -84.72128, 10.38017 ], [ -84.72685, 10.38746 ], [ -84.72664, 10.39127 ], [ -84.73121, 10.3949 ], [ -84.73376, 10.39399 ], [ -84.73727, 10.39527 ], [ -84.73675, 10.39661 ], [ -84.73845, 10.39594 ], [ -84.73995, 10.39789 ], [ -84.74329, 10.39789 ], [ -84.74482, 10.39933 ], [ -84.74722, 10.39871 ], [ -84.74729, 10.40134 ], [ -84.74976, 10.40521 ], [ -84.74949, 10.40762 ], [ -84.75322, 10.41285 ], [ -84.7526, 10.41696 ], [ -84.75102, 10.41732 ], [ -84.75198, 10.42207 ], [ -84.7476, 10.42958 ], [ -84.74978, 10.43132 ], [ -84.74923, 10.43289 ], [ -84.75092, 10.43505 ], [ -84.75062, 10.43366 ], [ -84.75172, 10.43367 ], [ -84.75024, 10.43068 ], [ -84.75201, 10.42754 ], [ -84.75087, 10.43072 ], [ -84.75304, 10.43311 ], [ -84.75232, 10.42979 ], [ -84.75547, 10.43166 ], [ -84.75599, 10.42912 ], [ -84.75688, 10.43081 ], [ -84.76112, 10.43053 ], [ -84.76194, 10.43209 ], [ -84.76311, 10.43125 ], [ -84.76367, 10.43212 ], [ -84.76592, 10.42899 ], [ -84.76613, 10.42436 ], [ -84.77341, 10.46453 ], [ -84.77344, 10.49695 ], [ -84.77175, 10.49837 ], [ -84.76791, 10.49777 ], [ -84.7659, 10.49966 ], [ -84.7602, 10.49962 ], [ -84.75604, 10.50306 ], [ -84.7477, 10.50557 ], [ -84.74184, 10.51749 ], [ -84.73705, 10.51847 ], [ -84.73253, 10.51756 ], [ -84.72947, 10.51916 ], [ -84.7283, 10.52294 ], [ -84.72134, 10.51409 ], [ -84.71904, 10.51358 ], [ -84.71681, 10.5041 ], [ -84.71263, 10.5073 ], [ -84.70816, 10.50538 ], [ -84.70515, 10.50898 ], [ -84.70164, 10.50987 ], [ -84.69797, 10.50701 ], [ -84.69346, 10.50576 ], [ -84.68685, 10.50964 ], [ -84.68621, 10.51226 ], [ -84.684, 10.51318 ], [ -84.68499, 10.51557 ], [ -84.67649, 10.5196 ], [ -84.66743, 10.51383 ], [ -84.66345, 10.51546 ], [ -84.66079, 10.5136 ], [ -84.65643, 10.51525 ], [ -84.64981, 10.51117 ], [ -84.64479, 10.5137 ], [ -84.64317, 10.51011 ], [ -84.64098, 10.51255 ], [ -84.63853, 10.51281 ], [ -84.63868, 10.5148 ], [ -84.63303, 10.51474 ], [ -84.6308, 10.51234 ], [ -84.62955, 10.51314 ], [ -84.63011, 10.51444 ], [ -84.62783, 10.5157 ], [ -84.62648, 10.51424 ], [ -84.62413, 10.51498 ], [ -84.62283, 10.51284 ], [ -84.62047, 10.51329 ], [ -84.61704, 10.51188 ], [ -84.614, 10.51279 ], [ -84.61159, 10.51112 ], [ -84.60592, 10.51253 ], [ -84.60338, 10.50871 ], [ -84.59858, 10.50896 ], [ -84.60034, 10.5058 ], [ -84.59814, 10.50189 ], [ -84.5929, 10.50215 ], [ -84.59313, 10.50036 ], [ -84.59084, 10.49739 ], [ -84.58775, 10.50026 ], [ -84.58527, 10.49788 ], [ -84.57752, 10.49751 ], [ -84.57337, 10.49361 ], [ -84.56921, 10.49572 ], [ -84.5656, 10.49379 ], [ -84.5618, 10.49466 ], [ -84.55631, 10.49072 ], [ -84.5491, 10.49357 ], [ -84.54609, 10.49848 ], [ -84.54202, 10.49701 ], [ -84.54105, 10.49493 ], [ -84.53878, 10.49573 ] ] ] } },
{ "type": "Feature", "properties": { "cod_distrito": 21603, "distrito": "Santa Isabel", "canton": "Río Cuarto", "ha_2000": 494.0, "ha_2015": 4310.0, "ha_2017": 4325.0, "ha_2018": 4161.0, "ha_2019": 4143.0 }, "geometry": { "type": "Polygon", "coordinates": [ [ [ -84.16123, 10.5753 ], [ -84.16124, 10.43999 ], [ -84.17825, 10.43707 ], [ -84.1842, 10.43316 ], [ -84.19476, 10.43589 ], [ -84.20242, 10.42971 ], [ -84.20866, 10.43286 ], [ -84.21631, 10.42976 ], [ -84.22758, 10.43339 ], [ -84.25442, 10.43369 ], [ -84.2544, 10.43827 ], [ -84.25305, 10.44065 ], [ -84.24912, 10.442 ], [ -84.24643, 10.44959 ], [ -84.24109, 10.45306 ], [ -84.24209, 10.45618 ], [ -84.23931, 10.46326 ], [ -84.23972, 10.46495 ], [ -84.23644, 10.46867 ], [ -84.23753, 10.47177 ], [ -84.23599, 10.47303 ], [ -84.2362, 10.47513 ], [ -84.23368, 10.47872 ], [ -84.23373, 10.48154 ], [ -84.23087, 10.48771 ], [ -84.23299, 10.49392 ], [ -84.23113, 10.49673 ], [ -84.23359, 10.49958 ], [ -84.23285, 10.50055 ], [ -84.23157, 10.49903 ], [ -84.23034, 10.49945 ], [ -84.23021, 10.50479 ], [ -84.22802, 10.50389 ], [ -84.22605, 10.50755 ], [ -84.22238, 10.50744 ], [ -84.22098, 10.51237 ], [ -84.21757, 10.51431 ], [ -84.21648, 10.51686 ], [ -84.20992, 10.52264 ], [ -84.21067, 10.52658 ], [ -84.21396, 10.52631 ], [ -84.21487, 10.52733 ], [ -84.212, 10.5309 ], [ -84.21253, 10.53554 ], [ -84.21016, 10.53637 ], [ -84.20999, 10.54053 ], [ -84.20562, 10.54461 ], [ -84.20348, 10.54902 ], [ -84.20466, 10.55317 ], [ -84.20358, 10.5564 ], [ -84.19563, 10.55792 ], [ -84.19213, 10.56189 ], [ -84.18739, 10.56223 ], [ -84.18654, 10.56548 ], [ -84.18183, 10.56722 ], [ -84.17988, 10.57245 ], [ -84.17701, 10.57375 ], [ -84.17436, 10.57708 ], [ -84.17119, 10.57705 ], [ -84.17211, 10.57359 ], [ -84.16619, 10.57236 ], [ -84.16123, 10.5753 ] ] ] } },
{ "type": "Feature", "properties": { "cod_distrito": 21012, "distrito": "Monterrey", "canton": "San Carlos", "ha_2000": 0.0, "ha_2015": 161.0, "ha_2017": 46.0, "ha_2018": 0.0, "ha_2019": 199.0 }, "geometry": { "type": "Polygon", "coordinates": [ [ [ -84.58456, 10.64756 ], [ -84.58385, 10.64392 ], [ -84.58481, 10.64153 ], [ -84.58867, 10.64027 ], [ -84.59072, 10.63771 ], [ -84.59389, 10.63837 ], [ -84.59323, 10.63504 ], [ -84.5954, 10.6339 ], [ -84.59606, 10.62807 ], [ -84.59842, 10.62666 ], [ -84.59645, 10.62465 ], [ -84.59623, 10.62055 ], [ -84.59755, 10.61874 ], [ -84.59627, 10.61661 ], [ -84.5992, 10.61274 ], [ -84.59813, 10.61106 ], [ -84.59919, 10.61025 ], [ -84.59921, 10.60619 ], [ -84.60394, 10.60433 ], [ -84.60302, 10.60107 ], [ -84.60426, 10.59957 ], [ -84.6032, 10.59833 ], [ -84.6061, 10.59636 ], [ -84.60508, 10.59458 ], [ -84.60366, 10.59507 ], [ -84.60553, 10.59114 ], [ -84.60508, 10.58951 ], [ -84.59976, 10.58787 ], [ -84.59469, 10.59046 ], [ -84.58158, 10.59151 ], [ -84.57783, 10.58972 ], [ -84.57473, 10.58514 ], [ -84.56955, 10.58609 ], [ -84.56133, 10.58435 ], [ -84.56171, 10.57771 ], [ -84.56711, 10.57353 ], [ -84.57092, 10.56547 ], [ -84.5713, 10.56124 ], [ -84.56954, 10.5595 ], [ -84.56905, 10.55647 ], [ -84.57079, 10.55484 ], [ -84.57001, 10.55176 ], [ -84.57165, 10.54999 ], [ -84.57151, 10.54679 ], [ -84.57353, 10.54566 ], [ -84.57333, 10.54215 ], [ -84.5708, 10.53943 ], [ -84.56727, 10.54087 ], [ -84.56553, 10.53894 ], [ -84.55841, 10.53764 ], [ -84.55799, 10.53606 ], [ -84.55507, 10.53535 ], [ -84.55445, 10.53367 ], [ -84.55217, 10.53433 ], [ -84.55045, 10.53139 ], [ -84.547, 10.53031 ], [ -84.54248, 10.53113 ], [ -84.53737, 10.52658 ], [ -84.52992, 10.52314 ], [ -84.5278, 10.51877 ], [ -84.5283, 10.51751 ], [ -84.5257, 10.51439 ], [ -84.52607, 10.51024 ], [ -84.51951, 10.5092 ], [ -84.52038, 10.50749 ], [ -84.5183, 10.50681 ], [ -84.51826, 10.5057 ], [ -84.52107, 10.50393 ], [ -84.52476, 10.50551 ], [ -84.52533, 10.50443 ], [ -84.5232, 10.50262 ], [ -84.52301, 10.50079 ], [ -84.52589, 10.49951 ], [ -84.52739, 10.50209 ], [ -84.53055, 10.50241 ], [ -84.53196, 10.4989 ], [ -84.53488, 10.49698 ], [ -84.53674, 10.49746 ], [ -84.53943, 10.49512 ], [ -84.54105, 10.49493 ], [ -84.54224, 10.49716 ], [ -84.54617, 10.49845 ], [ -84.5491, 10.49357 ], [ -84.55631, 10.49072 ], [ -84.5618, 10.49466 ], [ -84.5656, 10.49379 ], [ -84.56921, 10.49572 ], [ -84.57406, 10.4938 ], [ -84.57752, 10.49751 ], [ -84.58527, 10.49788 ], [ -84.58775, 10.50026 ], [ -84.59084, 10.49739 ], [ -84.59313, 10.50036 ], [ -84.5929, 10.50215 ], [ -84.59814, 10.50189 ], [ -84.60034, 10.5058 ], [ -84.59858, 10.50896 ], [ -84.60338, 10.50871 ], [ -84.60592, 10.51253 ], [ -84.61159, 10.51112 ], [ -84.614, 10.51279 ], [ -84.61704, 10.51188 ], [ -84.62047, 10.51329 ], [ -84.62283, 10.51284 ], [ -84.62413, 10.51498 ], [ -84.62648, 10.51424 ], [ -84.62783, 10.5157 ], [ -84.63011, 10.51444 ], [ -84.62955, 10.51314 ], [ -84.6308, 10.51234 ], [ -84.63303, 10.51474 ], [ -84.63868, 10.5148 ], [ -84.63853, 10.51281 ], [ -84.64098, 10.51255 ], [ -84.64317, 10.51011 ], [ -84.64477, 10.5137 ], [ -84.64981, 10.51117 ], [ -84.65643, 10.51525 ], [ -84.66079, 10.5136 ], [ -84.66345, 10.51546 ], [ -84.66731, 10.5138 ], [ -84.6768, 10.51961 ], [ -84.68499, 10.51557 ], [ -84.684, 10.51318 ], [ -84.68621, 10.51226 ], [ -84.68685, 10.50964 ], [ -84.69346, 10.50576 ], [ -84.69797, 10.50701 ], [ -84.70164, 10.50987 ], [ -84.70515, 10.50898 ], [ -84.70816, 10.50538 ], [ -84.71263, 10.5073 ], [ -84.71332, 10.50582 ], [ -84.71756, 10.50441 ], [ -84.717, 10.5066 ], [ -84.71907, 10.51052 ], [ -84.71904, 10.51358 ], [ -84.72134, 10.51409 ], [ -84.72436, 10.51718 ], [ -84.7261, 10.5213 ], [ -84.72884, 10.52271 ], [ -84.72973, 10.52664 ], [ -84.72868, 10.52695 ], [ -84.72811, 10.53012 ], [ -84.72606, 10.53122 ], [ -84.72583, 10.53671 ], [ -84.72138, 10.53998 ], [ -84.7194, 10.53909 ], [ -84.71718, 10.54131 ], [ -84.7189, 10.54338 ], [ -84.71937, 10.54708 ], [ -84.71284, 10.55015 ], [ -84.70777, 10.54944 ], [ -84.70549, 10.55239 ], [ -84.70617, 10.55994 ], [ -84.70875, 10.56038 ], [ -84.70931, 10.56315 ], [ -84.70757, 10.56295 ], [ -84.7079, 10.5647 ], [ -84.70578, 10.56435 ], [ -84.70485, 10.5659 ], [ -84.70567, 10.56641 ], [ -84.70096, 10.57047 ], [ -84.70017, 10.5793 ], [ -84.69648, 10.58629 ], [ -84.69655, 10.59077 ], [ -84.69821, 10.59257 ], [ -84.69245, 10.59476 ], [ -84.69066, 10.59681 ], [ -84.68449, 10.59402 ], [ -84.68187, 10.59486 ], [ -84.68557, 10.60264 ], [ -84.68419, 10.60436 ], [ -84.68672, 10.60522 ], [ -84.68582, 10.61252 ], [ -84.68772, 10.6118 ], [ -84.69033, 10.61474 ], [ -84.69165, 10.61254 ], [ -84.69224, 10.61432 ], [ -84.68975, 10.61673 ], [ -84.6914, 10.62883 ], [ -84.68442, 10.63819 ], [ -84.68315, 10.64615 ], [ -84.68161, 10.64656 ], [ -84.68184, 10.64511 ], [ -84.67685, 10.64306 ], [ -84.67551, 10.64407 ], [ -84.67506, 10.64287 ], [ -84.67367, 10.64314 ], [ -84.67258, 10.64045 ], [ -84.66967, 10.63961 ], [ -84.66815, 10.63708 ], [ -84.66365, 10.63743 ], [ -84.66052, 10.63962 ], [ -84.65776, 10.63847 ], [ -84.64733, 10.63848 ], [ -84.64881, 10.64519 ], [ -84.64671, 10.65086 ], [ -84.64821, 10.65086 ], [ -84.64808, 10.65272 ], [ -84.64929, 10.65268 ], [ -84.64929, 10.65878 ], [ -84.65095, 10.66127 ], [ -84.64903, 10.66137 ], [ -84.64992, 10.66269 ], [ -84.64259, 10.66234 ], [ -84.63291, 10.65185 ], [ -84.62896, 10.64999 ], [ -84.62715, 10.64521 ], [ -84.62469, 10.64441 ], [ -84.62216, 10.63859 ], [ -84.62044, 10.62944 ], [ -84.61576, 10.63222 ], [ -84.61454, 10.63644 ], [ -84.61537, 10.6407 ], [ -84.61378, 10.64412 ], [ -84.6145, 10.64754 ], [ -84.58456, 10.64756 ] ] ] } },
{ "type": "Feature", "properties": { "cod_distrito": 21404, "distrito": "San Jorge", "canton": "Los Chiles", "ha_2000": 0.0, "ha_2015": 79.0, "ha_2017": 404.0, "ha_2018": 396.0, "ha_2019": 386.0 }, "geometry": { "type": "Polygon", "coordinates": [ [ [ -84.58456, 10.64756 ], [ -84.6145, 10.64754 ], [ -84.61378, 10.64412 ], [ -84.61537, 10.6407 ], [ -84.61454, 10.63644 ], [ -84.61576, 10.63222 ], [ -84.62044, 10.62944 ], [ -84.62231, 10.63897 ], [ -84.62503, 10.64488 ], [ -84.62778, 10.64614 ], [ -84.62896, 10.64999 ], [ -84.63291, 10.65185 ], [ -84.64259, 10.66234 ], [ -84.65037, 10.66303 ], [ -84.65108, 10.66212 ], [ -84.65149, 10.66435 ], [ -84.65392, 10.66427 ], [ -84.65799, 10.66764 ], [ -84.65958, 10.67187 ], [ -84.66264, 10.67294 ], [ -84.66241, 10.67494 ], [ -84.66852, 10.67951 ], [ -84.67271, 10.68706 ], [ -84.67756, 10.68705 ], [ -84.67906, 10.68856 ], [ -84.68254, 10.6963 ], [ -84.67972, 10.69995 ], [ -84.68428, 10.70856 ], [ -84.68561, 10.71514 ], [ -84.68696, 10.71738 ], [ -84.69666, 10.71974 ], [ -84.69877, 10.72249 ], [ -84.70005, 10.72797 ], [ -84.70512, 10.72975 ], [ -84.7059, 10.73896 ], [ -84.70497, 10.74153 ], [ -84.71065, 10.75196 ], [ -84.71381, 10.75211 ], [ -84.7151, 10.7536 ], [ -84.71686, 10.75284 ], [ -84.71908, 10.75364 ], [ -84.72058, 10.75611 ], [ -84.72836, 10.75765 ], [ -84.73104, 10.76003 ], [ -84.73288, 10.75912 ], [ -84.73523, 10.76036 ], [ -84.73916, 10.76554 ], [ -84.73822, 10.76748 ], [ -84.73907, 10.76906 ], [ -84.74262, 10.77092 ], [ -84.74146, 10.77173 ], [ -84.74279, 10.77491 ], [ -84.7384, 10.7731 ], [ -84.72911, 10.77279 ], [ -84.72672, 10.7676 ], [ -84.72206, 10.7669 ], [ -84.71765, 10.76256 ], [ -84.71297, 10.76024 ], [ -84.70167, 10.76362 ], [ -84.69556, 10.7681 ], [ -84.69606, 10.77333 ], [ -84.69342, 10.77637 ], [ -84.69481, 10.77893 ], [ -84.68208, 10.78166 ], [ -84.68099, 10.77908 ], [ -84.67312, 10.77926 ], [ -84.66911, 10.77462 ], [ -84.66614, 10.77403 ], [ -84.65725, 10.76479 ], [ -84.65758, 10.76249 ], [ -84.65962, 10.76076 ], [ -84.65741, 10.75738 ], [ -84.65816, 10.75473 ], [ -84.6529, 10.74066 ], [ -84.63877, 10.74094 ], [ -84.63968, 10.74488 ], [ -84.6384, 10.74849 ], [ -84.6408, 10.74905 ], [ -84.6418, 10.75134 ], [ -84.64012, 10.74996 ], [ -84.6383, 10.75112 ], [ -84.63822, 10.75027 ], [ -84.63694, 10.75112 ], [ -84.63331, 10.75032 ], [ -84.63443, 10.75147 ], [ -84.63343, 10.75265 ], [ -84.63515, 10.752 ], [ -84.63567, 10.75315 ], [ -84.63111, 10.75784 ], [ -84.62798, 10.75569 ], [ -84.6211, 10.75677 ], [ -84.61838, 10.75221 ], [ -84.61595, 10.75363 ], [ -84.6121, 10.75132 ], [ -84.60693, 10.75476 ], [ -84.59641, 10.75485 ], [ -84.5949, 10.75745 ], [ -84.59766, 10.76114 ], [ -84.5983, 10.76711 ], [ -84.59548, 10.77032 ], [ -84.59632, 10.77205 ], [ -84.59506, 10.7751 ], [ -84.59049, 10.78033 ], [ -84.58692, 10.78042 ], [ -84.58498, 10.77534 ], [ -84.57434, 10.77679 ], [ -84.57262, 10.77923 ], [ -84.57363, 10.78097 ], [ -84.57155, 10.78337 ], [ -84.57347, 10.78531 ], [ -84.57335, 10.78891 ], [ -84.56277, 10.78834 ], [ -84.55961, 10.78972 ], [ -84.55975, 10.79219 ], [ -84.54646, 10.79168 ], [ -84.54739, 10.79039 ], [ -84.54862, 10.79112 ], [ -84.54994, 10.7902 ], [ -84.54934, 10.78816 ], [ -84.54643, 10.78862 ], [ -84.54783, 10.78753 ], [ -84.54637, 10.78684 ], [ -84.54804, 10.78295 ], [ -84.54551, 10.78424 ], [ -84.54409, 10.78325 ], [ -84.5448, 10.78178 ], [ -84.54626, 10.78209 ], [ -84.54669, 10.78024 ], [ -84.54517, 10.78009 ], [ -84.54467, 10.77829 ], [ -84.54578, 10.77931 ], [ -84.54768, 10.77883 ], [ -84.54301, 10.77468 ], [ -84.54561, 10.77115 ], [ -84.54463, 10.77066 ], [ -84.54348, 10.77246 ], [ -84.54183, 10.77178 ], [ -84.54138, 10.77057 ], [ -84.54353, 10.77024 ], [ -84.54146, 10.76946 ], [ -84.54095, 10.76733 ], [ -84.53852, 10.76728 ], [ -84.53958, 10.76834 ], [ -84.53786, 10.76984 ], [ -84.53858, 10.76885 ], [ -84.53709, 10.76868 ], [ -84.5368, 10.76731 ], [ -84.5365, 10.76852 ], [ -84.53369, 10.76845 ], [ -84.53407, 10.76505 ], [ -84.5324, 10.76486 ], [ -84.53184, 10.76346 ], [ -84.52915, 10.76374 ], [ -84.52837, 10.76503 ], [ -84.52979, 10.76255 ], [ -84.52894, 10.76244 ], [ -84.52942, 10.76038 ], [ -84.53116, 10.7599 ], [ -84.52887, 10.75763 ], [ -84.53008, 10.75591 ], [ -84.52835, 10.75586 ], [ -84.52826, 10.75284 ], [ -84.52655, 10.75169 ], [ -84.52929, 10.75055 ], [ -84.52703, 10.74993 ], [ -84.5275, 10.74753 ], [ -84.52614, 10.74703 ], [ -84.52447, 10.74734 ], [ -84.52422, 10.74922 ], [ -84.5228, 10.7475 ], [ -84.52048, 10.74963 ], [ -84.51911, 10.74848 ], [ -84.52191, 10.74717 ], [ -84.52037, 10.74423 ], [ -84.52252, 10.7449 ], [ -84.52423, 10.74335 ], [ -84.52197, 10.7425 ], [ -84.52236, 10.7406 ], [ -84.52379, 10.74039 ], [ -84.52415, 10.7415 ], [ -84.5251, 10.73964 ], [ -84.52601, 10.74006 ], [ -84.52664, 10.73919 ], [ -84.52442, 10.73944 ], [ -84.52414, 10.73827 ], [ -84.52699, 10.73668 ], [ -84.52346, 10.7345 ], [ -84.52399, 10.73251 ], [ -84.52644, 10.73213 ], [ -84.52365, 10.73131 ], [ -84.52478, 10.72937 ], [ -84.5236, 10.72777 ], [ -84.52487, 10.72629 ], [ -84.5225, 10.72531 ], [ -84.5239, 10.7229 ], [ -84.52041, 10.72104 ], [ -84.52272, 10.72041 ], [ -84.51962, 10.71438 ], [ -84.52014, 10.71286 ], [ -84.52102, 10.714 ], [ -84.52219, 10.71343 ], [ -84.52264, 10.7098 ], [ -84.52041, 10.70721 ], [ -84.52081, 10.70502 ], [ -84.52246, 10.70446 ], [ -84.52265, 10.70059 ], [ -84.51886, 10.69378 ], [ -84.52025, 10.69371 ], [ -84.52122, 10.69161 ], [ -84.52345, 10.69181 ], [ -84.5254, 10.68525 ], [ -84.52742, 10.68625 ], [ -84.53071, 10.68561 ], [ -84.52865, 10.68945 ], [ -84.53315, 10.68896 ], [ -84.53357, 10.68718 ], [ -84.53563, 10.68846 ], [ -84.53396, 10.69194 ], [ -84.53627, 10.69111 ], [ -84.53652, 10.68942 ], [ -84.53846, 10.68922 ], [ -84.53683, 10.68688 ], [ -84.54218, 10.68546 ], [ -84.54311, 10.68326 ], [ -84.54452, 10.685 ], [ -84.54452, 10.68357 ], [ -84.55076, 10.68268 ], [ -84.55077, 10.68476 ], [ -84.55266, 10.68504 ], [ -84.55574, 10.68172 ], [ -84.55707, 10.68367 ], [ -84.55946, 10.68335 ], [ -84.56015, 10.68489 ], [ -84.56123, 10.6821 ], [ -84.56224, 10.68275 ], [ -84.5644, 10.68121 ], [ -84.56402, 10.67826 ], [ -84.56558, 10.67728 ], [ -84.56628, 10.67419 ], [ -84.5692, 10.67463 ], [ -84.57071, 10.67351 ], [ -84.57138, 10.67117 ], [ -84.56946, 10.67022 ], [ -84.56984, 10.66651 ], [ -84.56867, 10.66554 ], [ -84.57126, 10.66176 ], [ -84.57012, 10.66042 ], [ -84.57307, 10.65896 ], [ -84.57645, 10.65989 ], [ -84.57815, 10.65375 ], [ -84.58004, 10.65462 ], [ -84.58544, 10.65163 ], [ -84.5843, 10.65017 ], [ -84.58456, 10.64756 ] ] ] } },
{ "type": "Feature", "properties": { "cod_distrito": 21403, "distrito": "El Amparo", "canton": "Los Chiles", "ha_2000": 0.0, "ha_2015": 3037.0, "ha_2017": 3536.0, "ha_2018": 3512.0, "ha_2019": 3568.0 }, "geometry": { "type": "Polygon", "coordinates": [ [ [ -84.56821, 10.84384 ], [ -84.54146, 10.84428 ], [ -84.54029, 10.84221 ], [ -84.54177, 10.83974 ], [ -84.53994, 10.84013 ], [ -84.54073, 10.83819 ], [ -84.53952, 10.83591 ], [ -84.54075, 10.83701 ], [ -84.54231, 10.83539 ], [ -84.54079, 10.83484 ], [ -84.54029, 10.83131 ], [ -84.53911, 10.83115 ], [ -84.5396, 10.83269 ], [ -84.53773, 10.83159 ], [ -84.53937, 10.82733 ], [ -84.54091, 10.82788 ], [ -84.54137, 10.82524 ], [ -84.54042, 10.82656 ], [ -84.53842, 10.82525 ], [ -84.54032, 10.82371 ], [ -84.53872, 10.82244 ], [ -84.54056, 10.82286 ], [ -84.54059, 10.8211 ], [ -84.54338, 10.82057 ], [ -84.54384, 10.81936 ], [ -84.5424, 10.81977 ], [ -84.54327, 10.81766 ], [ -84.54124, 10.81769 ], [ -84.54451, 10.81539 ], [ -84.54575, 10.81591 ], [ -84.54715, 10.81371 ], [ -84.55003, 10.81341 ], [ -84.55, 10.8146 ], [ -84.55128, 10.81471 ], [ -84.55054, 10.81215 ], [ -84.54575, 10.81074 ], [ -84.54665, 10.80925 ], [ -84.5454, 10.80908 ], [ -84.54569, 10.80622 ], [ -84.5433, 10.80603 ], [ -84.54482, 10.80553 ], [ -84.54384, 10.80302 ], [ -84.54547, 10.80397 ], [ -84.54768, 10.8027 ], [ -84.54577, 10.80133 ], [ -84.54767, 10.80076 ], [ -84.54622, 10.79936 ], [ -84.5456, 10.79514 ], [ -84.54639, 10.79589 ], [ -84.54904, 10.79471 ], [ -84.54855, 10.79221 ], [ -84.55975, 10.79219 ], [ -84.55961, 10.78972 ], [ -84.56277, 10.78834 ], [ -84.57335, 10.78891 ], [ -84.57347, 10.78531 ], [ -84.57155, 10.78337 ], [ -84.57363, 10.78097 ], [ -84.57262, 10.77923 ], [ -84.57434, 10.77679 ], [ -84.58498, 10.77534 ], [ -84.58692, 10.78042 ], [ -84.59071, 10.78018 ], [ -84.59506, 10.7751 ], [ -84.59632, 10.77205 ], [ -84.59548, 10.77032 ], [ -84.5983, 10.76711 ], [ -84.59766, 10.76114 ], [ -84.5949, 10.75745 ], [ -84.5965, 10.75479 ], [ -84.60693, 10.75476 ], [ -84.6121, 10.75132 ], [ -84.61595, 10.75363 ], [ -84.61838, 10.75221 ], [ -84.6211, 10.75677 ], [ -84.62798, 10.75569 ], [ -84.63111, 10.75784 ], [ -84.63567, 10.75315 ], [ -84.63515, 10.752 ], [ -84.63343, 10.75265 ], [ -84.63443, 10.75147 ], [ -84.63331, 10.75032 ], [ -84.63694, 10.75112 ], [ -84.63822, 10.75027 ], [ -84.6383, 10.75112 ], [ -84.64012, 10.74996 ], [ -84.6418, 10.75134 ], [ -84.6408, 10.74905 ], [ -84.6384, 10.74849 ], [ -84.63968, 10.74488 ], [ -84.63877, 10.74094 ], [ -84.6529, 10.74066 ], [ -84.65816, 10.75473 ], [ -84.65741, 10.75738 ], [ -84.65962, 10.76076 ], [ -84.65758, 10.76249 ], [ -84.65725, 10.76479 ], [ -84.66614, 10.77403 ], [ -84.66947, 10.77496 ], [ -84.67281, 10.77915 ], [ -84.68099, 10.77908 ], [ -84.68208, 10.78166 ], [ -84.69481, 10.77893 ], [ -84.69342, 10.77637 ], [ -84.69606, 10.77333 ], [ -84.69556, 10.7681 ], [ -84.70167, 10.76362 ], [ -84.71297, 10.76024 ], [ -84.71765, 10.76256 ], [ -84.72206, 10.7669 ], [ -84.72672, 10.7676 ], [ -84.72911, 10.77279 ], [ -84.74095, 10.77394 ], [ -84.74213, 10.77539 ], [ -84.74049, 10.77737 ], [ -84.74248, 10.77959 ], [ -84.74163, 10.78384 ], [ -84.74262, 10.78405 ], [ -84.74315, 10.78245 ], [ -84.74434, 10.78323 ], [ -84.74763, 10.79404 ], [ -84.74979, 10.79564 ], [ -84.74874, 10.79739 ], [ -84.7499, 10.79983 ], [ -84.74844, 10.8006 ], [ -84.75077, 10.80591 ], [ -84.75088, 10.81204 ], [ -84.75315, 10.81565 ], [ -84.75517, 10.81357 ], [ -84.75608, 10.81612 ], [ -84.7587, 10.81667 ], [ -84.75555, 10.81972 ], [ -84.75755, 10.82144 ], [ -84.7587, 10.81968 ], [ -84.76022, 10.82016 ], [ -84.7595, 10.82272 ], [ -84.76119, 10.82448 ], [ -84.76109, 10.82681 ], [ -84.7638, 10.82647 ], [ -84.76455, 10.82919 ], [ -84.76743, 10.82895 ], [ -84.76834, 10.83111 ], [ -84.77019, 10.83061 ], [ -84.7725, 10.83322 ], [ -84.7697, 10.83835 ], [ -84.77521, 10.83924 ], [ -84.77352, 10.84123 ], [ -84.77548, 10.84315 ], [ -84.77299, 10.8453 ], [ -84.77328, 10.84903 ], [ -84.77491, 10.84955 ], [ -84.77326, 10.85198 ], [ -84.77599, 10.85469 ], [ -84.77418, 10.85797 ], [ -84.77595, 10.86136 ], [ -84.77607, 10.86654 ], [ -84.77803, 10.86669 ], [ -84.77603, 10.87011 ], [ -84.7727, 10.86883 ], [ -84.77341, 10.87166 ], [ -84.77123, 10.8732 ], [ -84.77212, 10.87516 ], [ -84.76975, 10.87711 ], [ -84.7695, 10.87979 ], [ -84.76715, 10.88033 ], [ -84.76807, 10.88469 ], [ -84.76599, 10.8856 ], [ -84.76518, 10.88901 ], [ -84.76745, 10.89011 ], [ -84.76268, 10.89195 ], [ -84.76412, 10.89406 ], [ -84.76379, 10.89674 ], [ -84.76074, 10.89426 ], [ -84.75963, 10.89635 ], [ -84.7616, 10.89854 ], [ -84.75927, 10.89802 ], [ -84.75748, 10.89538 ], [ -84.75531, 10.89765 ], [ -84.75214, 10.89603 ], [ -84.7511, 10.89859 ], [ -84.74887, 10.89796 ], [ -84.74916, 10.90133 ], [ -84.74554, 10.90172 ], [ -84.74677, 10.90417 ], [ -84.744, 10.9042 ], [ -84.74245, 10.90749 ], [ -84.74129, 10.90486 ], [ -84.73982, 10.90738 ], [ -84.73411, 10.90583 ], [ -84.73235, 10.91106 ], [ -84.72715, 10.9095 ], [ -84.72722, 10.91081 ], [ -84.73028, 10.91177 ], [ -84.73088, 10.91484 ], [ -84.72997, 10.91577 ], [ -84.72721, 10.91449 ], [ -84.72789, 10.92054 ], [ -84.72366, 10.92348 ], [ -84.72559, 10.92639 ], [ -84.72654, 10.92463 ], [ -84.72723, 10.92573 ], [ -84.72248, 10.92875 ], [ -84.72254, 10.92765 ], [ -84.7202, 10.92759 ], [ -84.71972, 10.92512 ], [ -84.71855, 10.92638 ], [ -84.71748, 10.92574 ], [ -84.71823, 10.92268 ], [ -84.71708, 10.92108 ], [ -84.71882, 10.92077 ], [ -84.71893, 10.91879 ], [ -84.71721, 10.91976 ], [ -84.71671, 10.91801 ], [ -84.71492, 10.91739 ], [ -84.71493, 10.91863 ], [ -84.71295, 10.91809 ], [ -84.71245, 10.91962 ], [ -84.71121, 10.91932 ], [ -84.71238, 10.91766 ], [ -84.71075, 10.91691 ], [ -84.71189, 10.91556 ], [ -84.7104, 10.91374 ], [ -84.708, 10.91497 ], [ -84.70674, 10.91261 ], [ -84.70415, 10.91307 ], [ -84.69693, 10.90889 ], [ -84.69268, 10.90945 ], [ -84.68942, 10.90369 ], [ -84.68344, 10.90077 ], [ -84.68084, 10.89431 ], [ -84.67603, 10.89134 ], [ -84.66007, 10.89136 ], [ -84.66026, 10.89629 ], [ -84.65802, 10.89922 ], [ -84.65749, 10.90292 ], [ -84.64597, 10.8988 ], [ -84.64099, 10.89423 ], [ -84.62982, 10.89226 ], [ -84.62273, 10.88751 ], [ -84.61878, 10.88267 ], [ -84.61915, 10.87546 ], [ -84.61265, 10.87019 ], [ -84.61201, 10.86715 ], [ -84.60056, 10.86717 ], [ -84.60059, 10.86986 ], [ -84.59652, 10.8717 ], [ -84.59755, 10.87614 ], [ -84.5929, 10.87639 ], [ -84.58918, 10.869 ], [ -84.58077, 10.86026 ], [ -84.57297, 10.85716 ], [ -84.56959, 10.85103 ], [ -84.56821, 10.84384 ] ] ] } },
{ "type": "Feature", "properties": { "cod_distrito": 21602, "distrito": "Santa Rita", "canton": "Río Cuarto", "ha_2000": 460.0, "ha_2015": 1143.0, "ha_2017": 1240.0, "ha_2018": 1188.0, "ha_2019": 1172.0 }, "geometry": { "type": "Polygon", "coordinates": [ [ [ -84.16125, 10.41367 ], [ -84.16262, 10.41352 ], [ -84.16531, 10.40922 ], [ -84.16691, 10.40999 ], [ -84.17199, 10.39859 ], [ -84.175, 10.39703 ], [ -84.17489, 10.39508 ], [ -84.17646, 10.39357 ], [ -84.17577, 10.39074 ], [ -84.17865, 10.38778 ], [ -84.17854, 10.3861 ], [ -84.17728, 10.38641 ], [ -84.17755, 10.38311 ], [ -84.18004, 10.37985 ], [ -84.17931, 10.37721 ], [ -84.18127, 10.37511 ], [ -84.18076, 10.37304 ], [ -84.18457, 10.37236 ], [ -84.18616, 10.37951 ], [ -84.18899, 10.37783 ], [ -84.19263, 10.38271 ], [ -84.19353, 10.38764 ], [ -84.1961, 10.38806 ], [ -84.20208, 10.3928 ], [ -84.20281, 10.38594 ], [ -84.20041, 10.38581 ], [ -84.20009, 10.38095 ], [ -84.20254, 10.3779 ], [ -84.20578, 10.37786 ], [ -84.21228, 10.38025 ], [ -84.2141, 10.38284 ], [ -84.22849, 10.38195 ], [ -84.22892, 10.3809 ], [ -84.23887, 10.38186 ], [ -84.23809, 10.39567 ], [ -84.23962, 10.39692 ], [ -84.25814, 10.39872 ], [ -84.25888, 10.40201 ], [ -84.25714, 10.40638 ], [ -84.25663, 10.41294 ], [ -84.26099, 10.41829 ], [ -84.26034, 10.42005 ], [ -84.2569, 10.42193 ], [ -84.25835, 10.42555 ], [ -84.25442, 10.43369 ], [ -84.22758, 10.43339 ], [ -84.21631, 10.42976 ], [ -84.20866, 10.43286 ], [ -84.20242, 10.42971 ], [ -84.19476, 10.43589 ], [ -84.1842, 10.43316 ], [ -84.17825, 10.43707 ], [ -84.16124, 10.43999 ], [ -84.16125, 10.41367 ] ] ] } },
{ "type": "Feature", "properties": { "cod_distrito": 70306, "distrito": "Alegría", "canton": "Siquirres", "ha_2000": 119.0, "ha_2015": 577.0, "ha_2017": 529.0, "ha_2018": 528.0, "ha_2019": 521.0 }, "geometry": { "type": "Polygon", "coordinates": [ [ [ -83.55458, 10.12286 ], [ -83.55569, 10.12181 ], [ -83.55461, 10.1202 ], [ -83.56124, 10.11533 ], [ -83.56174, 10.11297 ], [ -83.56515, 10.10909 ], [ -83.57045, 10.10741 ], [ -83.57104, 10.10536 ], [ -83.57746, 10.10012 ], [ -83.58585, 10.09061 ], [ -83.5854, 10.08779 ], [ -83.5875, 10.08317 ], [ -83.59878, 10.07733 ], [ -83.61334, 10.07341 ], [ -83.6142, 10.07689 ], [ -83.61218, 10.08097 ], [ -83.61785, 10.08182 ], [ -83.62021, 10.08336 ], [ -83.62238, 10.08245 ], [ -83.61772, 10.09154 ], [ -83.61779, 10.09383 ], [ -83.61594, 10.0953 ], [ -83.6149, 10.11016 ], [ -83.6134, 10.11552 ], [ -83.61025, 10.11884 ], [ -83.61011, 10.12893 ], [ -83.60772, 10.12755 ], [ -83.60656, 10.13364 ], [ -83.6034, 10.1377 ], [ -83.60886, 10.14076 ], [ -83.61062, 10.14021 ], [ -83.60847, 10.14502 ], [ -83.61261, 10.1473 ], [ -83.60814, 10.15166 ], [ -83.60558, 10.15767 ], [ -83.60095, 10.16261 ], [ -83.59288, 10.15456 ], [ -83.56803, 10.14035 ], [ -83.55458, 10.12286 ] ] ] } },
{ "type": "Feature", "properties": { "cod_distrito": 70304, "distrito": "Germania", "canton": "Siquirres", "ha_2000": 50.0, "ha_2015": 654.0, "ha_2017": 660.0, "ha_2018": 655.0, "ha_2019": 649.0 }, "geometry": { "type": "Polygon", "coordinates": [ [ [ -83.5557, 10.2148 ], [ -83.55603, 10.21163 ], [ -83.55701, 10.21133 ], [ -83.55448, 10.21069 ], [ -83.5542, 10.20837 ], [ -83.55606, 10.20433 ], [ -83.55595, 10.19979 ], [ -83.55273, 10.19526 ], [ -83.55347, 10.19253 ], [ -83.55248, 10.19297 ], [ -83.5516, 10.19108 ], [ -83.54916, 10.19116 ], [ -83.54933, 10.19247 ], [ -83.54822, 10.19137 ], [ -83.5514, 10.18798 ], [ -83.55096, 10.18576 ], [ -83.55439, 10.1865 ], [ -83.55507, 10.18456 ], [ -83.55358, 10.18273 ], [ -83.55493, 10.18258 ], [ -83.55583, 10.18002 ], [ -83.55338, 10.17655 ], [ -83.55556, 10.17601 ], [ -83.55603, 10.1729 ], [ -83.55437, 10.16976 ], [ -83.55625, 10.16653 ], [ -83.55554, 10.1586 ], [ -83.52346, 10.15856 ], [ -83.52304, 10.15702 ], [ -83.52374, 10.15489 ], [ -83.52471, 10.15606 ], [ -83.5273, 10.15601 ], [ -83.52612, 10.15233 ], [ -83.53105, 10.14928 ], [ -83.53009, 10.14369 ], [ -83.53611, 10.1417 ], [ -83.53537, 10.13903 ], [ -83.53719, 10.13633 ], [ -83.54364, 10.13472 ], [ -83.54458, 10.1329 ], [ -83.54844, 10.13245 ], [ -83.54927, 10.13075 ], [ -83.5506, 10.13088 ], [ -83.55051, 10.1262 ], [ -83.55279, 10.12688 ], [ -83.55298, 10.12395 ], [ -83.55458, 10.12286 ], [ -83.56803, 10.14035 ], [ -83.59288, 10.15456 ], [ -83.60095, 10.16261 ], [ -83.5961, 10.16458 ], [ -83.5964, 10.16671 ], [ -83.58925, 10.1806 ], [ -83.57973, 10.1874 ], [ -83.57822, 10.19072 ], [ -83.57888, 10.19469 ], [ -83.57696, 10.19808 ], [ -83.5779, 10.19906 ], [ -83.57706, 10.2021 ], [ -83.57522, 10.20069 ], [ -83.57371, 10.20144 ], [ -83.57223, 10.20647 ], [ -83.57022, 10.20297 ], [ -83.56432, 10.20254 ], [ -83.56361, 10.20539 ], [ -83.56134, 10.20616 ], [ -83.56104, 10.20932 ], [ -83.56238, 10.21 ], [ -83.5599, 10.21298 ], [ -83.56013, 10.21434 ], [ -83.5557, 10.2148 ] ] ] } },
{ "type": "Feature", "properties": { "cod_distrito": 70302, "distrito": "Pacuarito", "canton": "Siquirres", "ha_2000": 289.0, "ha_2015": 715.0, "ha_2017": 698.0, "ha_2018": 697.0, "ha_2019": 691.0 }, "geometry": { "type": "Polygon", "coordinates": [ [ [ -83.28068, 10.22008 ], [ -83.27148, 10.20732 ], [ -83.26979, 10.19737 ], [ -83.27112, 10.19374 ], [ -83.27673, 10.18994 ], [ -83.27973, 10.19324 ], [ -83.285, 10.19144 ], [ -83.28712, 10.19464 ], [ -83.29468, 10.19298 ], [ -83.29583, 10.19162 ], [ -83.29581, 10.19315 ], [ -83.2988, 10.19491 ], [ -83.30022, 10.19441 ], [ -83.29931, 10.19622 ], [ -83.30195, 10.19613 ], [ -83.30454, 10.19344 ], [ -83.30477, 10.19121 ], [ -83.30605, 10.19258 ], [ -83.30862, 10.19207 ], [ -83.31017, 10.18949 ], [ -83.3085, 10.18682 ], [ -83.31079, 10.18698 ], [ -83.31051, 10.18505 ], [ -83.31112, 10.18626 ], [ -83.31177, 10.18523 ], [ -83.31333, 10.18712 ], [ -83.31563, 10.1873 ], [ -83.32121, 10.18565 ], [ -83.32162, 10.18368 ], [ -83.32318, 10.18474 ], [ -83.32628, 10.18202 ], [ -83.32944, 10.18148 ], [ -83.3298, 10.17971 ], [ -83.33343, 10.17954 ], [ -83.33541, 10.17414 ], [ -83.33912, 10.17267 ], [ -83.34111, 10.17038 ], [ -83.34131, 10.16793 ], [ -83.34274, 10.16738 ], [ -83.34404, 10.16852 ], [ -83.34414, 10.16331 ], [ -83.35064, 10.15717 ], [ -83.35434, 10.14946 ], [ -83.35639, 10.14836 ], [ -83.35665, 10.14602 ], [ -83.36152, 10.14338 ], [ -83.36276, 10.14134 ], [ -83.36169, 10.13882 ], [ -83.36375, 10.13665 ], [ -83.36227, 10.13473 ], [ -83.36242, 10.13057 ], [ -83.36623, 10.12764 ], [ -83.36345, 10.12533 ], [ -83.36326, 10.12329 ], [ -83.36565, 10.11735 ], [ -83.36783, 10.1157 ], [ -83.37047, 10.1105 ], [ -83.37526, 10.10752 ], [ -83.37751, 10.1032 ], [ -83.38056, 10.10065 ], [ -83.38033, 10.09929 ], [ -83.38377, 10.10152 ], [ -83.39265, 10.09728 ], [ -83.39814, 10.09142 ], [ -83.40162, 10.084 ], [ -83.40622, 10.07887 ], [ -83.4117, 10.07709 ], [ -83.41732, 10.07067 ], [ -83.4157, 10.06542 ], [ -83.41306, 10.06428 ], [ -83.41142, 10.06169 ], [ -83.41773, 10.04681 ], [ -83.4194, 10.04668 ], [ -83.42359, 10.04131 ], [ -83.4336, 10.04134 ], [ -83.43917, 10.03588 ], [ -83.44439, 10.03472 ], [ -83.44648, 10.02826 ], [ -83.45633, 10.02666 ], [ -83.45821, 10.02287 ], [ -83.46292, 10.01976 ], [ -83.4677, 10.01145 ], [ -83.46785, 10.00681 ], [ -83.45986, 9.99356 ], [ -83.45833, 9.993 ], [ -83.45943, 9.98932 ], [ -83.45833, 9.9866 ], [ -83.45449, 9.98381 ], [ -83.45161, 9.9839 ], [ -83.44941, 9.98178 ], [ -83.551, 9.98184 ], [ -83.54692, 9.98468 ], [ -83.54865, 9.98855 ], [ -83.54753, 9.99102 ], [ -83.54907, 9.99474 ], [ -83.5473, 9.99625 ], [ -83.54449, 9.99575 ], [ -83.54399, 9.99943 ], [ -83.5388, 9.99799 ], [ -83.53922, 10.00121 ], [ -83.53819, 10.00214 ], [ -83.5346, 10.00314 ], [ -83.53135, 10.00235 ], [ -83.53017, 10.00497 ], [ -83.52632, 10.00545 ], [ -83.52146, 10.00891 ], [ -83.51935, 10.01203 ], [ -83.51551, 10.00942 ], [ -83.51106, 10.01234 ], [ -83.50647, 10.01068 ], [ -83.50537, 10.01212 ], [ -83.5091, 10.01437 ], [ -83.51009, 10.01843 ], [ -83.50688, 10.01894 ], [ -83.49626, 10.02679 ], [ -83.49702, 10.03044 ], [ -83.49527, 10.03078 ], [ -83.49428, 10.03288 ], [ -83.4988, 10.03648 ], [ -83.49146, 10.03816 ], [ -83.48828, 10.04072 ], [ -83.4854, 10.04772 ], [ -83.48442, 10.05546 ], [ -83.48586, 10.05823 ], [ -83.49574, 10.06575 ], [ -83.49727, 10.06864 ], [ -83.49663, 10.0702 ], [ -83.49858, 10.07839 ], [ -83.49079, 10.08371 ], [ -83.49011, 10.08699 ], [ -83.48693, 10.08866 ], [ -83.48691, 10.09401 ], [ -83.4833, 10.10216 ], [ -83.47222, 10.11636 ], [ -83.46786, 10.11839 ], [ -83.45579, 10.12029 ], [ -83.44815, 10.11976 ], [ -83.44875, 10.12534 ], [ -83.44559, 10.13142 ], [ -83.4489, 10.13441 ], [ -83.44812, 10.13746 ], [ -83.44032, 10.1369 ], [ -83.43777, 10.1379 ], [ -83.4376, 10.13272 ], [ -83.43633, 10.13273 ], [ -83.43473, 10.13891 ], [ -83.43211, 10.14276 ], [ -83.43449, 10.14356 ], [ -83.43754, 10.14263 ], [ -83.43887, 10.14489 ], [ -83.43667, 10.14647 ], [ -83.43312, 10.14562 ], [ -83.43185, 10.14934 ], [ -83.43411, 10.15174 ], [ -83.43206, 10.15799 ], [ -83.42746, 10.15957 ], [ -83.42595, 10.16242 ], [ -83.42712, 10.16488 ], [ -83.4322, 10.16449 ], [ -83.43197, 10.16853 ], [ -83.42597, 10.16978 ], [ -83.42207, 10.17301 ], [ -83.41212, 10.16779 ], [ -83.40803, 10.16896 ], [ -83.40657, 10.17135 ], [ -83.40763, 10.17736 ], [ -83.40132, 10.18153 ], [ -83.40163, 10.18676 ], [ -83.39887, 10.18855 ], [ -83.3919, 10.18878 ], [ -83.38079, 10.18244 ], [ -83.37649, 10.18276 ], [ -83.37095, 10.18817 ], [ -83.36965, 10.19309 ], [ -83.36641, 10.19649 ], [ -83.3639, 10.20616 ], [ -83.36164, 10.20652 ], [ -83.35732, 10.20478 ], [ -83.34348, 10.21458 ], [ -83.3382, 10.21356 ], [ -83.33581, 10.20805 ], [ -83.33723, 10.20453 ], [ -83.34185, 10.20517 ], [ -83.34258, 10.2041 ], [ -83.33548, 10.2008 ], [ -83.33027, 10.20512 ], [ -83.32403, 10.20355 ], [ -83.32154, 10.21317 ], [ -83.31791, 10.21532 ], [ -83.31424, 10.21533 ], [ -83.30931, 10.21163 ], [ -83.30275, 10.21277 ], [ -83.30069, 10.21485 ], [ -83.30009, 10.21878 ], [ -83.30376, 10.22426 ], [ -83.30811, 10.22776 ], [ -83.30793, 10.23003 ], [ -83.3056, 10.23197 ], [ -83.30108, 10.23187 ], [ -83.29536, 10.22762 ], [ -83.29344, 10.22325 ], [ -83.28915, 10.22007 ], [ -83.28068, 10.22008 ] ] ] } },
{ "type": "Feature", "properties": { "cod_distrito": 70305, "distrito": "El Cairo", "canton": "Siquirres", "ha_2000": 245.0, "ha_2015": 785.0, "ha_2017": 729.0, "ha_2018": 728.0, "ha_2019": 722.0 }, "geometry": { "type": "Polygon", "coordinates": [ [ [ -83.41073, 10.28531 ], [ -83.41119, 10.28236 ], [ -83.4146, 10.28399 ], [ -83.42189, 10.27761 ], [ -83.42546, 10.27722 ], [ -83.42764, 10.27265 ], [ -83.4299, 10.27736 ], [ -83.43216, 10.27738 ], [ -83.43617, 10.27059 ], [ -83.44031, 10.26919 ], [ -83.43939, 10.26495 ], [ -83.44458, 10.26099 ], [ -83.44422, 10.25619 ], [ -83.449, 10.25656 ], [ -83.45041, 10.25548 ], [ -83.44986, 10.25246 ], [ -83.45348, 10.24527 ], [ -83.45769, 10.24509 ], [ -83.4619, 10.24821 ], [ -83.46895, 10.25001 ], [ -83.472, 10.24929 ], [ -83.47508, 10.24398 ], [ -83.47347, 10.24148 ], [ -83.47392, 10.23889 ], [ -83.47792, 10.23898 ], [ -83.48013, 10.23683 ], [ -83.47721, 10.23243 ], [ -83.47254, 10.23302 ], [ -83.47348, 10.23 ], [ -83.48033, 10.23039 ], [ -83.47906, 10.22757 ], [ -83.47514, 10.22534 ], [ -83.47534, 10.22329 ], [ -83.48019, 10.21936 ], [ -83.4809, 10.21481 ], [ -83.48747, 10.21431 ], [ -83.48789, 10.21291 ], [ -83.48575, 10.21112 ], [ -83.48595, 10.20967 ], [ -83.4936, 10.20343 ], [ -83.49752, 10.1936 ], [ -83.4973, 10.19168 ], [ -83.4886, 10.18035 ], [ -83.48827, 10.17806 ], [ -83.49243, 10.17385 ], [ -83.4954, 10.17295 ], [ -83.49698, 10.16808 ], [ -83.4999, 10.16456 ], [ -83.50277, 10.15738 ], [ -83.50569, 10.14028 ], [ -83.51317, 10.12606 ], [ -83.52588, 10.11169 ], [ -83.53903, 10.09818 ], [ -83.54704, 10.0956 ], [ -83.56331, 10.11178 ], [ -83.56124, 10.11533 ], [ -83.55461, 10.1202 ], [ -83.55565, 10.12202 ], [ -83.55311, 10.1237 ], [ -83.55289, 10.1268 ], [ -83.55051, 10.1262 ], [ -83.5506, 10.13088 ], [ -83.54927, 10.13075 ], [ -83.54844, 10.13245 ], [ -83.54458, 10.1329 ], [ -83.54364, 10.13472 ], [ -83.53719, 10.13633 ], [ -83.53537, 10.13903 ], [ -83.53611, 10.1417 ], [ -83.52985, 10.14395 ], [ -83.53134, 10.14682 ], [ -83.53105, 10.14928 ], [ -83.52612, 10.15233 ], [ -83.5273, 10.15601 ], [ -83.52471, 10.15606 ], [ -83.52374, 10.15489 ], [ -83.52304, 10.15702 ], [ -83.52346, 10.15856 ], [ -83.55554, 10.1586 ], [ -83.55625, 10.16653 ], [ -83.55437, 10.16976 ], [ -83.55603, 10.1729 ], [ -83.55556, 10.17601 ], [ -83.55338, 10.17655 ], [ -83.55583, 10.18002 ], [ -83.55493, 10.18258 ], [ -83.55358, 10.18273 ], [ -83.55507, 10.18456 ], [ -83.55439, 10.1865 ], [ -83.55096, 10.18576 ], [ -83.5514, 10.18798 ], [ -83.54822, 10.19137 ], [ -83.54933, 10.19247 ], [ -83.54916, 10.19116 ], [ -83.5516, 10.19108 ], [ -83.55248, 10.19297 ], [ -83.55347, 10.19253 ], [ -83.55273, 10.19526 ], [ -83.55595, 10.19979 ], [ -83.55606, 10.20433 ], [ -83.55427, 10.2095 ], [ -83.55493, 10.21108 ], [ -83.55701, 10.21133 ], [ -83.55603, 10.21163 ], [ -83.5557, 10.2148 ], [ -83.5544, 10.2146 ], [ -83.55243, 10.21661 ], [ -83.55313, 10.21807 ], [ -83.55177, 10.21821 ], [ -83.55387, 10.21926 ], [ -83.55195, 10.22022 ], [ -83.55253, 10.22263 ], [ -83.54993, 10.22427 ], [ -83.54741, 10.22311 ], [ -83.5429, 10.22902 ], [ -83.54065, 10.2276 ], [ -83.5365, 10.22828 ], [ -83.53063, 10.23541 ], [ -83.52789, 10.22941 ], [ -83.52131, 10.23251 ], [ -83.51776, 10.23179 ], [ -83.51729, 10.23664 ], [ -83.51566, 10.23778 ], [ -83.51319, 10.23472 ], [ -83.50789, 10.23724 ], [ -83.50872, 10.23264 ], [ -83.50451, 10.23227 ], [ -83.5029, 10.2376 ], [ -83.49945, 10.24097 ], [ -83.49946, 10.24515 ], [ -83.49376, 10.24262 ], [ -83.49148, 10.24654 ], [ -83.48912, 10.2435 ], [ -83.49104, 10.25051 ], [ -83.48997, 10.2519 ], [ -83.48479, 10.2516 ], [ -83.48666, 10.25691 ], [ -83.48298, 10.25883 ], [ -83.48296, 10.26168 ], [ -83.48118, 10.26243 ], [ -83.48535, 10.26417 ], [ -83.48198, 10.26589 ], [ -83.48348, 10.2691 ], [ -83.48304, 10.27149 ], [ -83.47937, 10.2711 ], [ -83.48416, 10.27645 ], [ -83.48563, 10.2736 ], [ -83.48768, 10.27502 ], [ -83.48847, 10.28106 ], [ -83.48311, 10.28456 ], [ -83.48104, 10.28364 ], [ -83.48104, 10.28104 ], [ -83.47882, 10.28643 ], [ -83.47581, 10.28397 ], [ -83.47153, 10.28819 ], [ -83.46659, 10.28944 ], [ -83.46256, 10.28726 ], [ -83.45834, 10.28847 ], [ -83.4555, 10.28647 ], [ -83.4529, 10.28948 ], [ -83.44929, 10.28815 ], [ -83.44463, 10.2912 ], [ -83.43893, 10.28408 ], [ -83.43763, 10.28475 ], [ -83.43743, 10.2879 ], [ -83.42822, 10.28645 ], [ -83.42725, 10.29085 ], [ -83.42466, 10.2874 ], [ -83.42147, 10.28851 ], [ -83.41902, 10.28767 ], [ -83.41668, 10.2898 ], [ -83.41394, 10.28576 ], [ -83.41073, 10.28531 ] ] ] } },
{ "type": "Feature", "properties": { "cod_distrito": 70307, "distrito": "Reventazón", "canton": "Siquirres", "ha_2000": 0.0, "ha_2015": 0.0, "ha_2017": 0.0, "ha_2018": 0.0, "ha_2019": 0.0 }, "geometry": { "type": "Polygon", "coordinates": [ [ [ -83.3567, 10.31586 ], [ -83.30664, 10.25436 ], [ -83.27854, 10.22302 ], [ -83.2782, 10.22051 ], [ -83.28915, 10.22007 ], [ -83.29344, 10.22325 ], [ -83.29536, 10.22762 ], [ -83.30128, 10.23199 ], [ -83.30447, 10.23229 ], [ -83.3072, 10.23089 ], [ -83.30824, 10.22825 ], [ -83.30031, 10.21963 ], [ -83.30047, 10.21546 ], [ -83.3022, 10.21309 ], [ -83.30834, 10.21148 ], [ -83.31424, 10.21533 ], [ -83.31794, 10.21531 ], [ -83.32154, 10.21317 ], [ -83.32403, 10.20355 ], [ -83.33027, 10.20512 ], [ -83.33548, 10.2008 ], [ -83.34264, 10.20429 ], [ -83.34172, 10.20517 ], [ -83.33813, 10.20418 ], [ -83.33637, 10.20536 ], [ -83.33583, 10.20824 ], [ -83.33723, 10.21236 ], [ -83.34029, 10.21471 ], [ -83.34408, 10.21435 ], [ -83.35732, 10.20478 ], [ -83.36164, 10.20652 ], [ -83.3639, 10.20616 ], [ -83.36619, 10.19702 ], [ -83.36965, 10.19309 ], [ -83.37081, 10.18839 ], [ -83.37782, 10.18216 ], [ -83.38079, 10.18244 ], [ -83.39096, 10.18845 ], [ -83.39566, 10.18905 ], [ -83.39564, 10.19051 ], [ -83.39988, 10.19096 ], [ -83.41081, 10.18127 ], [ -83.43455, 10.1834 ], [ -83.44804, 10.19363 ], [ -83.45275, 10.18634 ], [ -83.45175, 10.18195 ], [ -83.46477, 10.17979 ], [ -83.47691, 10.17971 ], [ -83.47891, 10.17616 ], [ -83.48197, 10.17411 ], [ -83.48182, 10.1721 ], [ -83.48507, 10.17076 ], [ -83.48697, 10.1743 ], [ -83.48949, 10.17443 ], [ -83.48808, 10.17644 ], [ -83.488, 10.17973 ], [ -83.49766, 10.193 ], [ -83.4936, 10.20343 ], [ -83.48595, 10.20967 ], [ -83.48575, 10.21112 ], [ -83.48789, 10.21291 ], [ -83.48747, 10.21431 ], [ -83.4809, 10.21481 ], [ -83.48019, 10.21936 ], [ -83.47534, 10.22329 ], [ -83.47514, 10.22534 ], [ -83.47906, 10.22757 ], [ -83.48033, 10.23039 ], [ -83.47348, 10.23 ], [ -83.47254, 10.23302 ], [ -83.47721, 10.23243 ], [ -83.48013, 10.23683 ], [ -83.47792, 10.23898 ], [ -83.47392, 10.23889 ], [ -83.47347, 10.24148 ], [ -83.47508, 10.24398 ], [ -83.472, 10.24929 ], [ -83.46895, 10.25001 ], [ -83.4619, 10.24821 ], [ -83.45769, 10.24509 ], [ -83.45318, 10.24545 ], [ -83.44986, 10.25246 ], [ -83.45041, 10.25548 ], [ -83.449, 10.25656 ], [ -83.44422, 10.25619 ], [ -83.44458, 10.26099 ], [ -83.43939, 10.26495 ], [ -83.44031, 10.26919 ], [ -83.43617, 10.27059 ], [ -83.43216, 10.27738 ], [ -83.4299, 10.27736 ], [ -83.42764, 10.27265 ], [ -83.42546, 10.27722 ], [ -83.42189, 10.27761 ], [ -83.4146, 10.28399 ], [ -83.41163, 10.28224 ], [ -83.40967, 10.286 ], [ -83.40483, 10.28447 ], [ -83.40832, 10.28834 ], [ -83.40438, 10.28881 ], [ -83.40269, 10.2908 ], [ -83.40296, 10.29269 ], [ -83.40569, 10.29414 ], [ -83.40506, 10.29623 ], [ -83.40065, 10.294 ], [ -83.39868, 10.29447 ], [ -83.40156, 10.3 ], [ -83.39874, 10.30332 ], [ -83.39608, 10.3036 ], [ -83.3949, 10.30223 ], [ -83.3951, 10.29436 ], [ -83.39363, 10.29515 ], [ -83.38989, 10.30247 ], [ -83.38808, 10.30336 ], [ -83.3856, 10.3019 ], [ -83.38501, 10.29631 ], [ -83.38327, 10.29577 ], [ -83.38158, 10.30292 ], [ -83.37949, 10.30393 ], [ -83.37761, 10.29884 ], [ -83.37946, 10.29403 ], [ -83.37748, 10.29406 ], [ -83.37445, 10.29955 ], [ -83.37064, 10.3005 ], [ -83.36818, 10.2977 ], [ -83.37009, 10.29245 ], [ -83.36769, 10.29207 ], [ -83.3665, 10.29582 ], [ -83.36473, 10.29629 ], [ -83.36242, 10.29293 ], [ -83.3637, 10.29118 ], [ -83.36651, 10.29054 ], [ -83.36649, 10.28924 ], [ -83.36387, 10.28806 ], [ -83.36093, 10.28943 ], [ -83.35856, 10.28798 ], [ -83.35584, 10.29015 ], [ -83.35055, 10.28856 ], [ -83.34897, 10.29288 ], [ -83.34394, 10.29 ], [ -83.34227, 10.29122 ], [ -83.34435, 10.29492 ], [ -83.3494, 10.29811 ], [ -83.35235, 10.30201 ], [ -83.35533, 10.30767 ], [ -83.3567, 10.31586 ] ] ] } },
{ "type": "Feature", "properties": { "cod_distrito": 60102, "distrito": "Pitahaya", "canton": "Puntarenas", "ha_2000": 0.0, "ha_2015": 878.0, "ha_2017": 870.0, "ha_2018": 870.0, "ha_2019": 870.0 }, "geometry": { "type": "Polygon", "coordinates": [ [ [ -84.80681, 10.10448 ], [ -84.79996, 10.1039 ], [ -84.79663, 10.10126 ], [ -84.7944, 10.10106 ], [ -84.79292, 10.10255 ], [ -84.7914, 10.10083 ], [ -84.79249, 10.0976 ], [ -84.79104, 10.09748 ], [ -84.79475, 10.09568 ], [ -84.79464, 10.09397 ], [ -84.79273, 10.09294 ], [ -84.79337, 10.09131 ], [ -84.79134, 10.08757 ], [ -84.79176, 10.08571 ], [ -84.78871, 10.08287 ], [ -84.79341, 10.07811 ], [ -84.79026, 10.07503 ], [ -84.79128, 10.07115 ], [ -84.78828, 10.06996 ], [ -84.78945, 10.06865 ], [ -84.78685, 10.06616 ], [ -84.78356, 10.06666 ], [ -84.7784, 10.06475 ], [ -84.77989, 10.06235 ], [ -84.78023, 10.05705 ], [ -84.78457, 10.05101 ], [ -84.78346, 10.038 ], [ -84.78685, 10.03735 ], [ -84.78905, 10.02629 ], [ -84.79254, 10.02217 ], [ -84.79023, 10.02085 ], [ -84.79102, 10.01956 ], [ -84.78883, 10.01863 ], [ -84.78886, 10.01561 ], [ -84.78646, 10.01418 ], [ -84.78557, 10.01046 ], [ -84.78826, 10.00469 ], [ -84.7881, 10.00094 ], [ -84.79349, 9.99693 ], [ -84.79704, 9.98957 ], [ -84.79955, 9.99149 ], [ -84.79993, 9.98794 ], [ -84.8021, 9.98579 ], [ -84.81256, 9.987 ], [ -84.8211, 9.98491 ], [ -84.82702, 9.98624 ], [ -84.82683, 9.98899 ], [ -84.8336, 9.98622 ], [ -84.83824, 9.99038 ], [ -84.83986, 9.98969 ], [ -84.84148, 9.99069 ], [ -84.84466, 9.99517 ], [ -84.85314, 9.9964 ], [ -84.85456, 9.99968 ], [ -84.85752, 10.00063 ], [ -84.85821, 10.00456 ], [ -84.86532, 10.00266 ], [ -84.86867, 10.00405 ], [ -84.86945, 10.00564 ], [ -84.87068, 10.00521 ], [ -84.87087, 10.00679 ], [ -84.87467, 10.00934 ], [ -84.87757, 10.00748 ], [ -84.88441, 10.01116 ], [ -84.88698, 10.01423 ], [ -84.88547, 10.01395 ], [ -84.88898, 10.01525 ], [ -84.89183, 10.01926 ], [ -84.89567, 10.01916 ], [ -84.89798, 10.02098 ], [ -84.89609, 10.02171 ], [ -84.89491, 10.02402 ], [ -84.89034, 10.02255 ], [ -84.8897, 10.03004 ], [ -84.88361, 10.02859 ], [ -84.87841, 10.02891 ], [ -84.87456, 10.03192 ], [ -84.86943, 10.03359 ], [ -84.86623, 10.03896 ], [ -84.86673, 10.04177 ], [ -84.86511, 10.04544 ], [ -84.86724, 10.04947 ], [ -84.86718, 10.05746 ], [ -84.87069, 10.06281 ], [ -84.87028, 10.06421 ], [ -84.87704, 10.07193 ], [ -84.87676, 10.07924 ], [ -84.8754, 10.0807 ], [ -84.87758, 10.09088 ], [ -84.87634, 10.09571 ], [ -84.87415, 10.0984 ], [ -84.87444, 10.10301 ], [ -84.85771, 10.09647 ], [ -84.85128, 10.08878 ], [ -84.8364, 10.08735 ], [ -84.81557, 10.09635 ], [ -84.80835, 10.10108 ], [ -84.80681, 10.10448 ] ] ] } },
{ "type": "Feature", "properties": { "cod_distrito": 21501, "distrito": "San Rafael", "canton": "Guatuso", "ha_2000": 5.0, "ha_2015": 226.0, "ha_2017": 561.0, "ha_2018": 744.0, "ha_2019": 671.0 }, "geometry": { "type": "Polygon", "coordinates": [ [ [ -84.74279, 10.77491 ], [ -84.74146, 10.77173 ], [ -84.74262, 10.77092 ], [ -84.73907, 10.76906 ], [ -84.73822, 10.76748 ], [ -84.73916, 10.76554 ], [ -84.73523, 10.76036 ], [ -84.73288, 10.75912 ], [ -84.73104, 10.76003 ], [ -84.72836, 10.75765 ], [ -84.72058, 10.75611 ], [ -84.71908, 10.75364 ], [ -84.71686, 10.75284 ], [ -84.7151, 10.7536 ], [ -84.71381, 10.75211 ], [ -84.71065, 10.75196 ], [ -84.70497, 10.74153 ], [ -84.7059, 10.73896 ], [ -84.70512, 10.72975 ], [ -84.70005, 10.72797 ], [ -84.69877, 10.72249 ], [ -84.69666, 10.71974 ], [ -84.68696, 10.71738 ], [ -84.68561, 10.71514 ], [ -84.68428, 10.70856 ], [ -84.67972, 10.69995 ], [ -84.68254, 10.6963 ], [ -84.67906, 10.68856 ], [ -84.67756, 10.68705 ], [ -84.67271, 10.68706 ], [ -84.66665, 10.67728 ], [ -84.66241, 10.67494 ], [ -84.66233, 10.67263 ], [ -84.65958, 10.67187 ], [ -84.65774, 10.66735 ], [ -84.65392, 10.66427 ], [ -84.65149, 10.66435 ], [ -84.65108, 10.66212 ], [ -84.65037, 10.66303 ], [ -84.64909, 10.66187 ], [ -84.65095, 10.66127 ], [ -84.64929, 10.65878 ], [ -84.64929, 10.65268 ], [ -84.64808, 10.65272 ], [ -84.64821, 10.65086 ], [ -84.64671, 10.65086 ], [ -84.64881, 10.64519 ], [ -84.64733, 10.63848 ], [ -84.65776, 10.63847 ], [ -84.66052, 10.63962 ], [ -84.66365, 10.63743 ], [ -84.66815, 10.63708 ], [ -84.66967, 10.63961 ], [ -84.67258, 10.64045 ], [ -84.67367, 10.64314 ], [ -84.67506, 10.64287 ], [ -84.67551, 10.64407 ], [ -84.67685, 10.64306 ], [ -84.68184, 10.64511 ], [ -84.68161, 10.64656 ], [ -84.68315, 10.64615 ], [ -84.68442, 10.63819 ], [ -84.6914, 10.62883 ], [ -84.6903, 10.62506 ], [ -84.69103, 10.61709 ], [ -84.69333, 10.61756 ], [ -84.69269, 10.61978 ], [ -84.69468, 10.61989 ], [ -84.6964, 10.61804 ], [ -84.69907, 10.61834 ], [ -84.69969, 10.6212 ], [ -84.70344, 10.62242 ], [ -84.70395, 10.62402 ], [ -84.70748, 10.62441 ], [ -84.7072, 10.62574 ], [ -84.70949, 10.62783 ], [ -84.70846, 10.63041 ], [ -84.71033, 10.63068 ], [ -84.71199, 10.63384 ], [ -84.71098, 10.63393 ], [ -84.71155, 10.63573 ], [ -84.71331, 10.63506 ], [ -84.71307, 10.63669 ], [ -84.71535, 10.63669 ], [ -84.71614, 10.63842 ], [ -84.71947, 10.63794 ], [ -84.72502, 10.63373 ], [ -84.72721, 10.63433 ], [ -84.72936, 10.63797 ], [ -84.73098, 10.63793 ], [ -84.73243, 10.63961 ], [ -84.738, 10.64151 ], [ -84.74242, 10.64086 ], [ -84.74716, 10.64518 ], [ -84.75058, 10.64556 ], [ -84.7517, 10.64712 ], [ -84.75449, 10.64641 ], [ -84.7557, 10.64558 ], [ -84.75552, 10.64305 ], [ -84.7531, 10.63833 ], [ -84.76316, 10.63837 ], [ -84.76345, 10.63641 ], [ -84.76164, 10.63479 ], [ -84.76407, 10.63215 ], [ -84.76555, 10.63212 ], [ -84.76535, 10.63075 ], [ -84.76386, 10.63179 ], [ -84.76074, 10.63025 ], [ -84.76035, 10.6279 ], [ -84.76165, 10.62702 ], [ -84.75995, 10.62595 ], [ -84.7617, 10.62571 ], [ -84.7654, 10.61974 ], [ -84.76912, 10.61965 ], [ -84.77298, 10.61647 ], [ -84.77098, 10.61121 ], [ -84.77408, 10.60949 ], [ -84.77529, 10.60519 ], [ -84.78134, 10.60309 ], [ -84.78372, 10.60344 ], [ -84.78455, 10.60103 ], [ -84.7876, 10.60025 ], [ -84.78981, 10.59287 ], [ -84.78865, 10.58969 ], [ -84.78989, 10.58625 ], [ -84.79124, 10.58677 ], [ -84.79193, 10.58444 ], [ -84.79658, 10.58257 ], [ -84.80488, 10.58525 ], [ -84.80461, 10.58947 ], [ -84.8082, 10.591 ], [ -84.81402, 10.59654 ], [ -84.81781, 10.5966 ], [ -84.82046, 10.59992 ], [ -84.82472, 10.59713 ], [ -84.8272, 10.59907 ], [ -84.82925, 10.60617 ], [ -84.82805, 10.6138 ], [ -84.82683, 10.61574 ], [ -84.82579, 10.61532 ], [ -84.82565, 10.61778 ], [ -84.82249, 10.62219 ], [ -84.81973, 10.62283 ], [ -84.81904, 10.62509 ], [ -84.81595, 10.62617 ], [ -84.81682, 10.62871 ], [ -84.81496, 10.63048 ], [ -84.81624, 10.63827 ], [ -84.81444, 10.64482 ], [ -84.81725, 10.64734 ], [ -84.8205, 10.64799 ], [ -84.82142, 10.64586 ], [ -84.82509, 10.64506 ], [ -84.82789, 10.64184 ], [ -84.83272, 10.6483 ], [ -84.83875, 10.65242 ], [ -84.84059, 10.65892 ], [ -84.85422, 10.65477 ], [ -84.85997, 10.65765 ], [ -84.86395, 10.66152 ], [ -84.86885, 10.663 ], [ -84.87107, 10.66605 ], [ -84.88243, 10.66877 ], [ -84.88319, 10.67091 ], [ -84.89222, 10.66997 ], [ -84.89234, 10.67438 ], [ -84.89463, 10.67665 ], [ -84.90607, 10.67912 ], [ -84.90711, 10.67678 ], [ -84.90887, 10.67619 ], [ -84.90888, 10.67451 ], [ -84.9131, 10.67422 ], [ -84.91319, 10.67169 ], [ -84.91959, 10.67409 ], [ -84.92275, 10.67271 ], [ -84.9241, 10.6704 ], [ -84.92336, 10.66526 ], [ -84.94262, 10.66528 ], [ -84.94272, 10.65985 ], [ -84.94512, 10.65702 ], [ -84.95608, 10.6583 ], [ -84.96433, 10.657 ], [ -84.97639, 10.65785 ], [ -84.97704, 10.66987 ], [ -84.9846, 10.67192 ], [ -84.98778, 10.68959 ], [ -84.98448, 10.69363 ], [ -84.97652, 10.69942 ], [ -84.96844, 10.70285 ], [ -84.95295, 10.70206 ], [ -84.93919, 10.70405 ], [ -84.93396, 10.70272 ], [ -84.93242, 10.704 ], [ -84.92488, 10.70261 ], [ -84.9238, 10.7014 ], [ -84.91621, 10.70165 ], [ -84.91487, 10.70283 ], [ -84.91264, 10.70114 ], [ -84.9093, 10.70077 ], [ -84.89058, 10.70183 ], [ -84.88958, 10.69903 ], [ -84.88646, 10.7013 ], [ -84.88277, 10.69747 ], [ -84.87424, 10.7024 ], [ -84.87091, 10.70062 ], [ -84.86603, 10.70169 ], [ -84.86206, 10.70736 ], [ -84.85978, 10.70869 ], [ -84.85304, 10.70763 ], [ -84.85074, 10.7035 ], [ -84.84638, 10.70097 ], [ -84.83566, 10.70216 ], [ -84.83348, 10.70014 ], [ -84.82896, 10.70478 ], [ -84.82917, 10.70641 ], [ -84.82781, 10.70698 ], [ -84.82918, 10.70788 ], [ -84.82587, 10.70862 ], [ -84.82254, 10.70699 ], [ -84.81975, 10.70988 ], [ -84.81883, 10.715 ], [ -84.81573, 10.71421 ], [ -84.81688, 10.71613 ], [ -84.81289, 10.71669 ], [ -84.81188, 10.72305 ], [ -84.80582, 10.72547 ], [ -84.79999, 10.73183 ], [ -84.79857, 10.738 ], [ -84.79638, 10.74026 ], [ -84.79416, 10.73951 ], [ -84.79195, 10.74193 ], [ -84.79168, 10.74426 ], [ -84.79026, 10.74515 ], [ -84.78832, 10.74443 ], [ -84.78419, 10.74756 ], [ -84.78157, 10.74658 ], [ -84.78155, 10.74827 ], [ -84.77883, 10.74975 ], [ -84.78003, 10.75191 ], [ -84.77766, 10.75076 ], [ -84.77613, 10.75392 ], [ -84.77358, 10.75133 ], [ -84.77163, 10.75545 ], [ -84.76749, 10.75425 ], [ -84.76726, 10.7557 ], [ -84.76963, 10.75672 ], [ -84.76806, 10.75948 ], [ -84.76441, 10.75826 ], [ -84.76578, 10.75998 ], [ -84.76481, 10.76132 ], [ -84.7589, 10.76109 ], [ -84.75531, 10.76345 ], [ -84.75432, 10.76746 ], [ -84.7554, 10.76839 ], [ -84.75347, 10.76934 ], [ -84.75373, 10.77243 ], [ -84.75119, 10.77396 ], [ -84.74804, 10.77162 ], [ -84.74701, 10.77408 ], [ -84.74279, 10.77491 ] ] ] } },
{ "type": "Feature", "properties": { "cod_distrito": 21502, "distrito": "Buenavista", "canton": "Guatuso", "ha_2000": 9.0, "ha_2015": 383.0, "ha_2017": 334.0, "ha_2018": 285.0, "ha_2019": 253.0 }, "geometry": { "type": "Polygon", "coordinates": [ [ [ -84.80769, 10.85233 ], [ -84.80194, 10.85037 ], [ -84.80075, 10.85159 ], [ -84.79962, 10.85081 ], [ -84.8, 10.84899 ], [ -84.80181, 10.84914 ], [ -84.8018, 10.84658 ], [ -84.79388, 10.84751 ], [ -84.79034, 10.84184 ], [ -84.78885, 10.84528 ], [ -84.78862, 10.84357 ], [ -84.78667, 10.84253 ], [ -84.78724, 10.83765 ], [ -84.78395, 10.83971 ], [ -84.7839, 10.83658 ], [ -84.78089, 10.83652 ], [ -84.78156, 10.83414 ], [ -84.7806, 10.83225 ], [ -84.77514, 10.83378 ], [ -84.77292, 10.83639 ], [ -84.77194, 10.83573 ], [ -84.7725, 10.83322 ], [ -84.77019, 10.83061 ], [ -84.76834, 10.83111 ], [ -84.76743, 10.82895 ], [ -84.7648, 10.82935 ], [ -84.7638, 10.82647 ], [ -84.76109, 10.82681 ], [ -84.76119, 10.82448 ], [ -84.7595, 10.82272 ], [ -84.76022, 10.82016 ], [ -84.7587, 10.81968 ], [ -84.75755, 10.82144 ], [ -84.75555, 10.81972 ], [ -84.7587, 10.81667 ], [ -84.75608, 10.81612 ], [ -84.75517, 10.81357 ], [ -84.75315, 10.81565 ], [ -84.75088, 10.81204 ], [ -84.75077, 10.80591 ], [ -84.74844, 10.8006 ], [ -84.7499, 10.79983 ], [ -84.74874, 10.79739 ], [ -84.74979, 10.79564 ], [ -84.74763, 10.79404 ], [ -84.74434, 10.78323 ], [ -84.74315, 10.78245 ], [ -84.74262, 10.78405 ], [ -84.74163, 10.78384 ], [ -84.7424, 10.77885 ], [ -84.74062, 10.77667 ], [ -84.74388, 10.77417 ], [ -84.74712, 10.77403 ], [ -84.74804, 10.77162 ], [ -84.75119, 10.77396 ], [ -84.75394, 10.7723 ], [ -84.75341, 10.7695 ], [ -84.7554, 10.76839 ], [ -84.75432, 10.76746 ], [ -84.75531, 10.76345 ], [ -84.7589, 10.76109 ], [ -84.76481, 10.76132 ], [ -84.76578, 10.75998 ], [ -84.76441, 10.75826 ], [ -84.76806, 10.75948 ], [ -84.76963, 10.75672 ], [ -84.76726, 10.7557 ], [ -84.7676, 10.75417 ], [ -84.77163, 10.75545 ], [ -84.77358, 10.75133 ], [ -84.77613, 10.75392 ], [ -84.77766, 10.75076 ], [ -84.78003, 10.75191 ], [ -84.77883, 10.74975 ], [ -84.78155, 10.74827 ], [ -84.78157, 10.74658 ], [ -84.78419, 10.74756 ], [ -84.78832, 10.74443 ], [ -84.79026, 10.74515 ], [ -84.79168, 10.74426 ], [ -84.79195, 10.74193 ], [ -84.79416, 10.73951 ], [ -84.79638, 10.74026 ], [ -84.79857, 10.738 ], [ -84.79999, 10.73183 ], [ -84.80582, 10.72547 ], [ -84.81188, 10.72305 ], [ -84.81289, 10.71669 ], [ -84.81688, 10.71613 ], [ -84.81573, 10.71421 ], [ -84.81883, 10.715 ], [ -84.81975, 10.70988 ], [ -84.82254, 10.70699 ], [ -84.82587, 10.70862 ], [ -84.82918, 10.70788 ], [ -84.82781, 10.70698 ], [ -84.82917, 10.70641 ], [ -84.82896, 10.70478 ], [ -84.83348, 10.70014 ], [ -84.83566, 10.70216 ], [ -84.84638, 10.70097 ], [ -84.85074, 10.7035 ], [ -84.85166, 10.70657 ], [ -84.85434, 10.70809 ], [ -84.86036, 10.70855 ], [ -84.86311, 10.70499 ], [ -84.86785, 10.71111 ], [ -84.87578, 10.70983 ], [ -84.8829, 10.71361 ], [ -84.88865, 10.73129 ], [ -84.8861, 10.73625 ], [ -84.88476, 10.74265 ], [ -84.88633, 10.74686 ], [ -84.88242, 10.74697 ], [ -84.87929, 10.74519 ], [ -84.86519, 10.75115 ], [ -84.86407, 10.76145 ], [ -84.85034, 10.76035 ], [ -84.8553, 10.76787 ], [ -84.8552, 10.77683 ], [ -84.85642, 10.78073 ], [ -84.86554, 10.78982 ], [ -84.86772, 10.79555 ], [ -84.87106, 10.7967 ], [ -84.86637, 10.79984 ], [ -84.86431, 10.80797 ], [ -84.85985, 10.80912 ], [ -84.85866, 10.80797 ], [ -84.85618, 10.80817 ], [ -84.85398, 10.81033 ], [ -84.85076, 10.81069 ], [ -84.84465, 10.81596 ], [ -84.84246, 10.81871 ], [ -84.84302, 10.82067 ], [ -84.8395, 10.81994 ], [ -84.83821, 10.82186 ], [ -84.83422, 10.82143 ], [ -84.83165, 10.82669 ], [ -84.83279, 10.83033 ], [ -84.83069, 10.83499 ], [ -84.83148, 10.83867 ], [ -84.82813, 10.84237 ], [ -84.81734, 10.8496 ], [ -84.80769, 10.85233 ] ] ] } },
{ "type": "Feature", "properties": { "cod_distrito": 11907, "distrito": "Pejibaye", "canton": "Pérez Zeledón", "ha_2000": 0.0, "ha_2015": 0.0, "ha_2017": 0.0, "ha_2018": 3.0, "ha_2019": 3.0 }, "geometry": { "type": "Polygon", "coordinates": [ [ [ -83.48133, 9.14628 ], [ -83.48278, 9.14423 ], [ -83.48117, 9.13733 ], [ -83.48233, 9.13299 ], [ -83.47221, 9.12413 ], [ -83.47266, 9.11984 ], [ -83.47878, 9.11414 ], [ -83.48135, 9.11498 ], [ -83.48349, 9.11117 ], [ -83.48891, 9.10774 ], [ -83.49012, 9.10234 ], [ -83.49983, 9.09963 ], [ -83.50411, 9.09308 ], [ -83.50669, 9.09166 ], [ -83.51015, 9.09191 ], [ -83.51069, 9.08946 ], [ -83.50446, 9.08545 ], [ -83.50261, 9.08266 ], [ -83.50477, 9.08274 ], [ -83.5051, 9.08024 ], [ -83.5072, 9.08053 ], [ -83.50657, 9.07777 ], [ -83.51296, 9.07509 ], [ -83.51683, 9.07682 ], [ -83.51822, 9.07566 ], [ -83.51999, 9.07628 ], [ -83.52857, 9.08218 ], [ -83.5319, 9.07954 ], [ -83.5419, 9.07862 ], [ -83.54788, 9.08076 ], [ -83.55171, 9.08391 ], [ -83.55814, 9.08571 ], [ -83.56278, 9.08477 ], [ -83.57022, 9.08658 ], [ -83.58011, 9.09614 ], [ -83.58331, 9.10228 ], [ -83.59111, 9.10753 ], [ -83.59864, 9.10969 ], [ -83.60527, 9.11395 ], [ -83.60573, 9.11804 ], [ -83.61218, 9.1239 ], [ -83.61545, 9.12547 ], [ -83.62007, 9.12355 ], [ -83.6266, 9.12519 ], [ -83.62567, 9.12732 ], [ -83.62249, 9.12827 ], [ -83.61986, 9.13076 ], [ -83.61898, 9.13284 ], [ -83.62327, 9.1401 ], [ -83.62328, 9.14568 ], [ -83.61776, 9.15204 ], [ -83.61809, 9.1544 ], [ -83.6224, 9.1562 ], [ -83.62484, 9.15506 ], [ -83.628, 9.15585 ], [ -83.63583, 9.15205 ], [ -83.64171, 9.15251 ], [ -83.64054, 9.15419 ], [ -83.63684, 9.15552 ], [ -83.63334, 9.16098 ], [ -83.6343, 9.16596 ], [ -83.63341, 9.16822 ], [ -83.63146, 9.16866 ], [ -83.62529, 9.16653 ], [ -83.6223, 9.17057 ], [ -83.61691, 9.17012 ], [ -83.61162, 9.17244 ], [ -83.60837, 9.17543 ], [ -83.61043, 9.17987 ], [ -83.60888, 9.18319 ], [ -83.6107, 9.18462 ], [ -83.61029, 9.18708 ], [ -83.60895, 9.18738 ], [ -83.61267, 9.19326 ], [ -83.61139, 9.19596 ], [ -83.61183, 9.19963 ], [ -83.61514, 9.20224 ], [ -83.61365, 9.20353 ], [ -83.61573, 9.21123 ], [ -83.61491, 9.21266 ], [ -83.61185, 9.2132 ], [ -83.6108, 9.21618 ], [ -83.60819, 9.21826 ], [ -83.60346, 9.21782 ], [ -83.60098, 9.21894 ], [ -83.59616, 9.21371 ], [ -83.59405, 9.2146 ], [ -83.59417, 9.2127 ], [ -83.5911, 9.21334 ], [ -83.59009, 9.21122 ], [ -83.59096, 9.20946 ], [ -83.58816, 9.21015 ], [ -83.58702, 9.20685 ], [ -83.58519, 9.20749 ], [ -83.58495, 9.20555 ], [ -83.58307, 9.20649 ], [ -83.58492, 9.20923 ], [ -83.58409, 9.21051 ], [ -83.58134, 9.20761 ], [ -83.58186, 9.20572 ], [ -83.57967, 9.20559 ], [ -83.58028, 9.20403 ], [ -83.57887, 9.20413 ], [ -83.57853, 9.20586 ], [ -83.57757, 9.20536 ], [ -83.57743, 9.20408 ], [ -83.57929, 9.20192 ], [ -83.58074, 9.202 ], [ -83.5826, 9.19868 ], [ -83.57974, 9.19977 ], [ -83.57749, 9.19828 ], [ -83.57677, 9.19495 ], [ -83.57403, 9.19345 ], [ -83.57204, 9.18877 ], [ -83.56732, 9.19368 ], [ -83.56577, 9.19009 ], [ -83.56178, 9.18843 ], [ -83.56041, 9.18978 ], [ -83.55772, 9.18883 ], [ -83.5567, 9.18495 ], [ -83.54185, 9.16827 ], [ -83.5425, 9.16257 ], [ -83.54204, 9.15713 ], [ -83.54043, 9.15526 ], [ -83.54081, 9.152 ], [ -83.52413, 9.14866 ], [ -83.52133, 9.14587 ], [ -83.51727, 9.14943 ], [ -83.51145, 9.1477 ], [ -83.50958, 9.15214 ], [ -83.50536, 9.14959 ], [ -83.50065, 9.15086 ], [ -83.49678, 9.14797 ], [ -83.49335, 9.1525 ], [ -83.48688, 9.1539 ], [ -83.48285, 9.15183 ], [ -83.4827, 9.14716 ], [ -83.48133, 9.14628 ] ] ] } },
{ "type": "Feature", "properties": { "cod_distrito": 11902, "distrito": "El General", "canton": "Pérez Zeledón", "ha_2000": 0.0, "ha_2015": 0.0, "ha_2017": 0.0, "ha_2018": 0.0, "ha_2019": 0.0 }, "geometry": { "type": "Polygon", "coordinates": [ [ [ -83.53452, 9.42623 ], [ -83.54075, 9.42599 ], [ -83.56033, 9.41213 ], [ -83.57107, 9.40923 ], [ -83.57517, 9.40559 ], [ -83.57868, 9.40445 ], [ -83.58515, 9.39765 ], [ -83.59476, 9.39454 ], [ -83.59723, 9.39139 ], [ -83.60318, 9.37823 ], [ -83.60891, 9.37132 ], [ -83.60817, 9.361 ], [ -83.61229, 9.35758 ], [ -83.61377, 9.35276 ], [ -83.61692, 9.35128 ], [ -83.61876, 9.34851 ], [ -83.6215, 9.34792 ], [ -83.6254, 9.34216 ], [ -83.62623, 9.33696 ], [ -83.62378, 9.33313 ], [ -83.62644, 9.33067 ], [ -83.62605, 9.31865 ], [ -83.62411, 9.31552 ], [ -83.6246, 9.31232 ], [ -83.62973, 9.30448 ], [ -83.62925, 9.30277 ], [ -83.63049, 9.30157 ], [ -83.62928, 9.29527 ], [ -83.6307, 9.29156 ], [ -83.62657, 9.28314 ], [ -83.62872, 9.2734 ], [ -83.63141, 9.27127 ], [ -83.63585, 9.27598 ], [ -83.63875, 9.27695 ], [ -83.64269, 9.28365 ], [ -83.64049, 9.28805 ], [ -83.64027, 9.29536 ], [ -83.63848, 9.29852 ], [ -83.64104, 9.30261 ], [ -83.64215, 9.31081 ], [ -83.64742, 9.31673 ], [ -83.64878, 9.32172 ], [ -83.65494, 9.33151 ], [ -83.65537, 9.33584 ], [ -83.66289, 9.35316 ], [ -83.66268, 9.36119 ], [ -83.66691, 9.3683 ], [ -83.67152, 9.37185 ], [ -83.67374, 9.38167 ], [ -83.67322, 9.38501 ], [ -83.67001, 9.38792 ], [ -83.66774, 9.39276 ], [ -83.66697, 9.40205 ], [ -83.65883, 9.40706 ], [ -83.65826, 9.40946 ], [ -83.655, 9.41273 ], [ -83.64263, 9.42005 ], [ -83.63927, 9.4196 ], [ -83.63911, 9.41757 ], [ -83.634, 9.41434 ], [ -83.63098, 9.40893 ], [ -83.62382, 9.40524 ], [ -83.6221, 9.40575 ], [ -83.62082, 9.40429 ], [ -83.61802, 9.4067 ], [ -83.61668, 9.40993 ], [ -83.61237, 9.41185 ], [ -83.61021, 9.41151 ], [ -83.60679, 9.41373 ], [ -83.60292, 9.41241 ], [ -83.59948, 9.40907 ], [ -83.59361, 9.41348 ], [ -83.58546, 9.41194 ], [ -83.58473, 9.41629 ], [ -83.58143, 9.41957 ], [ -83.57845, 9.41876 ], [ -83.57258, 9.42236 ], [ -83.56992, 9.42192 ], [ -83.566, 9.42518 ], [ -83.56097, 9.42568 ], [ -83.55562, 9.43346 ], [ -83.54904, 9.43476 ], [ -83.54405, 9.43265 ], [ -83.54035, 9.4289 ], [ -83.53638, 9.42867 ], [ -83.53452, 9.42623 ] ] ] } },
{ "type": "Feature", "properties": { "cod_distrito": 70303, "distrito": "Florida", "canton": "Siquirres", "ha_2000": 90.0, "ha_2015": 96.0, "ha_2017": 92.0, "ha_2018": 93.0, "ha_2019": 92.0 }, "geometry": { "type": "Polygon", "coordinates": [ [ [ -83.54704, 10.0956 ], [ -83.54705, 10.09099 ], [ -83.54958, 10.08961 ], [ -83.5484, 10.08458 ], [ -83.54919, 10.08337 ], [ -83.55148, 10.08381 ], [ -83.55424, 10.08648 ], [ -83.56078, 10.08517 ], [ -83.56366, 10.08862 ], [ -83.56652, 10.08982 ], [ -83.57036, 10.08783 ], [ -83.57974, 10.06866 ], [ -83.58106, 10.06227 ], [ -83.58618, 10.06085 ], [ -83.58902, 10.0567 ], [ -83.59107, 10.05087 ], [ -83.59144, 10.04278 ], [ -83.59445, 10.04168 ], [ -83.59807, 10.04314 ], [ -83.59999, 10.04266 ], [ -83.6027, 10.0388 ], [ -83.60195, 10.03533 ], [ -83.60758, 10.03235 ], [ -83.60801, 10.02781 ], [ -83.60594, 10.02323 ], [ -83.60741, 10.02014 ], [ -83.60309, 10.01253 ], [ -83.59322, 10.00603 ], [ -83.59304, 10.00202 ], [ -83.5904, 9.99539 ], [ -83.59137, 9.98921 ], [ -83.60004, 9.98532 ], [ -83.60241, 9.98316 ], [ -83.60221, 9.98186 ], [ -83.60509, 9.98187 ], [ -83.61767, 9.98782 ], [ -83.62474, 9.99953 ], [ -83.62904, 10.00092 ], [ -83.63058, 9.99982 ], [ -83.63275, 10.00235 ], [ -83.63209, 10.00395 ], [ -83.6344, 10.00613 ], [ -83.63712, 10.0045 ], [ -83.63773, 10.00866 ], [ -83.63949, 10.01045 ], [ -83.64187, 10.00969 ], [ -83.6454, 10.01106 ], [ -83.64949, 10.01501 ], [ -83.65176, 10.01468 ], [ -83.65663, 10.01835 ], [ -83.65808, 10.01629 ], [ -83.65937, 10.01661 ], [ -83.66481, 10.01947 ], [ -83.66829, 10.02485 ], [ -83.67542, 10.02681 ], [ -83.67813, 10.02586 ], [ -83.68105, 10.02654 ], [ -83.68625, 10.0297 ], [ -83.69125, 10.03098 ], [ -83.70039, 10.03808 ], [ -83.70678, 10.04083 ], [ -83.70979, 10.04101 ], [ -83.71403, 10.03791 ], [ -83.72116, 10.03837 ], [ -83.72523, 10.04031 ], [ -83.71947, 10.03903 ], [ -83.71445, 10.04124 ], [ -83.71307, 10.04363 ], [ -83.7, 10.05294 ], [ -83.69755, 10.05647 ], [ -83.69552, 10.05682 ], [ -83.68991, 10.05458 ], [ -83.6859, 10.05601 ], [ -83.68082, 10.05431 ], [ -83.67077, 10.05568 ], [ -83.66446, 10.05432 ], [ -83.65618, 10.05727 ], [ -83.65057, 10.06058 ], [ -83.64041, 10.06393 ], [ -83.64052, 10.06546 ], [ -83.63701, 10.06862 ], [ -83.63486, 10.0685 ], [ -83.63139, 10.07096 ], [ -83.62868, 10.0713 ], [ -83.62757, 10.07292 ], [ -83.62598, 10.0728 ], [ -83.62223, 10.07784 ], [ -83.62285, 10.08199 ], [ -83.62055, 10.08331 ], [ -83.61218, 10.08097 ], [ -83.6142, 10.07689 ], [ -83.61334, 10.07341 ], [ -83.59653, 10.07828 ], [ -83.5875, 10.08317 ], [ -83.5854, 10.08779 ], [ -83.58585, 10.09061 ], [ -83.57746, 10.10012 ], [ -83.57104, 10.10536 ], [ -83.57045, 10.10741 ], [ -83.5655, 10.10878 ], [ -83.56331, 10.11178 ], [ -83.54704, 10.0956 ] ] ] } },
{ "type": "Feature", "properties": { "cod_distrito": 70603, "distrito": "Pocora", "canton": "Guácimo", "ha_2000": 0.0, "ha_2015": 157.0, "ha_2017": 0.0, "ha_2018": 0.0, "ha_2019": 0.0 }, "geometry": { "type": "Polygon", "coordinates": [ [ [ -83.54576, 10.2259 ], [ -83.54741, 10.22311 ], [ -83.54993, 10.22427 ], [ -83.55253, 10.22263 ], [ -83.55195, 10.22022 ], [ -83.55387, 10.21926 ], [ -83.55176, 10.21825 ], [ -83.55313, 10.21807 ], [ -83.55243, 10.21661 ], [ -83.55444, 10.21456 ], [ -83.56013, 10.21434 ], [ -83.5599, 10.21298 ], [ -83.56238, 10.21 ], [ -83.56104, 10.20932 ], [ -83.56134, 10.20616 ], [ -83.56361, 10.20539 ], [ -83.56398, 10.20278 ], [ -83.56866, 10.20224 ], [ -83.57223, 10.20647 ], [ -83.57371, 10.20144 ], [ -83.57522, 10.20069 ], [ -83.57706, 10.2021 ], [ -83.5779, 10.19906 ], [ -83.57696, 10.19808 ], [ -83.57888, 10.19469 ], [ -83.57822, 10.19072 ], [ -83.57973, 10.1874 ], [ -83.58925, 10.1806 ], [ -83.5964, 10.16671 ], [ -83.5961, 10.16458 ], [ -83.60237, 10.16127 ], [ -83.60558, 10.15767 ], [ -83.60814, 10.15166 ], [ -83.61258, 10.14736 ], [ -83.60847, 10.14502 ], [ -83.61062, 10.14021 ], [ -83.60886, 10.14076 ], [ -83.60602, 10.13829 ], [ -83.60338, 10.1378 ], [ -83.60656, 10.13364 ], [ -83.60772, 10.12755 ], [ -83.61011, 10.12893 ], [ -83.61025, 10.11884 ], [ -83.6134, 10.11552 ], [ -83.6149, 10.11016 ], [ -83.61594, 10.0953 ], [ -83.61779, 10.09383 ], [ -83.61772, 10.09154 ], [ -83.62288, 10.08192 ], [ -83.62219, 10.07798 ], [ -83.62314, 10.07544 ], [ -83.62879, 10.07124 ], [ -83.63749, 10.06836 ], [ -83.64057, 10.0654 ], [ -83.64058, 10.06383 ], [ -83.65057, 10.06058 ], [ -83.66322, 10.05446 ], [ -83.67481, 10.05567 ], [ -83.68082, 10.05431 ], [ -83.6859, 10.05601 ], [ -83.68991, 10.05458 ], [ -83.69552, 10.05682 ], [ -83.69755, 10.05647 ], [ -83.7, 10.05294 ], [ -83.71307, 10.04363 ], [ -83.71445, 10.04124 ], [ -83.71947, 10.03903 ], [ -83.72523, 10.04031 ], [ -83.71727, 10.04573 ], [ -83.71106, 10.05499 ], [ -83.70445, 10.05826 ], [ -83.70293, 10.05769 ], [ -83.7, 10.05997 ], [ -83.69439, 10.06005 ], [ -83.69315, 10.05907 ], [ -83.68746, 10.06049 ], [ -83.68289, 10.0651 ], [ -83.68036, 10.06585 ], [ -83.67794, 10.06951 ], [ -83.67352, 10.072 ], [ -83.6711, 10.07769 ], [ -83.66551, 10.07974 ], [ -83.66456, 10.08376 ], [ -83.66622, 10.08887 ], [ -83.66306, 10.09279 ], [ -83.65959, 10.10311 ], [ -83.65736, 10.10377 ], [ -83.65847, 10.11207 ], [ -83.65694, 10.1125 ], [ -83.65595, 10.11497 ], [ -83.65342, 10.11583 ], [ -83.65474, 10.11766 ], [ -83.65185, 10.12478 ], [ -83.65, 10.12643 ], [ -83.64637, 10.12702 ], [ -83.64294, 10.13093 ], [ -83.64236, 10.13471 ], [ -83.63797, 10.13892 ], [ -83.63685, 10.1425 ], [ -83.63448, 10.14361 ], [ -83.63178, 10.14887 ], [ -83.62066, 10.15693 ], [ -83.617, 10.16556 ], [ -83.60826, 10.17105 ], [ -83.60466, 10.17742 ], [ -83.59836, 10.18162 ], [ -83.5975, 10.18563 ], [ -83.5907, 10.19004 ], [ -83.59158, 10.19252 ], [ -83.59004, 10.19641 ], [ -83.59056, 10.19939 ], [ -83.58819, 10.19991 ], [ -83.58745, 10.20223 ], [ -83.5848, 10.20403 ], [ -83.58404, 10.20705 ], [ -83.5875, 10.21302 ], [ -83.58656, 10.21525 ], [ -83.58959, 10.21816 ], [ -83.58683, 10.22097 ], [ -83.58572, 10.22684 ], [ -83.5812, 10.22901 ], [ -83.58245, 10.23214 ], [ -83.57752, 10.23783 ], [ -83.58152, 10.24269 ], [ -83.57729, 10.24453 ], [ -83.57141, 10.24377 ], [ -83.56824, 10.24613 ], [ -83.56782, 10.24792 ], [ -83.56358, 10.2452 ], [ -83.5615, 10.2481 ], [ -83.55753, 10.24262 ], [ -83.55883, 10.23948 ], [ -83.5581, 10.23892 ], [ -83.55484, 10.24516 ], [ -83.55273, 10.23995 ], [ -83.55065, 10.23815 ], [ -83.55228, 10.23568 ], [ -83.55091, 10.23314 ], [ -83.55302, 10.23176 ], [ -83.55292, 10.23002 ], [ -83.54825, 10.23356 ], [ -83.54861, 10.22722 ], [ -83.54576, 10.2259 ] ] ] } },
{ "type": "Feature", "properties": { "cod_distrito": 70601, "distrito": "Guácimo", "canton": "Guácimo", "ha_2000": 491.0, "ha_2015": 861.0, "ha_2017": 665.0, "ha_2018": 658.0, "ha_2019": 614.0 }, "geometry": { "type": "Polygon", "coordinates": [ [ [ -83.62117, 10.28773 ], [ -83.63215, 10.27217 ], [ -83.63859, 10.27278 ], [ -83.63958, 10.2713 ], [ -83.64676, 10.26981 ], [ -83.64952, 10.26437 ], [ -83.64909, 10.25972 ], [ -83.65367, 10.24414 ], [ -83.65592, 10.24431 ], [ -83.65593, 10.22871 ], [ -83.65291, 10.22938 ], [ -83.6489, 10.2279 ], [ -83.64294, 10.2341 ], [ -83.6328, 10.23514 ], [ -83.63059, 10.23399 ], [ -83.62739, 10.23457 ], [ -83.62377, 10.23802 ], [ -83.62121, 10.23782 ], [ -83.62444, 10.23509 ], [ -83.62715, 10.22839 ], [ -83.63214, 10.22223 ], [ -83.63215, 10.20492 ], [ -83.64215, 10.19917 ], [ -83.64511, 10.19523 ], [ -83.65089, 10.19173 ], [ -83.65233, 10.18864 ], [ -83.65766, 10.18757 ], [ -83.65922, 10.1807 ], [ -83.66102, 10.18015 ], [ -83.6613, 10.17712 ], [ -83.66502, 10.17215 ], [ -83.66331, 10.16945 ], [ -83.66338, 10.16316 ], [ -83.65873, 10.1586 ], [ -83.65893, 10.15136 ], [ -83.66454, 10.14614 ], [ -83.6658, 10.14207 ], [ -83.66912, 10.13954 ], [ -83.67031, 10.13383 ], [ -83.67413, 10.13151 ], [ -83.67486, 10.12953 ], [ -83.67384, 10.12524 ], [ -83.67552, 10.1234 ], [ -83.67586, 10.1206 ], [ -83.68311, 10.11924 ], [ -83.68504, 10.11697 ], [ -83.69071, 10.11481 ], [ -83.6914, 10.10987 ], [ -83.70068, 10.10499 ], [ -83.70112, 10.10109 ], [ -83.70317, 10.09868 ], [ -83.71557, 10.09 ], [ -83.72448, 10.07853 ], [ -83.72226, 10.07042 ], [ -83.72418, 10.06584 ], [ -83.72985, 10.06197 ], [ -83.73142, 10.05538 ], [ -83.72834, 10.05011 ], [ -83.72523, 10.04031 ], [ -83.77405, 10.06351 ], [ -83.77533, 10.06807 ], [ -83.775, 10.07524 ], [ -83.77179, 10.07978 ], [ -83.77131, 10.08743 ], [ -83.77229, 10.08999 ], [ -83.77026, 10.09152 ], [ -83.76832, 10.09671 ], [ -83.77081, 10.0984 ], [ -83.77118, 10.10251 ], [ -83.77337, 10.10543 ], [ -83.77264, 10.11188 ], [ -83.76692, 10.11864 ], [ -83.76717, 10.12205 ], [ -83.76488, 10.12401 ], [ -83.76077, 10.13184 ], [ -83.7623, 10.14524 ], [ -83.7573, 10.15324 ], [ -83.75741, 10.15553 ], [ -83.75427, 10.16088 ], [ -83.75488, 10.16241 ], [ -83.75243, 10.16445 ], [ -83.75279, 10.16696 ], [ -83.75089, 10.17056 ], [ -83.75231, 10.17223 ], [ -83.7514, 10.17577 ], [ -83.75254, 10.17746 ], [ -83.7507, 10.17945 ], [ -83.74947, 10.18756 ], [ -83.74823, 10.18803 ], [ -83.74791, 10.1921 ], [ -83.74491, 10.19802 ], [ -83.74287, 10.19988 ], [ -83.73916, 10.21095 ], [ -83.73614, 10.21485 ], [ -83.73335, 10.22448 ], [ -83.72949, 10.22917 ], [ -83.73007, 10.23615 ], [ -83.72954, 10.23778 ], [ -83.72777, 10.23832 ], [ -83.72805, 10.24101 ], [ -83.72626, 10.24173 ], [ -83.72724, 10.24373 ], [ -83.72108, 10.24652 ], [ -83.71976, 10.24947 ], [ -83.71592, 10.25 ], [ -83.71075, 10.25604 ], [ -83.70589, 10.25764 ], [ -83.70502, 10.25691 ], [ -83.70242, 10.25962 ], [ -83.70087, 10.25833 ], [ -83.70033, 10.26097 ], [ -83.69712, 10.26341 ], [ -83.693, 10.26357 ], [ -83.6896, 10.26679 ], [ -83.68665, 10.26768 ], [ -83.68605, 10.27027 ], [ -83.68027, 10.2734 ], [ -83.68168, 10.2777 ], [ -83.67643, 10.27724 ], [ -83.67425, 10.27864 ], [ -83.67492, 10.28194 ], [ -83.67217, 10.28432 ], [ -83.67432, 10.28533 ], [ -83.67335, 10.28719 ], [ -83.67184, 10.28652 ], [ -83.67199, 10.2883 ], [ -83.66965, 10.28852 ], [ -83.66932, 10.28724 ], [ -83.66758, 10.29038 ], [ -83.6604, 10.29166 ], [ -83.66033, 10.29437 ], [ -83.65628, 10.29442 ], [ -83.65105, 10.29651 ], [ -83.65019, 10.29861 ], [ -83.64331, 10.29643 ], [ -83.64085, 10.29875 ], [ -83.63906, 10.29805 ], [ -83.63685, 10.299 ], [ -83.63396, 10.30138 ], [ -83.63376, 10.30326 ], [ -83.63237, 10.30257 ], [ -83.63159, 10.30348 ], [ -83.62575, 10.30071 ], [ -83.62426, 10.3018 ], [ -83.62154, 10.29999 ], [ -83.62435, 10.29733 ], [ -83.62221, 10.29693 ], [ -83.62299, 10.2886 ], [ -83.62117, 10.28773 ] ] ] } },
{ "type": "Feature", "properties": { "cod_distrito": 70604, "distrito": "Río Jiménez", "canton": "Guácimo", "ha_2000": 0.0, "ha_2015": 694.0, "ha_2017": 557.0, "ha_2018": 537.0, "ha_2019": 523.0 }, "geometry": { "type": "Polygon", "coordinates": [ [ [ -83.57668, 10.40377 ], [ -83.57326, 10.40379 ], [ -83.57071, 10.40161 ], [ -83.57119, 10.40043 ], [ -83.56938, 10.39826 ], [ -83.56693, 10.39836 ], [ -83.56598, 10.39686 ], [ -83.56526, 10.39757 ], [ -83.56181, 10.39447 ], [ -83.55644, 10.39487 ], [ -83.55621, 10.39007 ], [ -83.55469, 10.3887 ], [ -83.55529, 10.38508 ], [ -83.55262, 10.38315 ], [ -83.55182, 10.38047 ], [ -83.54897, 10.37913 ], [ -83.54794, 10.37644 ], [ -83.54506, 10.37607 ], [ -83.54408, 10.37774 ], [ -83.5445, 10.37611 ], [ -83.54345, 10.37539 ], [ -83.5424, 10.37691 ], [ -83.53845, 10.37433 ], [ -83.53724, 10.37532 ], [ -83.53509, 10.37275 ], [ -83.53591, 10.37029 ], [ -83.53171, 10.36858 ], [ -83.52983, 10.36952 ], [ -83.52796, 10.36707 ], [ -83.52451, 10.3698 ], [ -83.52389, 10.3709 ], [ -83.52505, 10.37126 ], [ -83.52326, 10.37271 ], [ -83.5216, 10.37718 ], [ -83.52106, 10.37624 ], [ -83.51522, 10.37768 ], [ -83.51186, 10.37592 ], [ -83.51276, 10.37523 ], [ -83.51197, 10.37442 ], [ -83.50995, 10.37552 ], [ -83.50815, 10.37433 ], [ -83.50659, 10.378 ], [ -83.50157, 10.377 ], [ -83.5, 10.37945 ], [ -83.49192, 10.37938 ], [ -83.48893, 10.38049 ], [ -83.48377, 10.38537 ], [ -83.47792, 10.38556 ], [ -83.47348, 10.38864 ], [ -83.46498, 10.39024 ], [ -83.45664, 10.38869 ], [ -83.45522, 10.38737 ], [ -83.45425, 10.38802 ], [ -83.45168, 10.38605 ], [ -83.45117, 10.38204 ], [ -83.44944, 10.38226 ], [ -83.44786, 10.38037 ], [ -83.44512, 10.38106 ], [ -83.44117, 10.37667 ], [ -83.43982, 10.37675 ], [ -83.43968, 10.37867 ], [ -83.43798, 10.37736 ], [ -83.4388, 10.37464 ], [ -83.43413, 10.37379 ], [ -83.42859, 10.37984 ], [ -83.42522, 10.38813 ], [ -83.41636, 10.3929 ], [ -83.39185, 10.35852 ], [ -83.39003, 10.35326 ], [ -83.38689, 10.35281 ], [ -83.37134, 10.33223 ], [ -83.3567, 10.31586 ], [ -83.35533, 10.30767 ], [ -83.35235, 10.30201 ], [ -83.3494, 10.29811 ], [ -83.34435, 10.29492 ], [ -83.34233, 10.29098 ], [ -83.34394, 10.29 ], [ -83.34884, 10.2929 ], [ -83.35062, 10.28854 ], [ -83.35584, 10.29015 ], [ -83.35829, 10.28802 ], [ -83.36139, 10.28945 ], [ -83.36469, 10.28819 ], [ -83.36668, 10.29035 ], [ -83.36303, 10.29179 ], [ -83.3628, 10.29474 ], [ -83.36604, 10.29619 ], [ -83.36753, 10.29225 ], [ -83.36972, 10.29207 ], [ -83.37036, 10.29378 ], [ -83.36818, 10.2977 ], [ -83.37034, 10.30038 ], [ -83.37445, 10.29955 ], [ -83.37748, 10.29406 ], [ -83.37946, 10.29403 ], [ -83.37763, 10.29947 ], [ -83.37996, 10.30403 ], [ -83.38158, 10.30292 ], [ -83.38327, 10.29577 ], [ -83.38501, 10.29631 ], [ -83.3856, 10.3019 ], [ -83.38808, 10.30336 ], [ -83.38989, 10.30247 ], [ -83.39363, 10.29515 ], [ -83.3953, 10.29439 ], [ -83.39443, 10.30077 ], [ -83.39548, 10.30326 ], [ -83.39741, 10.30367 ], [ -83.40152, 10.30038 ], [ -83.39868, 10.29447 ], [ -83.40065, 10.294 ], [ -83.40414, 10.29655 ], [ -83.40561, 10.29539 ], [ -83.40552, 10.29385 ], [ -83.40254, 10.29157 ], [ -83.40438, 10.28881 ], [ -83.40832, 10.28834 ], [ -83.40489, 10.28527 ], [ -83.40536, 10.28421 ], [ -83.40914, 10.28606 ], [ -83.41323, 10.28533 ], [ -83.41668, 10.2898 ], [ -83.41902, 10.28767 ], [ -83.42147, 10.28851 ], [ -83.42466, 10.2874 ], [ -83.42725, 10.29085 ], [ -83.42822, 10.28645 ], [ -83.43743, 10.2879 ], [ -83.43763, 10.28475 ], [ -83.43879, 10.28406 ], [ -83.44463, 10.2912 ], [ -83.44929, 10.28815 ], [ -83.4529, 10.28948 ], [ -83.4555, 10.28647 ], [ -83.45834, 10.28847 ], [ -83.46256, 10.28726 ], [ -83.46659, 10.28944 ], [ -83.47153, 10.28819 ], [ -83.47581, 10.28397 ], [ -83.47882, 10.28643 ], [ -83.48092, 10.28108 ], [ -83.48104, 10.28364 ], [ -83.48268, 10.28464 ], [ -83.48864, 10.28055 ], [ -83.48684, 10.27377 ], [ -83.48517, 10.27397 ], [ -83.48416, 10.27645 ], [ -83.47937, 10.2713 ], [ -83.48304, 10.27149 ], [ -83.48348, 10.2691 ], [ -83.48198, 10.26589 ], [ -83.48535, 10.26417 ], [ -83.48118, 10.26243 ], [ -83.48296, 10.26168 ], [ -83.48298, 10.25883 ], [ -83.48666, 10.25691 ], [ -83.48479, 10.2516 ], [ -83.49069, 10.25129 ], [ -83.48912, 10.2435 ], [ -83.49148, 10.24654 ], [ -83.49376, 10.24262 ], [ -83.49973, 10.24491 ], [ -83.49945, 10.24097 ], [ -83.5029, 10.2376 ], [ -83.50434, 10.23235 ], [ -83.50872, 10.23264 ], [ -83.50789, 10.23724 ], [ -83.51319, 10.23472 ], [ -83.51566, 10.23778 ], [ -83.51729, 10.23664 ], [ -83.51797, 10.23167 ], [ -83.52131, 10.23251 ], [ -83.52789, 10.22941 ], [ -83.53063, 10.23541 ], [ -83.5365, 10.22828 ], [ -83.54065, 10.2276 ], [ -83.5429, 10.22902 ], [ -83.54576, 10.2259 ], [ -83.54861, 10.22722 ], [ -83.54825, 10.23356 ], [ -83.55292, 10.23002 ], [ -83.55302, 10.23176 ], [ -83.55091, 10.23314 ], [ -83.55228, 10.23568 ], [ -83.55065, 10.23815 ], [ -83.55273, 10.23995 ], [ -83.55387, 10.24422 ], [ -83.55495, 10.24517 ], [ -83.55603, 10.24428 ], [ -83.55827, 10.23893 ], [ -83.55753, 10.24262 ], [ -83.56145, 10.24808 ], [ -83.56385, 10.24516 ], [ -83.56796, 10.2479 ], [ -83.56824, 10.24613 ], [ -83.57141, 10.24377 ], [ -83.57729, 10.24453 ], [ -83.58136, 10.24284 ], [ -83.57764, 10.23761 ], [ -83.58048, 10.23409 ], [ -83.58396, 10.23661 ], [ -83.5862, 10.23216 ], [ -83.5855, 10.23003 ], [ -83.59229, 10.22905 ], [ -83.5922, 10.22671 ], [ -83.59475, 10.22339 ], [ -83.60356, 10.22762 ], [ -83.60582, 10.22517 ], [ -83.60808, 10.22726 ], [ -83.60973, 10.22543 ], [ -83.61053, 10.22755 ], [ -83.61402, 10.22637 ], [ -83.61449, 10.22505 ], [ -83.61307, 10.22323 ], [ -83.61624, 10.22062 ], [ -83.61667, 10.21585 ], [ -83.62853, 10.21089 ], [ -83.63147, 10.208 ], [ -83.63215, 10.20492 ], [ -83.63214, 10.22223 ], [ -83.62715, 10.22839 ], [ -83.62444, 10.23509 ], [ -83.62121, 10.23782 ], [ -83.62377, 10.23802 ], [ -83.62739, 10.23457 ], [ -83.63059, 10.23399 ], [ -83.6328, 10.23514 ], [ -83.64294, 10.2341 ], [ -83.6489, 10.2279 ], [ -83.65291, 10.22938 ], [ -83.65593, 10.22871 ], [ -83.65592, 10.24431 ], [ -83.65367, 10.24414 ], [ -83.64909, 10.25972 ], [ -83.64952, 10.26437 ], [ -83.64681, 10.26975 ], [ -83.63958, 10.2713 ], [ -83.63635, 10.27325 ], [ -83.63215, 10.27217 ], [ -83.63054, 10.27339 ], [ -83.62782, 10.27276 ], [ -83.62629, 10.27355 ], [ -83.62606, 10.27562 ], [ -83.62178, 10.27615 ], [ -83.61787, 10.28024 ], [ -83.61407, 10.27775 ], [ -83.61337, 10.27317 ], [ -83.60924, 10.27366 ], [ -83.60692, 10.27177 ], [ -83.60749, 10.27085 ], [ -83.60614, 10.27106 ], [ -83.60583, 10.2688 ], [ -83.59956, 10.26718 ], [ -83.58762, 10.28648 ], [ -83.58457, 10.28817 ], [ -83.58439, 10.29196 ], [ -83.5821, 10.29184 ], [ -83.58358, 10.28954 ], [ -83.57806, 10.28873 ], [ -83.57677, 10.29115 ], [ -83.57886, 10.29228 ], [ -83.57847, 10.29393 ], [ -83.57547, 10.29273 ], [ -83.57424, 10.29371 ], [ -83.57405, 10.2916 ], [ -83.57622, 10.29076 ], [ -83.57378, 10.28968 ], [ -83.57192, 10.29009 ], [ -83.57129, 10.29256 ], [ -83.5692, 10.29358 ], [ -83.56851, 10.2917 ], [ -83.56746, 10.29406 ], [ -83.56509, 10.29419 ], [ -83.56798, 10.29551 ], [ -83.56568, 10.29744 ], [ -83.57013, 10.29828 ], [ -83.56693, 10.31223 ], [ -83.57559, 10.32774 ], [ -83.57505, 10.33336 ], [ -83.57609, 10.33612 ], [ -83.57205, 10.33934 ], [ -83.57428, 10.34226 ], [ -83.57286, 10.3458 ], [ -83.5777, 10.35169 ], [ -83.58095, 10.35128 ], [ -83.58563, 10.35477 ], [ -83.58846, 10.3606 ], [ -83.58741, 10.36028 ], [ -83.58762, 10.36143 ], [ -83.58988, 10.36275 ], [ -83.58942, 10.36435 ], [ -83.59295, 10.36411 ], [ -83.594, 10.36644 ], [ -83.59335, 10.36877 ], [ -83.59488, 10.36889 ], [ -83.59268, 10.37035 ], [ -83.59507, 10.37045 ], [ -83.59743, 10.37305 ], [ -83.5962, 10.37454 ], [ -83.59731, 10.37556 ], [ -83.59514, 10.37692 ], [ -83.59689, 10.37838 ], [ -83.59554, 10.38145 ], [ -83.59911, 10.38337 ], [ -83.59807, 10.38636 ], [ -83.59468, 10.38755 ], [ -83.59318, 10.39045 ], [ -83.58905, 10.39082 ], [ -83.58968, 10.39214 ], [ -83.58845, 10.39399 ], [ -83.59213, 10.39458 ], [ -83.58959, 10.39513 ], [ -83.59031, 10.39732 ], [ -83.58686, 10.39766 ], [ -83.58666, 10.40128 ], [ -83.58426, 10.40124 ], [ -83.58325, 10.40307 ], [ -83.57961, 10.40074 ], [ -83.57618, 10.40069 ], [ -83.57501, 10.40228 ], [ -83.57668, 10.40377 ] ] ] } },
{ "type": "Feature", "properties": { "cod_distrito": 70605, "distrito": "Duacarí", "canton": "Guácimo", "ha_2000": 74.0, "ha_2015": 1626.0, "ha_2017": 1584.0, "ha_2018": 1679.0, "ha_2019": 1885.0 }, "geometry": { "type": "Polygon", "coordinates": [ [ [ -83.5939, 10.36618 ], [ -83.59289, 10.36408 ], [ -83.58939, 10.3643 ], [ -83.58988, 10.36275 ], [ -83.58762, 10.36143 ], [ -83.58741, 10.36028 ], [ -83.58846, 10.3606 ], [ -83.58563, 10.35477 ], [ -83.58095, 10.35128 ], [ -83.5777, 10.35169 ], [ -83.57286, 10.3458 ], [ -83.57428, 10.34226 ], [ -83.57205, 10.33934 ], [ -83.57609, 10.33612 ], [ -83.57505, 10.33336 ], [ -83.57559, 10.32774 ], [ -83.56693, 10.31223 ], [ -83.57013, 10.29828 ], [ -83.56562, 10.29738 ], [ -83.568, 10.2957 ], [ -83.56537, 10.29373 ], [ -83.56746, 10.29406 ], [ -83.56855, 10.29169 ], [ -83.56933, 10.29356 ], [ -83.57165, 10.29218 ], [ -83.57199, 10.29002 ], [ -83.57401, 10.28968 ], [ -83.57627, 10.29127 ], [ -83.57421, 10.29141 ], [ -83.57424, 10.29371 ], [ -83.57547, 10.29273 ], [ -83.57847, 10.29393 ], [ -83.57886, 10.29228 ], [ -83.57677, 10.29115 ], [ -83.57806, 10.28873 ], [ -83.58358, 10.28954 ], [ -83.5821, 10.29184 ], [ -83.58439, 10.29196 ], [ -83.58457, 10.28817 ], [ -83.58762, 10.28648 ], [ -83.59956, 10.26718 ], [ -83.60583, 10.2688 ], [ -83.60614, 10.27106 ], [ -83.60749, 10.27085 ], [ -83.60692, 10.27177 ], [ -83.60924, 10.27366 ], [ -83.61337, 10.27317 ], [ -83.61407, 10.27775 ], [ -83.61787, 10.28024 ], [ -83.62178, 10.27615 ], [ -83.62606, 10.27562 ], [ -83.62651, 10.27331 ], [ -83.63054, 10.27339 ], [ -83.62116, 10.28777 ], [ -83.62299, 10.2886 ], [ -83.62221, 10.29693 ], [ -83.62435, 10.29733 ], [ -83.62156, 10.30005 ], [ -83.62426, 10.3018 ], [ -83.62575, 10.30071 ], [ -83.6315, 10.30348 ], [ -83.63237, 10.30257 ], [ -83.63365, 10.30331 ], [ -83.63396, 10.30138 ], [ -83.63889, 10.29811 ], [ -83.64085, 10.29875 ], [ -83.64444, 10.29635 ], [ -83.64683, 10.29832 ], [ -83.65019, 10.29861 ], [ -83.65105, 10.29651 ], [ -83.65628, 10.29442 ], [ -83.66033, 10.29437 ], [ -83.6604, 10.29166 ], [ -83.66738, 10.29048 ], [ -83.66729, 10.3528 ], [ -83.66467, 10.35252 ], [ -83.66374, 10.35379 ], [ -83.66294, 10.35257 ], [ -83.66161, 10.35396 ], [ -83.65852, 10.3531 ], [ -83.65758, 10.35458 ], [ -83.6524, 10.35469 ], [ -83.65171, 10.35378 ], [ -83.64813, 10.35681 ], [ -83.63908, 10.35887 ], [ -83.63528, 10.35859 ], [ -83.63492, 10.35748 ], [ -83.63392, 10.35818 ], [ -83.63115, 10.35651 ], [ -83.62659, 10.35935 ], [ -83.61954, 10.35609 ], [ -83.61703, 10.3585 ], [ -83.61533, 10.35792 ], [ -83.61566, 10.35929 ], [ -83.60861, 10.35973 ], [ -83.6084, 10.3615 ], [ -83.60665, 10.36222 ], [ -83.60279, 10.36129 ], [ -83.60174, 10.36347 ], [ -83.59698, 10.36428 ], [ -83.59759, 10.36512 ], [ -83.59638, 10.36487 ], [ -83.59613, 10.36635 ], [ -83.5939, 10.36618 ] ] ] } },
{ "type": "Feature", "properties": { "cod_distrito": 70204, "distrito": "Roxana", "canton": "Pococí", "ha_2000": 128.0, "ha_2015": 2008.0, "ha_2017": 2460.0, "ha_2018": 2549.0, "ha_2019": 2550.0 }, "geometry": { "type": "Polygon", "coordinates": [ [ [ -83.58093, 10.46161 ], [ -83.57674, 10.4007 ], [ -83.57963, 10.40075 ], [ -83.58325, 10.40307 ], [ -83.58426, 10.40124 ], [ -83.58663, 10.4013 ], [ -83.58688, 10.39764 ], [ -83.59031, 10.39732 ], [ -83.58959, 10.39513 ], [ -83.59213, 10.39458 ], [ -83.58845, 10.39399 ], [ -83.58968, 10.39214 ], [ -83.58905, 10.39082 ], [ -83.59317, 10.39046 ], [ -83.59468, 10.38755 ], [ -83.59594, 10.38787 ], [ -83.59849, 10.38561 ], [ -83.59905, 10.38313 ], [ -83.59557, 10.3815 ], [ -83.59689, 10.37838 ], [ -83.59512, 10.37702 ], [ -83.59731, 10.37556 ], [ -83.5962, 10.37454 ], [ -83.59743, 10.37305 ], [ -83.59507, 10.37045 ], [ -83.59267, 10.37033 ], [ -83.59487, 10.369 ], [ -83.59301, 10.36785 ], [ -83.59411, 10.36573 ], [ -83.59621, 10.36632 ], [ -83.59638, 10.36487 ], [ -83.59759, 10.36512 ], [ -83.59698, 10.36428 ], [ -83.60174, 10.36347 ], [ -83.60279, 10.36129 ], [ -83.60665, 10.36222 ], [ -83.6084, 10.3615 ], [ -83.60861, 10.35973 ], [ -83.61566, 10.35929 ], [ -83.61533, 10.35792 ], [ -83.61703, 10.3585 ], [ -83.61954, 10.35609 ], [ -83.62659, 10.35935 ], [ -83.63115, 10.35651 ], [ -83.63392, 10.35818 ], [ -83.63492, 10.35748 ], [ -83.63528, 10.35859 ], [ -83.63908, 10.35887 ], [ -83.64813, 10.35681 ], [ -83.65171, 10.35378 ], [ -83.6524, 10.35469 ], [ -83.65758, 10.35458 ], [ -83.65852, 10.3531 ], [ -83.66161, 10.35396 ], [ -83.66294, 10.35257 ], [ -83.66374, 10.35379 ], [ -83.66467, 10.35252 ], [ -83.66729, 10.3528 ], [ -83.66738, 10.29048 ], [ -83.66892, 10.29085 ], [ -83.66824, 10.2928 ], [ -83.67173, 10.29382 ], [ -83.67532, 10.29279 ], [ -83.67684, 10.2956 ], [ -83.67998, 10.29507 ], [ -83.68729, 10.30003 ], [ -83.69236, 10.29808 ], [ -83.69482, 10.29919 ], [ -83.6959, 10.29779 ], [ -83.70028, 10.29929 ], [ -83.70168, 10.29711 ], [ -83.70703, 10.29505 ], [ -83.70868, 10.29585 ], [ -83.71111, 10.2936 ], [ -83.71339, 10.29474 ], [ -83.71783, 10.28047 ], [ -83.72434, 10.27671 ], [ -83.72606, 10.27411 ], [ -83.72865, 10.27474 ], [ -83.73074, 10.27409 ], [ -83.73143, 10.27205 ], [ -83.73937, 10.2712 ], [ -83.74434, 10.26727 ], [ -83.74494, 10.26447 ], [ -83.748, 10.26246 ], [ -83.74795, 10.25968 ], [ -83.74988, 10.25913 ], [ -83.75072, 10.25671 ], [ -83.75223, 10.25689 ], [ -83.75315, 10.25537 ], [ -83.77908, 10.25539 ], [ -83.77653, 10.2644 ], [ -83.77673, 10.26968 ], [ -83.7735, 10.27325 ], [ -83.77404, 10.2768 ], [ -83.77077, 10.27747 ], [ -83.76533, 10.28736 ], [ -83.76478, 10.29083 ], [ -83.76222, 10.29295 ], [ -83.7598, 10.29317 ], [ -83.75681, 10.29678 ], [ -83.75668, 10.29927 ], [ -83.75299, 10.3022 ], [ -83.75247, 10.30944 ], [ -83.75078, 10.3098 ], [ -83.75185, 10.31245 ], [ -83.75103, 10.31528 ], [ -83.74995, 10.31483 ], [ -83.74966, 10.3101 ], [ -83.74828, 10.30938 ], [ -83.74805, 10.31725 ], [ -83.7457, 10.32198 ], [ -83.74643, 10.32412 ], [ -83.74462, 10.32338 ], [ -83.74321, 10.32562 ], [ -83.73919, 10.32713 ], [ -83.73828, 10.32943 ], [ -83.73281, 10.33056 ], [ -83.73184, 10.33272 ], [ -83.72843, 10.33235 ], [ -83.72626, 10.33446 ], [ -83.72364, 10.33305 ], [ -83.72104, 10.33614 ], [ -83.71864, 10.33564 ], [ -83.71784, 10.33395 ], [ -83.71539, 10.33409 ], [ -83.71659, 10.33654 ], [ -83.71482, 10.33884 ], [ -83.71279, 10.33809 ], [ -83.71307, 10.33689 ], [ -83.70513, 10.33878 ], [ -83.7035, 10.34211 ], [ -83.70329, 10.34103 ], [ -83.70125, 10.34134 ], [ -83.69889, 10.34458 ], [ -83.69899, 10.34654 ], [ -83.69644, 10.34738 ], [ -83.69759, 10.35076 ], [ -83.69581, 10.35149 ], [ -83.69585, 10.35865 ], [ -83.69456, 10.3604 ], [ -83.69093, 10.361 ], [ -83.69107, 10.36248 ], [ -83.6887, 10.36369 ], [ -83.68884, 10.36783 ], [ -83.69076, 10.36872 ], [ -83.68596, 10.37338 ], [ -83.68613, 10.37544 ], [ -83.68166, 10.37847 ], [ -83.68031, 10.38173 ], [ -83.67411, 10.38241 ], [ -83.6744, 10.38545 ], [ -83.67132, 10.38503 ], [ -83.67106, 10.38695 ], [ -83.67481, 10.38946 ], [ -83.674, 10.39088 ], [ -83.67082, 10.39133 ], [ -83.67082, 10.40035 ], [ -83.66877, 10.40361 ], [ -83.66903, 10.40835 ], [ -83.66515, 10.41107 ], [ -83.66581, 10.41569 ], [ -83.66334, 10.41654 ], [ -83.66561, 10.41934 ], [ -83.66414, 10.4221 ], [ -83.66816, 10.42706 ], [ -83.66699, 10.43281 ], [ -83.66489, 10.43235 ], [ -83.66233, 10.43468 ], [ -83.6581, 10.43489 ], [ -83.65836, 10.43942 ], [ -83.65582, 10.4398 ], [ -83.65701, 10.43837 ], [ -83.65565, 10.43742 ], [ -83.6523, 10.43833 ], [ -83.65174, 10.44064 ], [ -83.64891, 10.44144 ], [ -83.64935, 10.44363 ], [ -83.64513, 10.44461 ], [ -83.64565, 10.44598 ], [ -83.64362, 10.44786 ], [ -83.64135, 10.44584 ], [ -83.63947, 10.44622 ], [ -83.63825, 10.44374 ], [ -83.63637, 10.44419 ], [ -83.63509, 10.44182 ], [ -83.63182, 10.44219 ], [ -83.6307, 10.44825 ], [ -83.62938, 10.44926 ], [ -83.63291, 10.45352 ], [ -83.63012, 10.45582 ], [ -83.63135, 10.45761 ], [ -83.6278, 10.45971 ], [ -83.62461, 10.45909 ], [ -83.62346, 10.45714 ], [ -83.61907, 10.45663 ], [ -83.61808, 10.45718 ], [ -83.61831, 10.45987 ], [ -83.61622, 10.45925 ], [ -83.61383, 10.46275 ], [ -83.61402, 10.45973 ], [ -83.61095, 10.45892 ], [ -83.60694, 10.46013 ], [ -83.60526, 10.45892 ], [ -83.60371, 10.46004 ], [ -83.6024, 10.45737 ], [ -83.59911, 10.45843 ], [ -83.59426, 10.45717 ], [ -83.59064, 10.46007 ], [ -83.58811, 10.46038 ], [ -83.58761, 10.46198 ], [ -83.58597, 10.46027 ], [ -83.5821, 10.46222 ], [ -83.58093, 10.46161 ] ] ] } },
{ "type": "Feature", "properties": { "cod_distrito": 70205, "distrito": "Cariari", "canton": "Pococí", "ha_2000": 0.0, "ha_2015": 6.0, "ha_2017": 352.0, "ha_2018": 359.0, "ha_2019": 357.0 }, "geometry": { "type": "Polygon", "coordinates": [ [ [ -83.58093, 10.46161 ], [ -83.5821, 10.46222 ], [ -83.58597, 10.46027 ], [ -83.58761, 10.46198 ], [ -83.58811, 10.46038 ], [ -83.59064, 10.46007 ], [ -83.59426, 10.45717 ], [ -83.59911, 10.45843 ], [ -83.6024, 10.45737 ], [ -83.60371, 10.46004 ], [ -83.60526, 10.45892 ], [ -83.60694, 10.46013 ], [ -83.61095, 10.45892 ], [ -83.61402, 10.45973 ], [ -83.61383, 10.46275 ], [ -83.61622, 10.45925 ], [ -83.61831, 10.45987 ], [ -83.61808, 10.45718 ], [ -83.61907, 10.45663 ], [ -83.62346, 10.45714 ], [ -83.62461, 10.45909 ], [ -83.6278, 10.45971 ], [ -83.63135, 10.45761 ], [ -83.63012, 10.45582 ], [ -83.63291, 10.45352 ], [ -83.62938, 10.44926 ], [ -83.6307, 10.44825 ], [ -83.63182, 10.44219 ], [ -83.63509, 10.44182 ], [ -83.63637, 10.44419 ], [ -83.63825, 10.44374 ], [ -83.63947, 10.44622 ], [ -83.64135, 10.44584 ], [ -83.64362, 10.44786 ], [ -83.64565, 10.44598 ], [ -83.64513, 10.44461 ], [ -83.64935, 10.44363 ], [ -83.64891, 10.44144 ], [ -83.65174, 10.44064 ], [ -83.6523, 10.43833 ], [ -83.65565, 10.43742 ], [ -83.65701, 10.43837 ], [ -83.65582, 10.4398 ], [ -83.65836, 10.43942 ], [ -83.6581, 10.43489 ], [ -83.66233, 10.43468 ], [ -83.66489, 10.43235 ], [ -83.66699, 10.43281 ], [ -83.66816, 10.42706 ], [ -83.66414, 10.4221 ], [ -83.66561, 10.41934 ], [ -83.66334, 10.41654 ], [ -83.66581, 10.41569 ], [ -83.66515, 10.41107 ], [ -83.66903, 10.40835 ], [ -83.66877, 10.40361 ], [ -83.67082, 10.40035 ], [ -83.67082, 10.39133 ], [ -83.674, 10.39088 ], [ -83.67481, 10.38946 ], [ -83.67106, 10.38695 ], [ -83.67125, 10.38516 ], [ -83.6744, 10.38545 ], [ -83.67411, 10.38241 ], [ -83.68017, 10.38182 ], [ -83.68343, 10.37651 ], [ -83.68624, 10.37531 ], [ -83.68596, 10.37338 ], [ -83.69079, 10.36866 ], [ -83.68884, 10.36783 ], [ -83.68874, 10.36361 ], [ -83.69107, 10.36248 ], [ -83.69093, 10.361 ], [ -83.69456, 10.3604 ], [ -83.69588, 10.35856 ], [ -83.69581, 10.35149 ], [ -83.69759, 10.35076 ], [ -83.69644, 10.34738 ], [ -83.69899, 10.34654 ], [ -83.69889, 10.34458 ], [ -83.70133, 10.34127 ], [ -83.70422, 10.3417 ], [ -83.70513, 10.33878 ], [ -83.71317, 10.33687 ], [ -83.71279, 10.33809 ], [ -83.71482, 10.33884 ], [ -83.71659, 10.33654 ], [ -83.71545, 10.33407 ], [ -83.71784, 10.33395 ], [ -83.71864, 10.33564 ], [ -83.72104, 10.33614 ], [ -83.72364, 10.33305 ], [ -83.72626, 10.33446 ], [ -83.72843, 10.33235 ], [ -83.73184, 10.33272 ], [ -83.73281, 10.33056 ], [ -83.73828, 10.32943 ], [ -83.73919, 10.32713 ], [ -83.74321, 10.32562 ], [ -83.74462, 10.32338 ], [ -83.74636, 10.32419 ], [ -83.74583, 10.32163 ], [ -83.76203, 10.32164 ], [ -83.75952, 10.32478 ], [ -83.76111, 10.32525 ], [ -83.76218, 10.32797 ], [ -83.75943, 10.32902 ], [ -83.75898, 10.33084 ], [ -83.75663, 10.33042 ], [ -83.75711, 10.33167 ], [ -83.79134, 10.3317 ], [ -83.7911, 10.33544 ], [ -83.77947, 10.3417 ], [ -83.77733, 10.34912 ], [ -83.77698, 10.35425 ], [ -83.7781, 10.35564 ], [ -83.7764, 10.35995 ], [ -83.77711, 10.36056 ], [ -83.77512, 10.36269 ], [ -83.77456, 10.36605 ], [ -83.77323, 10.36616 ], [ -83.7735, 10.36803 ], [ -83.77167, 10.36861 ], [ -83.77236, 10.36964 ], [ -83.76918, 10.37702 ], [ -83.77001, 10.37943 ], [ -83.76866, 10.37906 ], [ -83.76962, 10.3816 ], [ -83.76731, 10.38758 ], [ -83.76589, 10.38793 ], [ -83.76541, 10.39066 ], [ -83.76429, 10.39048 ], [ -83.76482, 10.39214 ], [ -83.7633, 10.39431 ], [ -83.76028, 10.39463 ], [ -83.75968, 10.39813 ], [ -83.76099, 10.39926 ], [ -83.75941, 10.39966 ], [ -83.75948, 10.4013 ], [ -83.75721, 10.40184 ], [ -83.75527, 10.40521 ], [ -83.75304, 10.40389 ], [ -83.75396, 10.40494 ], [ -83.75254, 10.40961 ], [ -83.74947, 10.41087 ], [ -83.74888, 10.41241 ], [ -83.74587, 10.41245 ], [ -83.7444, 10.41441 ], [ -83.74161, 10.41172 ], [ -83.74064, 10.41417 ], [ -83.73431, 10.4161 ], [ -83.736, 10.41801 ], [ -83.73438, 10.41813 ], [ -83.73389, 10.42065 ], [ -83.73295, 10.41959 ], [ -83.73159, 10.42055 ], [ -83.7334, 10.4215 ], [ -83.73242, 10.42148 ], [ -83.73315, 10.42283 ], [ -83.73143, 10.42424 ], [ -83.73201, 10.42764 ], [ -83.72974, 10.42935 ], [ -83.7285, 10.42873 ], [ -83.72973, 10.43085 ], [ -83.729, 10.43183 ], [ -83.72541, 10.43196 ], [ -83.72593, 10.434 ], [ -83.72754, 10.43467 ], [ -83.72565, 10.43497 ], [ -83.72733, 10.43686 ], [ -83.72543, 10.43533 ], [ -83.72477, 10.43635 ], [ -83.72416, 10.43486 ], [ -83.7229, 10.4367 ], [ -83.72235, 10.43513 ], [ -83.7204, 10.43515 ], [ -83.72021, 10.43709 ], [ -83.71867, 10.43745 ], [ -83.71949, 10.43896 ], [ -83.71832, 10.43923 ], [ -83.71807, 10.44136 ], [ -83.7144, 10.44102 ], [ -83.71598, 10.44203 ], [ -83.71531, 10.44317 ], [ -83.71259, 10.44334 ], [ -83.71153, 10.44465 ], [ -83.70923, 10.4439 ], [ -83.70894, 10.44522 ], [ -83.7051, 10.44614 ], [ -83.70291, 10.44815 ], [ -83.70311, 10.45108 ], [ -83.69925, 10.45119 ], [ -83.69764, 10.45266 ], [ -83.69807, 10.45387 ], [ -83.69653, 10.45471 ], [ -83.69768, 10.45611 ], [ -83.69527, 10.4564 ], [ -83.69682, 10.45728 ], [ -83.69444, 10.45921 ], [ -83.69701, 10.4599 ], [ -83.69545, 10.46096 ], [ -83.69811, 10.46288 ], [ -83.6966, 10.46415 ], [ -83.69697, 10.46536 ], [ -83.69405, 10.46682 ], [ -83.69416, 10.46977 ], [ -83.69137, 10.46983 ], [ -83.69275, 10.471 ], [ -83.69214, 10.47331 ], [ -83.68834, 10.47299 ], [ -83.68577, 10.47482 ], [ -83.68481, 10.47406 ], [ -83.68375, 10.47664 ], [ -83.68206, 10.47649 ], [ -83.6822, 10.47926 ], [ -83.68106, 10.47906 ], [ -83.68111, 10.48125 ], [ -83.67966, 10.48157 ], [ -83.6812, 10.48237 ], [ -83.68008, 10.48327 ], [ -83.67764, 10.48235 ], [ -83.67865, 10.48539 ], [ -83.67628, 10.48439 ], [ -83.67469, 10.48738 ], [ -83.67688, 10.48864 ], [ -83.6744, 10.49112 ], [ -83.67448, 10.49258 ], [ -83.67612, 10.49157 ], [ -83.67674, 10.49309 ], [ -83.67367, 10.49625 ], [ -83.66988, 10.49928 ], [ -83.66772, 10.4964 ], [ -83.6633, 10.49618 ], [ -83.66428, 10.49881 ], [ -83.66201, 10.50298 ], [ -83.65992, 10.5039 ], [ -83.6559, 10.50326 ], [ -83.65596, 10.5053 ], [ -83.65441, 10.50543 ], [ -83.65577, 10.50673 ], [ -83.65111, 10.50977 ], [ -83.65414, 10.51008 ], [ -83.65299, 10.51423 ], [ -83.65187, 10.51218 ], [ -83.64894, 10.51361 ], [ -83.64796, 10.51051 ], [ -83.64489, 10.51432 ], [ -83.64239, 10.51341 ], [ -83.64343, 10.51494 ], [ -83.64272, 10.51569 ], [ -83.63989, 10.51495 ], [ -83.64021, 10.51674 ], [ -83.63494, 10.51682 ], [ -83.6298, 10.52038 ], [ -83.63023, 10.52441 ], [ -83.62562, 10.5302 ], [ -83.62582, 10.5317 ], [ -83.62813, 10.53259 ], [ -83.62966, 10.53829 ], [ -83.62799, 10.54368 ], [ -83.62492, 10.54442 ], [ -83.6202, 10.54145 ], [ -83.61707, 10.5416 ], [ -83.61413, 10.54415 ], [ -83.6061, 10.54301 ], [ -83.60194, 10.54527 ], [ -83.59969, 10.54442 ], [ -83.59886, 10.54607 ], [ -83.59156, 10.54522 ], [ -83.58689, 10.54806 ], [ -83.58093, 10.46161 ] ] ] } },
{ "type": "Feature", "properties": { "cod_distrito": 70203, "distrito": "Rita", "canton": "Pococí", "ha_2000": 0.0, "ha_2015": 2739.0, "ha_2017": 3087.0, "ha_2018": 2985.0, "ha_2019": 2935.0 }, "geometry": { "type": "Polygon", "coordinates": [ [ [ -83.62837, 10.54331 ], [ -83.62847, 10.53961 ], [ -83.62966, 10.53829 ], [ -83.62813, 10.53259 ], [ -83.62582, 10.5317 ], [ -83.62562, 10.5302 ], [ -83.63023, 10.52441 ], [ -83.6298, 10.52038 ], [ -83.63494, 10.51682 ], [ -83.64021, 10.51674 ], [ -83.63989, 10.51495 ], [ -83.64272, 10.51569 ], [ -83.64343, 10.51494 ], [ -83.64239, 10.51341 ], [ -83.64489, 10.51432 ], [ -83.64796, 10.51051 ], [ -83.64894, 10.51361 ], [ -83.65187, 10.51218 ], [ -83.65299, 10.51423 ], [ -83.65414, 10.51008 ], [ -83.65111, 10.50977 ], [ -83.65577, 10.50673 ], [ -83.65441, 10.50543 ], [ -83.65596, 10.5053 ], [ -83.6559, 10.50326 ], [ -83.65992, 10.5039 ], [ -83.66201, 10.50298 ], [ -83.66428, 10.49881 ], [ -83.6633, 10.49618 ], [ -83.66772, 10.4964 ], [ -83.66988, 10.49928 ], [ -83.67367, 10.49625 ], [ -83.67674, 10.49309 ], [ -83.67612, 10.49157 ], [ -83.67448, 10.49258 ], [ -83.6744, 10.49112 ], [ -83.67688, 10.48864 ], [ -83.67469, 10.48738 ], [ -83.67628, 10.48439 ], [ -83.67865, 10.48539 ], [ -83.67764, 10.48235 ], [ -83.68008, 10.48327 ], [ -83.6812, 10.48237 ], [ -83.67966, 10.48157 ], [ -83.68111, 10.48125 ], [ -83.68106, 10.47906 ], [ -83.6822, 10.47926 ], [ -83.68206, 10.47649 ], [ -83.68375, 10.47664 ], [ -83.68481, 10.47406 ], [ -83.68577, 10.47482 ], [ -83.68834, 10.47299 ], [ -83.69214, 10.47331 ], [ -83.69275, 10.471 ], [ -83.69137, 10.46983 ], [ -83.69416, 10.46977 ], [ -83.69405, 10.46682 ], [ -83.69697, 10.46536 ], [ -83.6966, 10.46415 ], [ -83.69811, 10.46288 ], [ -83.69545, 10.46096 ], [ -83.69701, 10.4599 ], [ -83.69444, 10.45921 ], [ -83.69682, 10.45728 ], [ -83.69527, 10.4564 ], [ -83.69768, 10.45611 ], [ -83.69653, 10.45471 ], [ -83.69807, 10.45387 ], [ -83.69764, 10.45266 ], [ -83.69925, 10.45119 ], [ -83.70311, 10.45108 ], [ -83.70291, 10.44815 ], [ -83.7051, 10.44614 ], [ -83.70894, 10.44522 ], [ -83.70923, 10.4439 ], [ -83.71153, 10.44465 ], [ -83.71259, 10.44334 ], [ -83.71531, 10.44317 ], [ -83.71598, 10.44203 ], [ -83.7144, 10.44102 ], [ -83.71807, 10.44136 ], [ -83.71832, 10.43923 ], [ -83.71949, 10.43896 ], [ -83.71867, 10.43745 ], [ -83.72021, 10.43709 ], [ -83.7204, 10.43515 ], [ -83.72235, 10.43513 ], [ -83.7229, 10.4367 ], [ -83.72416, 10.43486 ], [ -83.72477, 10.43635 ], [ -83.72543, 10.43533 ], [ -83.72733, 10.43686 ], [ -83.72565, 10.43497 ], [ -83.72754, 10.43467 ], [ -83.72593, 10.434 ], [ -83.72541, 10.43196 ], [ -83.729, 10.43183 ], [ -83.72973, 10.43085 ], [ -83.7285, 10.42873 ], [ -83.72974, 10.42935 ], [ -83.73201, 10.42764 ], [ -83.73143, 10.42424 ], [ -83.73315, 10.42283 ], [ -83.73242, 10.42148 ], [ -83.7334, 10.4215 ], [ -83.73159, 10.42055 ], [ -83.73295, 10.41959 ], [ -83.73389, 10.42065 ], [ -83.73438, 10.41813 ], [ -83.736, 10.41801 ], [ -83.73431, 10.4161 ], [ -83.74064, 10.41417 ], [ -83.74161, 10.41172 ], [ -83.7444, 10.41441 ], [ -83.74587, 10.41245 ], [ -83.74888, 10.41241 ], [ -83.74947, 10.41087 ], [ -83.75254, 10.40961 ], [ -83.75396, 10.40494 ], [ -83.75304, 10.40389 ], [ -83.75556, 10.40505 ], [ -83.75721, 10.40184 ], [ -83.7592, 10.40155 ], [ -83.75941, 10.39966 ], [ -83.76099, 10.39926 ], [ -83.75968, 10.39813 ], [ -83.76028, 10.39463 ], [ -83.7633, 10.39431 ], [ -83.76482, 10.39214 ], [ -83.76429, 10.39048 ], [ -83.76541, 10.39066 ], [ -83.76589, 10.38793 ], [ -83.76731, 10.38758 ], [ -83.76962, 10.3816 ], [ -83.76866, 10.37906 ], [ -83.77001, 10.37943 ], [ -83.76918, 10.37702 ], [ -83.77236, 10.36964 ], [ -83.77167, 10.36861 ], [ -83.7735, 10.36803 ], [ -83.77323, 10.36616 ], [ -83.77456, 10.36605 ], [ -83.77512, 10.36269 ], [ -83.77711, 10.36056 ], [ -83.7764, 10.35995 ], [ -83.7781, 10.35564 ], [ -83.77698, 10.35425 ], [ -83.77733, 10.34912 ], [ -83.77947, 10.3417 ], [ -83.7911, 10.33544 ], [ -83.79134, 10.3317 ], [ -83.75711, 10.33167 ], [ -83.75663, 10.33042 ], [ -83.75898, 10.33084 ], [ -83.75943, 10.32902 ], [ -83.76218, 10.32797 ], [ -83.76111, 10.32525 ], [ -83.75952, 10.32478 ], [ -83.76203, 10.32164 ], [ -83.74583, 10.32163 ], [ -83.74805, 10.31725 ], [ -83.74797, 10.3101 ], [ -83.74966, 10.3101 ], [ -83.74995, 10.31483 ], [ -83.7512, 10.3152 ], [ -83.75185, 10.31245 ], [ -83.75078, 10.3098 ], [ -83.75247, 10.30944 ], [ -83.75299, 10.3022 ], [ -83.75668, 10.29927 ], [ -83.75681, 10.29678 ], [ -83.7598, 10.29317 ], [ -83.76222, 10.29295 ], [ -83.76478, 10.29083 ], [ -83.76533, 10.28736 ], [ -83.77077, 10.27747 ], [ -83.77404, 10.2768 ], [ -83.77356, 10.2731 ], [ -83.77673, 10.26968 ], [ -83.77732, 10.25991 ], [ -83.80268, 10.25991 ], [ -83.80393, 10.26711 ], [ -83.80557, 10.26752 ], [ -83.80468, 10.26867 ], [ -83.80575, 10.27515 ], [ -83.80626, 10.27677 ], [ -83.80846, 10.27759 ], [ -83.8093, 10.28281 ], [ -83.81824, 10.28311 ], [ -83.82611, 10.29031 ], [ -83.82355, 10.29724 ], [ -83.82633, 10.30273 ], [ -83.8258, 10.30578 ], [ -83.83517, 10.31239 ], [ -83.83554, 10.3156 ], [ -83.83839, 10.31866 ], [ -83.84158, 10.32906 ], [ -83.84888, 10.33607 ], [ -83.85109, 10.34942 ], [ -83.85686, 10.36509 ], [ -83.86909, 10.37954 ], [ -83.87499, 10.38918 ], [ -83.88043, 10.40216 ], [ -83.87942, 10.40867 ], [ -83.87532, 10.41636 ], [ -83.87402, 10.42901 ], [ -83.86648, 10.43537 ], [ -83.85973, 10.43782 ], [ -83.85936, 10.44461 ], [ -83.85602, 10.44659 ], [ -83.85352, 10.44712 ], [ -83.8447, 10.44507 ], [ -83.84219, 10.44803 ], [ -83.83932, 10.45511 ], [ -83.83099, 10.46222 ], [ -83.83194, 10.46748 ], [ -83.83804, 10.47214 ], [ -83.83861, 10.47448 ], [ -83.83646, 10.47873 ], [ -83.83096, 10.48195 ], [ -83.83037, 10.48885 ], [ -83.82812, 10.49442 ], [ -83.83219, 10.49624 ], [ -83.83112, 10.50339 ], [ -83.83916, 10.51155 ], [ -83.83756, 10.51574 ], [ -83.83784, 10.5324 ], [ -83.8404, 10.53923 ], [ -83.84537, 10.54 ], [ -83.84615, 10.5463 ], [ -83.8431, 10.54871 ], [ -83.84426, 10.55041 ], [ -83.84649, 10.54994 ], [ -83.84734, 10.55109 ], [ -83.84504, 10.55586 ], [ -83.8457, 10.55884 ], [ -83.84402, 10.56363 ], [ -83.84038, 10.5663 ], [ -83.84262, 10.56857 ], [ -83.84382, 10.57243 ], [ -83.84159, 10.57412 ], [ -83.83789, 10.58062 ], [ -83.83671, 10.58397 ], [ -83.83867, 10.58876 ], [ -83.83627, 10.59029 ], [ -83.83888, 10.59432 ], [ -83.84136, 10.59508 ], [ -83.84199, 10.60111 ], [ -83.84565, 10.60389 ], [ -83.84561, 10.60626 ], [ -83.84342, 10.60596 ], [ -83.84341, 10.60872 ], [ -83.79928, 10.60871 ], [ -83.62837, 10.54331 ] ] ] } },
{ "type": "Feature", "properties": { "cod_distrito": 41004, "distrito": "Llanuras del Gaspar", "canton": "Sarapiquí", "ha_2000": 0.0, "ha_2015": 80.0, "ha_2017": 139.0, "ha_2018": 136.0, "ha_2019": 136.0 }, "geometry": { "type": "Polygon", "coordinates": [ [ [ -83.78316, 10.77195 ], [ -83.76528, 10.76878 ], [ -83.76275, 10.77181 ], [ -83.75233, 10.76914 ], [ -83.74806, 10.76601 ], [ -83.73773, 10.75243 ], [ -83.73256, 10.73885 ], [ -83.73307, 10.73661 ], [ -83.74043, 10.73036 ], [ -83.74101, 10.72588 ], [ -83.73939, 10.72109 ], [ -83.73072, 10.71333 ], [ -83.71652, 10.7034 ], [ -83.70996, 10.69254 ], [ -83.71944, 10.69183 ], [ -83.72878, 10.69436 ], [ -83.73531, 10.69236 ], [ -83.74211, 10.69262 ], [ -83.7484, 10.69384 ], [ -83.75012, 10.69596 ], [ -83.7561, 10.69563 ], [ -83.759, 10.6991 ], [ -83.76093, 10.69807 ], [ -83.76508, 10.69938 ], [ -83.77091, 10.69626 ], [ -83.7752, 10.68823 ], [ -83.77981, 10.68425 ], [ -83.78067, 10.67903 ], [ -83.78361, 10.67639 ], [ -83.78639, 10.6712 ], [ -83.78573, 10.66521 ], [ -83.78747, 10.65767 ], [ -83.7926, 10.65601 ], [ -83.79655, 10.65301 ], [ -83.80912, 10.65236 ], [ -83.81173, 10.64855 ], [ -83.81566, 10.65 ], [ -83.83046, 10.64477 ], [ -83.83558, 10.64526 ], [ -83.83877, 10.64391 ], [ -83.84077, 10.6404 ], [ -83.84026, 10.63718 ], [ -83.8424, 10.63114 ], [ -83.84086, 10.62737 ], [ -83.84131, 10.6254 ], [ -83.84007, 10.62446 ], [ -83.84047, 10.61802 ], [ -83.84184, 10.6148 ], [ -83.845, 10.61296 ], [ -83.84338, 10.60639 ], [ -83.84561, 10.60626 ], [ -83.84565, 10.60389 ], [ -83.84199, 10.60111 ], [ -83.84136, 10.59508 ], [ -83.83888, 10.59432 ], [ -83.83627, 10.59029 ], [ -83.83867, 10.58876 ], [ -83.83671, 10.58397 ], [ -83.83789, 10.58062 ], [ -83.94475, 10.58046 ], [ -83.94199, 10.58632 ], [ -83.93674, 10.58811 ], [ -83.93482, 10.59112 ], [ -83.93896, 10.59343 ], [ -83.94057, 10.59654 ], [ -83.93442, 10.59861 ], [ -83.93292, 10.60129 ], [ -83.93306, 10.60311 ], [ -83.93786, 10.60499 ], [ -83.93819, 10.60676 ], [ -83.93525, 10.6124 ], [ -83.93382, 10.62832 ], [ -83.93033, 10.63112 ], [ -83.92448, 10.62985 ], [ -83.92133, 10.63231 ], [ -83.92139, 10.63529 ], [ -83.92352, 10.63733 ], [ -83.92247, 10.63944 ], [ -83.92022, 10.64023 ], [ -83.92207, 10.64199 ], [ -83.92155, 10.64628 ], [ -83.92336, 10.65076 ], [ -83.92541, 10.65057 ], [ -83.92649, 10.65357 ], [ -83.92493, 10.65314 ], [ -83.92535, 10.65448 ], [ -83.92382, 10.65659 ], [ -83.92556, 10.65659 ], [ -83.92523, 10.65811 ], [ -83.92811, 10.65712 ], [ -83.93311, 10.6598 ], [ -83.93323, 10.66281 ], [ -83.93201, 10.66442 ], [ -83.93442, 10.66688 ], [ -83.93468, 10.67009 ], [ -83.93323, 10.67382 ], [ -83.93222, 10.67317 ], [ -83.9312, 10.67484 ], [ -83.92699, 10.6752 ], [ -83.92713, 10.67414 ], [ -83.92593, 10.67407 ], [ -83.92641, 10.67617 ], [ -83.92508, 10.67658 ], [ -83.92627, 10.67737 ], [ -83.92449, 10.67793 ], [ -83.92688, 10.67937 ], [ -83.92717, 10.68247 ], [ -83.9287, 10.68416 ], [ -83.92687, 10.68546 ], [ -83.92587, 10.68869 ], [ -83.92702, 10.68948 ], [ -83.92649, 10.69098 ], [ -83.92768, 10.69075 ], [ -83.93001, 10.69327 ], [ -83.92354, 10.69623 ], [ -83.92406, 10.697 ], [ -83.92302, 10.69653 ], [ -83.92336, 10.69818 ], [ -83.92175, 10.69778 ], [ -83.92086, 10.69934 ], [ -83.9219, 10.70241 ], [ -83.91823, 10.70774 ], [ -83.91915, 10.70987 ], [ -83.89736, 10.71795 ], [ -83.89036, 10.72179 ], [ -83.87706, 10.71924 ], [ -83.86971, 10.71586 ], [ -83.86279, 10.71753 ], [ -83.8585, 10.72103 ], [ -83.85303, 10.72952 ], [ -83.84088, 10.7435 ], [ -83.82373, 10.74921 ], [ -83.81128, 10.74631 ], [ -83.80842, 10.74824 ], [ -83.80637, 10.75166 ], [ -83.79952, 10.75546 ], [ -83.79298, 10.76912 ], [ -83.78316, 10.77195 ] ] ] } },
{ "type": "Feature", "properties": { "cod_distrito": 41001, "distrito": "Puerto Viejo", "canton": "Sarapiquí", "ha_2000": 0.0, "ha_2015": 1063.0, "ha_2017": 1296.0, "ha_2018": 1268.0, "ha_2019": 1268.0 }, "geometry": { "type": "Polygon", "coordinates": [ [ [ -83.93169, 10.70751 ], [ -83.9195, 10.70986 ], [ -83.91821, 10.70811 ], [ -83.9219, 10.70241 ], [ -83.92086, 10.69934 ], [ -83.92175, 10.69778 ], [ -83.92336, 10.69818 ], [ -83.92302, 10.69653 ], [ -83.92406, 10.697 ], [ -83.92354, 10.69623 ], [ -83.93001, 10.69327 ], [ -83.92768, 10.69075 ], [ -83.92649, 10.69098 ], [ -83.92702, 10.68948 ], [ -83.92587, 10.68869 ], [ -83.92687, 10.68546 ], [ -83.9287, 10.68416 ], [ -83.92717, 10.68247 ], [ -83.92688, 10.67937 ], [ -83.92449, 10.67793 ], [ -83.92627, 10.67737 ], [ -83.92508, 10.67658 ], [ -83.92641, 10.67617 ], [ -83.92593, 10.67407 ], [ -83.92713, 10.67414 ], [ -83.92699, 10.6752 ], [ -83.9312, 10.67484 ], [ -83.93222, 10.67317 ], [ -83.93323, 10.67382 ], [ -83.93468, 10.67009 ], [ -83.93442, 10.66688 ], [ -83.93201, 10.66442 ], [ -83.93323, 10.66281 ], [ -83.93311, 10.6598 ], [ -83.92811, 10.65712 ], [ -83.92523, 10.65811 ], [ -83.92556, 10.65659 ], [ -83.92382, 10.65659 ], [ -83.92535, 10.65448 ], [ -83.92493, 10.65314 ], [ -83.92648, 10.65352 ], [ -83.92541, 10.65057 ], [ -83.92333, 10.65071 ], [ -83.92153, 10.64619 ], [ -83.92207, 10.64199 ], [ -83.9202, 10.64029 ], [ -83.92337, 10.63818 ], [ -83.92114, 10.63384 ], [ -83.92244, 10.63047 ], [ -83.92467, 10.62985 ], [ -83.9302, 10.63116 ], [ -83.93382, 10.62832 ], [ -83.93525, 10.6124 ], [ -83.93819, 10.60676 ], [ -83.93786, 10.60499 ], [ -83.93306, 10.60311 ], [ -83.93292, 10.60129 ], [ -83.93442, 10.59861 ], [ -83.94057, 10.59654 ], [ -83.93896, 10.59343 ], [ -83.93482, 10.59112 ], [ -83.93674, 10.58811 ], [ -83.94199, 10.58632 ], [ -83.94475, 10.58046 ], [ -83.83789, 10.58062 ], [ -83.84159, 10.57412 ], [ -83.84373, 10.57285 ], [ -83.84262, 10.56857 ], [ -83.84031, 10.56667 ], [ -83.84402, 10.56363 ], [ -83.8457, 10.55884 ], [ -83.84504, 10.55586 ], [ -83.84734, 10.55109 ], [ -83.84649, 10.54994 ], [ -83.84426, 10.55041 ], [ -83.8431, 10.54871 ], [ -83.84615, 10.5463 ], [ -83.84537, 10.54 ], [ -83.8404, 10.53923 ], [ -83.83784, 10.5324 ], [ -83.83756, 10.51574 ], [ -83.83916, 10.51155 ], [ -83.83112, 10.50339 ], [ -83.83219, 10.49624 ], [ -83.82812, 10.49442 ], [ -83.83037, 10.48885 ], [ -83.83096, 10.48195 ], [ -83.83646, 10.47873 ], [ -83.83861, 10.47448 ], [ -83.83804, 10.47214 ], [ -83.83194, 10.46748 ], [ -83.83099, 10.46222 ], [ -83.83208, 10.46066 ], [ -83.94527, 10.46075 ], [ -83.94232, 10.45877 ], [ -83.93591, 10.44949 ], [ -83.93539, 10.44236 ], [ -83.94005, 10.44271 ], [ -83.94236, 10.44517 ], [ -83.95766, 10.44081 ], [ -83.97114, 10.44388 ], [ -83.9784, 10.44079 ], [ -83.98793, 10.44165 ], [ -83.99357, 10.44008 ], [ -83.99609, 10.44189 ], [ -84.00619, 10.44367 ], [ -84.00607, 10.43862 ], [ -84.01109, 10.43912 ], [ -84.01015, 10.44025 ], [ -84.01108, 10.44406 ], [ -84.01325, 10.44427 ], [ -84.01479, 10.44339 ], [ -84.01345, 10.44018 ], [ -84.01864, 10.44032 ], [ -84.01974, 10.43727 ], [ -84.02249, 10.43974 ], [ -84.02449, 10.4386 ], [ -84.02521, 10.43227 ], [ -84.02822, 10.43288 ], [ -84.03023, 10.43615 ], [ -84.03447, 10.43655 ], [ -84.03475, 10.43982 ], [ -84.04091, 10.4378 ], [ -84.04406, 10.44331 ], [ -84.04918, 10.44502 ], [ -84.05545, 10.45023 ], [ -84.06143, 10.44951 ], [ -84.06558, 10.45074 ], [ -84.07113, 10.44858 ], [ -84.07496, 10.44934 ], [ -84.07406, 10.45582 ], [ -84.06489, 10.46139 ], [ -84.06316, 10.47078 ], [ -84.06584, 10.47389 ], [ -84.06876, 10.4751 ], [ -84.0681, 10.48023 ], [ -84.07258, 10.48497 ], [ -84.07188, 10.48817 ], [ -84.07383, 10.49114 ], [ -84.07461, 10.49571 ], [ -84.07703, 10.49594 ], [ -84.0791, 10.50949 ], [ -84.08229, 10.50899 ], [ -84.08206, 10.51141 ], [ -84.07944, 10.51196 ], [ -84.08104, 10.51422 ], [ -84.07915, 10.51573 ], [ -84.0775, 10.51411 ], [ -84.07577, 10.51428 ], [ -84.07623, 10.51738 ], [ -84.07806, 10.51678 ], [ -84.07866, 10.5182 ], [ -84.07618, 10.51853 ], [ -84.0756, 10.5202 ], [ -84.07333, 10.51903 ], [ -84.07355, 10.52089 ], [ -84.07082, 10.51885 ], [ -84.06907, 10.52065 ], [ -84.07029, 10.52206 ], [ -84.06817, 10.52549 ], [ -84.06504, 10.52517 ], [ -84.06378, 10.52681 ], [ -84.06204, 10.52673 ], [ -84.06244, 10.52785 ], [ -84.06097, 10.52605 ], [ -84.05564, 10.52648 ], [ -84.05719, 10.52787 ], [ -84.05229, 10.53035 ], [ -84.05197, 10.52886 ], [ -84.05171, 10.53096 ], [ -84.04963, 10.53151 ], [ -84.0502, 10.53372 ], [ -84.04867, 10.53248 ], [ -84.04768, 10.53518 ], [ -84.04574, 10.53266 ], [ -84.04373, 10.53651 ], [ -84.04439, 10.53809 ], [ -84.04303, 10.53883 ], [ -84.04429, 10.53958 ], [ -84.0432, 10.54222 ], [ -84.04484, 10.54429 ], [ -84.03973, 10.54705 ], [ -84.03539, 10.54637 ], [ -84.0331, 10.54915 ], [ -84.02999, 10.54985 ], [ -84.02844, 10.55554 ], [ -84.02653, 10.55486 ], [ -84.02678, 10.55308 ], [ -84.02581, 10.5562 ], [ -84.02311, 10.5549 ], [ -84.02453, 10.5586 ], [ -84.02017, 10.56029 ], [ -84.0191, 10.55834 ], [ -84.01893, 10.56184 ], [ -84.01518, 10.56188 ], [ -84.01419, 10.56393 ], [ -84.01262, 10.56372 ], [ -84.01274, 10.56524 ], [ -84.0106, 10.56511 ], [ -84.0112, 10.5671 ], [ -84.00908, 10.56999 ], [ -84.01082, 10.57282 ], [ -84.009, 10.57338 ], [ -84.00909, 10.57621 ], [ -84.00268, 10.5848 ], [ -84.0046, 10.59149 ], [ -84.00092, 10.59286 ], [ -83.9963, 10.59127 ], [ -83.99476, 10.59345 ], [ -83.99383, 10.59684 ], [ -83.99616, 10.60544 ], [ -83.99319, 10.61228 ], [ -84.00041, 10.61407 ], [ -84.00176, 10.61695 ], [ -84.00073, 10.62029 ], [ -83.99355, 10.62258 ], [ -83.9945, 10.62469 ], [ -83.99876, 10.62757 ], [ -83.9953, 10.63152 ], [ -83.99529, 10.63373 ], [ -84.00016, 10.6367 ], [ -83.99624, 10.64702 ], [ -84.00009, 10.65255 ], [ -84.00028, 10.66931 ], [ -83.99745, 10.67295 ], [ -83.99208, 10.67629 ], [ -83.9889, 10.68101 ], [ -83.98729, 10.68096 ], [ -83.98283, 10.67626 ], [ -83.98078, 10.67594 ], [ -83.97705, 10.67928 ], [ -83.97381, 10.68462 ], [ -83.97017, 10.68462 ], [ -83.96188, 10.67871 ], [ -83.955, 10.67693 ], [ -83.95157, 10.6892 ], [ -83.94889, 10.69305 ], [ -83.94334, 10.69702 ], [ -83.93636, 10.69825 ], [ -83.93442, 10.70016 ], [ -83.93444, 10.70491 ], [ -83.94212, 10.70869 ], [ -83.94314, 10.71108 ], [ -83.94236, 10.71341 ], [ -83.93589, 10.71468 ], [ -83.93468, 10.71005 ], [ -83.93169, 10.70751 ] ] ] } },
{ "type": "Feature", "properties": { "cod_distrito": 41005, "distrito": "Cureña", "canton": "Sarapiquí", "ha_2000": 2.0, "ha_2015": 229.0, "ha_2017": 278.0, "ha_2018": 295.0, "ha_2019": 282.0 }, "geometry": { "type": "Polygon", "coordinates": [ [ [ -84.02785, 10.79171 ], [ -84.02086, 10.79154 ], [ -84.01754, 10.78835 ], [ -84.01423, 10.77807 ], [ -84.0094, 10.7728 ], [ -84.00523, 10.76439 ], [ -83.99873, 10.76035 ], [ -83.99383, 10.75948 ], [ -83.99027, 10.75438 ], [ -83.98121, 10.74818 ], [ -83.97157, 10.74485 ], [ -83.96889, 10.73216 ], [ -83.96642, 10.72852 ], [ -83.9532, 10.72373 ], [ -83.93994, 10.72224 ], [ -83.93621, 10.72041 ], [ -83.93589, 10.71468 ], [ -83.94198, 10.71377 ], [ -83.9431, 10.71046 ], [ -83.94076, 10.70751 ], [ -83.93472, 10.70536 ], [ -83.93381, 10.70297 ], [ -83.93469, 10.69958 ], [ -83.93636, 10.69825 ], [ -83.94334, 10.69702 ], [ -83.94889, 10.69305 ], [ -83.95157, 10.6892 ], [ -83.955, 10.67693 ], [ -83.96188, 10.67871 ], [ -83.97141, 10.68485 ], [ -83.97381, 10.68462 ], [ -83.97792, 10.67823 ], [ -83.98118, 10.67584 ], [ -83.98729, 10.68096 ], [ -83.9889, 10.68101 ], [ -83.99208, 10.67629 ], [ -84.00142, 10.66882 ], [ -84.00391, 10.6626 ], [ -84.00675, 10.66037 ], [ -84.00633, 10.65872 ], [ -84.01562, 10.65488 ], [ -84.01669, 10.65319 ], [ -84.01599, 10.64871 ], [ -84.01952, 10.64951 ], [ -84.01924, 10.64564 ], [ -84.02094, 10.64585 ], [ -84.0246, 10.64278 ], [ -84.02271, 10.64067 ], [ -84.02278, 10.63881 ], [ -84.03018, 10.6383 ], [ -84.03195, 10.63338 ], [ -84.03451, 10.63319 ], [ -84.03548, 10.63448 ], [ -84.0386, 10.63365 ], [ -84.03973, 10.62608 ], [ -84.04253, 10.62158 ], [ -84.04766, 10.62006 ], [ -84.04887, 10.616 ], [ -84.05515, 10.61654 ], [ -84.05705, 10.61455 ], [ -84.05882, 10.6077 ], [ -84.06086, 10.60666 ], [ -84.06077, 10.60463 ], [ -84.06263, 10.60309 ], [ -84.0663, 10.60366 ], [ -84.06994, 10.59668 ], [ -84.07087, 10.59207 ], [ -84.07666, 10.59131 ], [ -84.0776, 10.5878 ], [ -84.08045, 10.58885 ], [ -84.08066, 10.59287 ], [ -84.08336, 10.59045 ], [ -84.08423, 10.59316 ], [ -84.08821, 10.59298 ], [ -84.09275, 10.58735 ], [ -84.09662, 10.59127 ], [ -84.09995, 10.58999 ], [ -84.10256, 10.59324 ], [ -84.10643, 10.59305 ], [ -84.10871, 10.59496 ], [ -84.10868, 10.59287 ], [ -84.10619, 10.59069 ], [ -84.10947, 10.58992 ], [ -84.11452, 10.59097 ], [ -84.118, 10.58816 ], [ -84.1215, 10.58984 ], [ -84.12368, 10.58803 ], [ -84.12288, 10.58516 ], [ -84.13016, 10.58411 ], [ -84.13183, 10.58249 ], [ -84.12944, 10.57876 ], [ -84.13263, 10.57618 ], [ -84.13698, 10.57637 ], [ -84.14129, 10.5782 ], [ -84.14118, 10.57523 ], [ -84.14336, 10.57377 ], [ -84.14661, 10.57585 ], [ -84.14959, 10.57464 ], [ -84.15304, 10.57792 ], [ -84.15502, 10.57825 ], [ -84.15768, 10.57536 ], [ -84.16123, 10.5753 ], [ -84.16121, 10.78532 ], [ -84.14638, 10.78729 ], [ -84.13578, 10.78676 ], [ -84.13268, 10.78394 ], [ -84.13217, 10.77209 ], [ -84.1261, 10.76474 ], [ -84.12104, 10.7637 ], [ -84.11643, 10.76505 ], [ -84.11034, 10.76875 ], [ -84.10563, 10.77438 ], [ -84.10247, 10.77441 ], [ -84.09264, 10.76762 ], [ -84.08551, 10.76062 ], [ -84.08048, 10.7586 ], [ -84.07013, 10.75979 ], [ -84.0624, 10.76358 ], [ -84.06129, 10.76542 ], [ -84.06262, 10.7673 ], [ -84.06164, 10.77339 ], [ -84.05517, 10.77843 ], [ -84.04768, 10.77795 ], [ -84.04159, 10.771 ], [ -84.03571, 10.77134 ], [ -84.03324, 10.77401 ], [ -84.03377, 10.77641 ], [ -84.03129, 10.78766 ], [ -84.02785, 10.79171 ] ] ] } },
{ "type": "Feature", "properties": { "cod_distrito": 21006, "distrito": "Pital", "canton": "San Carlos", "ha_2000": 2075.0, "ha_2015": 7813.0, "ha_2017": 7918.0, "ha_2018": 7510.0, "ha_2019": 7559.0 }, "geometry": { "type": "Polygon", "coordinates": [ [ [ -84.18912, 10.78988 ], [ -84.17543, 10.78592 ], [ -84.16121, 10.78532 ], [ -84.16123, 10.5753 ], [ -84.16619, 10.57236 ], [ -84.17211, 10.57359 ], [ -84.17119, 10.57705 ], [ -84.17436, 10.57708 ], [ -84.17701, 10.57375 ], [ -84.17988, 10.57245 ], [ -84.18183, 10.56722 ], [ -84.18654, 10.56548 ], [ -84.18739, 10.56223 ], [ -84.19213, 10.56189 ], [ -84.19563, 10.55792 ], [ -84.20358, 10.5564 ], [ -84.20466, 10.55317 ], [ -84.20348, 10.54902 ], [ -84.20562, 10.54461 ], [ -84.20999, 10.54053 ], [ -84.21016, 10.53637 ], [ -84.21253, 10.53554 ], [ -84.212, 10.5309 ], [ -84.21487, 10.52733 ], [ -84.21396, 10.52631 ], [ -84.21067, 10.52658 ], [ -84.20992, 10.52264 ], [ -84.21648, 10.51686 ], [ -84.21757, 10.51431 ], [ -84.22098, 10.51237 ], [ -84.22238, 10.50744 ], [ -84.22605, 10.50755 ], [ -84.22802, 10.50389 ], [ -84.23021, 10.50479 ], [ -84.23034, 10.49945 ], [ -84.23157, 10.49903 ], [ -84.23285, 10.50055 ], [ -84.23359, 10.49958 ], [ -84.23113, 10.49673 ], [ -84.23299, 10.49392 ], [ -84.23087, 10.48771 ], [ -84.23373, 10.48154 ], [ -84.23368, 10.47872 ], [ -84.2362, 10.47513 ], [ -84.23599, 10.47303 ], [ -84.23753, 10.47177 ], [ -84.23644, 10.46867 ], [ -84.23972, 10.46495 ], [ -84.23931, 10.46326 ], [ -84.24209, 10.45618 ], [ -84.24109, 10.45306 ], [ -84.24622, 10.44984 ], [ -84.24864, 10.4426 ], [ -84.25305, 10.44065 ], [ -84.2544, 10.43827 ], [ -84.25443, 10.43273 ], [ -84.25835, 10.42555 ], [ -84.2569, 10.42193 ], [ -84.26034, 10.42005 ], [ -84.26099, 10.41829 ], [ -84.25807, 10.41568 ], [ -84.29875, 10.41568 ], [ -84.29912, 10.4203 ], [ -84.30079, 10.42269 ], [ -84.29905, 10.42428 ], [ -84.29857, 10.42854 ], [ -84.30169, 10.44242 ], [ -84.30129, 10.44603 ], [ -84.30312, 10.44647 ], [ -84.30534, 10.45216 ], [ -84.30784, 10.45425 ], [ -84.30861, 10.45861 ], [ -84.31161, 10.45878 ], [ -84.31446, 10.46181 ], [ -84.31449, 10.46886 ], [ -84.31862, 10.46964 ], [ -84.32036, 10.47556 ], [ -84.31883, 10.48072 ], [ -84.32307, 10.48419 ], [ -84.32344, 10.48822 ], [ -84.32511, 10.49092 ], [ -84.3243, 10.49436 ], [ -84.32137, 10.49735 ], [ -84.31777, 10.50781 ], [ -84.31623, 10.50891 ], [ -84.31536, 10.5131 ], [ -84.31896, 10.51405 ], [ -84.31762, 10.51851 ], [ -84.32009, 10.5263 ], [ -84.32259, 10.52929 ], [ -84.32546, 10.52846 ], [ -84.32785, 10.53211 ], [ -84.32699, 10.53664 ], [ -84.32926, 10.5363 ], [ -84.32933, 10.53959 ], [ -84.32638, 10.54085 ], [ -84.32535, 10.5449 ], [ -84.32632, 10.54919 ], [ -84.33021, 10.55 ], [ -84.32916, 10.55294 ], [ -84.32514, 10.55539 ], [ -84.32823, 10.55898 ], [ -84.32519, 10.56237 ], [ -84.32862, 10.56331 ], [ -84.32853, 10.56874 ], [ -84.33096, 10.56979 ], [ -84.32974, 10.57932 ], [ -84.33272, 10.58125 ], [ -84.3317, 10.59132 ], [ -84.3337, 10.59602 ], [ -84.33274, 10.59655 ], [ -84.33161, 10.59461 ], [ -84.32854, 10.5953 ], [ -84.32715, 10.60103 ], [ -84.32283, 10.60097 ], [ -84.32299, 10.59777 ], [ -84.32068, 10.59664 ], [ -84.3183, 10.60008 ], [ -84.31395, 10.59681 ], [ -84.31152, 10.60115 ], [ -84.3125, 10.6049 ], [ -84.3098, 10.60615 ], [ -84.31096, 10.61088 ], [ -84.30837, 10.60834 ], [ -84.30621, 10.60991 ], [ -84.3068, 10.61141 ], [ -84.30123, 10.61062 ], [ -84.30137, 10.61505 ], [ -84.29749, 10.61869 ], [ -84.29432, 10.61723 ], [ -84.29431, 10.61467 ], [ -84.29122, 10.61466 ], [ -84.28916, 10.62183 ], [ -84.28554, 10.61912 ], [ -84.28338, 10.61986 ], [ -84.2855, 10.62205 ], [ -84.28489, 10.62336 ], [ -84.27903, 10.62439 ], [ -84.27679, 10.62601 ], [ -84.2767, 10.62752 ], [ -84.2784, 10.62846 ], [ -84.27375, 10.63633 ], [ -84.27617, 10.6399 ], [ -84.2791, 10.64056 ], [ -84.27194, 10.64783 ], [ -84.27154, 10.65086 ], [ -84.2664, 10.6514 ], [ -84.2555, 10.66013 ], [ -84.24467, 10.66057 ], [ -84.24232, 10.66213 ], [ -84.24094, 10.66769 ], [ -84.24576, 10.67418 ], [ -84.24617, 10.67655 ], [ -84.23673, 10.67532 ], [ -84.22576, 10.68122 ], [ -84.21852, 10.678 ], [ -84.21561, 10.67838 ], [ -84.21417, 10.67957 ], [ -84.21354, 10.68433 ], [ -84.21185, 10.68564 ], [ -84.20569, 10.67932 ], [ -84.20066, 10.67949 ], [ -84.19761, 10.68261 ], [ -84.19235, 10.69662 ], [ -84.19234, 10.70191 ], [ -84.20556, 10.70784 ], [ -84.20743, 10.71231 ], [ -84.20151, 10.71573 ], [ -84.20226, 10.72948 ], [ -84.19817, 10.73171 ], [ -84.19236, 10.73787 ], [ -84.18709, 10.7473 ], [ -84.18574, 10.75243 ], [ -84.18619, 10.755 ], [ -84.19404, 10.76261 ], [ -84.1947, 10.77038 ], [ -84.19734, 10.77919 ], [ -84.1969, 10.78518 ], [ -84.19184, 10.78955 ], [ -84.18912, 10.78988 ] ] ] } },
{ "type": "Feature", "properties": { "cod_distrito": 21011, "distrito": "Cutris", "canton": "San Carlos", "ha_2000": 308.0, "ha_2015": 3992.0, "ha_2017": 4881.0, "ha_2018": 4799.0, "ha_2019": 4738.0 }, "geometry": { "type": "Polygon", "coordinates": [ [ [ -84.30132, 10.9166 ], [ -84.29184, 10.91144 ], [ -84.28631, 10.8971 ], [ -84.28331, 10.89362 ], [ -84.26494, 10.89078 ], [ -84.25918, 10.89151 ], [ -84.25018, 10.88811 ], [ -84.24276, 10.88375 ], [ -84.23947, 10.8778 ], [ -84.23744, 10.87642 ], [ -84.22611, 10.87438 ], [ -84.21927, 10.86385 ], [ -84.2194, 10.85441 ], [ -84.21472, 10.84106 ], [ -84.2201, 10.82559 ], [ -84.22241, 10.8238 ], [ -84.23726, 10.81964 ], [ -84.23774, 10.81607 ], [ -84.23634, 10.8136 ], [ -84.22923, 10.81179 ], [ -84.22672, 10.80514 ], [ -84.2235, 10.80154 ], [ -84.21194, 10.80072 ], [ -84.20552, 10.79689 ], [ -84.2047, 10.79439 ], [ -84.20842, 10.79204 ], [ -84.20683, 10.78668 ], [ -84.20202, 10.78155 ], [ -84.1969, 10.78518 ], [ -84.19724, 10.77838 ], [ -84.1947, 10.77038 ], [ -84.19404, 10.76261 ], [ -84.18568, 10.75414 ], [ -84.18709, 10.7473 ], [ -84.19236, 10.73787 ], [ -84.19817, 10.73171 ], [ -84.20226, 10.72948 ], [ -84.20151, 10.71573 ], [ -84.20743, 10.71231 ], [ -84.20556, 10.70784 ], [ -84.19234, 10.70191 ], [ -84.19235, 10.69662 ], [ -84.19718, 10.68333 ], [ -84.20066, 10.67949 ], [ -84.20569, 10.67932 ], [ -84.21185, 10.68564 ], [ -84.21354, 10.68433 ], [ -84.21417, 10.67957 ], [ -84.21561, 10.67838 ], [ -84.21852, 10.678 ], [ -84.22576, 10.68122 ], [ -84.23673, 10.67532 ], [ -84.24617, 10.67655 ], [ -84.24576, 10.67418 ], [ -84.24094, 10.66769 ], [ -84.24305, 10.6611 ], [ -84.2555, 10.66013 ], [ -84.2664, 10.6514 ], [ -84.27154, 10.65086 ], [ -84.27194, 10.64783 ], [ -84.2791, 10.64056 ], [ -84.27617, 10.6399 ], [ -84.27375, 10.63633 ], [ -84.2784, 10.62846 ], [ -84.2767, 10.62752 ], [ -84.27679, 10.62601 ], [ -84.27903, 10.62439 ], [ -84.28489, 10.62336 ], [ -84.2855, 10.62205 ], [ -84.2833, 10.62007 ], [ -84.28432, 10.61927 ], [ -84.28916, 10.62183 ], [ -84.29122, 10.61466 ], [ -84.29431, 10.61467 ], [ -84.29432, 10.61723 ], [ -84.29749, 10.61869 ], [ -84.30137, 10.61505 ], [ -84.30123, 10.61062 ], [ -84.3068, 10.61141 ], [ -84.30621, 10.60991 ], [ -84.30837, 10.60834 ], [ -84.31096, 10.61088 ], [ -84.3098, 10.60615 ], [ -84.3125, 10.6049 ], [ -84.31152, 10.60115 ], [ -84.31367, 10.59696 ], [ -84.31532, 10.59693 ], [ -84.3183, 10.60008 ], [ -84.32068, 10.59664 ], [ -84.32299, 10.59777 ], [ -84.32283, 10.60097 ], [ -84.32744, 10.60099 ], [ -84.32848, 10.59535 ], [ -84.33161, 10.59461 ], [ -84.33267, 10.5965 ], [ -84.33366, 10.59615 ], [ -84.33183, 10.5902 ], [ -84.34007, 10.59013 ], [ -84.34183, 10.58834 ], [ -84.3409, 10.58657 ], [ -84.34347, 10.58218 ], [ -84.34952, 10.58192 ], [ -84.34931, 10.57926 ], [ -84.3473, 10.57967 ], [ -84.34659, 10.57826 ], [ -84.35109, 10.57614 ], [ -84.35479, 10.57788 ], [ -84.35571, 10.5755 ], [ -84.35711, 10.57669 ], [ -84.36026, 10.57631 ], [ -84.36824, 10.57953 ], [ -84.3704, 10.57701 ], [ -84.36922, 10.57602 ], [ -84.37073, 10.57532 ], [ -84.36985, 10.57492 ], [ -84.37085, 10.5735 ], [ -84.37586, 10.57732 ], [ -84.38074, 10.57262 ], [ -84.38274, 10.57327 ], [ -84.38233, 10.57532 ], [ -84.38531, 10.57569 ], [ -84.38754, 10.57274 ], [ -84.38867, 10.57371 ], [ -84.38908, 10.57257 ], [ -84.39339, 10.57117 ], [ -84.39079, 10.56808 ], [ -84.39413, 10.56675 ], [ -84.40131, 10.55295 ], [ -84.40216, 10.55413 ], [ -84.40215, 10.54857 ], [ -84.4096, 10.54643 ], [ -84.41231, 10.54204 ], [ -84.40647, 10.53847 ], [ -84.39666, 10.5297 ], [ -84.40328, 10.52821 ], [ -84.40598, 10.52443 ], [ -84.40628, 10.52072 ], [ -84.4041, 10.51639 ], [ -84.40476, 10.51228 ], [ -84.39963, 10.50458 ], [ -84.39618, 10.50245 ], [ -84.39055, 10.48778 ], [ -84.38884, 10.48592 ], [ -84.38936, 10.48159 ], [ -84.38502, 10.47619 ], [ -84.39044, 10.47478 ], [ -84.39144, 10.47283 ], [ -84.3951, 10.47262 ], [ -84.39781, 10.47475 ], [ -84.40255, 10.47199 ], [ -84.40759, 10.4745 ], [ -84.40884, 10.47332 ], [ -84.41126, 10.47455 ], [ -84.4117, 10.47334 ], [ -84.41352, 10.47671 ], [ -84.41561, 10.47449 ], [ -84.41728, 10.478 ], [ -84.42244, 10.48102 ], [ -84.42245, 10.48405 ], [ -84.42387, 10.48279 ], [ -84.42835, 10.48316 ], [ -84.4292, 10.48157 ], [ -84.43078, 10.48269 ], [ -84.43251, 10.48062 ], [ -84.43515, 10.47992 ], [ -84.43851, 10.48094 ], [ -84.44131, 10.48561 ], [ -84.44187, 10.48382 ], [ -84.44399, 10.48513 ], [ -84.44533, 10.48315 ], [ -84.44877, 10.48541 ], [ -84.45244, 10.48527 ], [ -84.45432, 10.48263 ], [ -84.4558, 10.48382 ], [ -84.45942, 10.48352 ], [ -84.4605, 10.48515 ], [ -84.48837, 10.48511 ], [ -84.48788, 10.48357 ], [ -84.49194, 10.48267 ], [ -84.49426, 10.48444 ], [ -84.49928, 10.47963 ], [ -84.50591, 10.48106 ], [ -84.50758, 10.47708 ], [ -84.52024, 10.48144 ], [ -84.525, 10.48189 ], [ -84.525, 10.48901 ], [ -84.52922, 10.49324 ], [ -84.53408, 10.49104 ], [ -84.53783, 10.49128 ], [ -84.53763, 10.4943 ], [ -84.53877, 10.4958 ], [ -84.53196, 10.4989 ], [ -84.53055, 10.50241 ], [ -84.52739, 10.50209 ], [ -84.52589, 10.49951 ], [ -84.52309, 10.50074 ], [ -84.52524, 10.50492 ], [ -84.52021, 10.50413 ], [ -84.51801, 10.5061 ], [ -84.5201, 10.50685 ], [ -84.51964, 10.50865 ], [ -84.51243, 10.50626 ], [ -84.50906, 10.5077 ], [ -84.51274, 10.51423 ], [ -84.51114, 10.51867 ], [ -84.50701, 10.52131 ], [ -84.50267, 10.52198 ], [ -84.49728, 10.51687 ], [ -84.49411, 10.51747 ], [ -84.49283, 10.52118 ], [ -84.4878, 10.52636 ], [ -84.4871, 10.5295 ], [ -84.49048, 10.53397 ], [ -84.48872, 10.53698 ], [ -84.49266, 10.554 ], [ -84.48683, 10.55775 ], [ -84.48624, 10.56539 ], [ -84.47984, 10.56526 ], [ -84.475, 10.57043 ], [ -84.46539, 10.5745 ], [ -84.46274, 10.57836 ], [ -84.45618, 10.58315 ], [ -84.45642, 10.58851 ], [ -84.45409, 10.59178 ], [ -84.45037, 10.59166 ], [ -84.44468, 10.5878 ], [ -84.43893, 10.59485 ], [ -84.43369, 10.59565 ], [ -84.42792, 10.6 ], [ -84.41702, 10.60401 ], [ -84.41629, 10.60528 ], [ -84.41776, 10.6096 ], [ -84.4116, 10.61574 ], [ -84.41054, 10.61831 ], [ -84.40894, 10.61862 ], [ -84.40601, 10.61663 ], [ -84.40297, 10.6194 ], [ -84.40835, 10.62266 ], [ -84.41722, 10.62484 ], [ -84.42138, 10.62464 ], [ -84.42075, 10.6288 ], [ -84.42229, 10.63396 ], [ -84.41423, 10.63168 ], [ -84.4125, 10.63392 ], [ -84.41892, 10.63813 ], [ -84.42173, 10.63774 ], [ -84.42203, 10.64083 ], [ -84.4288, 10.64446 ], [ -84.42858, 10.64637 ], [ -84.43016, 10.64678 ], [ -84.42934, 10.6486 ], [ -84.4342, 10.64692 ], [ -84.43801, 10.64842 ], [ -84.44228, 10.64492 ], [ -84.44394, 10.64487 ], [ -84.44558, 10.64714 ], [ -84.44679, 10.64655 ], [ -84.44438, 10.64834 ], [ -84.44592, 10.65114 ], [ -84.44808, 10.65173 ], [ -84.44728, 10.65286 ], [ -84.44931, 10.65547 ], [ -84.44952, 10.66101 ], [ -84.44818, 10.66233 ], [ -84.44957, 10.66412 ], [ -84.44759, 10.66557 ], [ -84.44981, 10.6674 ], [ -84.44989, 10.67068 ], [ -84.4512, 10.67105 ], [ -84.45111, 10.67321 ], [ -84.44884, 10.67485 ], [ -84.44896, 10.677 ], [ -84.45245, 10.67868 ], [ -84.45375, 10.67803 ], [ -84.45446, 10.68004 ], [ -84.45742, 10.67981 ], [ -84.45608, 10.6817 ], [ -84.45931, 10.68436 ], [ -84.45926, 10.68653 ], [ -84.46007, 10.68511 ], [ -84.46189, 10.68515 ], [ -84.46419, 10.69055 ], [ -84.46322, 10.69262 ], [ -84.46538, 10.69387 ], [ -84.46354, 10.69451 ], [ -84.46425, 10.69748 ], [ -84.46184, 10.69736 ], [ -84.46205, 10.70021 ], [ -84.46027, 10.70213 ], [ -84.46152, 10.70307 ], [ -84.46087, 10.70491 ], [ -84.46288, 10.70624 ], [ -84.45928, 10.70738 ], [ -84.46116, 10.70988 ], [ -84.45857, 10.71049 ], [ -84.45859, 10.71331 ], [ -84.45581, 10.71297 ], [ -84.45273, 10.71528 ], [ -84.45308, 10.71681 ], [ -84.45065, 10.71755 ], [ -84.44995, 10.71851 ], [ -84.45218, 10.72039 ], [ -84.45, 10.72096 ], [ -84.44994, 10.72342 ], [ -84.44614, 10.72379 ], [ -84.44856, 10.72495 ], [ -84.44657, 10.72567 ], [ -84.44857, 10.7289 ], [ -84.44671, 10.73035 ], [ -84.4461, 10.73265 ], [ -84.44706, 10.73344 ], [ -84.44591, 10.73529 ], [ -84.44411, 10.7342 ], [ -84.44335, 10.73516 ], [ -84.44462, 10.73745 ], [ -84.44222, 10.73858 ], [ -84.44325, 10.74164 ], [ -84.43978, 10.74359 ], [ -84.43856, 10.74196 ], [ -84.4369, 10.74463 ], [ -84.43944, 10.74566 ], [ -84.43889, 10.74683 ], [ -84.43617, 10.74683 ], [ -84.43515, 10.74959 ], [ -84.43269, 10.74842 ], [ -84.43152, 10.74957 ], [ -84.43379, 10.75121 ], [ -84.43315, 10.75321 ], [ -84.43529, 10.75457 ], [ -84.43385, 10.75595 ], [ -84.43574, 10.75626 ], [ -84.43473, 10.75901 ], [ -84.43769, 10.7587 ], [ -84.43551, 10.76327 ], [ -84.43878, 10.76405 ], [ -84.43565, 10.7647 ], [ -84.43779, 10.76667 ], [ -84.43438, 10.76746 ], [ -84.43283, 10.77115 ], [ -84.42954, 10.77068 ], [ -84.42845, 10.7724 ], [ -84.42612, 10.77291 ], [ -84.42718, 10.77421 ], [ -84.42867, 10.7731 ], [ -84.42905, 10.77476 ], [ -84.42554, 10.77508 ], [ -84.42736, 10.77737 ], [ -84.42431, 10.77868 ], [ -84.42689, 10.78044 ], [ -84.42274, 10.78051 ], [ -84.42397, 10.78434 ], [ -84.42253, 10.78725 ], [ -84.42115, 10.7845 ], [ -84.41937, 10.78457 ], [ -84.42027, 10.78682 ], [ -84.41776, 10.7873 ], [ -84.41883, 10.78959 ], [ -84.41644, 10.78909 ], [ -84.41544, 10.79236 ], [ -84.41638, 10.79268 ], [ -84.4132, 10.79264 ], [ -84.41009, 10.79559 ], [ -84.41149, 10.79757 ], [ -84.40918, 10.79972 ], [ -84.41037, 10.80125 ], [ -84.40947, 10.80309 ], [ -84.40831, 10.8018 ], [ -84.40582, 10.80444 ], [ -84.40666, 10.80695 ], [ -84.40504, 10.807 ], [ -84.40394, 10.81059 ], [ -84.40179, 10.81223 ], [ -84.40112, 10.81457 ], [ -84.40228, 10.81488 ], [ -84.40067, 10.815 ], [ -84.39927, 10.81324 ], [ -84.39805, 10.81476 ], [ -84.39919, 10.81643 ], [ -84.39765, 10.81748 ], [ -84.39873, 10.81982 ], [ -84.39756, 10.82329 ], [ -84.40005, 10.8232 ], [ -84.39838, 10.82754 ], [ -84.39947, 10.82925 ], [ -84.39798, 10.83024 ], [ -84.40114, 10.83575 ], [ -84.39941, 10.83716 ], [ -84.39683, 10.84495 ], [ -84.39069, 10.8508 ], [ -84.39104, 10.85457 ], [ -84.38385, 10.85784 ], [ -84.3793, 10.85662 ], [ -84.3772, 10.85264 ], [ -84.37515, 10.85285 ], [ -84.3745, 10.85143 ], [ -84.37178, 10.8522 ], [ -84.37092, 10.85038 ], [ -84.36676, 10.84915 ], [ -84.36577, 10.84712 ], [ -84.36273, 10.84844 ], [ -84.35823, 10.84666 ], [ -84.35467, 10.85238 ], [ -84.35412, 10.84975 ], [ -84.35322, 10.85152 ], [ -84.35105, 10.85225 ], [ -84.35173, 10.85573 ], [ -84.35384, 10.85542 ], [ -84.35364, 10.85991 ], [ -84.35555, 10.85734 ], [ -84.35557, 10.85952 ], [ -84.35808, 10.85898 ], [ -84.35843, 10.86084 ], [ -84.36134, 10.86303 ], [ -84.35858, 10.8643 ], [ -84.35852, 10.86637 ], [ -84.35948, 10.86436 ], [ -84.36318, 10.86336 ], [ -84.36214, 10.86508 ], [ -84.36537, 10.86382 ], [ -84.36748, 10.86573 ], [ -84.36554, 10.866 ], [ -84.36661, 10.86719 ], [ -84.36482, 10.86789 ], [ -84.36644, 10.8696 ], [ -84.36217, 10.86985 ], [ -84.36602, 10.87069 ], [ -84.36378, 10.87225 ], [ -84.36716, 10.87234 ], [ -84.36653, 10.875 ], [ -84.36416, 10.87633 ], [ -84.36866, 10.8769 ], [ -84.36677, 10.87937 ], [ -84.36842, 10.8812 ], [ -84.36322, 10.88124 ], [ -84.36225, 10.88362 ], [ -84.36252, 10.88516 ], [ -84.36445, 10.88609 ], [ -84.36391, 10.88914 ], [ -84.36523, 10.88811 ], [ -84.36392, 10.89199 ], [ -84.36701, 10.89216 ], [ -84.36372, 10.8958 ], [ -84.36318, 10.89836 ], [ -84.3669, 10.89796 ], [ -84.36453, 10.90085 ], [ -84.36751, 10.90408 ], [ -84.36738, 10.90626 ], [ -84.3606, 10.91181 ], [ -84.35394, 10.91152 ], [ -84.34865, 10.9099 ], [ -84.34785, 10.90822 ], [ -84.3492, 10.90633 ], [ -84.34802, 10.90457 ], [ -84.34179, 10.90688 ], [ -84.34265, 10.90464 ], [ -84.33919, 10.90258 ], [ -84.33954, 10.8999 ], [ -84.33416, 10.9004 ], [ -84.33438, 10.89772 ], [ -84.33217, 10.89743 ], [ -84.33132, 10.89998 ], [ -84.33271, 10.90344 ], [ -84.32909, 10.90635 ], [ -84.32755, 10.91198 ], [ -84.32436, 10.91251 ], [ -84.32243, 10.91055 ], [ -84.31842, 10.91151 ], [ -84.31603, 10.91055 ], [ -84.3143, 10.91302 ], [ -84.31162, 10.91333 ], [ -84.31043, 10.91488 ], [ -84.30648, 10.91371 ], [ -84.30494, 10.91568 ], [ -84.30132, 10.9166 ] ] ] } },
{ "type": "Feature", "properties": { "cod_distrito": 21013, "distrito": "Pocosol", "canton": "San Carlos", "ha_2000": 51.0, "ha_2015": 847.0, "ha_2017": 1964.0, "ha_2018": 2059.0, "ha_2019": 1991.0 }, "geometry": { "type": "Polygon", "coordinates": [ [ [ -84.35881, 10.99574 ], [ -84.35664, 10.99218 ], [ -84.35104, 10.98785 ], [ -84.34184, 10.97369 ], [ -84.34214, 10.97125 ], [ -84.34773, 10.96646 ], [ -84.34881, 10.95945 ], [ -84.35127, 10.95438 ], [ -84.35077, 10.95062 ], [ -84.34871, 10.94928 ], [ -84.33948, 10.94793 ], [ -84.33644, 10.94602 ], [ -84.33363, 10.93477 ], [ -84.33116, 10.92986 ], [ -84.32609, 10.92443 ], [ -84.32289, 10.91789 ], [ -84.31674, 10.91608 ], [ -84.31043, 10.92191 ], [ -84.30633, 10.91581 ], [ -84.30494, 10.91568 ], [ -84.30648, 10.91371 ], [ -84.31043, 10.91488 ], [ -84.31162, 10.91333 ], [ -84.3143, 10.91302 ], [ -84.31603, 10.91055 ], [ -84.31842, 10.91151 ], [ -84.32243, 10.91055 ], [ -84.32436, 10.91251 ], [ -84.32755, 10.91198 ], [ -84.32909, 10.90635 ], [ -84.33271, 10.90344 ], [ -84.33132, 10.89998 ], [ -84.33217, 10.89743 ], [ -84.33438, 10.89772 ], [ -84.33416, 10.9004 ], [ -84.33954, 10.8999 ], [ -84.33919, 10.90258 ], [ -84.34265, 10.90464 ], [ -84.34179, 10.90688 ], [ -84.34802, 10.90457 ], [ -84.3492, 10.90633 ], [ -84.34785, 10.90822 ], [ -84.34865, 10.9099 ], [ -84.35394, 10.91152 ], [ -84.3606, 10.91181 ], [ -84.36715, 10.9066 ], [ -84.36751, 10.90408 ], [ -84.36453, 10.90085 ], [ -84.3669, 10.89796 ], [ -84.36318, 10.89836 ], [ -84.36372, 10.8958 ], [ -84.36701, 10.89216 ], [ -84.36392, 10.89199 ], [ -84.36523, 10.88811 ], [ -84.36391, 10.88914 ], [ -84.36445, 10.88609 ], [ -84.36252, 10.88516 ], [ -84.36225, 10.88362 ], [ -84.36322, 10.88124 ], [ -84.36842, 10.8812 ], [ -84.36677, 10.87937 ], [ -84.36866, 10.8769 ], [ -84.36416, 10.87633 ], [ -84.36653, 10.875 ], [ -84.36716, 10.87234 ], [ -84.36378, 10.87225 ], [ -84.36602, 10.87069 ], [ -84.36217, 10.86985 ], [ -84.36644, 10.8696 ], [ -84.36482, 10.86789 ], [ -84.36661, 10.86719 ], [ -84.36554, 10.866 ], [ -84.36748, 10.86573 ], [ -84.36537, 10.86382 ], [ -84.36214, 10.86508 ], [ -84.36318, 10.86336 ], [ -84.35948, 10.86436 ], [ -84.35852, 10.86637 ], [ -84.35858, 10.8643 ], [ -84.36134, 10.86303 ], [ -84.35843, 10.86084 ], [ -84.35808, 10.85898 ], [ -84.35557, 10.85952 ], [ -84.35555, 10.85734 ], [ -84.35364, 10.85991 ], [ -84.35384, 10.85542 ], [ -84.35173, 10.85573 ], [ -84.35105, 10.85225 ], [ -84.35322, 10.85152 ], [ -84.35412, 10.84975 ], [ -84.35467, 10.85238 ], [ -84.35823, 10.84666 ], [ -84.36273, 10.84844 ], [ -84.36577, 10.84712 ], [ -84.36676, 10.84915 ], [ -84.37092, 10.85038 ], [ -84.37178, 10.8522 ], [ -84.3745, 10.85143 ], [ -84.37515, 10.85285 ], [ -84.3772, 10.85264 ], [ -84.3793, 10.85662 ], [ -84.38385, 10.85784 ], [ -84.39104, 10.85457 ], [ -84.39069, 10.8508 ], [ -84.39683, 10.84495 ], [ -84.39941, 10.83716 ], [ -84.40114, 10.83575 ], [ -84.39798, 10.83024 ], [ -84.39947, 10.82925 ], [ -84.39838, 10.82754 ], [ -84.40005, 10.8232 ], [ -84.39756, 10.82329 ], [ -84.39873, 10.81982 ], [ -84.39765, 10.81748 ], [ -84.39919, 10.81643 ], [ -84.39805, 10.81476 ], [ -84.39927, 10.81324 ], [ -84.40067, 10.815 ], [ -84.40228, 10.81488 ], [ -84.40112, 10.81457 ], [ -84.40179, 10.81223 ], [ -84.40394, 10.81059 ], [ -84.40504, 10.807 ], [ -84.40666, 10.80695 ], [ -84.40582, 10.80444 ], [ -84.40831, 10.8018 ], [ -84.40947, 10.80309 ], [ -84.41037, 10.80125 ], [ -84.40918, 10.79972 ], [ -84.41149, 10.79757 ], [ -84.41009, 10.79559 ], [ -84.4132, 10.79264 ], [ -84.41638, 10.79268 ], [ -84.41544, 10.79236 ], [ -84.41644, 10.78909 ], [ -84.41883, 10.78959 ], [ -84.41776, 10.7873 ], [ -84.42027, 10.78682 ], [ -84.41937, 10.78457 ], [ -84.42115, 10.7845 ], [ -84.42253, 10.78725 ], [ -84.42397, 10.78434 ], [ -84.42274, 10.78051 ], [ -84.42689, 10.78044 ], [ -84.42431, 10.77868 ], [ -84.42736, 10.77737 ], [ -84.42554, 10.77508 ], [ -84.42905, 10.77476 ], [ -84.42867, 10.7731 ], [ -84.42718, 10.77421 ], [ -84.42612, 10.77291 ], [ -84.42845, 10.7724 ], [ -84.42954, 10.77068 ], [ -84.43283, 10.77115 ], [ -84.43438, 10.76746 ], [ -84.43779, 10.76667 ], [ -84.43565, 10.7647 ], [ -84.43878, 10.76405 ], [ -84.43551, 10.76327 ], [ -84.43769, 10.7587 ], [ -84.43473, 10.75901 ], [ -84.43574, 10.75626 ], [ -84.43385, 10.75595 ], [ -84.43529, 10.75457 ], [ -84.43315, 10.75321 ], [ -84.43379, 10.75121 ], [ -84.43152, 10.74957 ], [ -84.43269, 10.74842 ], [ -84.43515, 10.74959 ], [ -84.43617, 10.74683 ], [ -84.43889, 10.74683 ], [ -84.43944, 10.74566 ], [ -84.4369, 10.74463 ], [ -84.43856, 10.74196 ], [ -84.43978, 10.74359 ], [ -84.44325, 10.74164 ], [ -84.44222, 10.73858 ], [ -84.44462, 10.73745 ], [ -84.44335, 10.73516 ], [ -84.44411, 10.7342 ], [ -84.44591, 10.73529 ], [ -84.44706, 10.73344 ], [ -84.4461, 10.73265 ], [ -84.44671, 10.73035 ], [ -84.44857, 10.7289 ], [ -84.44657, 10.72567 ], [ -84.44856, 10.72495 ], [ -84.44614, 10.72379 ], [ -84.44994, 10.72342 ], [ -84.45, 10.72096 ], [ -84.45218, 10.72039 ], [ -84.44995, 10.71851 ], [ -84.45065, 10.71755 ], [ -84.45308, 10.71681 ], [ -84.45273, 10.71528 ], [ -84.45581, 10.71297 ], [ -84.45859, 10.71331 ], [ -84.45857, 10.71049 ], [ -84.46116, 10.70988 ], [ -84.45928, 10.70738 ], [ -84.46288, 10.70624 ], [ -84.46087, 10.70491 ], [ -84.46152, 10.70307 ], [ -84.46027, 10.70213 ], [ -84.46205, 10.70021 ], [ -84.46184, 10.69736 ], [ -84.46425, 10.69748 ], [ -84.46354, 10.69451 ], [ -84.46538, 10.69387 ], [ -84.46322, 10.69262 ], [ -84.46419, 10.69055 ], [ -84.46189, 10.68515 ], [ -84.46007, 10.68511 ], [ -84.45926, 10.68653 ], [ -84.45931, 10.68436 ], [ -84.45608, 10.6817 ], [ -84.45742, 10.67981 ], [ -84.45446, 10.68004 ], [ -84.45375, 10.67803 ], [ -84.45245, 10.67868 ], [ -84.44896, 10.677 ], [ -84.44884, 10.67485 ], [ -84.45111, 10.67321 ], [ -84.4512, 10.67105 ], [ -84.44989, 10.67068 ], [ -84.44981, 10.6674 ], [ -84.44759, 10.66557 ], [ -84.44957, 10.66412 ], [ -84.44818, 10.66233 ], [ -84.44952, 10.66101 ], [ -84.44931, 10.65547 ], [ -84.44728, 10.65286 ], [ -84.44808, 10.65173 ], [ -84.44592, 10.65114 ], [ -84.44438, 10.64834 ], [ -84.44679, 10.64655 ], [ -84.44558, 10.64714 ], [ -84.44394, 10.64487 ], [ -84.44228, 10.64492 ], [ -84.43801, 10.64842 ], [ -84.4342, 10.64692 ], [ -84.42934, 10.6486 ], [ -84.43016, 10.64678 ], [ -84.42858, 10.64637 ], [ -84.4288, 10.64446 ], [ -84.42203, 10.64083 ], [ -84.42173, 10.63774 ], [ -84.41892, 10.63813 ], [ -84.4125, 10.63392 ], [ -84.41423, 10.63168 ], [ -84.42229, 10.63396 ], [ -84.42075, 10.6288 ], [ -84.42138, 10.62464 ], [ -84.41722, 10.62484 ], [ -84.40835, 10.62266 ], [ -84.40297, 10.6194 ], [ -84.40601, 10.61663 ], [ -84.40894, 10.61862 ], [ -84.41054, 10.61831 ], [ -84.4116, 10.61574 ], [ -84.41776, 10.6096 ], [ -84.41629, 10.60528 ], [ -84.41702, 10.60401 ], [ -84.42792, 10.6 ], [ -84.43369, 10.59565 ], [ -84.43893, 10.59485 ], [ -84.44468, 10.5878 ], [ -84.45037, 10.59166 ], [ -84.45409, 10.59178 ], [ -84.45642, 10.58851 ], [ -84.45618, 10.58315 ], [ -84.46274, 10.57836 ], [ -84.46539, 10.5745 ], [ -84.475, 10.57043 ], [ -84.47984, 10.56526 ], [ -84.48624, 10.56539 ], [ -84.48683, 10.55775 ], [ -84.49266, 10.554 ], [ -84.48872, 10.53698 ], [ -84.49048, 10.53397 ], [ -84.4871, 10.5295 ], [ -84.4878, 10.52636 ], [ -84.49283, 10.52118 ], [ -84.49483, 10.51675 ], [ -84.49742, 10.51697 ], [ -84.50267, 10.52198 ], [ -84.50584, 10.5217 ], [ -84.51114, 10.51867 ], [ -84.51272, 10.51431 ], [ -84.51254, 10.51256 ], [ -84.50889, 10.50871 ], [ -84.50947, 10.50745 ], [ -84.51265, 10.50629 ], [ -84.51511, 10.50795 ], [ -84.52607, 10.51024 ], [ -84.5257, 10.51439 ], [ -84.5283, 10.51751 ], [ -84.5278, 10.51877 ], [ -84.52992, 10.52314 ], [ -84.53737, 10.52658 ], [ -84.54248, 10.53113 ], [ -84.547, 10.53031 ], [ -84.55045, 10.53139 ], [ -84.55217, 10.53433 ], [ -84.55445, 10.53367 ], [ -84.55507, 10.53535 ], [ -84.55799, 10.53606 ], [ -84.55841, 10.53764 ], [ -84.56553, 10.53894 ], [ -84.56727, 10.54087 ], [ -84.5708, 10.53943 ], [ -84.57333, 10.54215 ], [ -84.57353, 10.54566 ], [ -84.57151, 10.54679 ], [ -84.57165, 10.54999 ], [ -84.57001, 10.55176 ], [ -84.57079, 10.55484 ], [ -84.56905, 10.55647 ], [ -84.56954, 10.5595 ], [ -84.5713, 10.56124 ], [ -84.57092, 10.56547 ], [ -84.56711, 10.57353 ], [ -84.56171, 10.57771 ], [ -84.56133, 10.58435 ], [ -84.56955, 10.58609 ], [ -84.57473, 10.58514 ], [ -84.57783, 10.58972 ], [ -84.58158, 10.59151 ], [ -84.59469, 10.59046 ], [ -84.60137, 10.588 ], [ -84.60508, 10.58951 ], [ -84.60553, 10.59114 ], [ -84.60366, 10.59507 ], [ -84.60508, 10.59458 ], [ -84.6061, 10.59636 ], [ -84.6032, 10.59833 ], [ -84.60426, 10.59957 ], [ -84.60302, 10.60107 ], [ -84.60394, 10.60433 ], [ -84.60006, 10.60537 ], [ -84.59864, 10.60754 ], [ -84.59922, 10.61006 ], [ -84.59813, 10.61106 ], [ -84.5992, 10.61274 ], [ -84.59674, 10.61518 ], [ -84.59624, 10.61681 ], [ -84.59753, 10.61909 ], [ -84.59599, 10.62218 ], [ -84.59842, 10.62666 ], [ -84.59606, 10.62807 ], [ -84.5954, 10.6339 ], [ -84.59323, 10.63504 ], [ -84.59408, 10.63811 ], [ -84.59072, 10.63771 ], [ -84.58867, 10.64027 ], [ -84.58481, 10.64153 ], [ -84.58385, 10.64392 ], [ -84.5853, 10.65178 ], [ -84.58004, 10.65462 ], [ -84.57815, 10.65375 ], [ -84.57645, 10.65989 ], [ -84.57307, 10.65896 ], [ -84.57012, 10.66042 ], [ -84.57126, 10.66176 ], [ -84.56867, 10.66556 ], [ -84.56984, 10.66651 ], [ -84.56946, 10.67022 ], [ -84.57136, 10.67135 ], [ -84.56925, 10.67461 ], [ -84.56624, 10.67424 ], [ -84.56558, 10.67728 ], [ -84.56402, 10.67826 ], [ -84.5644, 10.68121 ], [ -84.56224, 10.68275 ], [ -84.56123, 10.6821 ], [ -84.55999, 10.68493 ], [ -84.55946, 10.68335 ], [ -84.55707, 10.68367 ], [ -84.55574, 10.68172 ], [ -84.55266, 10.68504 ], [ -84.55077, 10.68476 ], [ -84.55076, 10.68268 ], [ -84.54452, 10.68357 ], [ -84.54452, 10.685 ], [ -84.54311, 10.68326 ], [ -84.54218, 10.68546 ], [ -84.53683, 10.68688 ], [ -84.53846, 10.68922 ], [ -84.53652, 10.68942 ], [ -84.53627, 10.69111 ], [ -84.53396, 10.69194 ], [ -84.53563, 10.68846 ], [ -84.53357, 10.68718 ], [ -84.53315, 10.68896 ], [ -84.52865, 10.68945 ], [ -84.53071, 10.68561 ], [ -84.52742, 10.68625 ], [ -84.52539, 10.68525 ], [ -84.52345, 10.69181 ], [ -84.52122, 10.69161 ], [ -84.52025, 10.69371 ], [ -84.51886, 10.69378 ], [ -84.52265, 10.70059 ], [ -84.52246, 10.70446 ], [ -84.52081, 10.70502 ], [ -84.52041, 10.70721 ], [ -84.52264, 10.7098 ], [ -84.52219, 10.71343 ], [ -84.52102, 10.714 ], [ -84.52014, 10.71286 ], [ -84.51962, 10.71438 ], [ -84.52272, 10.72041 ], [ -84.52041, 10.72104 ], [ -84.5239, 10.7229 ], [ -84.5225, 10.72531 ], [ -84.52487, 10.72629 ], [ -84.5236, 10.72777 ], [ -84.52478, 10.72937 ], [ -84.52365, 10.73131 ], [ -84.52644, 10.73213 ], [ -84.52399, 10.73251 ], [ -84.52346, 10.7345 ], [ -84.52699, 10.73668 ], [ -84.52414, 10.73827 ], [ -84.52442, 10.73944 ], [ -84.52664, 10.73919 ], [ -84.52601, 10.74006 ], [ -84.5251, 10.73964 ], [ -84.52415, 10.7415 ], [ -84.52379, 10.74039 ], [ -84.52236, 10.7406 ], [ -84.52197, 10.7425 ], [ -84.52423, 10.74335 ], [ -84.52252, 10.7449 ], [ -84.52037, 10.74423 ], [ -84.52191, 10.74717 ], [ -84.51911, 10.74848 ], [ -84.52048, 10.74963 ], [ -84.5228, 10.7475 ], [ -84.52422, 10.74922 ], [ -84.52447, 10.74734 ], [ -84.52614, 10.74703 ], [ -84.5275, 10.74753 ], [ -84.52703, 10.74993 ], [ -84.52929, 10.75055 ], [ -84.52655, 10.75169 ], [ -84.52826, 10.75284 ], [ -84.52835, 10.75586 ], [ -84.53008, 10.75591 ], [ -84.52887, 10.75763 ], [ -84.53116, 10.7599 ], [ -84.52942, 10.76038 ], [ -84.52894, 10.76244 ], [ -84.52979, 10.76255 ], [ -84.52837, 10.76503 ], [ -84.52915, 10.76374 ], [ -84.53184, 10.76346 ], [ -84.5324, 10.76486 ], [ -84.53407, 10.76505 ], [ -84.53369, 10.76845 ], [ -84.5365, 10.76852 ], [ -84.5368, 10.76731 ], [ -84.53709, 10.76868 ], [ -84.53858, 10.76885 ], [ -84.53786, 10.76984 ], [ -84.53958, 10.76834 ], [ -84.53852, 10.76728 ], [ -84.54095, 10.76733 ], [ -84.54146, 10.76946 ], [ -84.54353, 10.77024 ], [ -84.54138, 10.77057 ], [ -84.54183, 10.77178 ], [ -84.54354, 10.77245 ], [ -84.54549, 10.771 ], [ -84.54301, 10.77468 ], [ -84.54768, 10.77883 ], [ -84.54578, 10.77931 ], [ -84.54467, 10.77829 ], [ -84.54517, 10.78009 ], [ -84.54669, 10.78024 ], [ -84.54626, 10.78209 ], [ -84.5448, 10.78178 ], [ -84.54409, 10.78325 ], [ -84.54551, 10.78424 ], [ -84.54804, 10.78295 ], [ -84.54637, 10.78684 ], [ -84.54783, 10.78753 ], [ -84.54643, 10.78862 ], [ -84.54903, 10.78803 ], [ -84.54981, 10.78901 ], [ -84.5497, 10.7907 ], [ -84.54747, 10.79036 ], [ -84.54641, 10.79156 ], [ -84.54871, 10.79235 ], [ -84.54909, 10.79465 ], [ -84.54533, 10.79546 ], [ -84.54767, 10.80076 ], [ -84.54577, 10.80133 ], [ -84.54768, 10.8027 ], [ -84.54547, 10.80397 ], [ -84.54384, 10.80302 ], [ -84.54482, 10.80553 ], [ -84.5433, 10.80603 ], [ -84.54569, 10.80622 ], [ -84.5454, 10.80908 ], [ -84.54665, 10.80925 ], [ -84.54575, 10.81074 ], [ -84.55054, 10.81215 ], [ -84.55128, 10.81471 ], [ -84.55, 10.8146 ], [ -84.55003, 10.81341 ], [ -84.54715, 10.81371 ], [ -84.54575, 10.81591 ], [ -84.54451, 10.81539 ], [ -84.54124, 10.81769 ], [ -84.54324, 10.81762 ], [ -84.5424, 10.81979 ], [ -84.54393, 10.81981 ], [ -84.54059, 10.8211 ], [ -84.54056, 10.82286 ], [ -84.53875, 10.82236 ], [ -84.54032, 10.82371 ], [ -84.53841, 10.82524 ], [ -84.54042, 10.82656 ], [ -84.54137, 10.82524 ], [ -84.54091, 10.82788 ], [ -84.53937, 10.82733 ], [ -84.53773, 10.83157 ], [ -84.5396, 10.83269 ], [ -84.53911, 10.83115 ], [ -84.54029, 10.83131 ], [ -84.54079, 10.83484 ], [ -84.54231, 10.83539 ], [ -84.54075, 10.83701 ], [ -84.53935, 10.83607 ], [ -84.54073, 10.83819 ], [ -84.53993, 10.84011 ], [ -84.54177, 10.83974 ], [ -84.54021, 10.84202 ], [ -84.54146, 10.84428 ], [ -84.5426, 10.84379 ], [ -84.54263, 10.84596 ], [ -84.5442, 10.84626 ], [ -84.54351, 10.84779 ], [ -84.5451, 10.84673 ], [ -84.54637, 10.84762 ], [ -84.54487, 10.84984 ], [ -84.54602, 10.85117 ], [ -84.54464, 10.85181 ], [ -84.54672, 10.85145 ], [ -84.54658, 10.85235 ], [ -84.54393, 10.85248 ], [ -84.54621, 10.85504 ], [ -84.54401, 10.85478 ], [ -84.54477, 10.85633 ], [ -84.54657, 10.85659 ], [ -84.54543, 10.85928 ], [ -84.54678, 10.85842 ], [ -84.54817, 10.86025 ], [ -84.54437, 10.86079 ], [ -84.54458, 10.86213 ], [ -84.54651, 10.86229 ], [ -84.54487, 10.86335 ], [ -84.54552, 10.86509 ], [ -84.54264, 10.86279 ], [ -84.54262, 10.8659 ], [ -84.5438, 10.86517 ], [ -84.54392, 10.86704 ], [ -84.54095, 10.86812 ], [ -84.53991, 10.8672 ], [ -84.53997, 10.86978 ], [ -84.54101, 10.87011 ], [ -84.53724, 10.87052 ], [ -84.53832, 10.87227 ], [ -84.53409, 10.87051 ], [ -84.53365, 10.8732 ], [ -84.53465, 10.87436 ], [ -84.53111, 10.87406 ], [ -84.52992, 10.87304 ], [ -84.53094, 10.87104 ], [ -84.52896, 10.87124 ], [ -84.52599, 10.87578 ], [ -84.52298, 10.8742 ], [ -84.52218, 10.87689 ], [ -84.52414, 10.87749 ], [ -84.52388, 10.87843 ], [ -84.52046, 10.87889 ], [ -84.51844, 10.87599 ], [ -84.51751, 10.87949 ], [ -84.51539, 10.87981 ], [ -84.51424, 10.87853 ], [ -84.51301, 10.88053 ], [ -84.51131, 10.87781 ], [ -84.51122, 10.88038 ], [ -84.50794, 10.88079 ], [ -84.50936, 10.88187 ], [ -84.50866, 10.88279 ], [ -84.50671, 10.87989 ], [ -84.50465, 10.87986 ], [ -84.50592, 10.87818 ], [ -84.50387, 10.87796 ], [ -84.50541, 10.87657 ], [ -84.50231, 10.8741 ], [ -84.50106, 10.87501 ], [ -84.502, 10.87263 ], [ -84.49937, 10.87227 ], [ -84.50053, 10.87384 ], [ -84.4972, 10.87563 ], [ -84.49417, 10.87339 ], [ -84.49284, 10.87487 ], [ -84.49367, 10.87566 ], [ -84.495, 10.87431 ], [ -84.49562, 10.87636 ], [ -84.49303, 10.87776 ], [ -84.4907, 10.87531 ], [ -84.48767, 10.8765 ], [ -84.48781, 10.87507 ], [ -84.4865, 10.87455 ], [ -84.48592, 10.87687 ], [ -84.48415, 10.87369 ], [ -84.48118, 10.87482 ], [ -84.47852, 10.8743 ], [ -84.47598, 10.87208 ], [ -84.47553, 10.87339 ], [ -84.47408, 10.8713 ], [ -84.47261, 10.87238 ], [ -84.4736, 10.87364 ], [ -84.47038, 10.87271 ], [ -84.47267, 10.87714 ], [ -84.4712, 10.87883 ], [ -84.47138, 10.87678 ], [ -84.46964, 10.8768 ], [ -84.46892, 10.87864 ], [ -84.46728, 10.87871 ], [ -84.46788, 10.87994 ], [ -84.46621, 10.87927 ], [ -84.46618, 10.88119 ], [ -84.46887, 10.88231 ], [ -84.4692, 10.88032 ], [ -84.47052, 10.88306 ], [ -84.46822, 10.88368 ], [ -84.46948, 10.88556 ], [ -84.46511, 10.88766 ], [ -84.46845, 10.88824 ], [ -84.46883, 10.89159 ], [ -84.47093, 10.89126 ], [ -84.47166, 10.89284 ], [ -84.46814, 10.89785 ], [ -84.47031, 10.8985 ], [ -84.46935, 10.8994 ], [ -84.46993, 10.90143 ], [ -84.47176, 10.90212 ], [ -84.47038, 10.90379 ], [ -84.47053, 10.90796 ], [ -84.46836, 10.90844 ], [ -84.46702, 10.91171 ], [ -84.46901, 10.91031 ], [ -84.47163, 10.91167 ], [ -84.47012, 10.91423 ], [ -84.47214, 10.9176 ], [ -84.4691, 10.91941 ], [ -84.4724, 10.92139 ], [ -84.47083, 10.92373 ], [ -84.47251, 10.92597 ], [ -84.47543, 10.9268 ], [ -84.47618, 10.92826 ], [ -84.47877, 10.92576 ], [ -84.48015, 10.9276 ], [ -84.4829, 10.92756 ], [ -84.47713, 10.93074 ], [ -84.47348, 10.93669 ], [ -84.47403, 10.93844 ], [ -84.47622, 10.93944 ], [ -84.47274, 10.9411 ], [ -84.47377, 10.9441 ], [ -84.47617, 10.94316 ], [ -84.47343, 10.94649 ], [ -84.47974, 10.94736 ], [ -84.47707, 10.94988 ], [ -84.47819, 10.95178 ], [ -84.47598, 10.95221 ], [ -84.47471, 10.95061 ], [ -84.47416, 10.95311 ], [ -84.47187, 10.95256 ], [ -84.47129, 10.95739 ], [ -84.46616, 10.95327 ], [ -84.46649, 10.95907 ], [ -84.46355, 10.96005 ], [ -84.45993, 10.95852 ], [ -84.45968, 10.96213 ], [ -84.4613, 10.96449 ], [ -84.4506, 10.96099 ], [ -84.4203, 10.95543 ], [ -84.39982, 10.97524 ], [ -84.37648, 10.97769 ], [ -84.35881, 10.99574 ] ] ] } },
{ "type": "Feature", "properties": { "cod_distrito": 21402, "distrito": "Caño Negro", "canton": "Los Chiles", "ha_2000": 0.0, "ha_2015": 326.0, "ha_2017": 597.0, "ha_2018": 536.0, "ha_2019": 550.0 }, "geometry": { "type": "Polygon", "coordinates": [ [ [ -84.73519, 11.03475 ], [ -84.72788, 11.03607 ], [ -84.7184, 11.02797 ], [ -84.71895, 11.02247 ], [ -84.72114, 11.01934 ], [ -84.71669, 11.01863 ], [ -84.71849, 11.01622 ], [ -84.71558, 11.0141 ], [ -84.71429, 11.00947 ], [ -84.72012, 11.00571 ], [ -84.71598, 11.00479 ], [ -84.71576, 11.00131 ], [ -84.71734, 11.00073 ], [ -84.7191, 11.00297 ], [ -84.72159, 11.00157 ], [ -84.72186, 10.99996 ], [ -84.71988, 10.99712 ], [ -84.72222, 10.9913 ], [ -84.72567, 10.99037 ], [ -84.72799, 10.99151 ], [ -84.72817, 10.99039 ], [ -84.72579, 10.98931 ], [ -84.72679, 10.9883 ], [ -84.73186, 10.98894 ], [ -84.72936, 10.98529 ], [ -84.73387, 10.98453 ], [ -84.73105, 10.98359 ], [ -84.73127, 10.98197 ], [ -84.73866, 10.97941 ], [ -84.74131, 10.97596 ], [ -84.73906, 10.97295 ], [ -84.74268, 10.97303 ], [ -84.746, 10.96887 ], [ -84.74636, 10.96597 ], [ -84.74301, 10.96472 ], [ -84.74516, 10.9641 ], [ -84.74486, 10.95924 ], [ -84.7467, 10.95627 ], [ -84.74462, 10.95487 ], [ -84.74513, 10.95186 ], [ -84.7425, 10.94974 ], [ -84.74008, 10.9495 ], [ -84.7374, 10.95225 ], [ -84.7384, 10.94864 ], [ -84.73561, 10.9489 ], [ -84.73576, 10.94637 ], [ -84.73287, 10.94378 ], [ -84.72974, 10.94406 ], [ -84.73045, 10.94099 ], [ -84.72807, 10.93965 ], [ -84.73087, 10.93573 ], [ -84.72853, 10.93106 ], [ -84.725, 10.93116 ], [ -84.72328, 10.92833 ], [ -84.72627, 10.92699 ], [ -84.7273, 10.92532 ], [ -84.72654, 10.92463 ], [ -84.72559, 10.92639 ], [ -84.7237, 10.92324 ], [ -84.72789, 10.92054 ], [ -84.72729, 10.91439 ], [ -84.72997, 10.91577 ], [ -84.73088, 10.91484 ], [ -84.73028, 10.91177 ], [ -84.72722, 10.91081 ], [ -84.72715, 10.9095 ], [ -84.73235, 10.91106 ], [ -84.73411, 10.90583 ], [ -84.73982, 10.90738 ], [ -84.74129, 10.90486 ], [ -84.74245, 10.90749 ], [ -84.744, 10.9042 ], [ -84.74677, 10.90417 ], [ -84.74554, 10.90172 ], [ -84.74916, 10.90133 ], [ -84.74887, 10.89796 ], [ -84.7511, 10.89859 ], [ -84.7522, 10.89601 ], [ -84.75531, 10.89765 ], [ -84.75748, 10.89538 ], [ -84.75927, 10.89802 ], [ -84.76164, 10.89853 ], [ -84.75982, 10.89698 ], [ -84.75995, 10.89499 ], [ -84.76108, 10.89438 ], [ -84.76367, 10.89685 ], [ -84.76412, 10.89406 ], [ -84.76268, 10.89195 ], [ -84.7674, 10.89024 ], [ -84.76518, 10.88901 ], [ -84.76599, 10.8856 ], [ -84.76807, 10.88469 ], [ -84.76715, 10.88033 ], [ -84.7695, 10.87979 ], [ -84.76975, 10.87711 ], [ -84.77212, 10.87516 ], [ -84.77123, 10.8732 ], [ -84.77341, 10.87166 ], [ -84.7727, 10.86883 ], [ -84.77603, 10.87011 ], [ -84.77803, 10.86669 ], [ -84.77607, 10.86654 ], [ -84.77595, 10.86136 ], [ -84.77418, 10.85797 ], [ -84.77599, 10.85469 ], [ -84.77326, 10.85198 ], [ -84.77491, 10.84955 ], [ -84.77328, 10.84903 ], [ -84.77299, 10.8453 ], [ -84.77548, 10.84315 ], [ -84.77352, 10.84123 ], [ -84.77521, 10.83924 ], [ -84.77328, 10.83814 ], [ -84.76984, 10.83847 ], [ -84.77031, 10.83706 ], [ -84.77194, 10.83573 ], [ -84.77353, 10.8364 ], [ -84.77432, 10.83423 ], [ -84.78031, 10.83213 ], [ -84.78152, 10.83365 ], [ -84.78089, 10.83652 ], [ -84.78412, 10.83684 ], [ -84.78395, 10.83971 ], [ -84.78724, 10.83765 ], [ -84.78667, 10.84253 ], [ -84.78862, 10.84357 ], [ -84.78885, 10.84528 ], [ -84.79002, 10.84176 ], [ -84.79411, 10.84761 ], [ -84.79596, 10.84656 ], [ -84.80223, 10.84685 ], [ -84.80167, 10.84932 ], [ -84.79941, 10.84998 ], [ -84.80036, 10.85156 ], [ -84.80258, 10.85028 ], [ -84.80769, 10.85233 ], [ -84.81734, 10.8496 ], [ -84.82813, 10.84237 ], [ -84.83148, 10.83867 ], [ -84.83069, 10.83499 ], [ -84.83279, 10.83033 ], [ -84.83165, 10.82669 ], [ -84.83422, 10.82143 ], [ -84.83821, 10.82186 ], [ -84.8395, 10.81994 ], [ -84.84302, 10.82067 ], [ -84.84246, 10.81871 ], [ -84.85076, 10.81069 ], [ -84.85398, 10.81033 ], [ -84.85618, 10.80817 ], [ -84.86322, 10.80844 ], [ -84.86883, 10.80556 ], [ -84.87525, 10.81063 ], [ -84.8788, 10.80887 ], [ -84.88138, 10.81219 ], [ -84.88792, 10.81488 ], [ -84.88839, 10.81709 ], [ -84.89121, 10.8188 ], [ -84.89761, 10.82733 ], [ -84.8906, 10.83916 ], [ -84.89282, 10.84155 ], [ -84.89038, 10.84452 ], [ -84.88666, 10.84365 ], [ -84.88474, 10.84795 ], [ -84.88587, 10.85267 ], [ -84.8842, 10.85827 ], [ -84.88631, 10.86309 ], [ -84.89019, 10.86412 ], [ -84.89003, 10.87022 ], [ -84.89332, 10.8723 ], [ -84.88817, 10.88685 ], [ -84.88499, 10.89046 ], [ -84.88557, 10.89225 ], [ -84.88821, 10.89382 ], [ -84.88866, 10.8983 ], [ -84.88712, 10.90013 ], [ -84.89095, 10.90374 ], [ -84.89128, 10.90589 ], [ -84.88653, 10.91414 ], [ -84.88642, 10.91763 ], [ -84.88773, 10.91969 ], [ -84.88688, 10.9292 ], [ -84.88494, 10.93005 ], [ -84.88499, 10.93479 ], [ -84.88121, 10.94161 ], [ -84.88058, 10.95681 ], [ -84.88229, 10.96133 ], [ -84.74172, 11.047 ], [ -84.73793, 11.04357 ], [ -84.73773, 11.04 ], [ -84.73519, 11.03475 ] ] ] } },
{ "type": "Feature", "properties": { "cod_distrito": 21401, "distrito": "Los Chiles", "canton": "Los Chiles", "ha_2000": 0.0, "ha_2015": 1484.0, "ha_2017": 3664.0, "ha_2018": 4026.0, "ha_2019": 4238.0 }, "geometry": { "type": "Polygon", "coordinates": [ [ [ -84.6664, 11.07247 ], [ -84.60604, 11.03844 ], [ -84.57471, 11.05119 ], [ -84.56454, 11.03304 ], [ -84.48612, 11.00103 ], [ -84.45147, 10.96198 ], [ -84.46165, 10.96444 ], [ -84.45968, 10.96213 ], [ -84.46006, 10.95835 ], [ -84.46355, 10.96005 ], [ -84.46649, 10.95907 ], [ -84.4656, 10.95438 ], [ -84.46672, 10.95294 ], [ -84.4716, 10.95729 ], [ -84.47183, 10.95261 ], [ -84.47416, 10.95311 ], [ -84.47471, 10.95061 ], [ -84.47598, 10.95221 ], [ -84.47811, 10.95186 ], [ -84.47707, 10.94988 ], [ -84.47978, 10.9478 ], [ -84.47349, 10.94661 ], [ -84.47617, 10.94316 ], [ -84.47377, 10.9441 ], [ -84.47274, 10.9411 ], [ -84.47621, 10.93954 ], [ -84.47367, 10.93778 ], [ -84.4747, 10.93395 ], [ -84.47936, 10.92884 ], [ -84.4829, 10.92756 ], [ -84.48015, 10.9276 ], [ -84.47877, 10.92576 ], [ -84.47618, 10.92826 ], [ -84.47543, 10.9268 ], [ -84.47251, 10.92597 ], [ -84.47083, 10.92373 ], [ -84.4724, 10.92139 ], [ -84.4691, 10.91941 ], [ -84.47214, 10.9176 ], [ -84.47012, 10.91423 ], [ -84.47163, 10.91167 ], [ -84.46901, 10.91031 ], [ -84.46702, 10.91171 ], [ -84.46836, 10.90844 ], [ -84.47053, 10.90796 ], [ -84.47038, 10.90379 ], [ -84.47176, 10.90212 ], [ -84.46993, 10.90143 ], [ -84.46935, 10.8994 ], [ -84.47031, 10.8985 ], [ -84.46814, 10.89785 ], [ -84.47166, 10.89284 ], [ -84.47093, 10.89126 ], [ -84.46883, 10.89159 ], [ -84.46845, 10.88824 ], [ -84.46511, 10.88766 ], [ -84.46948, 10.88556 ], [ -84.46822, 10.88368 ], [ -84.47052, 10.88306 ], [ -84.4692, 10.88032 ], [ -84.46887, 10.88231 ], [ -84.46618, 10.88119 ], [ -84.46621, 10.87927 ], [ -84.46788, 10.87994 ], [ -84.46728, 10.87871 ], [ -84.46892, 10.87864 ], [ -84.46964, 10.8768 ], [ -84.47138, 10.87678 ], [ -84.4712, 10.87883 ], [ -84.47267, 10.87714 ], [ -84.47038, 10.87271 ], [ -84.4736, 10.87364 ], [ -84.47261, 10.87238 ], [ -84.47408, 10.8713 ], [ -84.47553, 10.87339 ], [ -84.47598, 10.87208 ], [ -84.47852, 10.8743 ], [ -84.48118, 10.87482 ], [ -84.48415, 10.87369 ], [ -84.48592, 10.87687 ], [ -84.4865, 10.87455 ], [ -84.48781, 10.87507 ], [ -84.48767, 10.8765 ], [ -84.4907, 10.87531 ], [ -84.49303, 10.87776 ], [ -84.49562, 10.87636 ], [ -84.495, 10.87431 ], [ -84.49367, 10.87566 ], [ -84.49284, 10.87487 ], [ -84.49417, 10.87339 ], [ -84.4972, 10.87563 ], [ -84.50053, 10.87384 ], [ -84.49937, 10.87227 ], [ -84.502, 10.87263 ], [ -84.50106, 10.87501 ], [ -84.50231, 10.8741 ], [ -84.50541, 10.87657 ], [ -84.50387, 10.87796 ], [ -84.50592, 10.87818 ], [ -84.50465, 10.87986 ], [ -84.50671, 10.87989 ], [ -84.50854, 10.8828 ], [ -84.50936, 10.88187 ], [ -84.50794, 10.88079 ], [ -84.51122, 10.88038 ], [ -84.51131, 10.87781 ], [ -84.51301, 10.88053 ], [ -84.51424, 10.87853 ], [ -84.51539, 10.87981 ], [ -84.51751, 10.87949 ], [ -84.51844, 10.87599 ], [ -84.52046, 10.87889 ], [ -84.52351, 10.87858 ], [ -84.52415, 10.8775 ], [ -84.52217, 10.87684 ], [ -84.52312, 10.87405 ], [ -84.52599, 10.87578 ], [ -84.52888, 10.87128 ], [ -84.53088, 10.87099 ], [ -84.53011, 10.8734 ], [ -84.53465, 10.87436 ], [ -84.53365, 10.8732 ], [ -84.53413, 10.87048 ], [ -84.53818, 10.87233 ], [ -84.53877, 10.87156 ], [ -84.53727, 10.87049 ], [ -84.54101, 10.87011 ], [ -84.53997, 10.86978 ], [ -84.53991, 10.8672 ], [ -84.54095, 10.86812 ], [ -84.54383, 10.8672 ], [ -84.54383, 10.86521 ], [ -84.54262, 10.8659 ], [ -84.54267, 10.86276 ], [ -84.54558, 10.86505 ], [ -84.54487, 10.86335 ], [ -84.54651, 10.86229 ], [ -84.54458, 10.86213 ], [ -84.54437, 10.86079 ], [ -84.54817, 10.86022 ], [ -84.54673, 10.8584 ], [ -84.54543, 10.85928 ], [ -84.54657, 10.85659 ], [ -84.54477, 10.85633 ], [ -84.54401, 10.85478 ], [ -84.54621, 10.85504 ], [ -84.54393, 10.85248 ], [ -84.54658, 10.85235 ], [ -84.54672, 10.85145 ], [ -84.54464, 10.85181 ], [ -84.54602, 10.85117 ], [ -84.54487, 10.84984 ], [ -84.54642, 10.84772 ], [ -84.54527, 10.84673 ], [ -84.54351, 10.84779 ], [ -84.54422, 10.84633 ], [ -84.54263, 10.84596 ], [ -84.54263, 10.84384 ], [ -84.56821, 10.84384 ], [ -84.56959, 10.85103 ], [ -84.57297, 10.85716 ], [ -84.58077, 10.86026 ], [ -84.58918, 10.869 ], [ -84.59348, 10.87676 ], [ -84.59755, 10.87614 ], [ -84.59652, 10.8717 ], [ -84.60059, 10.86986 ], [ -84.60056, 10.86717 ], [ -84.61201, 10.86715 ], [ -84.61265, 10.87019 ], [ -84.61915, 10.87546 ], [ -84.61929, 10.88385 ], [ -84.62914, 10.89194 ], [ -84.64099, 10.89423 ], [ -84.64694, 10.89945 ], [ -84.65749, 10.90292 ], [ -84.65802, 10.89922 ], [ -84.66026, 10.89629 ], [ -84.66007, 10.89136 ], [ -84.67603, 10.89134 ], [ -84.68084, 10.89431 ], [ -84.68344, 10.90077 ], [ -84.68942, 10.90369 ], [ -84.69268, 10.90945 ], [ -84.69693, 10.90889 ], [ -84.70415, 10.91307 ], [ -84.70674, 10.91261 ], [ -84.708, 10.91497 ], [ -84.7104, 10.91374 ], [ -84.71189, 10.91556 ], [ -84.71075, 10.91691 ], [ -84.71238, 10.91766 ], [ -84.71121, 10.91932 ], [ -84.71245, 10.91962 ], [ -84.71295, 10.91809 ], [ -84.71493, 10.91863 ], [ -84.71492, 10.91739 ], [ -84.71671, 10.91801 ], [ -84.71721, 10.91976 ], [ -84.71898, 10.91884 ], [ -84.71882, 10.92077 ], [ -84.71708, 10.92108 ], [ -84.71823, 10.92268 ], [ -84.71755, 10.92586 ], [ -84.71855, 10.92638 ], [ -84.71962, 10.92507 ], [ -84.7202, 10.92759 ], [ -84.72254, 10.92765 ], [ -84.725, 10.93116 ], [ -84.72853, 10.93106 ], [ -84.73079, 10.93549 ], [ -84.72807, 10.93965 ], [ -84.73045, 10.94099 ], [ -84.72974, 10.94406 ], [ -84.73287, 10.94378 ], [ -84.73576, 10.94637 ], [ -84.73561, 10.9489 ], [ -84.7384, 10.94864 ], [ -84.7374, 10.95225 ], [ -84.74008, 10.9495 ], [ -84.7425, 10.94974 ], [ -84.74513, 10.95186 ], [ -84.74462, 10.95487 ], [ -84.7467, 10.95627 ], [ -84.74486, 10.95924 ], [ -84.74516, 10.9641 ], [ -84.74301, 10.96472 ], [ -84.74636, 10.96597 ], [ -84.746, 10.96887 ], [ -84.74268, 10.97303 ], [ -84.73906, 10.97295 ], [ -84.74131, 10.97596 ], [ -84.73866, 10.97941 ], [ -84.73127, 10.98197 ], [ -84.73105, 10.98359 ], [ -84.73387, 10.98453 ], [ -84.72936, 10.98529 ], [ -84.73186, 10.98894 ], [ -84.72679, 10.9883 ], [ -84.72579, 10.98931 ], [ -84.72817, 10.99039 ], [ -84.72799, 10.99151 ], [ -84.72567, 10.99037 ], [ -84.72222, 10.9913 ], [ -84.71988, 10.99712 ], [ -84.72186, 10.99996 ], [ -84.72159, 11.00157 ], [ -84.7191, 11.00297 ], [ -84.71734, 11.00073 ], [ -84.71576, 11.00131 ], [ -84.71598, 11.00479 ], [ -84.72012, 11.00571 ], [ -84.71427, 11.00964 ], [ -84.71558, 11.0141 ], [ -84.71849, 11.01622 ], [ -84.71669, 11.01863 ], [ -84.72114, 11.01934 ], [ -84.71895, 11.02247 ], [ -84.7184, 11.02797 ], [ -84.72788, 11.03607 ], [ -84.73575, 11.03506 ], [ -84.73793, 11.04357 ], [ -84.74172, 11.047 ], [ -84.68046, 11.08431 ], [ -84.6664, 11.07247 ] ] ] } },
{ "type": "Feature", "properties": { "cod_distrito": 21307, "distrito": "Yolillal", "canton": "Upala", "ha_2000": 208.0, "ha_2015": 1065.0, "ha_2017": 1614.0, "ha_2018": 1663.0, "ha_2019": 1586.0 }, "geometry": { "type": "Polygon", "coordinates": [ [ [ -84.9912, 10.97421 ], [ -84.91067, 10.94403 ], [ -84.88159, 10.96093 ], [ -84.88058, 10.95681 ], [ -84.88121, 10.94161 ], [ -84.88499, 10.93479 ], [ -84.88494, 10.93005 ], [ -84.88688, 10.9292 ], [ -84.88773, 10.91969 ], [ -84.88642, 10.91763 ], [ -84.88653, 10.91414 ], [ -84.89128, 10.90589 ], [ -84.89095, 10.90374 ], [ -84.88712, 10.90013 ], [ -84.88866, 10.8983 ], [ -84.88821, 10.89382 ], [ -84.88557, 10.89225 ], [ -84.88499, 10.89046 ], [ -84.88817, 10.88685 ], [ -84.89332, 10.8723 ], [ -84.89003, 10.87022 ], [ -84.89019, 10.86412 ], [ -84.88631, 10.86309 ], [ -84.8842, 10.85827 ], [ -84.88587, 10.85267 ], [ -84.88474, 10.84795 ], [ -84.88666, 10.84365 ], [ -84.89038, 10.84452 ], [ -84.89282, 10.84155 ], [ -84.89062, 10.83946 ], [ -84.89117, 10.83754 ], [ -84.89797, 10.82709 ], [ -84.90195, 10.82818 ], [ -84.90712, 10.83188 ], [ -84.93502, 10.85503 ], [ -84.98045, 10.85494 ], [ -84.98537, 10.85937 ], [ -84.98643, 10.86168 ], [ -84.98495, 10.86558 ], [ -84.98643, 10.86965 ], [ -84.98582, 10.87174 ], [ -84.99143, 10.88941 ], [ -84.99014, 10.89426 ], [ -84.98861, 10.89457 ], [ -84.99655, 10.91417 ], [ -84.99367, 10.92071 ], [ -84.98908, 10.92499 ], [ -84.99058, 10.92932 ], [ -84.99666, 10.93366 ], [ -84.9957, 10.93661 ], [ -84.9967, 10.94371 ], [ -84.99395, 10.94785 ], [ -84.99355, 10.95115 ], [ -84.99768, 10.96431 ], [ -84.99391, 10.96799 ], [ -84.99254, 10.9678 ], [ -84.9912, 10.97421 ] ] ] } },
{ "type": "Feature", "properties": { "cod_distrito": 21303, "distrito": "San José O Pizote", "canton": "Upala", "ha_2000": 0.0, "ha_2015": 8.0, "ha_2017": 0.0, "ha_2018": 0.0, "ha_2019": 0.0 }, "geometry": { "type": "Polygon", "coordinates": [ [ [ -85.24049, 11.06368 ], [ -85.23526, 11.06554 ], [ -85.2332, 11.06216 ], [ -85.22911, 11.06331 ], [ -85.13227, 11.02701 ], [ -85.13241, 11.0243 ], [ -85.12736, 11.02462 ], [ -85.1296, 11.02196 ], [ -85.12654, 11.01894 ], [ -85.12423, 11.01131 ], [ -85.12147, 11.00771 ], [ -85.12164, 11.00169 ], [ -85.11921, 10.9963 ], [ -85.11978, 10.99273 ], [ -85.11295, 10.98391 ], [ -85.11475, 10.98182 ], [ -85.11522, 10.97788 ], [ -85.10325, 10.96562 ], [ -85.10242, 10.95974 ], [ -85.0967, 10.95699 ], [ -85.09276, 10.94678 ], [ -85.0919, 10.94004 ], [ -85.09338, 10.93444 ], [ -85.09218, 10.9322 ], [ -85.09433, 10.92256 ], [ -85.09321, 10.92199 ], [ -85.09218, 10.91602 ], [ -85.08826, 10.91317 ], [ -85.08839, 10.91031 ], [ -85.08672, 10.90726 ], [ -85.0881, 10.90326 ], [ -85.08738, 10.89991 ], [ -85.09127, 10.89184 ], [ -85.09217, 10.88624 ], [ -85.09016, 10.88225 ], [ -85.09198, 10.87742 ], [ -85.0949, 10.87463 ], [ -85.09512, 10.86876 ], [ -85.11322, 10.84669 ], [ -85.11372, 10.84245 ], [ -85.1164, 10.83912 ], [ -85.11613, 10.83188 ], [ -85.11819, 10.82848 ], [ -85.12233, 10.82958 ], [ -85.12048, 10.83188 ], [ -85.12546, 10.83447 ], [ -85.12962, 10.84139 ], [ -85.14332, 10.8541 ], [ -85.14693, 10.85634 ], [ -85.15116, 10.85627 ], [ -85.15111, 10.85941 ], [ -85.15341, 10.8603 ], [ -85.15666, 10.86492 ], [ -85.1581, 10.87347 ], [ -85.16317, 10.87957 ], [ -85.16562, 10.88523 ], [ -85.17059, 10.88648 ], [ -85.17128, 10.88897 ], [ -85.17386, 10.88975 ], [ -85.17447, 10.89379 ], [ -85.17803, 10.89787 ], [ -85.17707, 10.90155 ], [ -85.17836, 10.9043 ], [ -85.18028, 10.90297 ], [ -85.18316, 10.90712 ], [ -85.18195, 10.90964 ], [ -85.18272, 10.91292 ], [ -85.18437, 10.91266 ], [ -85.18527, 10.9107 ], [ -85.18905, 10.91187 ], [ -85.19458, 10.9101 ], [ -85.20048, 10.91235 ], [ -85.20188, 10.91485 ], [ -85.20427, 10.91588 ], [ -85.20422, 10.9183 ], [ -85.20809, 10.92096 ], [ -85.21259, 10.92681 ], [ -85.21361, 10.92706 ], [ -85.21337, 10.92321 ], [ -85.21456, 10.92279 ], [ -85.21537, 10.92771 ], [ -85.21923, 10.92658 ], [ -85.22267, 10.92909 ], [ -85.21906, 10.93 ], [ -85.21937, 10.93227 ], [ -85.2216, 10.93452 ], [ -85.22849, 10.93463 ], [ -85.22851, 10.93719 ], [ -85.23231, 10.94117 ], [ -85.23322, 10.94039 ], [ -85.23155, 10.9384 ], [ -85.23403, 10.93833 ], [ -85.23743, 10.94193 ], [ -85.2407, 10.94312 ], [ -85.24339, 10.94191 ], [ -85.24698, 10.94528 ], [ -85.2446, 10.94943 ], [ -85.2477, 10.95148 ], [ -85.24357, 10.95458 ], [ -85.24498, 10.9575 ], [ -85.24404, 10.96031 ], [ -85.2478, 10.96197 ], [ -85.24641, 10.96419 ], [ -85.24692, 10.96681 ], [ -85.24948, 10.96842 ], [ -85.25211, 10.96751 ], [ -85.25048, 10.97057 ], [ -85.25167, 10.97268 ], [ -85.25831, 10.97363 ], [ -85.2646, 10.97694 ], [ -85.26279, 10.97956 ], [ -85.26391, 10.98679 ], [ -85.25949, 10.98986 ], [ -85.25956, 10.99207 ], [ -85.26649, 10.9968 ], [ -85.27121, 11.00385 ], [ -85.27809, 11.00714 ], [ -85.28653, 11.01347 ], [ -85.28961, 11.0174 ], [ -85.28978, 11.02244 ], [ -85.2881, 11.02416 ], [ -85.28624, 11.02273 ], [ -85.28492, 11.02472 ], [ -85.27872, 11.01907 ], [ -85.27888, 11.01712 ], [ -85.2762, 11.01657 ], [ -85.27724, 11.01482 ], [ -85.27318, 11.01408 ], [ -85.27198, 11.01603 ], [ -85.26849, 11.01604 ], [ -85.26876, 11.01167 ], [ -85.26715, 11.01168 ], [ -85.26664, 11.01351 ], [ -85.26547, 11.01283 ], [ -85.26503, 11.01407 ], [ -85.26286, 11.01256 ], [ -85.2582, 11.02087 ], [ -85.2589, 11.03392 ], [ -85.26132, 11.03546 ], [ -85.26085, 11.03904 ], [ -85.26226, 11.03971 ], [ -85.26327, 11.04296 ], [ -85.25872, 11.04511 ], [ -85.25671, 11.04409 ], [ -85.25431, 11.04925 ], [ -85.25166, 11.04938 ], [ -85.25047, 11.05585 ], [ -85.24919, 11.05712 ], [ -85.24927, 11.06165 ], [ -85.24805, 11.06237 ], [ -85.24502, 11.06108 ], [ -85.24322, 11.06226 ], [ -85.2428, 11.06558 ], [ -85.24049, 11.06368 ] ] ] } }
]
}
